tree
version=v4
num_class=1
num_tree_per_iteration=1
label_index=0
max_feature_idx=14
objective=binary sigmoid:1
feature_names=Column_0 Column_1 Column_2 Column_3 Column_4 Column_5 Column_6 Column_7 Column_8 Column_9 Column_10 Column_11 Column_12 Column_13 Column_14
feature_infos=[-1:1] [0:0.049977885891198559] [-6.7387424495020634:7.6366633400071269] [-0.1594845880090473:0.12089014455228318] [-0.13498430415068019:0.15578744757213814] [-0.93675889328063244:0.98237885462554175] [-1:1] [-0.20031575403249605:0.19353173289293679] [-0.18477368051147919:0.25767466363224711] [-0.27710372606404121:0.30960369201481197] [9.6100196689263839e-09:0.95266075075041801] [7.635775300940395e-08:0.95590570874997272] [-5.3287787533837756:4.4394802752420404] [0:16.67238021036227] [0.0041273584905622785:14.997165131112693]
tree_sizes=665 684 686 684 686 685 687 688 687 688 683 688 687 688 687 687 686 682 689 687 686 690 684 686 682 685 682 686 684 685 687 686 688 687 685 687 687 688 691 684 682 691 687 685 687 683 688 685 687 688 686 687 688 689 685 685 688 687 689 689 686 687 691 686 689 689 690 689 688 688 693 691 688 687 690 690 683 687 688 690 687 690 691 690 689 687 690 688 689 692 689 689 688 692 690 689 691 689 692 689 689 690 691 689 688 692 692 691 689 693 691 689 690 693 693 692 693 690 692 691 690 693 691 691 695 691 693 693 699 686 693 691 695 696 699 695 696 699 691 689 697 697 697 690 698 695 699 696 694 693 695 694 694 697 695 693 695 693 697 694

Tree=0
num_leaves=5
num_cat=0
split_feature=1 2 1 2
split_gain=16.1639 16.2937 3.02736 2.16066
threshold=0.0039276582558978044 1.0000000180025095e-35 0.041630012656115774 -1.5927006972799023
decision_type=2 2 2 2
left_child=1 -1 3 -2
right_child=2 -3 -4 -5
leaf_value=-2.7089539029035157 -2.7431762024154049 -2.7565600176903695 -2.7414597088540549 -2.7643838048802274
leaf_weight=5.3658659886568767 1.2341391076333845 5.7024283376522362 2.2139116390608242 21.985617908881981
leaf_count=699 187 721 260 2957
internal_value=-2.74713 -2.72632 -2.7595 -2.76241
internal_weight=36.502 11.0683 25.4337 23.2198
internal_count=4824 1420 3404 3144
is_linear=0
shrinkage=1


Tree=1
num_leaves=5
num_cat=0
split_feature=1 2 1 2
split_gain=15.6451 15.7283 2.97072 2.12932
threshold=0.0039276582558978044 1.0000000180025095e-35 0.041630012656115774 -1.5927006972799023
decision_type=2 2 2 2
left_child=1 -1 3 -2
right_child=2 -3 -4 -5
leaf_value=0.037321693214506187 0.003935381012735769 -0.0093596382777823214 0.0056304321083488085 -0.017081556946291977
leaf_weight=5.5486068991012854 1.2384328260086501 5.655281912535429 2.224968444555997 21.654073165031154
leaf_count=699 187 721 260 2957
internal_value=0.00013236 0.0204572 -0.0121775 -0.0150938
internal_weight=36.3214 11.2039 25.1175 22.8925
internal_count=4824 1420 3404 3144
is_linear=0
shrinkage=0.03


Tree=2
num_leaves=5
num_cat=0
split_feature=1 2 1 2
split_gain=15.1349 15.1802 2.91487 2.09833
threshold=0.0039276582558978044 1.0000000180025095e-35 0.041630012656115774 -1.5927006972799023
decision_type=2 2 2 2
left_child=1 -1 3 -2
right_child=2 -3 -4 -5
leaf_value=0.036484415323948312 0.0039208516180696132 -0.0092861735002659485 0.0055945640750871438 -0.016906643468966309
leaf_weight=5.7323460225015861 1.2427233946509684 5.6088363504968584 2.2360016042366615 21.330137850251052
leaf_count=699 187 721 260 2957
internal_value=0.000257589 0.0201038 -0.0119841 -0.0149083
internal_weight=36.15 11.3412 24.8089 22.5729
internal_count=4824 1420 3404 3144
is_linear=0
shrinkage=0.03


Tree=3
num_leaves=5
num_cat=0
split_feature=1 2 1 2
split_gain=14.6339 14.6494 2.85983 2.06769
threshold=0.0039276582558978044 1.0000000180025095e-35 0.041630012656115774 -1.5927006972799023
decision_type=2 2 2 2
left_child=1 -1 3 -2
right_child=2 -3 -4 -5
leaf_value=0.035660927125252415 0.0039063378053926373 -0.0092134857691551966 0.00555881692367176 -0.016732943142850898
leaf_weight=5.9168792543932778 1.2470107157714689 5.5630787340924144 2.2470106324180952 21.013628463959325
leaf_count=699 187 721 260 2957
internal_value=0.000375856 0.0197496 -0.0117926 -0.0147243
internal_weight=35.9876 11.48 24.5076 22.2606
internal_count=4824 1420 3404 3144
is_linear=0
shrinkage=0.03


Tree=4
num_leaves=5
num_cat=0
split_feature=1 2 3 4
split_gain=14.1425 14.1357 2.84151 1.71196
threshold=0.0039276582558978044 1.0000000180025095e-35 -0.018045587481586422 0.023423014762211428
decision_type=2 2 2 2
left_child=1 -1 -2 -4
right_child=2 -3 3 -5
leaf_value=0.034851682064692635 0.0045229672619606781 -0.0091415656116078034 -0.017024644881155675 0.0026551097193805097
leaf_weight=6.1020066961646062 3.6486432845704284 5.5179962278343737 18.782061656005684 1.7829492562450457
leaf_count=699 432 721 2743 229
internal_value=0.000487333 0.0193952 -0.0116032 -0.015008
internal_weight=35.8337 11.62 24.2137 20.565
internal_count=4824 1420 3404 2972
is_linear=0
shrinkage=0.03


Tree=5
num_leaves=5
num_cat=0
split_feature=1 2 1 2
split_gain=13.6791 13.6388 2.7923 2.02877
threshold=0.0039276582558978044 1.0000000180025095e-35 0.041630012656115774 -1.5927006972799023
decision_type=2 2 2 2
left_child=1 -1 3 -2
right_child=2 -3 -4 -5
leaf_value=0.034057057383917656 0.0039229830104175103 -0.0090704038217056214 0.0055785756023673432 -0.016426851035635445
leaf_weight=6.2875337013974768 1.2420872901566351 5.4735764595679939 2.2409121724776915 20.468037119135264
leaf_count=699 187 721 260 2957
internal_value=0.000574231 0.019041 -0.0114313 -0.0143926
internal_weight=35.7121 11.7611 23.951 21.7101
internal_count=4824 1420 3404 3144
is_linear=0
shrinkage=0.03


Tree=6
num_leaves=5
num_cat=0
split_feature=1 2 3 4
split_gain=13.2067 13.1586 2.78157 1.68434
threshold=0.0039276582558978044 1.0000000180025095e-35 -0.018045587481586422 0.023423014762211428
decision_type=2 2 2 2
left_child=1 -1 -2 -4
right_child=2 -3 3 -5
leaf_value=0.033277356827085755 0.004580862592641316 -0.0089999908044175719 -0.016722042720350473 0.0026942927080641447
leaf_weight=6.4732709266245347 3.6279668628703829 5.4298070874065161 18.271295743528757 1.7702609573025245
leaf_count=699 432 721 2743 229
internal_value=0.000673768 0.0186877 -0.011245 -0.014681
internal_weight=35.5726 11.9031 23.6695 20.0416
internal_count=4824 1420 3404 2972
is_linear=0
shrinkage=0.03


Tree=7
num_leaves=5
num_cat=0
split_feature=1 2 1 2
split_gain=12.7625 12.6948 2.72565 1.99028
threshold=0.0039276582558978044 1.0000000180025095e-35 0.041630012656115774 -1.5927006972799023
decision_type=2 2 2 2
left_child=1 -1 3 -2
right_child=2 -3 -4 -5
leaf_value=0.032512816050212022 0.0039384688158655883 -0.0089303175770953681 0.0055963005976038937 -0.016125536177074472
leaf_weight=6.6590354116633517 1.2374952528625751 5.3866762043908238 2.2354205623269072 19.945655639516193
leaf_count=699 187 721 260 2957
internal_value=0.000749294 0.0183357 -0.0110764 -0.0140663
internal_weight=35.4643 12.0457 23.4186 21.1832
internal_count=4824 1420 3404 3144
is_linear=0
shrinkage=0.03


Tree=8
num_leaves=5
num_cat=0
split_feature=1 2 3 4
split_gain=12.3104 12.247 2.72197 1.6568
threshold=0.0039276582558978044 1.0000000180025095e-35 -0.018045587481586422 0.023423014762211428
decision_type=2 2 2 2
left_child=1 -1 -2 -4
right_child=2 -3 3 -5
leaf_value=0.031763604804529173 0.0046353341772536871 -0.0088613751149034109 -0.016424130947973473 0.0027316392519706558
leaf_weight=6.8446508888155204 3.6085207087453481 5.3441721256822348 17.782289393013347 1.7581648647319514
leaf_count=699 432 721 2743 229
internal_value=0.000837613 0.0179855 -0.0108933 -0.0143593
internal_weight=35.3378 12.1888 23.149 19.5405
internal_count=4824 1420 3404 2972
is_linear=0
shrinkage=0.03


Tree=9
num_leaves=5
num_cat=0
split_feature=1 2 3 4
split_gain=11.8863 11.8149 2.66505 1.63053
threshold=0.0039276582558978044 1.0000000180025095e-35 -0.018045587481586422 0.023423014762211428
decision_type=2 2 2 2
left_child=1 -1 -2 -4
right_child=2 -3 3 -5
leaf_value=0.031029838539931656 0.0045933754206459367 -0.0087931542519599226 -0.016262623080364295 0.002718386061282262
leaf_weight=7.0299479505047184 3.6233606846071806 5.3022833066061139 17.523365999339152 1.7624239942524571
leaf_count=699 432 721 2743 229
internal_value=0.000902516 0.0176373 -0.010728 -0.0141921
internal_weight=35.2414 12.3322 22.9092 19.2858
internal_count=4824 1420 3404 2972
is_linear=0
shrinkage=0.03


Tree=10
num_leaves=5
num_cat=0
split_feature=1 2 1 2
split_gain=11.4729 11.3982 2.64621 1.94345
threshold=0.0039276582558978044 1.0000000180025095e-35 0.041630012656115774 -1.5927006972799023
decision_type=2 2 2 2
left_child=1 -1 3 -2
right_child=2 -3 -4 -5
leaf_value=0.030311576809945791 0.0039809705890971455 -0.0087256461219330228 0.005662269749324632 -0.0157022469422241
leaf_weight=7.2147646439261717 1.2248789276927734 5.2609985172748566 2.2150058569386593 19.235147144179795
leaf_count=699 187 721 260 2957
internal_value=0.000962057 0.0172917 -0.0105649 -0.0136038
internal_weight=35.1508 12.4758 22.675 20.46
internal_count=4824 1420 3404 3144
is_linear=0
shrinkage=0.03


Tree=11
num_leaves=5
num_cat=0
split_feature=1 2 3 4
split_gain=11.052 10.9964 2.60687 1.6221
threshold=0.0039276582558978044 1.0000000180025095e-35 -0.018045587481586422 0.018324592319434289
decision_type=2 2 2 2
left_child=1 -1 -2 -4
right_child=2 -3 3 -5
leaf_value=0.029608830761420315 0.0046440639267188409 -0.0086588423308308661 -0.016372530689317769 0.0019622807864098941
leaf_weight=7.3989465655758959 3.6052334185224053 5.2203068402595818 15.966193303233014 2.8501867740415028
leaf_count=699 432 721 2578 394
internal_value=0.00103549 0.0169489 -0.0103861 -0.0138781
internal_weight=35.0409 12.6193 22.4216 18.8164
internal_count=4824 1420 3404 2972
is_linear=0
shrinkage=0.03


Tree=12
num_leaves=5
num_cat=0
split_feature=1 2 1 2
split_gain=10.6673 10.6092 2.58076 1.92507
threshold=0.0039276582558978044 1.0000000180025095e-35 0.041630012656115774 -1.0157058716773715
decision_type=2 2 2 2
left_child=1 -1 3 -2
right_child=2 -3 -4 -5
leaf_value=0.028921567947459079 0.0030066184032570427 -0.0085927340435577107 0.0056687276660635777 -0.015864462840480119
leaf_weight=7.5823469744063896 2.4877412791829583 5.1801973669789732 2.2129325824789694 17.507839120458815
leaf_count=699 402 721 260 2742
internal_value=0.00107736 0.0166093 -0.0102339 -0.013297
internal_weight=34.9711 12.7625 22.2085 19.9956
internal_count=4824 1420 3404 3144
is_linear=0
shrinkage=0.03


Tree=13
num_leaves=5
num_cat=0
split_feature=1 2 3 4
split_gain=10.2772 10.2361 2.55217 1.59765
threshold=0.0039276582558978044 1.0000000180025095e-35 -0.018045587481586422 0.018324592319434289
decision_type=2 2 2 2
left_child=1 -1 -2 -4
right_child=2 -3 3 -5
leaf_value=0.028249715977589247 0.0046893908465088906 -0.0085273126261248364 -0.016100763671952123 0.0020120830027434652
leaf_weight=7.7648269138298911 3.5890138787217465 5.140659580938518 15.557257676031442 2.832095460034906
leaf_count=699 432 721 2578 394
internal_value=0.00113168 0.0162731 -0.0100677 -0.0135851
internal_weight=34.8839 12.9055 21.9784 18.3894
internal_count=4824 1420 3404 2972
is_linear=0
shrinkage=0.03


Tree=14
num_leaves=5
num_cat=0
split_feature=1 2 1 2
split_gain=9.91293 9.8767 2.51828 1.89206
threshold=0.0039276582558978044 1.0000000180025095e-35 0.041630012656115774 -1.0157058716773715
decision_type=2 2 2 2
left_child=1 -1 3 -2
right_child=2 -3 -4 -5
leaf_value=0.027593167301792891 0.0030422224328771246 -0.0084625698617324732 0.0056735626508330498 -0.015593814408169647
leaf_weight=7.9462554692290706 2.4755070731043842 5.1016831849701703 2.2113374564796677 17.087645680876452
leaf_count=699 402 721 260 2742
internal_value=0.00116527 0.0159405 -0.0099188 -0.0130042
internal_weight=34.8224 13.0479 21.7745 19.5632
internal_count=4824 1420 3404 3144
is_linear=0
shrinkage=0.03


Tree=15
num_leaves=5
num_cat=0
split_feature=1 2 1 2
split_gain=9.54728 11.2045 2.62586 1.43276
threshold=0.0061336299963365435 1.0000000180025095e-35 0.041630012656115774 -1.5927006972799023
decision_type=2 2 2 2
left_child=1 -1 3 -2
right_child=2 -3 -4 -5
leaf_value=0.027290658618953911 0.0029612983033877388 -0.0094877515475137748 0.0056375591430866115 -0.015485815261664791
leaf_weight=8.9071277754846943 1.0995236092712755 5.807302175788208 2.2223924505524328 16.707210141699765
leaf_count=827 171 855 260 2711
internal_value=0.00121141 0.0148097 -0.0103836 -0.0136914
internal_weight=34.7436 14.7144 20.0291 17.8067
internal_count=4824 1682 3142 2882
is_linear=0
shrinkage=0.03


Tree=16
num_leaves=5
num_cat=0
split_feature=1 2 3 4
split_gain=9.19627 9.18474 2.4964 1.57038
threshold=0.0039276582558978044 1.0000000180025095e-35 -0.018045587481586422 0.018324592319434289
decision_type=2 2 2 2
left_child=1 -1 -2 -4
right_child=2 -3 3 -5
leaf_value=0.02631752451121332 0.0048126977701962587 -0.0083268755783347977 -0.015722133843977183 0.0021010319827271069
leaf_weight=8.3077417747117561 3.5451041662599918 5.0204788702540091 15.00388857140206 2.7997950050048521
leaf_count=699 432 721 2578 394
internal_value=0.0012469 0.0152922 -0.00960271 -0.0131717
internal_weight=34.677 13.3282 21.3488 17.8037
internal_count=4824 1420 3404 2972
is_linear=0
shrinkage=0.03


Tree=17
num_leaves=5
num_cat=0
split_feature=1 2 1 2
split_gain=8.87658 10.4433 2.56468 1.40754
threshold=0.0061336299963365435 1.0000000180025095e-35 0.041630012656115774 -1.5927006972799023
decision_type=2 2 2 2
left_child=1 -1 3 -2
right_child=2 -3 -4 -5
leaf_value=0.026044215360138696 0.0029745558933391382 -0.0093444913538576601 0.0056404972020025045 -0.015222451299362153
leaf_weight=9.280418375739826 1.095483810640874 5.7134544786531469 2.2213576622307292 16.31525258906186
leaf_count=827 171 855 260 2711
internal_value=0.00126978 0.0142158 -0.0100784 -0.01341
internal_weight=34.626 14.9939 19.6321 17.4107
internal_count=4824 1682 3142 2882
is_linear=0
shrinkage=0.03


Tree=18
num_leaves=5
num_cat=0
split_feature=1 2 3 4
split_gain=8.53406 8.54423 2.44346 1.53983
threshold=0.0039276582558978044 1.0000000180025095e-35 -0.018045587481586422 0.018324592319434289
decision_type=2 2 2 2
left_child=1 -1 -2 -4
right_child=2 -3 3 -5
leaf_value=0.025101495849612025 0.0048480026126243971 -0.0081940810830594783 -0.015463899677304207 0.0021263642697425811
leaf_weight=8.6636709147132915 3.5323962969705489 4.9416440604254595 14.637902850518005 2.7904847124591461
leaf_count=699 432 721 2578 394
internal_value=0.00129824 0.01466 -0.00930841 -0.0128991
internal_weight=34.5661 13.6053 20.9608 17.4284
internal_count=4824 1420 3404 2972
is_linear=0
shrinkage=0.03


Tree=19
num_leaves=5
num_cat=0
split_feature=1 2 1 2
split_gain=8.24392 9.73835 2.50451 1.38265
threshold=0.0061336299963365435 1.0000000180025095e-35 0.041630012656115774 -1.5927006972799023
decision_type=2 2 2 2
left_child=1 -1 3 -2
right_child=2 -3 -4 -5
leaf_value=0.024857556579090234 0.0029869928189551623 -0.0092042720493546292 0.0056419632126502445 -0.014963552398161549
leaf_weight=9.647229138761757 1.091682565864178 5.6224210630170992 2.2207560017704955 15.939068390754985
leaf_count=827 171 855 260 2711
internal_value=0.00131462 0.0136365 -0.00977935 -0.0131336
internal_weight=34.5212 15.2697 19.2515 17.0308
internal_count=4824 1682 3142 2882
is_linear=0
shrinkage=0.03


Tree=20
num_leaves=5
num_cat=0
split_feature=1 2 1 2
split_gain=7.9181 9.38636 2.45816 1.36295
threshold=0.0061336299963365435 1.0000000180025095e-35 0.041630012656115774 -1.5927006972799023
decision_type=2 2 2 2
left_child=1 -1 3 -2
right_child=2 -3 -4 -5
leaf_value=0.024249188334805303 0.0029773890803003774 -0.0091323847700798735 0.0056060695125586882 -0.014812261033131836
leaf_weight=9.8405004178639484 1.0945607770700032 5.5760966739617279 2.2317856424488118 15.724214448127897
leaf_count=827 171 855 260 2711
internal_value=0.00133673 0.0133326 -0.0096187 -0.012976
internal_weight=34.4672 15.4166 19.0506 16.8188
internal_count=4824 1682 3142 2882
is_linear=0
shrinkage=0.03


Tree=21
num_leaves=5
num_cat=0
split_feature=1 2 3 4
split_gain=7.61239 7.66703 2.38847 1.50622
threshold=0.0039276582558978044 1.0000000180025095e-35 -0.018045587481586422 0.018324592319434289
decision_type=2 2 2 2
left_child=1 -1 -2 -4
right_child=2 -3 3 -5
leaf_value=0.023382175013368124 0.004955096548131495 -0.0079962030543669505 -0.015104844268907383 0.0021872845721894164
leaf_weight=9.1864378405734879 3.4942164807580438 4.8253275589086106 14.142375666415321 2.7681050128303459
leaf_count=699 432 721 2578 394
internal_value=0.00135536 0.0137464 -0.00887607 -0.0125133
internal_weight=34.4165 14.0118 20.4047 16.9105
internal_count=4824 1420 3404 2972
is_linear=0
shrinkage=0.03


Tree=22
num_leaves=5
num_cat=0
split_feature=1 2 1 2
split_gain=7.34223 8.75977 2.39986 1.33867
threshold=0.0061336299963365435 1.0000000180025095e-35 0.041630012656115774 -1.5927006972799023
decision_type=2 2 2 2
left_child=1 -1 3 -2
right_child=2 -3 -4 -5
leaf_value=0.02314995440165224 0.0029888315679745267 -0.0089966141393051126 0.005605813636737584 -0.014559814538979145
leaf_weight=10.196143704932181 1.091049598762768 5.48912150831893 2.2316926801577202 15.370881630340593
leaf_count=827 171 855 260 2711
internal_value=0.00136355 0.0127774 -0.00932881 -0.0127068
internal_weight=34.3789 15.6853 18.6936 16.4619
internal_count=4824 1682 3142 2882
is_linear=0
shrinkage=0.03


Tree=23
num_leaves=5
num_cat=0
split_feature=1 2 1 2
split_gain=7.04664 8.44705 2.35516 1.31956
threshold=0.0061336299963365435 1.0000000180025095e-35 0.041630012656115774 -1.5927006972799023
decision_type=2 2 2 2
left_child=1 -1 3 -2
right_child=2 -3 -4 -5
leaf_value=0.022587077867930551 0.0029792263690939453 -0.0089269030936946509 0.0055700438368341664 -0.014411893474188777
leaf_weight=10.383062633685766 1.0939276511780942 5.444788930239155 2.2426953054964534 15.168497285805644
leaf_count=827 171 855 260 2711
internal_value=0.0013768 0.0124873 -0.00917316 -0.0125531
internal_weight=34.333 15.8279 18.5051 16.2624
internal_count=4824 1682 3142 2882
is_linear=0
shrinkage=0.03


Tree=24
num_leaves=5
num_cat=0
split_feature=4 4 6 6
split_gain=6.93266 6.31214 1.4367 1.18636
threshold=-0.019479714078815654 0.023423014762211428 0.14966063348416145 0.29126269621421158
decision_type=2 2 2 2
left_child=3 -2 -3 -1
right_child=1 2 -4 -5
leaf_value=0.019482948640886847 -0.013373267746107864 -0.0030275163664724419 0.013804496684146544 -0.0015716113095663995
leaf_weight=5.7443910795263937 19.944134755991403 2.2159573591779909 5.1916751519311219 1.193647750187665
leaf_count=526 3374 286 484 154
internal_value=0.00138708 -0.00609667 0.00992263 0.0170713
internal_weight=34.2898 27.3518 7.40763 6.93804
internal_count=4824 4144 770 680
is_linear=0
shrinkage=0.03


Tree=25
num_leaves=5
num_cat=0
split_feature=3 2 1 1
split_gain=6.73121 4.73831 3.8879 1.22038
threshold=-0.021692212733897133 -0.17907884123612466 0.014428837686863096 0.036232766546415614
decision_type=2 2 2 2
left_child=-1 2 -2 -3
right_child=1 3 -4 -5
leaf_value=0.017741000288116704 0.013608535117697306 -0.015359012736111472 -0.0079852552116874732 0.0021049352368478096
leaf_weight=5.7277927859686306 8.2084931773133594 14.266866625752298 4.3424850048031649 1.6506266258656968
leaf_count=516 869 2404 798 237
internal_value=0.0014503 -0.00558714 0.00590939 -0.0134346
internal_weight=34.1963 28.4685 12.551 15.9175
internal_count=4824 4308 1667 2641
is_linear=0
shrinkage=0.03


Tree=26
num_leaves=5
num_cat=0
split_feature=4 4 6 6
split_gain=6.56902 6.07473 1.37738 1.14262
threshold=-0.019479714078815654 0.023423014762211428 0.14966063348416145 0.29126269621421158
decision_type=2 2 2 2
left_child=3 -2 -3 -1
right_child=1 2 -4 -5
leaf_value=0.018970458307421768 -0.013136122601111699 -0.0029779766478451697 0.013496548371820464 -0.0015689603168219206
leaf_weight=5.889021824579685 19.588954017497603 2.1959583761636159 5.2824007899034768 1.1922443213406948
leaf_count=526 3374 286 484 154
internal_value=0.00147498 -0.00590126 0.0097229 0.0166183
internal_weight=34.1486 27.0673 7.47836 7.08127
internal_count=4824 4144 770 680
is_linear=0
shrinkage=0.03


Tree=27
num_leaves=5
num_cat=0
split_feature=1 2 1 2
split_gain=6.4209 7.71199 2.26162 1.2745
threshold=0.0061336299963365435 1.0000000180025095e-35 0.041630012656115774 -1.5927006972799023
decision_type=2 2 2 2
left_child=1 -1 3 -2
right_child=2 -3 -4 -5
leaf_value=0.021416591530755931 0.0029693602917738597 -0.0086797324636632388 0.0055472142458560586 -0.014024998771979458
leaf_weight=10.778863306157293 1.0965604023076618 5.2888447598088524 2.2492098980583242 14.648247384000568
leaf_count=827 171 855 260 2711
internal_value=0.00153231 0.0119807 -0.00874447 -0.0121478
internal_weight=34.0617 16.0677 17.994 15.7448
internal_count=4824 1682 3142 2882
is_linear=0
shrinkage=0.03


Tree=28
num_leaves=5
num_cat=0
split_feature=3 3 4 6
split_gain=6.35989 4.54047 2.20663 0.69544
threshold=-0.021692212733897133 0.026394836269631388 -0.019479714078815654 0.47379408856170457
decision_type=2 2 2 2
left_child=3 2 -2 -1
right_child=1 -3 -4 -5
leaf_value=0.018736858786744998 0.0042946032113766333 0.010110239984828399 -0.013348856235360753 -0.0010206767817984165
leaf_weight=5.1824226013850412 2.9746252533514115 4.5527356443926683 20.628686357289553 0.68834941275417794
leaf_count=438 346 456 3506 78
internal_value=0.00153443 -0.00539902 -0.010509 0.0172368
internal_weight=34.0268 28.156 23.6033 5.87077
internal_count=4824 4308 3852 516
is_linear=0
shrinkage=0.03


Tree=29
num_leaves=5
num_cat=0
split_feature=3 2 1 1
split_gain=6.14039 4.45404 3.59497 1.19325
threshold=-0.021692212733897133 -0.17907884123612466 0.014428837686863096 0.036232766546415614
decision_type=2 2 2 2
left_child=-1 2 -2 -3
right_child=1 3 -4 -5
leaf_value=0.01696801197646771 0.013075183234887466 -0.014970963782711273 -0.0077288960142711189 0.002154079896370648
leaf_weight=5.9504271624609819 8.3930801984388399 13.738983672810717 4.196282567922025 1.6340670413337637
leaf_count=516 869 2404 798 237
internal_value=0.00161874 -0.00525687 0.00578907 -0.0130191
internal_weight=33.9128 27.9624 12.5894 15.3731
internal_count=4824 4308 1667 2641
is_linear=0
shrinkage=0.03


Tree=30
num_leaves=5
num_cat=0
split_feature=1 2 4 4
split_gain=6.02532 4.55711 2.49427 2.68089
threshold=0.0010076483176204578 1.0000000180025095e-35 0.023423014762211428 -0.023102508900048665
decision_type=2 2 2 2
left_child=1 -1 3 -2
right_child=2 -3 -4 -5
leaf_value=0.021101974498691042 0.0054810517575649524 -0.0056111835339346531 0.006652010089504958 -0.013751223305235547
leaf_weight=7.4057030645199102 2.6417231052182641 3.4777319522108883 3.0181135952007017 17.331265465123582
leaf_count=490 276 537 337 3184
internal_value=0.00163459 0.0139665 -0.006667 -0.0102275
internal_weight=33.8745 10.8834 22.9911 19.973
internal_count=4824 1027 3797 3460
is_linear=0
shrinkage=0.03


Tree=31
num_leaves=5
num_cat=0
split_feature=3 3 4 6
split_gain=5.88106 4.29418 2.12481 0.673973
threshold=-0.021692212733897133 0.026394836269631388 -0.019479714078815654 0.47379408856170457
decision_type=2 2 2 2
left_child=3 2 -2 -1
right_child=1 -3 -4 -5
leaf_value=0.018086322991808838 0.0042523932140129264 0.0098507102770489258 -0.013024838208498962 -0.0010410222603638867
leaf_weight=5.3597710174508384 2.9858045419678154 4.6278415459673843 20.1226313165389 0.69468179647810746
leaf_count=438 346 456 3506 78
internal_value=0.00168167 -0.00511516 -0.0101823 0.0166102
internal_weight=33.7907 27.7363 23.1084 6.05445
internal_count=4824 4308 3852 516
is_linear=0
shrinkage=0.03


Tree=32
num_leaves=5
num_cat=0
split_feature=1 2 1 2
split_gain=5.74755 6.97858 2.15462 1.23316
threshold=0.0061336299963365435 1.0000000180025095e-35 0.041630012656115774 -1.5927006972799023
decision_type=2 2 2 2
left_child=1 -1 3 -2
right_child=2 -3 -4 -5
leaf_value=0.020233081194257933 0.0029996653314040265 -0.0084019422322188855 0.0055392316422260357 -0.013559401749999896
leaf_weight=11.188496947521346 1.0869899746030576 5.1160400526132426 2.2506584562361232 14.044175184099004
leaf_count=827 171 855 260 2711
internal_value=0.0017579 0.0114697 -0.00821377 -0.0116496
internal_weight=33.6864 16.3045 17.3818 15.1312
internal_count=4824 1682 3142 2882
is_linear=0
shrinkage=0.03


Tree=33
num_leaves=5
num_cat=0
split_feature=3 2 1 1
split_gain=5.62946 4.1666 3.29997 1.17368
threshold=-0.021692212733897133 -0.17907884123612466 0.014428837686863096 0.036232766546415614
decision_type=2 2 2 2
left_child=-1 2 -2 -3
right_child=1 3 -4 -5
leaf_value=0.016267466959654968 0.012494411405945456 -0.014602894838794846 -0.0074687801447699221 0.0022209559756539566
leaf_weight=6.1533543781843028 8.5952225953806209 13.250101617770268 4.0503740920685223 1.6117835992481548
leaf_count=516 869 2404 798 237
internal_value=0.00175081 -0.00496787 0.00562569 -0.0126189
internal_weight=33.6608 27.5075 12.6456 14.8619
internal_count=4824 4308 1667 2641
is_linear=0
shrinkage=0.03


Tree=34
num_leaves=5
num_cat=0
split_feature=4 4 6 3
split_gain=5.47033 5.26588 1.24424 1.02471
threshold=-0.019479714078815654 0.023423014762211428 0.14966063348416145 -0.0085069411665204004
decision_type=2 2 2 2
left_child=3 -2 -3 -1
right_child=1 2 -4 -5
leaf_value=0.017374910418403552 -0.012313330386094458 -0.0029354498844628612 0.012549559493383959 -0.0016447834065856193
leaf_weight=6.4013594696298242 18.38068676926196 2.1707956474274388 5.5582341137342155 1.1192968967370678
leaf_count=537 3374 286 484 143
internal_value=0.00175898 -0.00526004 0.0089978 0.0152211
internal_weight=33.6304 26.1097 7.72903 7.52066
internal_count=4824 4144 770 680
is_linear=0
shrinkage=0.03


Tree=35
num_leaves=5
num_cat=0
split_feature=3 3 2 6
split_gain=5.34786 4.02448 2.03081 0.647951
threshold=-0.021692212733897133 0.026394836269631388 -0.67377115051485592 0.47379408856170457
decision_type=2 2 2 2
left_child=3 2 -2 -1
right_child=1 -3 -4 -5
leaf_value=0.017293331195787767 0.0029364703264697155 0.0095461656758504803 -0.013287116220897871 -0.0010670626818968711
leaf_weight=5.5778269059956065 5.1308482137974414 4.7145933415740719 17.43944681622088 0.70254590036347497
leaf_count=438 745 456 3107 78
internal_value=0.00179685 -0.00481943 -0.00982981 0.0158456
internal_weight=33.5653 27.2849 22.5703 6.28037
internal_count=4824 4308 3852 516
is_linear=0
shrinkage=0.03


Tree=36
num_leaves=5
num_cat=0
split_feature=1 2 1 2
split_gain=5.2636 6.40973 2.06742 1.18686
threshold=0.0061336299963365435 1.0000000180025095e-35 0.041630012656115774 -1.5927006972799023
decision_type=2 2 2 2
left_child=1 -1 3 -2
right_child=2 -3 -4 -5
leaf_value=0.019262871870887814 0.0029659352567717036 -0.0081774346164851311 0.0054920362771018342 -0.013216296623863102
leaf_weight=11.533249713713305 1.0966545743867762 4.9781972540076813 2.2642446155659846 13.613655216759071
leaf_count=827 171 855 260 2711
internal_value=0.00185098 0.0110258 -0.00785249 -0.0112978
internal_weight=33.486 16.5114 16.9746 14.7103
internal_count=4824 1682 3142 2882
is_linear=0
shrinkage=0.03


Tree=37
num_leaves=5
num_cat=0
split_feature=3 3 4 6
split_gain=5.12584 3.86524 1.99055 0.625096
threshold=-0.021692212733897133 0.026394836269631388 -0.019479714078815654 0.47379408856170457
decision_type=2 2 2 2
left_child=3 2 -2 -1
right_child=1 -3 -4 -5
leaf_value=0.016927796660965964 0.0041738193165587068 0.0093213846124021293 -0.012498287778678369 -0.0010574153344890445
leaf_weight=5.6781384423375121 3.0037130077835235 4.7811572761274865 19.304067116463557 0.6990672475658356
leaf_count=438 346 456 3506 78
internal_value=0.00183794 -0.00469667 -0.00965636 0.0155144
internal_weight=33.4661 27.0889 22.3078 6.37721
internal_count=4824 4308 3852 516
is_linear=0
shrinkage=0.03


Tree=38
num_leaves=5
num_cat=0
split_feature=1 2 4 4
split_gain=5.01293 3.87533 2.26522 2.37001
threshold=0.0010076483176204578 1.0000000180025095e-35 0.023423014762211428 -0.023102508900048665
decision_type=2 2 2 2
left_child=1 -1 3 -2
right_child=2 -3 -4 -5
leaf_value=0.019224559974302152 0.0050882561479100377 -0.0053308891241567154 0.0064952330973539951 -0.012991686402381932
leaf_weight=7.9507375163957459 2.7587925393600043 3.3403973183594644 3.0600180700421324 16.266024968121204
leaf_count=490 276 537 337 3184
internal_value=0.00190167 0.0128682 -0.00596831 -0.00952013
internal_weight=33.376 11.2911 22.0848 19.0248
internal_count=4824 1027 3797 3460
is_linear=0
shrinkage=0.03


Tree=39
num_leaves=5
num_cat=0
split_feature=3 2 1 1
split_gain=4.88046 3.81006 2.96938 1.1517
threshold=-0.021692212733897133 -0.17907884123612466 0.014428837686863096 0.036232766546415614
decision_type=2 2 2 2
left_child=-1 2 -2 -3
right_child=1 3 -4 -5
leaf_value=0.015190293524493206 0.011862602731476957 -0.014075765383710095 -0.0071341284858615611 0.0023384025268135817
leaf_weight=6.4731827641371629 8.8146666674874741 12.583516984246669 3.8658290149178347 1.5728312691207964
leaf_count=516 869 2404 798 237
internal_value=0.00193222 -0.00452124 0.00547917 -0.012039
internal_weight=33.31 26.8368 12.6805 14.1563
internal_count=4824 4308 1667 2641
is_linear=0
shrinkage=0.03


Tree=40
num_leaves=5
num_cat=0
split_feature=4 4 6 6
split_gain=4.75867 4.70659 1.158 0.959462
threshold=-0.019479714078815654 0.023423014762211428 0.14966063348416145 0.29126269621421158
decision_type=2 2 2 2
left_child=3 -2 -3 -1
right_child=1 2 -4 -5
leaf_value=0.016371903788708557 -0.011702644802169086 -0.0029170936515686002 0.011879037779240919 -0.0016147158261228492
leaf_weight=6.6298510623164466 17.543300251942131 2.1580609120428553 5.7571426613721997 1.2013781466521321
leaf_count=526 3374 286 484 154
internal_value=0.00193023 -0.00481171 0.00846842 0.0142545
internal_weight=33.2897 25.4585 7.9152 7.83123
internal_count=4824 4144 770 680
is_linear=0
shrinkage=0.03


Tree=41
num_leaves=5
num_cat=0
split_feature=1 2 4 4
split_gain=4.65362 3.62473 2.15216 2.23219
threshold=0.0010076483176204578 1.0000000180025095e-35 0.023423014762211428 -0.023102508900048665
decision_type=2 2 2 2
left_child=1 -1 3 -2
right_child=2 -3 -4 -5
leaf_value=0.018489670805415331 0.004882300551782473 -0.0052217192096494459 0.0063450704425663139 -0.012677113894883499
leaf_weight=8.1698599113151413 2.8226358639076379 3.2873694882728151 3.1048739845864466 15.852312949486079
leaf_count=490 276 537 337 3184
internal_value=0.00195653 0.0124234 -0.00572619 -0.00924601
internal_weight=33.2371 11.4572 21.7798 18.6749
internal_count=4824 1027 3797 3460
is_linear=0
shrinkage=0.03


Tree=42
num_leaves=5
num_cat=0
split_feature=3 3 2 6
split_gain=4.5948 3.69406 1.37203 0.784302
threshold=-0.018045587481586422 0.026394836269631388 -0.67377115051485592 0.47379408856170457
decision_type=2 2 2 2
left_child=3 2 -2 -1
right_child=1 -3 -4 -5
leaf_value=0.015779877078802931 0.0017614531738395596 0.0089138362715581905 -0.012649852723755989 -0.0015093656845511674
leaf_weight=6.9270619011949739 4.8661989297252193 4.8977069773245594 15.625810936558992 0.86057724524289358
leaf_count=583 714 456 2966 105
internal_value=0.00198098 -0.00466748 -0.00977229 0.0140949
internal_weight=33.1774 25.3897 20.492 7.78764
internal_count=4824 4136 3680 688
is_linear=0
shrinkage=0.03


Tree=43
num_leaves=5
num_cat=0
split_feature=3 2 1 1
split_gain=4.47146 3.81612 3.14822 1.74382
threshold=-0.027464486008460066 -0.17907884123612466 0.014428837686863096 0.036232766546415614
decision_type=2 2 2 2
left_child=-1 2 -2 -3
right_child=1 3 -4 -5
leaf_value=0.01559930863567632 0.012115664501215949 -0.014199805050406442 -0.007286474909436692 0.0037335815492100894
leaf_weight=4.9427912265527985 9.5584531463682669 12.931928800884632 3.9539979354012749 1.7423274847678829
leaf_count=344 905 2496 822 257
internal_value=0.00200785 -0.00383641 0.0057539 -0.0114203
internal_weight=33.1295 28.1867 13.5125 14.6743
internal_count=4824 4480 1727 2753
is_linear=0
shrinkage=0.03


Tree=44
num_leaves=5
num_cat=0
split_feature=1 2 2 9
split_gain=4.37767 5.42922 1.94962 1.53181
threshold=0.0061336299963365435 1.0000000180025095e-35 0.89818278385790107 0.24388997092070247
decision_type=2 2 2 2
left_child=1 -1 3 -2
right_child=2 -3 -4 -5
leaf_value=0.017489772292525244 -0.013129222519690944 -0.0077570606578475643 0.0051744509481369324 0.0043154801482099383
leaf_weight=12.177813370944934 12.763371507404372 4.7250222535803905 2.8292579473927608 0.59868034766987044
leaf_count=827 2601 855 480 61
internal_value=0.00201697 0.0101722 -0.00712995 -0.010835
internal_weight=33.0941 16.9028 16.1913 13.3621
internal_count=4824 1682 3142 2662
is_linear=0
shrinkage=0.03


Tree=45
num_leaves=5
num_cat=0
split_feature=3 2 1 1
split_gain=4.31677 3.62066 2.96539 1.7245
threshold=-0.027464486008460066 -0.17907884123612466 0.014428837686863096 0.036232766546415614
decision_type=2 2 2 2
left_child=-1 2 -2 -3
right_child=1 3 -4 -5
leaf_value=0.015294280888360675 0.011655566432332608 -0.014022207891341464 -0.0071562778314799499 0.0037582676145022443
leaf_weight=5.0238666986115268 9.73007994820364 12.709144964581354 3.8828913650941095 1.7344913603737939
leaf_count=344 905 2496 822 257
internal_value=0.00199774 -0.00377636 0.00553151 -0.011223
internal_weight=33.0805 28.0566 13.613 14.4436
internal_count=4824 4480 1727 2753
is_linear=0
shrinkage=0.03


Tree=46
num_leaves=5
num_cat=0
split_feature=3 3 2 6
split_gain=4.20575 3.47339 1.26733 0.743288
threshold=-0.018045587481586422 0.026394836269631388 -0.67377115051485592 0.47379408856170457
decision_type=2 2 2 2
left_child=3 2 -2 -1
right_child=1 -3 -4 -5
leaf_value=0.015101978041596176 0.0016274856076878626 0.0086280238485084496 -0.012298671226051392 -0.0015119472831950777
leaf_weight=7.1331132813356808 4.9083847526926592 4.9772730409167698 15.16823866032064 0.86051025078631926
leaf_count=583 714 456 2966 105
internal_value=0.00200418 -0.00445167 -0.00948486 0.0134672
internal_weight=33.0475 25.0539 20.0766 7.99362
internal_count=4824 4136 3680 688
is_linear=0
shrinkage=0.03


Tree=47
num_leaves=5
num_cat=0
split_feature=4 4 6 6
split_gain=4.10438 4.13471 1.05232 0.854248
threshold=-0.019479714078815654 0.023423014762211428 0.14966063348416145 0.29126269621421158
decision_type=2 2 2 2
left_child=3 -2 -3 -1
right_child=1 2 -4 -5
leaf_value=0.015227023786361319 -0.011078121950739385 -0.0028753713439821356 0.011085262404890196 -0.0015754925462493487
leaf_weight=6.9673541251104307 16.724882882088426 2.1346874488517624 5.9948594123125076 1.1837390551809219
leaf_count=526 3374 286 484 154
internal_value=0.00202524 -0.00440822 0.00785544 0.0132632
internal_weight=33.0055 24.8544 8.12955 8.15109
internal_count=4824 4144 770 680
is_linear=0
shrinkage=0.03


Tree=48
num_leaves=5
num_cat=0
split_feature=3 2 1 1
split_gain=4.02818 3.41915 2.82295 1.68853
threshold=-0.027464486008460066 -0.17907884123612466 0.014428837686863096 0.036232766546415614
decision_type=2 2 2 2
left_child=-1 2 -2 -3
right_child=1 3 -4 -5
leaf_value=0.014776825000048123 0.011311043208957287 -0.01375723969373511 -0.0070396187124460458 0.0037721015161913674
leaf_weight=5.1664324966259292 9.8586546804290283 12.390769432997329 3.8189253162126979 1.7294843948911864
leaf_count=344 905 2496 822 257
internal_value=0.00204038 -0.00360995 0.00537817 -0.0109365
internal_weight=32.9643 27.7978 13.6776 14.1203
internal_count=4824 4480 1727 2753
is_linear=0
shrinkage=0.03


Tree=49
num_leaves=5
num_cat=0
split_feature=1 2 4 4
split_gain=3.9486 3.05569 1.9566 1.97176
threshold=0.0010076483176204578 1.0000000180025095e-35 0.023423014762211428 -0.023102508900048665
decision_type=2 2 2 2
left_child=1 -1 3 -2
right_child=2 -3 -4 -5
leaf_value=0.016879045211542727 0.0044895147466646919 -0.0049011459464115724 0.0061233227335043411 -0.0120454472528528
leaf_weight=8.6580852530896646 2.9410055344924357 3.1330744640436015 3.1658489992842069 15.037735796533527
leaf_count=490 276 537 337 3184
internal_value=0.00204236 0.0114984 -0.00522958 -0.00870275
internal_weight=32.9358 11.7912 21.1446 17.9787
internal_count=4824 1027 3797 3460
is_linear=0
shrinkage=0.03


Tree=50
num_leaves=5
num_cat=0
split_feature=3 2 1 1
split_gain=3.87432 3.25221 2.68505 1.66398
threshold=-0.027464486008460066 -0.17907884123612466 0.014428837686863096 0.036232766546415614
decision_type=2 2 2 2
left_child=-1 2 -2 -3
right_child=1 3 -4 -5
leaf_value=0.014489249553686669 0.010955147266247618 -0.01356833377099338 -0.0069304674871167394 0.0037850691083476363
leaf_weight=5.243893986567854 9.9926596214063483 12.165455995593218 3.7599638083484015 1.7251622537150968
leaf_count=344 905 2496 822 257
internal_value=0.00205573 -0.00352542 0.00520614 -0.0107309
internal_weight=32.8871 27.6432 13.7526 13.8906
internal_count=4824 4480 1727 2753
is_linear=0
shrinkage=0.03


Tree=51
num_leaves=5
num_cat=0
split_feature=3 2 1 1
split_gain=3.7719 3.14379 2.61455 1.63862
threshold=-0.027464486008460066 -0.17907884123612466 0.014428837686863096 0.036232766546415614
decision_type=2 2 2 2
left_child=-1 2 -2 -3
right_child=1 3 -4 -5
leaf_value=0.014284316784679852 0.010745733987899232 -0.013436506031173988 -0.0068857999872240314 0.0037664596142100858
leaf_weight=5.3021348121110341 10.075391415972264 12.016638637986032 3.7360541105736038 1.7309958932455618
leaf_count=344 905 2496 822 257
internal_value=0.00205499 -0.00347456 0.00508752 -0.0105965
internal_weight=32.8612 27.5591 13.8114 13.7476
internal_count=4824 4480 1727 2753
is_linear=0
shrinkage=0.03


Tree=52
num_leaves=5
num_cat=0
split_feature=3 3 4 6
split_gain=3.68688 3.18304 1.1667 0.687835
threshold=-0.018045587481586422 0.026394836269631388 -0.019479714078815654 0.47379408856170457
decision_type=2 2 2 2
left_child=3 2 -2 -1
right_child=1 -3 -4 -5
leaf_value=0.014185139355524857 0.0027822393543321514 0.0082683435968637677 -0.011179855810555587 -0.0015128199744019644
leaf_weight=7.4137615349609387 2.4749509273096946 5.0745275891385964 17.01434031594545 0.85948951868340362
leaf_count=583 287 456 3393 105
internal_value=0.00205246 -0.00412763 -0.00906458 0.0126189
internal_weight=32.8371 24.5638 19.4893 8.27325
internal_count=4824 4136 3680 688
is_linear=0
shrinkage=0.03


Tree=53
num_leaves=5
num_cat=0
split_feature=1 2 4 4
split_gain=3.62224 2.8111 1.87365 1.8434
threshold=0.0010076483176204578 1.0000000180025095e-35 0.023423014762211428 -0.023102508900048665
decision_type=2 2 2 2
left_child=1 -1 3 -2
right_child=2 -3 -4 -5
leaf_value=0.016130876574181142 0.0042831217218842277 -0.0047554073323799522 0.0060479218110031183 -0.011726957164394803
leaf_weight=8.8885065326467139 3.0044175533112165 3.0634783827699712 3.1859529062639913 14.645442914450543
leaf_count=490 276 537 337 3184
internal_value=0.00207996 0.0110498 -0.00498021 -0.00843825
internal_weight=32.7878 11.952 20.8358 17.6499
internal_count=4824 1027 3797 3460
is_linear=0
shrinkage=0.03


Tree=54
num_leaves=5
num_cat=0
split_feature=3 2 1 1
split_gain=3.52826 2.98568 2.47172 1.61063
threshold=-0.027464486008460066 -0.17907884123612466 0.014428837686863096 0.036232766546415614
decision_type=2 2 2 2
left_child=-1 2 -2 -3
right_child=1 3 -4 -5
leaf_value=0.013826370311572789 0.010427489907283644 -0.013203004335838715 -0.0067331440450723468 0.0037896351198549536
leaf_weight=5.42850836389698 10.192829045932742 11.745412867632693 3.6542225510347626 1.7231325765606005
leaf_count=344 905 2496 822 257
internal_value=0.00208839 -0.00332445 0.0049744 -0.0103406
internal_weight=32.7441 27.3156 13.8471 13.4685
internal_count=4824 4480 1727 2753
is_linear=0
shrinkage=0.03


Tree=55
num_leaves=5
num_cat=0
split_feature=1 2 2 9
split_gain=3.43668 4.28342 1.84862 1.44752
threshold=0.0061336299963365435 1.0000000180025095e-35 0.89818278385790107 0.24388997092070247
decision_type=2 2 2 2
left_child=1 -1 3 -2
right_child=2 -3 -4 -5
leaf_value=0.01530142741731317 -0.012465933642936118 -0.0071563096092111507 0.0053496339412761607 0.0043061858601373595
leaf_weight=13.002061149338262 11.984436586033549 4.3739505540579549 2.7633230093633747 0.59955795924179334
leaf_count=827 2601 855 480 61
internal_value=0.00208238 0.0090992 -0.00631758 -0.0101139
internal_weight=32.7233 17.376 15.3473 12.584
internal_count=4824 1682 3142 2662
is_linear=0
shrinkage=0.03


Tree=56
num_leaves=5
num_cat=0
split_feature=3 2 1 1
split_gain=3.40884 2.8272 2.33422 1.59232
threshold=-0.027464486008460066 -0.17907884123612466 0.015844604121757536 0.036232766546415614
decision_type=2 2 2 2
left_child=-1 2 -2 -3
right_child=1 3 -4 -5
leaf_value=0.013551133709076761 0.0099548399069365971 -0.013038172167325935 -0.0067453477786451168 0.0038105102258969232
leaf_weight=5.5033584227785459 10.544061060529204 11.557146689272484 3.3937272529583415 1.7164918561466027
leaf_count=344 951 2496 776 257
internal_value=0.00205633 -0.00328535 0.00476934 -0.0101583
internal_weight=32.7148 27.2114 13.9378 13.2736
internal_count=4824 4480 1727 2753
is_linear=0
shrinkage=0.03


Tree=57
num_leaves=5
num_cat=0
split_feature=3 3 4 6
split_gain=3.33508 2.93538 1.11283 0.644419
threshold=-0.018045587481586422 0.026394836269631388 -0.019479714078815654 0.47379408856170457
decision_type=2 2 2 2
left_child=3 2 -2 -1
right_child=1 -3 -4 -5
leaf_value=0.01349727798794924 0.0027483482676513185 0.0078980044677824882 -0.010851330251615414 -0.001506698177720813
leaf_weight=7.6224598737899196 2.4790091798640814 5.1763646109029642 16.563558051711883 0.85601924406364549
leaf_count=583 287 456 3393 105
internal_value=0.00204715 -0.0039186 -0.00874417 0.0119868
internal_weight=32.6974 24.2189 19.0426 8.47848
internal_count=4824 4136 3680 688
is_linear=0
shrinkage=0.03


Tree=58
num_leaves=5
num_cat=0
split_feature=3 2 1 1
split_gain=3.22682 2.72795 2.26242 1.56417
threshold=-0.027464486008460066 -0.17907884123612466 0.017413638536330937 0.036232766546415614
decision_type=2 2 2 2
left_child=-1 2 -2 -3
right_child=1 3 -4 -5
leaf_value=0.013186069523052922 0.0097114775891176744 -0.01286384622828007 -0.0067813260229023448 0.0038025487162083415
leaf_weight=5.6085366576444349 10.799791240831839 11.366694427677428 3.1594577122014007 1.7186372668948013
leaf_count=344 998 2496 729 257
internal_value=0.00206963 -0.00317291 0.00470625 -0.00997591
internal_weight=32.6531 27.0446 13.9592 13.0853
internal_count=4824 4480 1727 2753
is_linear=0
shrinkage=0.03


Tree=59
num_leaves=5
num_cat=0
split_feature=1 2 4 4
split_gain=3.1724 2.45385 1.75899 1.68199
threshold=0.0010076483176204578 1.0000000180025095e-35 0.023423014762211428 -0.023102508900048665
decision_type=2 2 2 2
left_child=1 -1 3 -2
right_child=2 -3 -4 -5
leaf_value=0.014974509407110934 0.0040215000322723557 -0.0045282005740390364 0.0059217266288969297 -0.011303530098868825
leaf_weight=9.2504759794101101 3.0825321325100985 2.9562157434411338 3.2178508737124494 14.132974804146217
leaf_count=490 276 537 337 3184
internal_value=0.00205662 0.0103391 -0.00466278 -0.00809011
internal_weight=32.64 12.2067 20.4334 17.2155
internal_count=4824 1027 3797 3460
is_linear=0
shrinkage=0.03


Tree=60
num_leaves=5
num_cat=0
split_feature=3 2 1 1
split_gain=3.10778 2.58775 2.1588 1.54118
threshold=-0.027464486008460066 -0.17907884123612466 0.017413638536330937 0.036232766546415614
decision_type=2 2 2 2
left_child=-1 2 -2 -3
right_child=1 3 -4 -5
leaf_value=0.012926231214048111 0.0094059847490772074 -0.012688168643575906 -0.006690081720672046 0.0038125423552741993
leaf_weight=5.6797754769213489 10.920199660584332 11.17367156036198 3.1126078483648589 1.715236663352697
leaf_count=344 998 2496 729 257
internal_value=0.00205957 -0.00311306 0.00453757 -0.00978597
internal_weight=32.6015 26.9217 14.0328 12.8889
internal_count=4824 4480 1727 2753
is_linear=0
shrinkage=0.03


Tree=61
num_leaves=5
num_cat=0
split_feature=3 3 4 6
split_gain=3.03986 2.75058 1.06922 0.612674
threshold=-0.018045587481586422 0.026394836269631388 -0.019479714078815654 0.47379408856170457
decision_type=2 2 2 2
left_child=3 2 -2 -1
right_child=1 -3 -4 -5
leaf_value=0.012914311911132237 0.0027245854637875746 0.0076386849859241069 -0.01056908634722682 -0.0015125353454508348
leaf_weight=7.8046842871699464 2.4823293231893357 5.2470243396237484 16.199018042185347 0.85690067056566466
leaf_count=583 287 456 3393 105
internal_value=0.00204486 -0.00372618 -0.00846859 0.0114414
internal_weight=32.59 23.9284 18.6813 8.66158
internal_count=4824 4136 3680 688
is_linear=0
shrinkage=0.03


Tree=62
num_leaves=5
num_cat=0
split_feature=1 2 4 4
split_gain=2.95215 2.31359 1.70282 1.59316
threshold=0.0010076483176204578 1.0000000180025095e-35 0.023423014762211428 -0.023102508900048665
decision_type=2 2 2 2
left_child=1 -1 3 -2
right_child=2 -3 -4 -5
leaf_value=0.014457722304849948 0.0038710770643685922 -0.0044476204655831617 0.0058726765917283524 -0.011063527490846155
leaf_weight=9.4133060132153314 3.1293452715035555 2.9181788689456871 3.2311539470683774 13.857634269283155
leaf_count=490 276 537 337 3184
internal_value=0.00206334 0.00999562 -0.0044815 -0.00789732
internal_weight=32.5496 12.3315 20.2181 16.987
internal_count=4824 1027 3797 3460
is_linear=0
shrinkage=0.03


Tree=63
num_leaves=5
num_cat=0
split_feature=3 2 1 1
split_gain=2.90958 2.4512 2.04983 1.51461
threshold=-0.027464486008460066 -0.17907884123612466 0.017413638536330937 0.036232766546415614
decision_type=2 2 2 2
left_child=-1 2 -2 -3
right_child=1 3 -4 -5
leaf_value=0.012506628706129298 0.0091319209423706676 -0.012470252964367151 -0.0065617316429390487 0.0038315678530756389
leaf_weight=5.7974482353311023 11.023842390161009 10.937085421988739 3.0469259722158304 1.708654882153495
leaf_count=344 998 2496 729 257
internal_value=0.00206337 -0.00299186 0.00441937 -0.0095483
internal_weight=32.514 26.7165 14.0708 12.6457
internal_count=4824 4480 1727 2753
is_linear=0
shrinkage=0.03


Tree=64
num_leaves=5
num_cat=0
split_feature=3 2 1 1
split_gain=2.83468 2.3655 1.99965 1.49166
threshold=-0.027464486008460066 -0.17907884123612466 0.015844604121757536 0.036232766546415614
decision_type=2 2 2 2
left_child=-1 2 -2 -3
right_child=1 3 -4 -5
leaf_value=0.012326997010252064 0.0090278707628587748 -0.012348930157552762 -0.0064127231236003543 0.0038128629169175451
leaf_weight=5.8503893597517154 10.905195060884582 10.813324729795566 3.2212160563794887 1.7144953468814481
leaf_count=344 951 2496 776 257
internal_value=0.00204629 -0.00295767 0.00430837 -0.00942641
internal_weight=32.5046 26.6542 14.1264 12.5278
internal_count=4824 4480 1727 2753
is_linear=0
shrinkage=0.03


Tree=65
num_leaves=5
num_cat=0
split_feature=4 4 6 6
split_gain=2.7772 2.96545 0.826962 0.762606
threshold=-0.019479714078815654 0.023423014762211428 0.14966063348416145 -0.15181075478599901
decision_type=2 2 2 2
left_child=3 -2 -3 -1
right_child=1 2 -4 -5
leaf_value=0.013445003980606905 -0.0096323158169448145 -0.0027654303212187948 0.0093117669836265144 -0.00087481011772774374
leaf_weight=6.1666852082125843 14.966125789331274 2.0689615295268577 6.5283071347512305 2.7643978178966773
leaf_count=403 3374 286 484 277
internal_value=0.00202956 -0.00357383 0.00648116 0.0108919
internal_weight=32.4945 23.5634 8.59727 8.93108
internal_count=4824 4144 770 680
is_linear=0
shrinkage=0.03


Tree=66
num_leaves=5
num_cat=0
split_feature=3 3 4 11
split_gain=2.72839 2.54522 1.00528 0.594304
threshold=-0.018045587481586422 0.026394836269631388 -0.019479714078815654 0.15471899879559622
decision_type=2 2 2 2
left_child=3 2 -2 -1
right_child=1 -3 -4 -5
leaf_value=-0.00079112690887585052 0.002647583203969107 0.0073396120479398115 -0.010229397756063997 0.012817436901379575
leaf_weight=2.1568067471962404 2.5017026951536563 5.3275475285481653 15.771051900344903 6.7044395939446986
leaf_count=157 287 456 3393 531
internal_value=0.00203633 -0.00351261 -0.00815354 0.0108418
internal_weight=32.4615 23.6003 18.2728 8.86125
internal_count=4824 4136 3680 688
is_linear=0
shrinkage=0.03


Tree=67
num_leaves=5
num_cat=0
split_feature=1 2 9 2
split_gain=2.66768 3.40446 1.74713 1.11503
threshold=0.0061336299963365435 1.0000000180025095e-35 0.15830446614482338 0.89818278385790107
decision_type=2 2 2 2
left_child=1 -1 3 -2
right_child=2 -3 -4 -5
leaf_value=0.013397953065542999 -0.011979157853412361 -0.0066300135628788136 0.0056420107264296502 0.0025877795671213496
leaf_weight=13.733385590137916 9.9583109460072574 4.0753402062691739 2.4427300390088922 2.2081748460186637
leaf_count=827 2310 855 413 419
internal_value=0.00205973 0.00807873 -0.00557879 -0.0093606
internal_weight=32.4179 17.8087 14.6092 12.1665
internal_count=4824 1682 3142 2729
is_linear=0
shrinkage=0.03


Tree=68
num_leaves=5
num_cat=0
split_feature=3 2 1 1
split_gain=2.63353 2.19858 1.86203 1.4652
threshold=-0.027464486008460066 -0.17907884123612466 0.017413638536330937 0.036232766546415614
decision_type=2 2 2 2
left_child=-1 2 -2 -3
right_child=1 3 -4 -5
leaf_value=0.011856307660441347 0.0085762300382630444 -0.012100355798179493 -0.0063661025604098403 0.0038474964497078957
leaf_weight=5.9828058488201341 11.242383739794606 10.550614996929651 2.9479816452367222 1.7028694692999113
leaf_count=344 998 2496 729 257
internal_value=0.00201773 -0.00285073 0.0041236 -0.00915106
internal_weight=32.4267 26.4438 14.1904 12.2535
internal_count=4824 4480 1727 2753
is_linear=0
shrinkage=0.03


Tree=69
num_leaves=5
num_cat=0
split_feature=3 3 14 9
split_gain=2.56612 2.16014 1.72806 0.532942
threshold=-0.027464486008460066 0.026394836269631388 0.84206546637033275 0.095185298215556061
decision_type=2 2 2 2
left_child=3 2 -2 -1
right_child=1 -3 -4 -5
leaf_value=0.00025913670661768779 0.0052147282226808738 0.0071224264374118345 -0.0096589145351945477 0.014508680829973272
leaf_weight=3.3586720502935341 2.3558664740994635 5.3881642182823262 18.642281883279793 2.6750511853024364
leaf_count=212 223 456 3801 132
internal_value=0.00199765 -0.00282029 -0.00684624 0.0116854
internal_weight=32.42 26.3863 20.9981 6.03372
internal_count=4824 4480 4024 344
is_linear=0
shrinkage=0.03


Tree=70
num_leaves=5
num_cat=0
split_feature=3 3 4 11
split_gain=2.50308 2.35103 0.966307 0.577756
threshold=-0.018045587481586422 0.026394836269631388 -0.019479714078815654 0.15471899879559622
decision_type=2 2 2 2
left_child=3 2 -2 -1
right_child=1 -3 -4 -5
leaf_value=-0.00083681671766433247 0.0026448893671560517 0.0070346427201170838 -0.0099243902396738519 0.012371714734023445
leaf_weight=2.1659026255365443 2.4978275042958584 5.4161029052920631 15.413455949048513 6.8360447199083865
leaf_count=157 287 456 3393 531
internal_value=0.00206474 -0.00332192 -0.00785194 0.0104258
internal_weight=32.3293 23.3274 17.9113 9.00195
internal_count=4824 4136 3680 688
is_linear=0
shrinkage=0.03


Tree=71
num_leaves=5
num_cat=0
split_feature=1 2 4 4
split_gain=2.46032 1.98385 1.56135 1.37817
threshold=0.0010076483176204578 1.0000000180025095e-35 0.023423014762211428 -0.023102508900048665
decision_type=2 2 2 2
left_child=1 -1 3 -2
right_child=2 -3 -4 -5
leaf_value=0.013240774868446681 0.0034948873445944323 -0.0042233268344572753 0.0057331518592684833 -0.010453152869774416
leaf_weight=9.7965135769918543 3.2432513565290746 2.812489057192578 3.2659261596854767 13.171926048700699
leaf_count=490 276 537 337 3184
internal_value=0.00208392 0.00920031 -0.00403895 -0.00741755
internal_weight=32.2901 12.609 19.6811 16.4152
internal_count=4824 1027 3797 3460
is_linear=0
shrinkage=0.03


Tree=72
num_leaves=5
num_cat=0
split_feature=3 2 1 1
split_gain=2.40342 2.07686 1.76246 1.43848
threshold=-0.027464486008460066 -0.17907884123612466 0.017413638536330937 0.036232766546415614
decision_type=2 2 2 2
left_child=-1 2 -2 -3
right_child=1 3 -4 -5
leaf_value=0.011391495056810585 0.0083707357921894432 -0.011832076964873301 -0.0062023533686126758 0.0038914205787354758
leaf_weight=6.1169889885932198 11.313730997964742 10.27613264415413 2.866020150599069 1.6884505667258043
leaf_count=344 998 2496 729 257
internal_value=0.00207718 -0.00265082 0.00407829 -0.00885171
internal_weight=32.2613 26.1443 14.1798 11.9646
internal_count=4824 4480 1727 2753
is_linear=0
shrinkage=0.03


Tree=73
num_leaves=5
num_cat=0
split_feature=3 2 1 1
split_gain=2.34205 2.00326 1.7198 1.41684
threshold=-0.027464486008460066 -0.17907884123612466 0.017413638536330937 0.036232766546415614
decision_type=2 2 2 2
left_child=-1 2 -2 -3
right_child=1 3 -4 -5
leaf_value=0.011226847836663178 0.0082107023991123233 -0.011717104256815771 -0.006168936545888821 0.0038725865361417863
leaf_weight=6.1664000037126234 11.382080930867234 10.165460079675539 2.8495174639392635 1.6943086269311596
leaf_count=344 998 2496 729 257
internal_value=0.00205402 -0.00262388 0.0039739 -0.00873722
internal_weight=32.2578 26.0914 14.2316 11.8598
internal_count=4824 4480 1727 2753
is_linear=0
shrinkage=0.03


Tree=74
num_leaves=5
num_cat=0
split_feature=1 2 4 4
split_gain=2.29571 1.8499 1.50371 1.31189
threshold=0.0010076483176204578 1.0000000180025095e-35 0.023423014762211428 -0.023102508900048665
decision_type=2 2 2 2
left_child=1 -1 3 -2
right_child=2 -3 -4 -5
leaf_value=0.012730719235779724 0.0033743600177695982 -0.0041206456744128104 0.0056338353511126045 -0.010255372113534731
leaf_weight=9.960095751564948 3.2798271859064725 2.7649181850720188 3.2935950241517267 12.956506450893359
leaf_count=490 276 537 337 3184
internal_value=0.00203015 0.00886717 -0.00391883 -0.00726537
internal_weight=32.2549 12.725 19.5299 16.2363
internal_count=4824 1027 3797 3460
is_linear=0
shrinkage=0.03


Tree=75
num_leaves=5
num_cat=0
split_feature=3 3 8 6
split_gain=2.27282 2.32744 0.790594 0.724974
threshold=-0.012370752195648788 0.026394836269631388 -0.065313498828342517 0.47379408856170457
decision_type=2 2 2 2
left_child=3 2 -2 -1
right_child=1 -3 -4 -5
leaf_value=0.011041333567706719 0.0020179677137220726 0.0067052384025372913 -0.010236145328834946 -0.0021600878124990058
leaf_weight=9.9132277094759029 2.33149188698735 5.5043537404853842 13.384447928401643 1.0939506941940624
leaf_count=870 431 456 2905 162
internal_value=0.00202198 -0.00354006 -0.00834043 0.00932561
internal_weight=32.2275 21.2203 15.7159 11.0072
internal_count=4824 3792 3336 1032
is_linear=0
shrinkage=0.03


Tree=76
num_leaves=5
num_cat=0
split_feature=9 14 3 6
split_gain=2.22156 2.21705 1.8506 0.215973
threshold=0.15830446614482338 0.84206546637033275 0.026394836269631388 0.29126269621421158
decision_type=2 2 2 2
left_child=1 3 -3 -1
right_child=-2 2 -4 -5
leaf_value=0.0088019623888834497 0.011052501241543253 -0.0097642541834800835 0.0047950120984891383 -0.00095392518129826785
leaf_weight=4.0866083324654054 5.9082966758869579 17.889071805053394 4.0391367422416797 0.29489256860688318
leaf_count=272 628 3527 350 47
internal_value=0.0020133 -0.0025015 -0.0064206 0.00793862
internal_weight=32.218 26.3097 21.9282 4.3815
internal_count=4824 4196 3877 319
is_linear=0
shrinkage=0.03


Tree=77
num_leaves=5
num_cat=0
split_feature=3 2 1 1
split_gain=2.1717 1.88707 1.62805 1.39158
threshold=-0.027464486008460066 -0.17907884123612466 0.017413638536330937 0.036232766546415614
decision_type=2 2 2 2
left_child=-1 2 -2 -3
right_child=1 3 -4 -5
leaf_value=0.010827301889493265 0.0079690575357815926 -0.011491817149941312 -0.0060354760739160232 0.0038989810664960263
leaf_weight=6.2784769411664447 11.468891778495165 9.9405614044517261 2.7834046955686054 1.6853322903625656
leaf_count=344 998 2496 729 257
internal_value=0.00205406 -0.002499 0.00387315 -0.00848947
internal_weight=32.1567 25.8782 14.2523 11.6259
internal_count=4824 4480 1727 2753
is_linear=0
shrinkage=0.03


Tree=78
num_leaves=5
num_cat=0
split_feature=9 14 3 11
split_gain=2.13682 2.13375 1.79634 0.211446
threshold=0.15830446614482338 0.84206546637033275 0.026394836269631388 0.0033247852054699161
decision_type=2 2 2 2
left_child=1 3 -3 -1
right_child=-2 2 -4 -5
leaf_value=-0.00092534274369206518 0.01086063574688057 -0.0096181876008867122 0.0047246136978230284 0.0086585699876338129
leaf_weight=0.35491351992823439 5.9653823724947861 17.710370706045072 4.0568837041500947 4.067880597896874
leaf_count=19 628 3527 350 300
internal_value=0.00202844 -0.00242841 -0.00629926 0.00778115
internal_weight=32.1554 26.19 21.7673 4.42279
internal_count=4824 4196 3877 319
is_linear=0
shrinkage=0.03


Tree=79
num_leaves=5
num_cat=0
split_feature=4 4 6 6
split_gain=2.09216 2.38189 0.742361 0.725396
threshold=-0.019479714078815654 0.018324592319434289 0.14966063348416145 -0.15181075478599901
decision_type=2 2 2 2
left_child=3 -2 -3 -1
right_child=1 2 -4 -5
leaf_value=0.012056690447076619 -0.0092719881679656016 -0.0028081863329209047 0.0078518267116426503 -0.0011244106719394981
leaf_weight=6.5483820186927915 12.025139004224913 2.6575997784966594 8.0443118540570122 2.8213208352681232
leaf_count=403 3066 410 668 277
internal_value=0.00206718 -0.00299694 0.00512687 0.00955628
internal_weight=32.0968 22.7271 10.7019 9.3697
internal_count=4824 4144 1078 680
is_linear=0
shrinkage=0.03


Tree=80
num_leaves=5
num_cat=0
split_feature=3 2 1 1
split_gain=2.06375 1.78444 1.55575 1.36381
threshold=-0.027464486008460066 -0.17907884123612466 0.017413638536330937 0.036232766546415614
decision_type=2 2 2 2
left_child=-1 2 -2 -3
right_child=1 3 -4 -5
leaf_value=0.010566647623600161 0.0077451682277330696 -0.011298707909053414 -0.0059428345376946953 0.0038981883989381945
leaf_weight=6.3524468864779911 11.556229646434078 9.7550762894097698 2.737804220407269 1.6850692525040347
leaf_count=344 998 2496 729 257
internal_value=0.00205273 -0.0024178 0.00375639 -0.00828615
internal_weight=32.0866 25.7342 14.294 11.4401
internal_count=4824 4480 1727 2753
is_linear=0
shrinkage=0.03


Tree=81
num_leaves=5
num_cat=0
split_feature=9 14 3 11
split_gain=2.05324 2.03051 1.7272 0.208417
threshold=0.15830446614482338 0.84206546637033275 0.026394836269631388 0.0033247852054699161
decision_type=2 2 2 2
left_child=1 3 -3 -1
right_child=-2 2 -4 -5
leaf_value=-0.00093922092634224699 0.010652065240786737 -0.0094521419025926142 0.004617558150974148 0.0084387259178284393
leaf_weight=0.35770085803233342 6.0243312210077411 17.498209201032299 4.0837351942900559 4.1227467929711565
leaf_count=19 628 3527 350 300
internal_value=0.00202576 -0.00236908 -0.00617076 0.00755846
internal_weight=32.0867 26.0624 21.5819 4.48045
internal_count=4824 4196 3877 319
is_linear=0
shrinkage=0.03


Tree=82
num_leaves=5
num_cat=0
split_feature=3 3 8 6
split_gain=1.99246 2.05429 0.781887 0.675043
threshold=-0.012370752195648788 0.026394836269631388 -0.065313498828342517 0.47379408856170457
decision_type=2 2 2 2
left_child=3 2 -2 -1
right_child=1 -3 -4 -5
leaf_value=0.010470242939486698 0.0021704878987620505 0.0062758302457865253 -0.0098023624611443087 -0.0021371016743621783
leaf_weight=10.102631161920725 2.2745267839636645 5.6300416609738013 12.93957820592914 1.0839493770617981
leaf_count=870 431 456 2905 162
internal_value=0.0020619 -0.00324628 -0.00786149 0.00881652
internal_weight=32.0307 20.8441 15.2141 11.1866
internal_count=4824 3792 3336 1032
is_linear=0
shrinkage=0.03


Tree=83
num_leaves=5
num_cat=0
split_feature=9 14 3 11
split_gain=1.96524 1.94518 1.65819 0.205401
threshold=0.15830446614482338 0.84206546637033275 0.026394836269631388 0.0033247852054699161
decision_type=2 2 2 2
left_child=1 3 -3 -1
right_child=-2 2 -4 -5
leaf_value=-0.00094582615204565925 0.01045441663890862 -0.0092733905038865048 0.0045123700734203799 0.008278175951253821
leaf_weight=0.35905462293885904 6.0847988183377302 17.301625562948178 4.1151464444119474 4.1639959423337132
leaf_count=19 628 3527 350 300
internal_value=0.00204941 -0.00228247 -0.00603136 0.00739887
internal_weight=32.0246 25.9398 21.4168 4.52305
internal_count=4824 4196 3877 319
is_linear=0
shrinkage=0.03


Tree=84
num_leaves=5
num_cat=0
split_feature=1 2 2 9
split_gain=1.93414 2.65197 1.60843 1.23546
threshold=0.0061336299963365435 1.0000000180025095e-35 0.89818278385790107 0.24388997092070247
decision_type=2 2 2 2
left_child=1 -1 3 -2
right_child=2 -3 -4 -5
leaf_value=0.011579730241078534 -0.011057810728437135 -0.0060987599061861943 0.005594889361825838 0.0041440273274078645
leaf_weight=14.424826365895575 10.464633598108772 3.7812655796296886 2.6614774946356183 0.63920281874016005
leaf_count=827 2601 855 480 61
internal_value=0.00208282 0.00704757 -0.00468605 -0.00863373
internal_weight=31.9714 18.2061 13.7653 11.1038
internal_count=4824 1682 3142 2662
is_linear=0
shrinkage=0.03


Tree=85
num_leaves=5
num_cat=0
split_feature=3 2 1 1
split_gain=1.89626 1.66957 1.45561 1.34275
threshold=-0.027464486008460066 -0.17907884123612466 0.017413638536330937 0.036232766546415614
decision_type=2 2 2 2
left_child=-1 2 -2 -3
right_child=1 3 -4 -5
leaf_value=0.01015243574072526 0.0074828459207081531 -0.011063964486205625 -0.005778644571573995 0.0039454368633606296
leaf_weight=6.4669421971775618 11.646633505704818 9.5272639393806404 2.6578209724975741 1.6695369584485877
leaf_count=344 998 2496 729 257
internal_value=0.0020493 -0.00228652 0.00365502 -0.00802043
internal_weight=31.9682 25.5013 14.3045 11.1968
internal_count=4824 4480 1727 2753
is_linear=0
shrinkage=0.03


Tree=86
num_leaves=5
num_cat=0
split_feature=9 14 12 11
split_gain=1.88817 1.84916 1.60654 0.202389
threshold=0.15830446614482338 0.84206546637033275 0.989999819165301 0.0033247852054699161
decision_type=2 2 2 2
left_child=1 3 -3 -1
right_child=-2 2 -4 -5
leaf_value=-0.00096132255519293397 0.010231794646287349 -0.010373498727090369 0.0025617203434192817 0.0080541053733675268
leaf_weight=0.36209836415947094 6.1463445228291667 12.465819454286249 8.7764938764739764 4.2187943275785074
leaf_count=19 628 2730 1147 300
internal_value=0.00202088 -0.00224409 -0.00591982 0.00717092
internal_weight=31.9696 25.8232 21.2423 4.58089
internal_count=4824 4196 3877 319
is_linear=0
shrinkage=0.03


Tree=87
num_leaves=5
num_cat=0
split_feature=3 2 1 1
split_gain=1.83515 1.59711 1.40896 1.32155
threshold=-0.027464486008460066 -0.17907884123612466 0.017413638536330937 0.036232766546415614
decision_type=2 2 2 2
left_child=-1 2 -2 -3
right_child=1 3 -4 -5
leaf_value=0.0099791900159348929 0.0073107113322971101 -0.01093072140685142 -0.0057260134557412532 0.003936324732252766
leaf_weight=6.517063150182369 11.717379418318165 9.4051573115866578 2.6323504861211395 1.6721993712708343
leaf_count=344 998 2496 729 257
internal_value=0.00202881 -0.00225055 0.00354979 -0.00788366
internal_weight=31.9441 25.4271 14.3497 11.0774
internal_count=4824 4480 1727 2753
is_linear=0
shrinkage=0.03


Tree=88
num_leaves=5
num_cat=0
split_feature=9 8 14 11
split_gain=1.82617 1.81864 1.151 0.353337
threshold=0.15830446614482338 -0.065313498828342517 0.84206546637033275 0.81961125624369968
decision_type=2 2 2 2
left_child=1 3 -3 -1
right_child=-2 2 -4 -5
leaf_value=0.0085602594756942485 0.010052033750785446 0.0036261888838683923 -0.0084119861402810903 -0.0014045302721875999
leaf_weight=3.9479815937811571 6.1999477000208563 3.3391596683068228 17.500682363053784 0.95835043338593084
leaf_count=509 628 231 3330 126
internal_value=0.00199981 -0.00220885 -0.00593275 0.00697737
internal_weight=31.9461 25.7462 20.8398 4.90633
internal_count=4824 4196 3561 635
is_linear=0
shrinkage=0.03


Tree=89
num_leaves=5
num_cat=0
split_feature=3 3 8 6
split_gain=1.76442 1.86314 0.753235 0.631992
threshold=-0.012370752195648788 0.026394836269631388 -0.065313498828342517 0.47379408856170457
decision_type=2 2 2 2
left_child=3 2 -2 -1
right_child=1 -3 -4 -5
leaf_value=0.0099265172910642917 0.00220418040801425 0.0059634467551548326 -0.0094531621657343926 -0.0021256897291461554
leaf_weight=10.279015474836344 2.2573233135044601 5.7154684080742291 12.576622033608144 1.0773691572248925
leaf_count=870 431 456 2905 162
internal_value=0.00202999 -0.00303393 -0.00750598 0.00832318
internal_weight=31.9058 20.5494 14.8339 11.3564
internal_count=4824 3792 3336 1032
is_linear=0
shrinkage=0.03


Tree=90
num_leaves=5
num_cat=0
split_feature=9 1 2 2
split_gain=1.74828 1.76056 1.88944 1.05173
threshold=0.15830446614482338 0.0061336299963365435 1.0000000180025095e-35 0.89818278385790107
decision_type=2 2 2 2
left_child=1 2 -1 -3
right_child=-2 3 -4 -5
leaf_value=0.0082773615531047499 0.009864161715696991 -0.010867519937512393 -0.0066553420746687797 0.0028778058493225621
leaf_weight=11.775722823105758 6.2576416257070369 8.8857291397871432 2.8838850861648089 2.0984976976178578
leaf_count=717 628 2310 750 419
internal_value=0.00201527 -0.0021301 0.00383213 -0.00812152
internal_weight=31.9015 25.6438 14.6596 10.9842
internal_count=4824 4196 1467 2729
is_linear=0
shrinkage=0.03


Tree=91
num_leaves=5
num_cat=0
split_feature=9 8 14 11
split_gain=1.70823 1.74727 1.09258 0.347965
threshold=0.15830446614482338 -0.065313498828342517 0.84206546637033275 0.81961125624369968
decision_type=2 2 2 2
left_child=1 3 -3 -1
right_child=-2 2 -4 -5
leaf_value=0.0084223663871713563 0.009722172913071871 0.0035069204036807309 -0.0082354113824161922 -0.0014106377804705926
leaf_weight=3.9851233597146409 6.3039038971764958 3.366969994967806 17.295245457906276 0.9589342342223971
leaf_count=509 628 231 3330 126
internal_value=0.00197869 -0.00212271 -0.00580228 0.00684745
internal_weight=31.9102 25.6063 20.6622 4.94406
internal_count=4824 4196 3561 635
is_linear=0
shrinkage=0.03


Tree=92
num_leaves=5
num_cat=0
split_feature=3 2 1 1
split_gain=1.67601 1.52031 1.34975 1.30192
threshold=-0.027464486008460066 -0.17907884123612466 0.017413638536330937 0.036232766546415614
decision_type=2 2 2 2
left_child=-1 2 -2 -3
right_child=1 3 -4 -5
leaf_value=0.0095502324019274363 0.0071639807781157987 -0.010738416380260015 -0.0056150379479788098 0.0039659203567952873
leaf_weight=6.6405385918915298 11.765182716306304 9.2255707967560685 2.578621882130391 1.6622584108263243
leaf_count=344 998 2496 729 257
internal_value=0.0020065 -0.00212606 0.0035038 -0.00766957
internal_weight=31.8722 25.2316 14.3438 10.8878
internal_count=4824 4480 1727 2753
is_linear=0
shrinkage=0.03


Tree=93
num_leaves=5
num_cat=0
split_feature=1 2 10 8
split_gain=1.64874 1.44349 1.34214 0.942784
threshold=0.0010076483176204578 1.0000000180025095e-35 0.75276171564627792 -0.053844911323177348
decision_type=2 2 2 2
left_child=1 -1 3 -2
right_child=2 -3 -4 -5
leaf_value=0.010945744947063284 0.0025963834663635401 -0.003822308971020795 0.0053643336949498813 -0.009299490067707564
leaf_weight=10.514133606106045 3.316227380535568 2.6245704155880949 3.7271898443577802 11.692948761978185
leaf_count=490 505 537 682 2610
internal_value=0.00197648 0.00761873 -0.00325449 -0.00668392
internal_weight=31.8751 13.1387 18.7364 15.0092
internal_count=4824 1027 3797 3115
is_linear=0
shrinkage=0.03


Tree=94
num_leaves=5
num_cat=0
split_feature=9 8 14 11
split_gain=1.63781 1.68386 1.04388 0.343781
threshold=0.15830446614482338 -0.065313498828342517 0.84206546637033275 0.81961125624369968
decision_type=2 2 2 2
left_child=1 3 -3 -1
right_child=-2 2 -4 -5
leaf_value=0.0082791904763395794 0.0095159453868888834 0.0033971913954479547 -0.0080991146150398499 -0.0014233537879525626
leaf_weight=4.0235879754182013 6.3615870964713386 3.3914838588098091 17.126457363949157 0.96141351223923255
leaf_count=509 628 231 3330 126
internal_value=0.00195849 -0.00207602 -0.00570834 0.00670684
internal_weight=31.8645 25.5029 20.5179 4.985
internal_count=4824 4196 3561 635
is_linear=0
shrinkage=0.03


Tree=95
num_leaves=5
num_cat=0
split_feature=3 2 1 1
split_gain=1.59485 1.44775 1.30241 1.28482
threshold=-0.027464486008460066 -0.17907884123612466 0.017413638536330937 0.036232766546415614
decision_type=2 2 2 2
left_child=-1 2 -2 -3
right_child=1 3 -4 -5
leaf_value=0.0093162928155717771 0.0069995432902433463 -0.010590254619754104 -0.0055495689336012505 0.003980717358041847
leaf_weight=6.7054859313648221 11.827167184441352 9.0909564971225283 2.5472346615279102 1.6574137671850628
leaf_count=344 998 2496 729 257
internal_value=0.00198451 -0.00206774 0.0034113 -0.00750773
internal_weight=31.8283 25.1228 14.3744 10.7484
internal_count=4824 4480 1727 2753
is_linear=0
shrinkage=0.03


Tree=96
num_leaves=5
num_cat=0
split_feature=9 8 14 11
split_gain=1.57693 1.63945 1.00749 0.339252
threshold=0.15830446614482338 -0.065313498828342517 0.84206546637033275 0.81961125624369968
decision_type=2 2 2 2
left_child=1 3 -3 -1
right_child=-2 2 -4 -5
leaf_value=0.0081857451591269195 0.0093472709399636065 0.0033192569246163974 -0.0079844393976418928 -0.0014235074985971883
leaf_weight=4.0487128135282608 6.4119588624453163 3.4105191074777421 16.99985696549993 0.96061171707697202
leaf_count=509 628 231 3330 126
internal_value=0.00195397 -0.00202342 -0.00562524 0.00662233
internal_weight=31.8317 25.4197 20.4104 5.00932
internal_count=4824 4196 3561 635
is_linear=0
shrinkage=0.03


Tree=97
num_leaves=5
num_cat=0
split_feature=4 4 6 6
split_gain=1.53973 2.00819 0.667059 0.640097
threshold=-0.019479714078815654 0.018324592319434289 -0.15181075478599901 0.14966063348416145
decision_type=2 2 2 2
left_child=2 -2 -1 -3
right_child=1 3 -4 -5
leaf_value=0.010663043242026443 -0.008487378671682904 -0.0026264484220418134 -0.0013399475471699391 0.0072953831669714643
leaf_weight=6.9227131665684283 11.245473880204374 2.5676723276264957 2.857217726530509 8.2037151391850767
leaf_count=403 3066 410 277 668
internal_value=0.00197852 -0.00251504 0.00825178 0.00480443
internal_weight=31.7968 22.0169 9.77993 10.7714
internal_count=4824 4144 680 1078
is_linear=0
shrinkage=0.03


Tree=98
num_leaves=5
num_cat=0
split_feature=9 8 14 11
split_gain=1.51935 1.59374 0.972673 0.335031
threshold=0.15830446614482338 -0.065313498828342517 0.84206546637033275 0.81961125624369968
decision_type=2 2 2 2
left_child=1 3 -3 -1
right_child=-2 2 -4 -5
leaf_value=0.0080919902151731053 0.0091936954395513415 0.0032481219277062457 -0.0078653138693269599 -0.0014250447267601506
leaf_weight=4.0743934103520649 6.4582023661350823 3.4275606151204583 16.871673512272537 0.96031067543663073
leaf_count=509 628 231 3330 126
internal_value=0.00195833 -0.00196607 -0.00553611 0.00653627
internal_weight=31.7921 25.3339 20.2992 5.0347
internal_count=4824 4196 3561 635
is_linear=0
shrinkage=0.03


Tree=99
num_leaves=5
num_cat=0
split_feature=1 2 2 9
split_gain=1.49986 2.1996 1.50135 1.12738
threshold=0.0061336299963365435 1.0000000180025095e-35 0.89818278385790107 0.24388997092070247
decision_type=2 2 2 2
left_child=1 -1 3 -2
right_child=2 -3 -4 -5
leaf_value=0.010310030834075513 -0.010499502358743577 -0.0057558643661390057 0.0056028218813105697 0.0039674966527553715
leaf_weight=14.911185312084859 9.9166557017015258 3.5953345624729982 2.6501249790890133 0.68548348243348378
leaf_count=827 2601 855 480 61
internal_value=0.00198134 0.00626461 -0.00412192 -0.00809238
internal_weight=31.7588 18.5065 13.2523 10.6021
internal_count=4824 1682 3142 2662
is_linear=0
shrinkage=0.03


Tree=100
num_leaves=5
num_cat=0
split_feature=3 3 14 9
split_gain=1.48054 1.3644 1.1969 0.787336
threshold=-0.027464486008460066 0.026394836269631388 0.84206546637033275 0.095185298215556061
decision_type=2 2 2 2
left_child=3 2 -2 -1
right_child=1 -3 -4 -5
leaf_value=-0.00096090452009523711 0.0043208202050411702 0.0056452901779205705 -0.0080075138881675403 0.012500521520569527
leaf_weight=3.686293501872572 2.5728064362192589 5.7943544934969387 16.591018195031211 3.1115660017821938
leaf_count=212 223 456 3801 132
internal_value=0.00194728 -0.00198636 -0.00543835 0.00897437
internal_weight=31.756 24.9582 19.1638 6.79786
internal_count=4824 4480 4024 344
is_linear=0
shrinkage=0.03


Tree=101
num_leaves=5
num_cat=0
split_feature=3 3 13 6
split_gain=1.44871 1.64215 0.659352 0.574816
threshold=-0.012370752195648788 0.019892548047571856 0.41444932104472332 0.47379408856170457
decision_type=2 2 2 2
left_child=3 2 -2 -1
right_child=1 -3 -4 -5
leaf_value=0.0091458900762299757 0.0023174466207674296 0.0048432257142313924 -0.0093103036604380209 -0.0021197101309621477
leaf_weight=10.521554515813479 1.285084798233586 7.9407862466759971 10.87632321170531 1.0708454146515567
leaf_count=870 123 760 2909 162
internal_value=0.00198826 -0.0027015 -0.00759033 0.0076055
internal_weight=31.6946 20.1022 12.1614 11.5924
internal_count=4824 3792 3032 1032
is_linear=0
shrinkage=0.03


Tree=102
num_leaves=5
num_cat=0
split_feature=9 8 14 11
split_gain=1.42842 1.54751 0.911796 0.329456
threshold=0.15830446614482338 -0.065313498828342517 0.84206546637033275 0.81961125624369968
decision_type=2 2 2 2
left_child=1 3 -3 -1
right_child=-2 2 -4 -5
leaf_value=0.0080144934077664709 0.0089455465505342644 0.0030978836554714931 -0.007691555489018162 -0.0014170096760588863
leaf_weight=4.0898228201549562 6.5260761132230973 3.4629443190060583 16.664010809734464 0.95586237451061595
leaf_count=509 628 231 3330 126
internal_value=0.00196294 -0.00187597 -0.00542309 0.0064735
internal_weight=31.6987 25.1726 20.127 5.04569
internal_count=4824 4196 3561 635
is_linear=0
shrinkage=0.03


Tree=103
num_leaves=5
num_cat=0
split_feature=1 2 4 2
split_gain=1.3875 1.29825 1.26413 0.941609
threshold=0.0010076483176204578 1.0000000180025095e-35 0.023423014762211428 0.89818278385790107
decision_type=2 2 2 2
left_child=1 -1 3 -2
right_child=2 -3 -4 -5
leaf_value=0.01022326571265399 -0.0087099170352699477 -0.003713635300015612 0.0055220572691761912 0.0030861050809345503
leaf_weight=10.734378258232029 12.404013513820248 2.5733855748549095 3.3068649875931433 2.6488618649309492
leaf_count=490 2927 537 337 533
internal_value=0.0019838 0.0070912 -0.00291329 -0.00623088
internal_weight=31.6675 13.3078 18.3597 15.0529
internal_count=4824 1027 3797 3460
is_linear=0
shrinkage=0.03


Tree=104
num_leaves=5
num_cat=0
split_feature=3 2 1 1
split_gain=1.3735 1.32189 1.25905 1.1895
threshold=-0.027464486008460066 -0.17907884123612466 0.036232766546415614 0.017413638536330937
decision_type=2 2 2 2
left_child=-1 3 -3 -2
right_child=1 2 -4 -5
leaf_value=0.0087007793153164384 0.0067170881030196444 -0.010268435941299262 0.0040597785827081803 -0.0053177074211423698
leaf_weight=6.8736153135541853 11.91187604237348 8.7959301619557611 1.6313585611060268 2.4367862758226702
leaf_count=344 998 2496 257 729
internal_value=0.00197069 -0.00186149 -0.00713673 0.00332868
internal_weight=31.6496 24.776 10.4273 14.3487
internal_count=4824 4480 2753 1727
is_linear=0
shrinkage=0.03


Tree=105
num_leaves=5
num_cat=0
split_feature=9 8 14 11
split_gain=1.37233 1.51029 0.87426 0.325316
threshold=0.15830446614482338 -0.065313498828342517 0.84206546637033275 0.81961125624369968
decision_type=2 2 2 2
left_child=1 3 -3 -1
right_child=-2 2 -4 -5
leaf_value=0.0079280121665926684 0.008764048593172296 0.0030009055271709474 -0.0075868742009326555 -0.0014174607339625519
leaf_weight=4.1095243738964262 6.5746068512089542 3.4834483346203369 16.532364572281949 0.95421151327900577
leaf_count=509 628 231 3330 126
internal_value=0.00193879 -0.00183873 -0.00535835 0.00639505
internal_weight=31.6542 25.0795 20.0158 5.06374
internal_count=4824 4196 3561 635
is_linear=0
shrinkage=0.03


Tree=106
num_leaves=5
num_cat=0
split_feature=9 8 14 11
split_gain=1.32211 1.46814 0.85334 0.320632
threshold=0.15830446614482338 -0.065313498828342517 0.84206546637033275 0.81961125624369968
decision_type=2 2 2 2
left_child=1 3 -3 -1
right_child=-2 2 -4 -5
leaf_value=0.0078445089794592689 0.0086377280681322506 0.0029761973680047914 -0.0074743409112696035 -0.0014138957318474503
leaf_weight=4.1347373442258748 6.6162424643989644 3.4899180786451351 16.429956919513643 0.95314876455813635
leaf_count=509 628 231 3330 126
internal_value=0.00195854 -0.00177116 -0.00526065 0.00632252
internal_weight=31.624 25.0078 19.9199 5.08789
internal_count=4824 4196 3561 635
is_linear=0
shrinkage=0.03


Tree=107
num_leaves=5
num_cat=0
split_feature=1 2 2 9
split_gain=1.30237 2.02264 1.41942 1.07258
threshold=0.0061336299963365435 1.0000000180025095e-35 0.89818278385790107 0.24388997092070247
decision_type=2 2 2 2
left_child=1 -1 3 -2
right_child=2 -3 -4 -5
leaf_value=0.0097724652761301684 -0.010159216598567616 -0.0056133432878518082 0.0055388788351311497 0.0038981266908862328
leaf_weight=15.106859952211385 9.6002693680347839 3.5186013318598262 2.6664281493285662 0.70307431719265956
leaf_count=827 2601 855 480 61
internal_value=0.00197685 0.0059203 -0.00379819 -0.00775249
internal_weight=31.5952 18.6255 12.9698 10.3033
internal_count=4824 1682 3142 2662
is_linear=0
shrinkage=0.03


Tree=108
num_leaves=5
num_cat=0
split_feature=3 2 1 1
split_gain=1.2896 1.25303 1.24312 1.13741
threshold=-0.027464486008460066 -0.17907884123612466 0.036232766546415614 0.017413638536330937
decision_type=2 2 2 2
left_child=-1 3 -3 -2
right_child=1 2 -4 -5
leaf_value=0.0084357989972768752 0.0065447759657864171 -0.01011245067216201 0.0040844807429252636 -0.0052275244600435361
leaf_weight=6.9450881234370199 11.973307090345772 8.6578226345591194 1.6231731786392636 2.3943439491558829
leaf_count=344 998 2496 257 729
internal_value=0.00194169 -0.00179467 -0.00696227 0.00324277
internal_weight=31.5937 24.6486 10.281 14.3677
internal_count=4824 4480 2753 1727
is_linear=0
shrinkage=0.03


Tree=109
num_leaves=5
num_cat=0
split_feature=9 8 14 11
split_gain=1.27303 1.43367 0.812617 0.316113
threshold=0.15830446614482338 -0.065313498828342517 0.84206546637033275 0.81961125624369968
decision_type=2 2 2 2
left_child=1 3 -3 -1
right_child=-2 2 -4 -5
leaf_value=0.0077463907157803652 0.0084482867784345262 0.0028540081386987546 -0.0073792543408535954 -0.0014150345499304123
leaf_weight=4.1567937459331068 6.6668927094433448 3.5173510500462752 16.306055022403598 0.95150851889047761
leaf_count=509 628 231 3330 126
internal_value=0.00190952 -0.00175695 -0.00521538 0.00623282
internal_weight=31.5986 24.9317 19.8234 5.1083
internal_count=4824 4196 3561 635
is_linear=0
shrinkage=0.03


Tree=110
num_leaves=5
num_cat=0
split_feature=3 3 13 6
split_gain=1.24139 1.49942 0.62937 0.535966
threshold=-0.012370752195648788 0.019892548047571856 0.41444932104472332 0.47379408856170457
decision_type=2 2 2 2
left_child=3 2 -2 -1
right_child=1 -3 -4 -5
leaf_value=0.0085726053032469229 0.0023151583452917625 0.0046671326231031802 -0.0089545473392151284 -0.0021233255019303832
leaf_weight=10.699047137051823 1.2840137484017784 7.9831391145708031 10.535808560205622 1.0685511358315114
leaf_count=870 123 760 2909 162
internal_value=0.00192703 -0.00247743 -0.00723033 0.0070721
internal_weight=31.5706 19.803 11.8198 11.7676
internal_count=4824 3792 3032 1032
is_linear=0
shrinkage=0.03


Tree=111
num_leaves=5
num_cat=0
split_feature=9 8 14 11
split_gain=1.22003 1.39477 0.782127 0.311477
threshold=0.15830446614482338 -0.065313498828342517 0.84206546637033275 0.81961125624369968
decision_type=2 2 2 2
left_child=1 3 -3 -1
right_child=-2 2 -4 -5
leaf_value=0.0076590991148185079 0.008282519106689307 0.0027845326327532423 -0.007264511491411026 -0.0014124945707340545
leaf_weight=4.1809479488292771 6.7182184339035294 3.53369605354965 16.192228818079457 0.95025959133636195
leaf_count=509 628 231 3330 126
internal_value=0.0019008 -0.00170532 -0.00513319 0.00615589
internal_weight=31.5754 24.8571 19.7259 5.13121
internal_count=4824 4196 3561 635
is_linear=0
shrinkage=0.03


Tree=112
num_leaves=5
num_cat=0
split_feature=1 4 2 2
split_gain=1.19318 1.20296 1.169 0.902047
threshold=0.0010076483176204578 0.023423014762211428 1.0000000180025095e-35 0.89818278385790107
decision_type=2 2 2 2
left_child=2 3 -1 -2
right_child=1 -3 -4 -5
leaf_value=0.0095616014590200697 -0.008449204267377065 0.0054699206923729789 -0.0036049210212065687 0.0030629477008817345
leaf_weight=10.932943957392128 12.125849701929839 3.3160740704042828 2.5224571112776166 2.6511400775052598
leaf_count=490 2927 337 537 533
internal_value=0.00191708 -0.00268245 0.00660871 -0.0059812
internal_weight=31.5485 18.0931 13.4554 14.777
internal_count=4824 3797 1027 3460
is_linear=0
shrinkage=0.03


Tree=113
num_leaves=5
num_cat=0
split_feature=4 4 6 13
split_gain=1.18829 1.71634 0.625907 0.575823
threshold=-0.019479714078815654 0.018324592319434289 -0.15181075478599901 0.86138049849687037
decision_type=2 2 2 2
left_child=2 3 -1 -2
right_child=1 -3 -4 -5
leaf_value=0.009676650455931286 0.0023299848622459203 0.0045078696717190453 -0.0015086239001708417 -0.009275742633965682
leaf_weight=7.1753340685972944 0.55319452402182179 10.843690587440504 2.877765923971312 10.081287153414449
leaf_count=403 111 1078 277 2955
internal_value=0.00190345 -0.00215131 0.00731917 -0.00783543
internal_weight=31.5313 21.4782 10.0531 10.6345
internal_count=4824 4144 680 3066
is_linear=0
shrinkage=0.03


Tree=114
num_leaves=5
num_cat=0
split_feature=9 8 14 11
split_gain=1.17384 1.35928 0.749882 0.307808
threshold=0.15830446614482338 -0.065313498828342517 0.84206546637033275 0.81961125624369968
decision_type=2 2 2 2
left_child=1 3 -3 -1
right_child=-2 2 -4 -5
leaf_value=0.0075770999454547903 0.0081315026425680167 0.0027010749505982381 -0.0071582078252564792 -0.0014138147921777125
leaf_weight=4.1994357261573958 6.7574622872052705 3.5499254689784747 16.067143562249839 0.94899518764577795
leaf_count=509 628 231 3330 126
internal_value=0.00188762 -0.00166498 -0.00506447 0.00608054
internal_weight=31.523 24.7655 19.6171 5.14843
internal_count=4824 4196 3561 635
is_linear=0
shrinkage=0.03


Tree=115
num_leaves=5
num_cat=0
split_feature=3 2 1 1
split_gain=1.15066 1.17542 1.21836 1.07422
threshold=-0.027464486008460066 -0.17907884123612466 0.036232766546415614 0.017413638536330937
decision_type=2 2 2 2
left_child=-1 3 -3 -2
right_child=1 2 -4 -5
leaf_value=0.0079922027800591947 0.0063707449637843824 -0.0098933415081922035 0.0041099067961406638 -0.0050919524241597207
leaf_weight=7.065436645178127 12.022715930943379 8.4645838062278873 1.6139663089998073 2.3304261659504855
leaf_count=344 998 2496 257 729
internal_value=0.00190282 -0.00166791 -0.00672081 0.00318296
internal_weight=31.4971 24.4317 10.0786 14.3531
internal_count=4824 4480 2753 1727
is_linear=0
shrinkage=0.03


Tree=116
num_leaves=5
num_cat=0
split_feature=9 8 14 11
split_gain=1.13135 1.32427 0.722871 0.303737
threshold=0.15830446614482338 -0.065313498828342517 0.84206546637033275 0.81961125624369968
decision_type=2 2 2 2
left_child=1 3 -3 -1
right_child=-2 2 -4 -5
leaf_value=0.007490003285744202 0.0079852045133023495 0.0026332835693643948 -0.0070595978514297201 -0.0014139539727961073
leaf_weight=4.2223727238597411 6.8004830646095789 3.5658188899979022 15.965522076818159 0.94823408185038704
leaf_count=509 628 231 3330 126
internal_value=0.00187018 -0.00162925 -0.00499752 0.00600143
internal_weight=31.5024 24.7019 19.5313 5.17061
internal_count=4824 4196 3561 635
is_linear=0
shrinkage=0.03


Tree=117
num_leaves=5
num_cat=0
split_feature=3 8 13 9
split_gain=1.10497 1.13823 0.869807 0.845827
threshold=-0.027464486008460066 -0.065313498828342517 0.86138049849687037 0.095185298215556061
decision_type=2 2 2 2
left_child=3 -2 -3 -1
right_child=1 2 -4 -5
leaf_value=-0.0014451951936677524 0.0058914087920821628 0.0022454532361895767 -0.0075256083825680125 0.011575996330254511
leaf_weight=3.8046832713298526 3.98759609891568 6.9417153383838004 13.436700501944868 3.3067822393495589
leaf_count=212 592 647 3241 132
internal_value=0.00188444 -0.00162739 -0.00455368 0.0078362
internal_weight=31.4775 24.366 20.3784 7.11147
internal_count=4824 4480 3888 344
is_linear=0
shrinkage=0.03


Tree=118
num_leaves=5
num_cat=0
split_feature=3 3 13 6
split_gain=1.0851 1.38159 0.601891 0.504879
threshold=-0.012370752195648788 0.019892548047571856 0.41444932104472332 0.47379408856170457
decision_type=2 2 2 2
left_child=3 2 -2 -1
right_child=1 -3 -4 -5
leaf_value=0.0081383511845908134 0.0023096422559522899 0.0045265037684840545 -0.0086313538389356029 -0.0021175277009263037
leaf_weight=10.831729512894528 1.2845233556581686 8.0201522662537155 10.241966007510198 1.0639567397302006
leaf_count=870 123 760 2909 162
internal_value=0.00190683 -0.00227045 -0.00690556 0.0066729
internal_weight=31.4423 19.5466 11.5265 11.8957
internal_count=4824 3792 3032 1032
is_linear=0
shrinkage=0.03


Tree=119
num_leaves=5
num_cat=0
split_feature=9 8 14 11
split_gain=1.07193 1.26508 0.69685 0.299444
threshold=0.15830446614482338 -0.065313498828342517 0.84206546637033275 0.78694864852574897
decision_type=2 2 2 2
left_child=1 3 -3 -1
right_child=-2 2 -4 -5
leaf_value=0.0074356419316371604 0.0078097562659499532 0.0025986276410844269 -0.0069088464446451919 -0.0013268033414628134
leaf_weight=4.0179603783180999 6.8511771829798809 3.5714987714309272 15.814970978419295 1.1925754350377245
leaf_count=474 628 231 3330 161
internal_value=0.00187949 -0.00155222 -0.00486906 0.00587633
internal_weight=31.4482 24.597 19.3865 5.21054
internal_count=4824 4196 3561 635
is_linear=0
shrinkage=0.03


Tree=120
num_leaves=5
num_cat=0
split_feature=1 2 2 9
split_gain=1.06405 1.78709 1.3215 1.00099
threshold=0.0061336299963365435 1.0000000180025095e-35 0.89818278385790107 0.24388997092070247
decision_type=2 2 2 2
left_child=1 -1 3 -2
right_child=2 -3 -4 -5
leaf_value=0.0090011813838178061 -0.0097398548334168954 -0.0054212693757713926 0.0054548222358881413 0.0037889654058679365
leaf_weight=15.379506822442641 9.2140393645968253 3.4146434968570238 2.6850227486575013 0.73030391917564053
leaf_count=827 2601 855 480 61
internal_value=0.00189338 0.00540808 -0.0034155 -0.0073447
internal_weight=31.4235 18.7942 12.6294 9.94434
internal_count=4824 1682 3142 2662
is_linear=0
shrinkage=0.03


Tree=121
num_leaves=5
num_cat=0
split_feature=4 4 6 13
split_gain=1.03253 1.59801 0.600855 0.561178
threshold=-0.019479714078815654 0.018324592319434289 -0.15181075478599901 0.86138049849687037
decision_type=2 2 2 2
left_child=2 3 -1 -2
right_child=1 -3 -4 -5
leaf_value=0.009183512007619913 0.0023506545602024935 0.0043998462301517412 -0.0015799410146735829 -0.008992761373018068
leaf_weight=7.3053539260290563 0.54695255763363348 10.867958749877287 2.8864974449388701 9.815392642747609
leaf_count=403 111 1078 277 2955
internal_value=0.00185835 -0.00197203 0.00686237 -0.00753365
internal_weight=31.4222 21.2303 10.1919 10.3623
internal_count=4824 4144 680 3066
is_linear=0
shrinkage=0.03


Tree=122
num_leaves=5
num_cat=0
split_feature=9 8 14 11
split_gain=1.03387 1.23489 0.663348 0.29561
threshold=0.15830446614482338 -0.065313498828342517 0.84206546637033275 0.78694864852574897
decision_type=2 2 2 2
left_child=1 3 -3 -1
right_child=-2 2 -4 -5
leaf_value=0.0073474057323770449 0.0076535911777903158 0.0024930555034208511 -0.006815395894100418 -0.0013294879219615627
leaf_weight=4.0369498741347405 6.8914668867364517 3.5936963801505071 15.702073778142219 1.1910773072158916
leaf_count=474 628 231 3330 161
internal_value=0.00184128 -0.00153585 -0.00482254 0.00579568
internal_weight=31.4153 24.5238 19.2958 5.22803
internal_count=4824 4196 3561 635
is_linear=0
shrinkage=0.03


Tree=123
num_leaves=5
num_cat=0
split_feature=3 2 1 1
split_gain=1.00103 1.08922 1.19516 1.00322
threshold=-0.027464486008460066 -0.17907884123612466 0.036232766546415614 0.017413638536330937
decision_type=2 2 2 2
left_child=-1 3 -3 -2
right_child=1 2 -4 -5
leaf_value=0.0074858936405400381 0.0061707504314410244 -0.0096466890202892876 0.0041583707485684388 -0.0049324904990005478
leaf_weight=7.2040141664911088 12.082083593122663 8.2514025004347733 1.5975931999273605 2.2561810085317129
leaf_count=344 998 2496 257 729
internal_value=0.00185446 -0.00152188 -0.00644055 0.00311483
internal_weight=31.3913 24.1873 9.849 14.3383
internal_count=4824 4480 2753 1727
is_linear=0
shrinkage=0.03


Tree=124
num_leaves=5
num_cat=0
split_feature=9 8 14 2
split_gain=0.996568 1.20421 0.639278 0.292674
threshold=0.15830446614482338 -0.065313498828342517 0.84206546637033275 -0.25079192094958441
decision_type=2 2 2 2
left_child=1 3 -3 -1
right_child=-2 2 -4 -5
leaf_value=0.0077359582618291792 0.0075152657386907537 0.0024288143901435438 -0.0067227039226299967 -0.00081226299588992316
leaf_weight=2.6079287317115813 6.9317632258171207 3.6085337492404532 15.608797548455184 2.6399108394980493
leaf_count=199 628 231 3330 436
internal_value=0.00182155 -0.00150414 -0.00476114 0.00572327
internal_weight=31.3969 24.4652 19.2173 5.24784
internal_count=4824 4196 3561 635
is_linear=0
shrinkage=0.03


Tree=125
num_leaves=5
num_cat=0
split_feature=1 10 2 5
split_gain=0.963056 1.11972 1.02665 0.726745
threshold=0.0010076483176204578 0.75276171564627792 1.0000000180025095e-35 0.53569861078805048
decision_type=2 2 2 2
left_child=2 -2 3 -1
right_child=1 -3 -4 -5
leaf_value=0.01112880322603778 -0.0057322080656760947 0.0052251850318152443 -0.0034904773065889522 -0.0013286481081559538
leaf_weight=8.2050241157412547 13.98599336622283 3.742637545336037 2.4681469606002784 2.9621102856472126
leaf_count=324 3115 682 537 166
internal_value=0.00184154 -0.00236885 0.00600197 0.00875782
internal_weight=31.3639 17.7286 13.6353 11.1671
internal_count=4824 3797 1027 490
is_linear=0
shrinkage=0.03


Tree=126
num_leaves=5
num_cat=0
split_feature=9 8 14 11
split_gain=0.950597 1.17619 0.614286 0.291892
threshold=0.15830446614482338 -0.065313498828342517 0.84206546637033275 0.78694864852574897
decision_type=2 2 2 2
left_child=1 3 -3 -1
right_child=-2 2 -4 -5
leaf_value=0.0072309742234239653 0.0073720236923028115 0.0023709096816663458 -0.0066078993855141141 -0.0013397946348463351
leaf_weight=4.0634849134367022 6.9738770379917687 3.6195402041776132 15.500903542735612 1.1916536347707731
leaf_count=474 628 231 3330 161
internal_value=0.00182864 -0.00144051 -0.0046777 0.00568321
internal_weight=31.3495 24.3756 19.1204 5.25514
internal_count=4824 4196 3561 635
is_linear=0
shrinkage=0.03


Tree=127
num_leaves=5
num_cat=0
split_feature=3 8 9 13
split_gain=0.932435 1.04125 0.859488 0.803104
threshold=-0.027464486008460066 -0.065313498828342517 0.095185298215556061 0.86138049849687037
decision_type=2 2 2 2
left_child=2 -2 -1 -3
right_child=1 3 -4 -5
leaf_value=-0.001675844507884595 0.0056853049258008149 0.0021906485886717545 0.011067912985097794 -0.0071981217020005671
leaf_weight=3.8531374977901605 4.0410105077317047 6.9447952389018601 3.4103440397884697 13.078007802600039
leaf_count=212 592 647 132 3241
internal_value=0.0018399 -0.00144349 0.00725281 -0.00429667
internal_weight=31.3273 24.0638 7.26348 20.0228
internal_count=4824 4480 344 3888
is_linear=0
shrinkage=0.03


Tree=128
num_leaves=5
num_cat=0
split_feature=3 3 6 13
split_gain=0.920655 1.36825 0.744587 0.641002
threshold=-0.0085069411665204004 0.019892548047571856 -1.0000000180025095e-35 0.64806705228651318
decision_type=2 2 2 2
left_child=2 3 -1 -2
right_child=1 -3 -4 -5
leaf_value=0.0084808332776243698 0.0020668017797157686 0.0043971418183520903 -0.0021785110772834103 -0.0093072383253770957
leaf_weight=9.9484848149586451 1.8288959546480343 8.0456316233612579 3.5666468605631989 7.9063233974156901
leaf_count=883 210 760 493 2478
internal_value=0.00185886 -0.00226275 0.00593765 -0.00720592
internal_weight=31.296 17.7809 13.5151 9.73522
internal_count=4824 3448 1376 2688
is_linear=0
shrinkage=0.03


Tree=129
num_leaves=5
num_cat=0
split_feature=1 2 2 1
split_gain=0.905632 1.62969 1.26811 1.47211
threshold=0.0061336299963365435 1.0000000180025095e-35 0.35271809902738477 0.031667305047434043
decision_type=2 2 2 2
left_child=1 -1 -2 -4
right_child=2 -3 3 -5
leaf_value=0.008452031972704329 -0.0076706795985461863 -0.0052867256489764298 -0.0049256309359902127 0.010462636856497986
leaf_weight=15.575351179577416 7.8764577551628445 3.3436818396439767 2.3126350020756945 2.1989095417084172
leaf_count=827 2168 855 735 239
internal_value=0.00182729 0.00503541 -0.0031329 0.004616
internal_weight=31.307 18.919 12.388 4.51154
internal_count=4824 1682 3142 974
is_linear=0
shrinkage=0.03


Tree=130
num_leaves=5
num_cat=0
split_feature=9 8 14 2
split_gain=0.906582 1.13015 0.584702 0.289819
threshold=0.15830446614482338 -0.065313498828342517 0.84206546637033275 -0.25079192094958441
decision_type=2 2 2 2
left_child=1 3 -3 -1
right_child=-2 2 -4 -5
leaf_value=0.0075613997958527118 0.0071797142417514368 0.0022870325208802439 -0.0064946934611943494 -0.0008473318313745998
leaf_weight=2.6424385176505893 7.0226358169456935 3.6356488189194378 15.370664216810836 2.6500568883493605
leaf_count=199 628 231 3330 436
internal_value=0.00177883 -0.00142028 -0.00460553 0.00555016
internal_weight=31.3214 24.2988 19.0063 5.2925
internal_count=4824 4196 3561 635
is_linear=0
shrinkage=0.03


Tree=131
num_leaves=5
num_cat=0
split_feature=3 8 9 13
split_gain=0.8724 1.00821 0.856566 0.758497
threshold=-0.027464486008460066 -0.065313498828342517 0.095185298215556061 0.86138049849687037
decision_type=2 2 2 2
left_child=2 -2 -1 -3
right_child=1 3 -4 -5
leaf_value=-0.0017535521692258159 0.0056027409736520341 0.002094968363569461 0.010837855486273355 -0.0070516155180454197
leaf_weight=3.8687826243694898 4.061453480506322 6.9736205870285621 3.4577911954838783 12.928708957682828
leaf_count=212 592 647 132 3241
internal_value=0.00179682 -0.00139391 0.00701431 -0.00421791
internal_weight=31.2904 23.9638 7.32657 19.9023
internal_count=4824 4480 344 3888
is_linear=0
shrinkage=0.03


Tree=132
num_leaves=5
num_cat=0
split_feature=3 3 6 6
split_gain=0.864069 1.30835 0.73474 0.715881
threshold=-0.0085069411665204004 0.013220836656906019 0.14966063348416145 -1.0000000180025095e-35
decision_type=2 2 2 2
left_child=3 -2 -3 -1
right_child=1 2 -4 -5
leaf_value=0.0082438699567091607 -0.0077935607230970212 -0.0035369744006018564 0.0065415468452834063 -0.0021707216725734614
leaf_weight=10.020605337223968 7.2296959630912196 2.4716381251346302 7.9835334827657789 3.554847631603482
leaf_count=883 2232 454 762 493
internal_value=0.0018146 -0.00219443 0.0035946 0.00575274
internal_weight=31.2603 17.6849 10.4552 13.5755
internal_count=4824 3448 1216 1376
is_linear=0
shrinkage=0.03


Tree=133
num_leaves=5
num_cat=0
split_feature=9 8 1 2
split_gain=0.860654 1.08518 0.568577 0.288701
threshold=0.15830446614482338 -0.065313498828342517 0.0010076483176204578 -0.25079192094958441
decision_type=2 2 2 2
left_child=1 3 -3 -1
right_child=-2 2 -4 -5
leaf_value=0.0074573360793484759 0.0070141283948103022 0.0010518140557768366 -0.0072192910828418203 -0.00087129118150060312
leaf_weight=2.6656925326678902 7.0698301907395935 8.2100756230065617 10.682516555942128 2.6586011036997723
leaf_count=199 628 736 2825 436
internal_value=0.00176797 -0.00136589 -0.00450494 0.00544384
internal_weight=31.2867 24.2169 18.8926 5.32429
internal_count=4824 4196 3561 635
is_linear=0
shrinkage=0.03


Tree=134
num_leaves=5
num_cat=0
split_feature=10 7 3 2
split_gain=0.846428 1.19245 0.977675 0.486456
threshold=0.71957910297739669 -0.039310417179448463 0.019892548047571856 -1.0000000180025095e-35
decision_type=2 2 2 2
left_child=1 3 -3 -1
right_child=-2 2 -4 -5
leaf_value=0.0074412821300817436 0.0066349206089128055 -0.0082954232550574124 0.0027560870500572742 -0.0022165496177597474
leaf_weight=4.9716744978213683 8.5168980421731231 11.328093145217283 4.9445274077588683 1.5080911874538347
leaf_count=281 1121 2657 475 290
internal_value=0.00176938 -0.00152163 -0.00516649 0.00521246
internal_weight=31.2693 22.7524 16.2726 6.47977
internal_count=4824 3703 3132 571
is_linear=0
shrinkage=0.03


Tree=135
num_leaves=5
num_cat=0
split_feature=4 4 6 13
split_gain=0.835126 1.42863 0.553189 0.539846
threshold=-0.019479714078815654 0.018324592319434289 -0.15181075478599901 0.86138049849687037
decision_type=2 2 2 2
left_child=2 3 -1 -2
right_child=1 -3 -4 -5
leaf_value=0.0084499391944399017 0.002378487881137285 0.0042139679529729374 -0.0016485721418639438 -0.0085903028131765879
leaf_weight=7.4894065593834966 0.53835925436578946 10.907165025360881 2.8853264991194028 9.4404618036351149
leaf_count=403 111 1078 277 2955
internal_value=0.00176221 -0.00174293 0.00621073 -0.00710423
internal_weight=31.2607 20.886 10.3747 9.97882
internal_count=4824 4144 680 3066
is_linear=0
shrinkage=0.03


Tree=136
num_leaves=5
num_cat=0
split_feature=3 3 6 6
split_gain=0.827762 1.2314 0.712732 0.680565
threshold=-0.0085069411665204004 0.013220836656906019 0.14966063348416145 -1.0000000180025095e-35
decision_type=2 2 2 2
left_child=3 -2 -3 -1
right_child=1 2 -4 -5
leaf_value=0.0080145567936204289 -0.0076338154961342946 -0.0035373933493089166 0.0063490555268674621 -0.0021309997558267924
leaf_weight=10.088542593934106 7.1161169313127202 2.4699447987368321 8.0450514432741311 3.5354400913347517
leaf_count=883 2232 454 762 493
internal_value=0.00174411 -0.00217882 0.00343446 0.00559418
internal_weight=31.2551 17.6311 10.515 13.624
internal_count=4824 3448 1216 1376
is_linear=0
shrinkage=0.03


Tree=137
num_leaves=5
num_cat=0
split_feature=10 7 3 2
split_gain=0.822002 1.14214 0.932762 0.469797
threshold=0.71957910297739669 -0.039310417179448463 0.019892548047571856 -1.0000000180025095e-35
decision_type=2 2 2 2
left_child=1 3 -3 -1
right_child=-2 2 -4 -5
leaf_value=0.0072474025570352721 0.0064872890268235879 -0.0081753571110471466 0.0026470714504440783 -0.0022043004229343795
leaf_weight=5.0162267652340233 8.5660774825955723 11.218117446405815 4.9775694160489357 1.5028321433346779
leaf_count=281 1121 2657 475 290
internal_value=0.00169806 -0.00153894 -0.00510844 0.00505313
internal_weight=31.2808 22.7147 16.1957 6.51906
internal_count=4824 3703 3132 571
is_linear=0
shrinkage=0.03


Tree=138
num_leaves=5
num_cat=0
split_feature=9 8 14 11
split_gain=0.808092 1.05596 0.544833 0.290639
threshold=0.15830446614482338 -0.065313498828342517 0.84206546637033275 0.78694864852574897
decision_type=2 2 2 2
left_child=1 3 -3 -1
right_child=-2 2 -4 -5
leaf_value=0.0069365374269549319 0.0067589545537840223 0.0021958234741476955 -0.0062949804791085015 -0.0014106685230724978
leaf_weight=4.133705592597841 7.1409622674109405 3.6479949388885897 15.142916547367347 1.2068174030864609
leaf_count=474 628 231 3330 161
internal_value=0.0016907 -0.00134995 -0.00445646 0.0053603
internal_weight=31.2724 24.1314 18.7909 5.34052
internal_count=4824 4196 3561 635
is_linear=0
shrinkage=0.03


Tree=139
num_leaves=5
num_cat=0
split_feature=3 8 9 13
split_gain=0.790353 0.954997 0.853078 0.691469
threshold=-0.027464486008460066 -0.065313498828342517 0.095185298215556061 0.86138049849687037
decision_type=2 2 2 2
left_child=2 -2 -1 -3
right_child=1 3 -4 -5
leaf_value=-0.0018800395937089457 0.0054397621591096099 0.0019357971948356645 0.010486008070645836 -0.0068397145179151667
leaf_weight=3.8934327666647759 4.1052289914805504 7.018652537604793 3.5296457991935313 12.705164371116551
leaf_count=212 592 647 132 3241
internal_value=0.0017 -0.00134864 0.00664359 -0.0041163
internal_weight=31.2521 23.829 7.42308 19.7238
internal_count=4824 4480 344 3888
is_linear=0
shrinkage=0.03


Tree=140
num_leaves=5
num_cat=0
split_feature=3 3 6 6
split_gain=0.782902 1.17851 0.695349 0.660275
threshold=-0.0085069411665204004 0.013220836656906019 0.14966063348416145 -1.0000000180025095e-35
decision_type=2 2 2 2
left_child=3 -2 -3 -1
right_child=1 2 -4 -5
leaf_value=0.0078328220827645449 -0.0074807219701413658 -0.0035145246106195022 0.0062389808315854531 -0.0021279639072832317
leaf_weight=10.14423162920866 7.0106308871181708 2.4601290281862012 8.0799377941293624 3.5287615422275875
leaf_count=883 2232 454 762 493
internal_value=0.00171636 -0.00211402 0.00335972 0.00544914
internal_weight=31.2237 17.5507 10.5401 13.673
internal_count=4824 3448 1216 1376
is_linear=0
shrinkage=0.03


Tree=141
num_leaves=5
num_cat=0
split_feature=10 7 3 2
split_gain=0.775484 1.08928 0.899668 0.455842
threshold=0.71957910297739669 -0.039310417179448463 0.019892548047571856 -1.0000000180025095e-35
decision_type=2 2 2 2
left_child=1 3 -3 -1
right_child=-2 2 -4 -5
leaf_value=0.007096604092546796 0.0063059264380878775 -0.008024739540463224 0.0026044286268148823 -0.0021891402991206974
leaf_weight=5.0482087836135179 8.6277967813075502 11.087943580583671 4.9889042542781672 1.4965058835223377
leaf_count=281 1121 2657 475 290
internal_value=0.00167037 -0.00148871 -0.00499246 0.00493352
internal_weight=31.2494 22.6216 16.0768 6.54471
internal_count=4824 3703 3132 571
is_linear=0
shrinkage=0.03


Tree=142
num_leaves=5
num_cat=0
split_feature=3 3 6 12
split_gain=0.76056 1.13443 0.639974 0.498092
threshold=-0.0085069411665204004 0.026394836269631388 -1.0000000180025095e-35 -0.37371007225391173
decision_type=2 2 2 2
left_child=2 -2 3 -1
right_child=1 -3 -4 -5
leaf_value=0.0091990969601668075 -0.0061323738983696217 0.0045762386873601183 -0.0021096808833952836 -0.0017364650453945316
leaf_weight=8.9814900170313177 11.458223300927786 6.0678416878217822 3.5204256330616799 1.2135617713211093
leaf_count=664 2992 456 493 219
internal_value=0.00166233 -0.00210926 0.005339 0.00768211
internal_weight=31.2415 17.5261 13.7155 10.1951
internal_count=4824 3448 1376 883
is_linear=0
shrinkage=0.03


Tree=143
num_leaves=5
num_cat=0
split_feature=9 8 14 11
split_gain=0.752099 1.00539 0.51411 0.28715
threshold=0.15830446614482338 -0.065313498828342517 0.84206546637033275 0.78694864852574897
decision_type=2 2 2 2
left_child=1 3 -3 -1
right_child=-2 2 -4 -5
leaf_value=0.0067997761766362018 0.0065120498933045048 0.0021152132755976596 -0.0061487031982088384 -0.0014287150661448375
leaf_weight=4.169284967472783 7.2084822972537941 3.6622500623343539 14.991780392418148 1.2103279337752608
leaf_count=474 628 231 3330 161
internal_value=0.00163972 -0.00130567 -0.00435431 0.00522325
internal_weight=31.2421 24.0336 18.654 5.37961
internal_count=4824 4196 3561 635
is_linear=0
shrinkage=0.03


Tree=144
num_leaves=5
num_cat=0
split_feature=10 7 3 2
split_gain=0.741713 1.03507 0.876473 0.442676
threshold=0.71957910297739669 -0.039310417179448463 0.019892548047571856 -1.0000000180025095e-35
decision_type=2 2 2 2
left_child=1 3 -3 -1
right_child=-2 2 -4 -5
leaf_value=0.0069327644190549124 0.0061696212399029692 -0.0078939724550424438 0.0025892463385083528 -0.0021815221741789946
leaf_weight=5.0845846480224282 8.6748175310785864 10.978108921088277 4.992109746322968 1.4931225273758215
leaf_count=281 1121 2657 475 290
internal_value=0.00164811 -0.00145253 -0.00488184 0.00479592
internal_weight=31.2227 22.5479 15.9702 6.57771
internal_count=4824 3703 3132 571
is_linear=0
shrinkage=0.03


Tree=145
num_leaves=5
num_cat=0
split_feature=3 8 9 13
split_gain=0.724663 0.912849 0.845643 0.656323
threshold=-0.027464486008460066 -0.065313498828342517 0.095185298215556061 0.86138049849687037
decision_type=2 2 2 2
left_child=2 -2 -1 -3
right_child=1 3 -4 -5
leaf_value=-0.0019699639750677075 0.0053216626464511864 0.0018753456528592157 0.010199621091135126 -0.0066873789207686678
leaf_weight=3.9107758691534427 4.1377754979766967 7.0294540073955423 3.5884383234661072 12.54905134468572
leaf_count=212 592 647 132 3241
internal_value=0.00163947 -0.00129378 0.00635418 -0.00401839
internal_weight=31.2155 23.7163 7.49921 19.5785
internal_count=4824 4480 344 3888
is_linear=0
shrinkage=0.03


Tree=146
num_leaves=5
num_cat=0
split_feature=3 4 6 13
split_gain=0.711415 1.10317 0.620833 0.565547
threshold=-0.0085069411665204004 0.018324592319434289 -1.0000000180025095e-35 0.86138049849687037
decision_type=2 2 2 2
left_child=2 3 -1 -2
right_child=1 -3 -4 -5
leaf_value=0.0075046641701888225 0.0024052529947876976 0.0032464109164178517 -0.002107346959504553 -0.0090521057632713172
leaf_weight=10.246106227510607 0.53051511663943784 10.601307712029664 3.514042884809899 6.2963199514779262
leaf_count=883 111 1060 493 2277
internal_value=0.0016547 -0.00201644 0.00519616 -0.00726146
internal_weight=31.1883 17.4281 13.7601 6.82684
internal_count=4824 3448 1376 2388
is_linear=0
shrinkage=0.03


Tree=147
num_leaves=5
num_cat=0
split_feature=10 7 3 2
split_gain=0.706361 1.00027 0.847223 0.430105
threshold=0.71957910297739669 -0.039310417179448463 0.019892548047571856 -1.0000000180025095e-35
decision_type=2 2 2 2
left_child=1 3 -3 -1
right_child=-2 2 -4 -5
leaf_value=0.0068191946396909398 0.0060189596927525246 -0.0077757097341026498 0.002537887327305565 -0.002158264393172054
leaf_weight=5.1078985480125993 8.727423941541927 10.878927828744052 5.0065429048845553 1.4837837911909488
leaf_count=281 1121 2657 475 290
internal_value=0.00161862 -0.00141715 -0.00480051 0.00471554
internal_weight=31.2046 22.4772 15.8855 6.59168
internal_count=4824 3703 3132 571
is_linear=0
shrinkage=0.03


Tree=148
num_leaves=5
num_cat=0
split_feature=9 8 14 2
split_gain=0.695229 0.953654 0.49463 0.285839
threshold=0.15830446614482338 -0.065313498828342517 0.84206546637033275 -0.25079192094958441
decision_type=2 2 2 2
left_child=1 3 -3 -1
right_child=-2 2 -4 -5
leaf_value=0.0071211429334141737 0.0062753578015741314 0.0020907401791040343 -0.0060048865513142738 -0.00095700621924608325
leaf_weight=2.7335252779303119 7.2735554215032598 3.6622337636072215 14.84443676099181 2.6839178790105569
leaf_count=199 628 231 3330 436
internal_value=0.00160962 -0.00124057 -0.00423143 0.00509414
internal_weight=31.1977 23.9241 18.5067 5.41744
internal_count=4824 4196 3561 635
is_linear=0
shrinkage=0.03


Tree=149
num_leaves=5
num_cat=0
split_feature=3 2 1 1
split_gain=0.679755 0.889895 1.14809 0.846076
threshold=-0.027464486008460066 -0.17907884123612466 0.036232766546415614 0.017413638536330937
decision_type=2 2 2 2
left_child=-1 3 -3 -2
right_child=1 2 -4 -5
leaf_value=0.0061757517081684529 0.005662713270161138 -0.0090886258140247412 0.0042967284359546288 -0.0045773133829842706
leaf_weight=7.5459087609779116 12.209024823503571 7.7730164217646198 1.5501568565377963 2.0918172857491308
leaf_count=344 998 2496 257 729
internal_value=0.00162425 -0.00123391 -0.0057912 0.00289765
internal_weight=31.1699 23.624 9.32317 14.3008
internal_count=4824 4480 2753 1727
is_linear=0
shrinkage=0.03


Tree=150
num_leaves=5
num_cat=0
split_feature=10 1 2 2
split_gain=0.675916 1.12822 1.40262 0.556658
threshold=0.75276171564627792 0.0061336299963365435 1.0000000180025095e-35 0.89818278385790107
decision_type=2 2 2 2
left_child=1 2 -1 -3
right_child=-2 3 -4 -5
leaf_value=0.0070233510644979727 0.0061533325384855227 -0.0085234414744079171 -0.005974169974863365 0.0019418188810509998
leaf_weight=12.156797663308685 7.4556496245204462 7.2194913090206665 2.3719071137602432 1.9704539030790327
leaf_count=604 960 2211 653 396
internal_value=0.00159295 -0.00124032 0.00333092 -0.00643696
internal_weight=31.1743 23.7186 14.5287 9.18995
internal_count=4824 3864 1257 2607
is_linear=0
shrinkage=0.03


Tree=151
num_leaves=5
num_cat=0
split_feature=9 8 14 11
split_gain=0.667838 0.937056 0.471627 0.285709
threshold=0.15830446614482338 -0.065313498828342517 0.84206546637033275 0.73731190253997503
decision_type=2 2 2 2
left_child=1 3 -3 -1
right_child=-2 2 -4 -5
leaf_value=0.0067708173906655235 0.0061151733409518134 0.0019994804390188149 -0.0059409823727246819 -0.0012957406837389568
leaf_weight=3.7150825212011176 7.3157524359412482 3.6806983026908737 14.76717031263979 1.7102346221217883
leaf_count=423 628 231 3330 212
internal_value=0.00154873 -0.00124282 -0.00421076 0.00503645
internal_weight=31.1889 23.8732 18.4479 5.42532
internal_count=4824 4196 3561 635
is_linear=0
shrinkage=0.03


Tree=152
num_leaves=5
num_cat=0
split_feature=10 1 2 2
split_gain=0.656079 1.08666 1.37171 0.548291
threshold=0.75276171564627792 0.0061336299963365435 1.0000000180025095e-35 0.89818278385790107
decision_type=2 2 2 2
left_child=1 2 -1 -3
right_child=-2 3 -4 -5
leaf_value=0.0069021005400683334 0.0060444304611303439 -0.0084290920057034976 -0.0059422835138686738 0.0019392577747161725
leaf_weight=12.196373484097426 7.4935466164024538 7.1510680789360759 2.3566078244475639 1.9710120811359955
leaf_count=604 960 2211 653 396
internal_value=0.00155848 -0.00123468 0.0032491 -0.00634623
internal_weight=31.1686 23.6751 14.553 9.12208
internal_count=4824 3864 1257 2607
is_linear=0
shrinkage=0.03


Tree=153
num_leaves=5
num_cat=0
split_feature=3 3 6 6
split_gain=0.652238 1.03206 0.651028 0.587669
threshold=-0.0085069411665204004 0.013220836656906019 0.14966063348416145 -1.0000000180025095e-35
decision_type=2 2 2 2
left_child=3 -2 -3 -1
right_child=1 2 -4 -5
leaf_value=0.0071537062789070443 -0.0070815628963310593 -0.0034830892398965648 0.0059049997997036646 -0.0021211767011178862
leaf_weight=10.341415098984724 6.7291417301748906 2.4388206716394043 8.1701952267903817 3.5035602556308758
leaf_count=883 2232 454 762 493
internal_value=0.00151455 -0.00199351 0.00310396 0.00490137
internal_weight=31.1831 17.3382 10.609 13.845
internal_count=4824 3448 1216 1376
is_linear=0
shrinkage=0.03


Tree=154
num_leaves=5
num_cat=0
split_feature=10 1 2 2
split_gain=0.648014 1.03811 1.32623 0.535107
threshold=0.75276171564627792 0.0061336299963365435 1.0000000180025095e-35 0.89818278385790107
decision_type=2 2 2 2
left_child=1 2 -1 -3
right_child=-2 3 -4 -5
leaf_value=0.0067054646993976201 0.0059299443117222916 -0.0083466173157814207 -0.0059039882150576217 0.0019065454037825089
leaf_weight=12.26400256203488 7.5320488110883153 7.0907842277083528 2.3383690208429462 1.9813945102505384
leaf_count=604 960 2211 653 396
internal_value=0.00147068 -0.00128769 0.00310722 -0.00628178
internal_weight=31.2066 23.6746 14.6024 9.07218
internal_count=4824 3864 1257 2607
is_linear=0
shrinkage=0.03


Tree=155
num_leaves=5
num_cat=0
split_feature=9 8 14 3
split_gain=0.641002 0.918966 0.444752 0.297398
threshold=0.15830446614482338 -0.065313498828342517 0.84206546637033275 -0.036969678887451972
decision_type=2 2 2 2
left_child=1 -1 -3 -2
right_child=3 2 -4 -5
leaf_value=0.0049394685494177975 0.0084429832512668956 0.0018739794899338984 -0.005896473629095669 -5.4093219391708283e-05
leaf_weight=5.4459326590877088 2.2367540011182427 3.70488053839654 14.695699789095668 5.1370330021018153
leaf_count=635 60 231 3330 568
internal_value=0.00142783 -0.00128936 -0.00422297 0.00589946
internal_weight=31.2203 23.8465 18.4006 7.37379
internal_count=4824 4196 3561 628
is_linear=0
shrinkage=0.03


Tree=156
num_leaves=5
num_cat=0
split_feature=10 1 2 2
split_gain=0.630344 0.999896 1.29763 0.526996
threshold=0.75276171564627792 0.0061336299963365435 1.0000000180025095e-35 0.89818278385790107
decision_type=2 2 2 2
left_child=1 2 -1 -3
right_child=-2 3 -4 -5
leaf_value=0.0065970279499017112 0.0058448162885432154 -0.0082482111441482993 -0.005869664852653762 0.0019062365544225263
leaf_weight=12.298573926556861 7.5616905045462763 7.0205644450033997 2.3220084329368538 1.9811775291454976
leaf_count=604 960 2211 653 396
internal_value=0.00145379 -0.00127213 0.00303723 -0.00618629
internal_weight=31.184 23.6223 14.6206 9.00174
internal_count=4824 3864 1257 2607
is_linear=0
shrinkage=0.03


Tree=157
num_leaves=5
num_cat=0
split_feature=9 8 14 3
split_gain=0.62464 0.895451 0.429109 0.296739
threshold=0.15830446614482338 -0.065313498828342517 0.84206546637033275 -0.036969678887451972
decision_type=2 2 2 2
left_child=1 -1 -3 -2
right_child=3 2 -4 -5
leaf_value=0.0048672576324414176 0.0083597695308980924 0.0018243044566257369 -0.0058232763675799704 -7.8237064362515741e-05
leaf_weight=5.465400568675256 2.2515522046014667 3.7143712708493721 14.624974795558954 5.141518678283318
leaf_count=635 60 231 3330 568
internal_value=0.00141102 -0.00127511 -0.00417719 0.00582045
internal_weight=31.1978 23.8047 18.3393 7.39307
internal_count=4824 4196 3561 628
is_linear=0
shrinkage=0.03


Tree=158
num_leaves=5
num_cat=0
split_feature=10 1 2 2
split_gain=0.613261 0.963049 1.26978 0.519015
threshold=0.75276171564627792 0.0061336299963365435 1.0000000180025095e-35 0.89818278385790107
decision_type=2 2 2 2
left_child=1 2 -1 -3
right_child=-2 3 -4 -5
leaf_value=0.0064905066862063392 0.0057607332147328431 -0.0081512905443001885 -0.0058358083383050824 0.0019057294932288171
leaf_weight=12.332371937111025 7.5909718481125301 6.9519038959406299 2.3059045209083697 1.9810231357696464
leaf_count=604 960 2211 653 396
internal_value=0.00143635 -0.00125744 0.00296829 -0.00609242
internal_weight=31.1622 23.5712 14.6383 8.93293
internal_count=4824 3864 1257 2607
is_linear=0
shrinkage=0.03


Tree=159
num_leaves=5
num_cat=0
split_feature=9 8 14 3
split_gain=0.608803 0.872588 0.413982 0.295998
threshold=0.15830446614482338 -0.065313498828342517 0.84206546637033275 -0.036969678887451972
decision_type=2 2 2 2
left_child=1 -1 -3 -2
right_child=3 2 -4 -5
leaf_value=0.0047958903903750566 0.0082772655746178453 0.001775461629497333 -0.0057513085444792014 -0.00010197016983556007
leaf_weight=5.4845892521552804 2.2661440349183977 3.7236336818896261 14.555807144904973 5.1458864237647495
leaf_count=635 60 231 3330 568
internal_value=0.00139367 -0.00126169 -0.00413241 0.00574233
internal_weight=31.1761 23.764 18.2794 7.41203
internal_count=4824 4196 3561 628
is_linear=0
shrinkage=0.03


end of trees

feature_importances:
Column_1=132
Column_2=129
Column_3=107
Column_4=60
Column_6=45
Column_9=45
Column_8=34
Column_14=31
Column_11=24
Column_13=13
Column_10=12
Column_7=5
Column_12=2
Column_5=1

parameters:
[boosting: gbdt]
[objective: binary]
[metric: binary_logloss]
[tree_learner: serial]
[device_type: cpu]
[data_sample_strategy: bagging]
[data: ]
[valid: ]
[num_iterations: 160]
[learning_rate: 0.03]
[num_leaves: 5]
[num_threads: 4]
[seed: 20260725]
[deterministic: 1]
[force_col_wise: 1]
[force_row_wise: 0]
[histogram_pool_size: -1]
[max_depth: 3]
[min_data_in_leaf: 12]
[min_sum_hessian_in_leaf: 0.001]
[bagging_fraction: 1]
[pos_bagging_fraction: 1]
[neg_bagging_fraction: 1]
[bagging_freq: 0]
[bagging_seed: 21817]
[bagging_by_query: 0]
[feature_fraction: 1]
[feature_fraction_bynode: 1]
[feature_fraction_seed: 22070]
[extra_trees: 0]
[extra_seed: 28444]
[early_stopping_round: 0]
[early_stopping_min_delta: 0]
[first_metric_only: 0]
[max_delta_step: 0]
[lambda_l1: 0]
[lambda_l2: 10]
[linear_lambda: 0]
[min_gain_to_split: 0]
[drop_rate: 0.1]
[max_drop: 50]
[skip_drop: 0.5]
[xgboost_dart_mode: 0]
[uniform_drop: 0]
[drop_seed: 12683]
[top_rate: 0.2]
[other_rate: 0.1]
[min_data_per_group: 100]
[max_cat_threshold: 32]
[cat_l2: 10]
[cat_smooth: 10]
[max_cat_to_onehot: 4]
[top_k: 20]
[monotone_constraints: ]
[monotone_constraints_method: basic]
[monotone_penalty: 0]
[feature_contri: ]
[forcedsplits_filename: ]
[refit_decay_rate: 0.9]
[cegb_tradeoff: 1]
[cegb_penalty_split: 0]
[cegb_penalty_feature_lazy: ]
[cegb_penalty_feature_coupled: ]
[path_smooth: 0]
[interaction_constraints: ]
[verbosity: -1]
[saved_feature_importance_type: 0]
[use_quantized_grad: 0]
[num_grad_quant_bins: 4]
[quant_train_renew_leaf: 0]
[stochastic_rounding: 1]
[linear_tree: 0]
[max_bin: 31]
[max_bin_by_feature: ]
[min_data_in_bin: 3]
[bin_construct_sample_cnt: 200000]
[data_random_seed: 4449]
[is_enable_sparse: 1]
[enable_bundle: 1]
[use_missing: 1]
[zero_as_missing: 0]
[feature_pre_filter: 1]
[pre_partition: 0]
[two_round: 0]
[header: 0]
[label_column: ]
[weight_column: ]
[group_column: ]
[ignore_column: ]
[categorical_feature: ]
[forcedbins_filename: ]
[precise_float_parser: 0]
[parser_config_file: ]
[objective_seed: 26564]
[num_class: 1]
[is_unbalance: 0]
[scale_pos_weight: 1]
[sigmoid: 1]
[boost_from_average: 1]
[reg_sqrt: 0]
[alpha: 0.9]
[fair_c: 1]
[poisson_max_delta_step: 0.7]
[tweedie_variance_power: 1.5]
[lambdarank_truncation_level: 30]
[lambdarank_norm: 1]
[label_gain: ]
[lambdarank_position_bias_regularization: 0]
[eval_at: ]
[multi_error_top_k: 1]
[auc_mu_weights: ]
[num_machines: 1]
[local_listen_port: 12400]
[time_out: 120]
[machine_list_filename: ]
[machines: ]
[gpu_platform_id: -1]
[gpu_device_id: -1]
[gpu_device_id_list: ]
[gpu_use_dp: 0]
[num_gpu: 1]

end of parameters

pandas_categorical:null
