tree
version=v4
num_class=1
num_tree_per_iteration=1
label_index=0
max_feature_idx=15
objective=binary sigmoid:1
feature_names=Column_0 Column_1 Column_2 Column_3 Column_4 Column_5 Column_6 Column_7 Column_8 Column_9 Column_10 Column_11 Column_12 Column_13 Column_14 Column_15
feature_infos=[-1:1] [0:0.049724579425338811] [-6.5644750209736094:3.5533095058261588] [-0.1594845880090473:0.12089014455228318] [-0.13498430415068019:0.15578744757213814] [-0.93675889328063244:0.93193443992065905] [-1:1] [-0.18896604476742201:0.17557939391033459] [-0.17188198443120387:0.25629281255960207] [-0.25268862277997589:0.28272454902270433] [1.2244786222748161e-06:0.93587559225027839] [1.395840977624907e-05:0.94923576809365107] [-5.3287787533837756:4.4394802752420404] [0.0087463556851232263:13.045929018789133] [0.046133567662565877:14.477208551835426] [0:1]
tree_sizes=651 676 677 678 675 676 674 675 674 676 677 676 679 680 681 685 678 686 678 682 679 686 686 680 688 681 687 676 686 676 681 686 678 682 686 678 682 677 681 681 682 682 683 686 682 686 676 687 679 689 679 689 678 682 686 682 679 688 680 687 683 684 681 683 689 682 685 684 688 682 683 689 680 686 687 682 688 681 683 689 686 684 689 689 678 687 690 687 682 684 682 683 687 683 688 688 685 681 683 684 684 683 689 682 686 689 684 687 685 685 683 685 689 685 680 687 686 685 684 689 686 679 687 687 680 679 679 678 680 680 679 680 686 680 687 684 677 687 687 681 685 688 686 684 684 684 679 683 684 680 683 682 687 689 686 686 680 685 687 682

Tree=0
num_leaves=5
num_cat=0
split_feature=11 8 14 4
split_gain=1.71828 2.1404 1.4666 0.626981
threshold=0.82687304860357047 0.04644502705269965 0.45957852215089601 -0.01455087483091083
decision_type=2 2 2 2
left_child=1 2 -1 -2
right_child=3 -3 -4 -5
leaf_value=0.71349133784039986 0.70937935633928717 0.71982537867540963 0.70028551547919105 0.69677393334150672
leaf_weight=3.4570458233356538 1.7690639644861219 5.528324879705905 9.1475349515676481 2.8747289180755606
leaf_count=33 13 51 91 21
internal_value=0.707746 0.712084 0.704847 0.699412
internal_weight=22.7767 18.1329 12.6046 4.64379
internal_count=209 175 124 34
is_linear=0
shrinkage=1


Tree=1
num_leaves=5
num_cat=0
split_feature=11 8 14 4
split_gain=1.69654 2.08634 1.43356 0.618859
threshold=0.82687304860357047 0.04644502705269965 0.45957852215089601 -0.01455087483091083
decision_type=2 2 2 2
left_child=1 2 -1 -2
right_child=3 -3 -4 -5
leaf_value=0.0057039902328928872 0.0016261477395095973 0.011968240609180102 -0.0073445423284611167 -0.010889396904607355
leaf_weight=3.4502780139446321 1.768081337213516 5.505502223968505 9.1706417948007566 2.8853902220726004
leaf_count=33 13 51 91 21
internal_value=9.66312e-06 0.00431958 -0.00283275 -0.00826954
internal_weight=22.7799 18.1264 12.6209 4.65347
internal_count=209 175 124 34
is_linear=0
shrinkage=0.03


Tree=2
num_leaves=5
num_cat=0
split_feature=11 8 14 4
split_gain=1.67508 2.03369 1.40131 0.61084
threshold=0.82687304860357047 0.04644502705269965 0.45957852215089601 -0.01455087483091083
decision_type=2 2 2 2
left_child=1 2 -1 -2
right_child=3 -3 -4 -5
leaf_value=0.0056629818684573955 0.0016189548864759882 0.011858508002108848 -0.0072304925952088629 -0.010807332417656686
leaf_weight=3.4435225352644983 1.7671015262603758 5.4826349765062323 9.1932246498763543 2.8958570361137381
leaf_count=33 13 51 91 21
internal_value=1.93854e-05 0.00430148 -0.00276745 -0.00820567
internal_weight=22.7823 18.1194 12.6367 4.66296
internal_count=209 175 124 34
is_linear=0
shrinkage=0.03


Tree=3
num_leaves=5
num_cat=0
split_feature=11 8 14 4
split_gain=1.65391 1.98241 1.36984 0.602924
threshold=0.82687304860357047 0.04644502705269965 0.45957852215089601 -0.01455087483091083
decision_type=2 2 2 2
left_child=1 2 -1 -2
right_child=3 -3 -4 -5
leaf_value=0.0056223275792226428 0.0016117971004384678 0.011750173225982168 -0.0071182834807727363 -0.010725851360307272
leaf_weight=3.4367798939347329 1.7661244869232176 5.4597326740622512 9.2152952589094621 2.9061309099197379
leaf_count=33 13 51 91 21
internal_value=2.91593e-05 0.00428363 -0.00270324 -0.00814221
internal_weight=22.7841 18.1118 12.6521 4.67226
internal_count=209 175 124 34
is_linear=0
shrinkage=0.03


Tree=4
num_leaves=5
num_cat=0
split_feature=11 8 14 4
split_gain=1.63301 1.93246 1.33912 0.59511
threshold=0.82687304860357047 0.04644502705269965 0.45957852215089601 -0.01455087483091083
decision_type=2 2 2 2
left_child=1 2 -1 -2
right_child=3 -3 -4 -5
leaf_value=0.005582024331880959 0.0016046740410289929 0.011643211715629105 -0.0070078838299505132 -0.010644955249236185
leaf_weight=3.4300507828593316 1.7651503086090086 5.4368045553565016 9.2368647418916208 2.9162126183509818
leaf_count=33 13 51 91 21
internal_value=3.89771e-05 0.00426602 -0.0026401 -0.00807917
internal_weight=22.7851 18.1037 12.6669 4.68136
internal_count=209 175 124 34
is_linear=0
shrinkage=0.03


Tree=5
num_leaves=5
num_cat=0
split_feature=11 8 14 4
split_gain=1.61238 1.88381 1.30914 0.587397
threshold=0.82687304860357047 0.04644502705269965 0.45957852215089601 -0.01455087483091083
decision_type=2 2 2 2
left_child=1 2 -1 -2
right_child=3 -3 -4 -5
leaf_value=0.0055420672013654733 0.0015975853040752276 0.011537598330076414 -0.006899259792689327 -0.010564639797925547
leaf_weight=3.4233360812068048 1.7641789913177488 5.4138596728444091 9.257944602519272 2.9261035174131385
leaf_count=33 13 51 91 21
internal_value=4.88339e-05 0.00424865 -0.00257801 -0.00801655
internal_weight=22.7854 18.0951 12.6813 4.69028
internal_count=209 175 124 34
is_linear=0
shrinkage=0.03


Tree=6
num_leaves=5
num_cat=0
split_feature=11 8 12 4
split_gain=1.59201 1.83643 1.29231 0.579783
threshold=0.82687304860357047 0.04644502705269965 -2.0630456372550827 -0.01455087483091083
decision_type=2 2 2 2
left_child=1 2 -1 -2
right_child=3 -3 -4 -5
leaf_value=0.0058092061371376917 0.0015905310103476659 0.011433310886250646 -0.00663289175393023 -0.010484905932859147
leaf_weight=2.838733077049258 1.7632104456424711 5.3909059613943091 9.8564489781856555 2.9358049631118766
leaf_count=30 13 51 94 21
internal_value=5.87229e-05 0.0042315 -0.00251696 -0.00795434
internal_weight=22.7851 18.0861 12.6952 4.69902
internal_count=209 175 124 34
is_linear=0
shrinkage=0.03


Tree=7
num_leaves=5
num_cat=0
split_feature=6 11 10 3
split_gain=1.58253 1.61548 1.09921 0.543149
threshold=-0.3765182186235127 0.49394367260136129 0.13019662423653497 0.048305428777634142
decision_type=2 2 2 2
left_child=-1 2 -2 -3
right_child=1 3 -4 -5
leaf_value=0.006935220378327096 -0.0051855407472241157 -0.011654560669071326 0.0076742410835291489 0.0011329408404823914
leaf_weight=7.6682111546397236 1.1463542692363251 6.7431625053286535 5.5844916515052319 1.6441325694322584
leaf_count=66 12 59 63 9
internal_value=7.28998e-05 -0.00478311 0.00369373 -0.00989499
internal_weight=22.7864 15.1181 6.73085 8.3873
internal_count=209 143 75 68
is_linear=0
shrinkage=0.03


Tree=8
num_leaves=5
num_cat=0
split_feature=11 8 12 4
split_gain=1.54788 1.79568 1.26202 0.565771
threshold=0.82687304860357047 0.04644502705269965 -2.0630456372550827 -0.01455087483091083
decision_type=2 2 2 2
left_child=1 2 -1 -2
right_child=3 -3 -4 -5
leaf_value=0.0057449514586093327 0.0015786031952433922 0.01131100069414705 -0.0065517419950911898 -0.010332584880301355
leaf_weight=2.8286953233182457 1.7615391835570333 5.3635348975658408 9.8723337426781672 2.9539931267499915
leaf_count=30 13 51 94 21
internal_value=6.09319e-05 0.00417889 -0.00248879 -0.007834
internal_weight=22.7801 18.0646 12.701 4.71553
internal_count=209 175 124 34
is_linear=0
shrinkage=0.03


Tree=9
num_leaves=5
num_cat=0
split_feature=6 11 10 7
split_gain=1.54057 1.55849 1.07819 0.539458
threshold=-0.3765182186235127 0.49394367260136129 0.13019662423653497 -0.045326364640181742
decision_type=2 2 2 2
left_child=3 2 -2 -1
right_child=1 -3 -4 -5
leaf_value=-0.0011880818545728213 -0.0051472986096932028 -0.009723210502086856 0.0075818898234849292 0.0094793901172372363
leaf_weight=3.2343187034130096 1.1506005413830269 8.4161522276699525 5.5649779923260212 4.414583537727597
leaf_count=30 12 68 63 36
internal_value=7.53603e-05 -0.00471307 0.00362635 0.0068513
internal_weight=22.7806 15.1317 6.71558 7.6489
internal_count=209 143 75 66
is_linear=0
shrinkage=0.03


Tree=10
num_leaves=5
num_cat=0
split_feature=11 8 14 4
split_gain=1.51079 1.75431 1.24427 0.551371
threshold=0.82687304860357047 0.04644502705269965 0.45957852215089601 -0.01455087483091083
decision_type=2 2 2 2
left_child=1 2 -1 -2
right_child=3 -3 -4 -5
leaf_value=0.0054522620844204188 0.0015643105318374243 0.011205376818353964 -0.0066629613838343604 -0.010181088569387086
leaf_weight=3.4079456999898019 1.7594832479953764 5.3394032865762702 9.3026020750403386 2.9716542214155188
leaf_count=33 13 51 91 21
internal_value=8.25128e-05 0.00414885 -0.00244419 -0.00771631
internal_weight=22.7811 18.05 12.7105 4.73114
internal_count=209 175 124 34
is_linear=0
shrinkage=0.03


Tree=11
num_leaves=5
num_cat=0
split_feature=6 11 10 7
split_gain=1.49761 1.50338 1.05855 0.531141
threshold=-0.3765182186235127 0.49394367260136129 0.13019662423653497 -0.045326364640181742
decision_type=2 2 2 2
left_child=3 2 -2 -1
right_child=1 -3 -4 -5
leaf_value=-0.00118608959883791 -0.005108739633327271 -0.0095410599087280314 0.0074987122771787281 0.0093875713434188931
leaf_weight=3.2341913394629955 1.1548166312277306 8.4466136433184129 5.5467868372797966 4.3964983299374607
leaf_count=30 12 68 63 36
internal_value=9.2889e-05 -0.00462881 0.00356815 0.00677519
internal_weight=22.7789 15.1482 6.7016 7.63069
internal_count=209 143 75 66
is_linear=0
shrinkage=0.03


Tree=12
num_leaves=5
num_cat=0
split_feature=11 8 12 4
split_gain=1.47353 1.71584 1.22244 0.537356
threshold=0.82687304860357047 0.04644502705269965 -2.0630456372550827 -0.01455087483091083
decision_type=2 2 2 2
left_child=1 2 -1 -2
right_child=3 -3 -4 -5
leaf_value=0.0056849653362498059 0.0015501679326303506 0.011101206364371091 -0.0064093812726048697 -0.010032060389894465
leaf_weight=2.8187637440860298 1.7573848366737364 5.3151287510991088 9.8986640125513095 2.9885883927345267
leaf_count=30 13 51 94 21
internal_value=9.99473e-05 0.00411495 -0.00240625 -0.00760047
internal_weight=22.7785 18.0326 12.7174 4.74597
internal_count=209 175 124 34
is_linear=0
shrinkage=0.03


Tree=13
num_leaves=5
num_cat=0
split_feature=6 11 8 7
split_gain=1.46188 1.45646 2.25487 0.523532
threshold=-0.3765182186235127 0.82687304860357047 0.021615152159244769 -0.045326364640181742
decision_type=2 2 2 2
left_child=3 2 -2 -1
right_child=1 -3 -4 -5
leaf_value=-0.0011804542561948462 -0.0066065977464670276 -0.011392297191764775 0.009514888280740345 0.0093128785490879124
leaf_weight=3.2347600869834423 6.1843117810785753 3.5526531338691703 5.4245444871485233 4.3814966902136829
leaf_count=30 61 26 56 36
internal_value=0.000114524 -0.00455284 0.00184367 0.00671596
internal_weight=22.7778 15.1615 11.6089 7.61626
internal_count=209 143 117 66
is_linear=0
shrinkage=0.03


Tree=14
num_leaves=5
num_cat=0
split_feature=6 11 10 7
split_gain=1.43698 1.43927 1.03308 0.515235
threshold=-0.3765182186235127 0.49394367260136129 0.13019662423653497 -0.045326364640181742
decision_type=2 2 2 2
left_child=3 2 -2 -1
right_child=1 -3 -4 -5
leaf_value=-0.0011716805875244328 -0.0050514834482472109 -0.0093148729582080668 0.0073998649950921102 0.0092372728788877017
leaf_weight=3.2360756993293762 1.1609526611864556 8.4815446212887746 5.5237744301557541 4.3669064790010479
leaf_count=30 12 68 63 36
internal_value=0.000108144 -0.00451631 0.00350587 0.00665811
internal_weight=22.7693 15.1663 6.68473 7.60298
internal_count=209 143 75 66
is_linear=0
shrinkage=0.03


Tree=15
num_leaves=5
num_cat=0
split_feature=12 0 10 4
split_gain=1.41653 0.920522 1.43917 0.266887
threshold=-2.0630456372550827 1.0000000180025095e-35 0.092792257204698261 -0.028657614528224736
decision_type=2 2 2 2
left_child=-1 3 -3 -2
right_child=1 2 -4 -5
leaf_value=0.0077543128241019171 -0.010633288800165813 -0.0071123949440838547 0.0060149868940970455 -0.00033603353402157713
leaf_weight=4.393514487892392 2.6680055744946003 2.3260706737637529 9.7999636419117433 3.580268096178771
leaf_count=43 22 16 95 33
internal_value=0.000115188 -0.00380053 0.00142044 -0.00857113
internal_weight=22.7678 18.3743 12.126 6.24827
internal_count=209 166 111 55
is_linear=0
shrinkage=0.03


Tree=16
num_leaves=5
num_cat=0
split_feature=6 11 8 7
split_gain=1.41721 1.41617 2.18783 0.509256
threshold=-0.3765182186235127 0.82687304860357047 0.021615152159244769 -0.045326364640181742
decision_type=2 2 2 2
left_child=3 2 -2 -1
right_child=1 -3 -4 -5
leaf_value=-0.0011745936843174283 -0.0065025238606645358 -0.011244942386041181 0.0093811494068551955 0.0091583497815330255
leaf_weight=3.2353827580809593 6.19961069524288 3.5697316825389853 5.3944160491228104 4.3509321138262775
leaf_count=30 61 26 56 36
internal_value=7.24508e-05 -0.00451093 0.00180971 0.00658948
internal_weight=22.7501 15.1638 11.594 7.58631
internal_count=209 143 117 66
is_linear=0
shrinkage=0.03


Tree=17
num_leaves=5
num_cat=0
split_feature=12 0 10 4
split_gain=1.3976 0.889599 1.4045 0.268881
threshold=-2.0630456372550827 1.0000000180025095e-35 0.092792257204698261 -0.028657614528224736
decision_type=2 2 2 2
left_child=-1 3 -3 -2
right_child=1 2 -4 -5
leaf_value=0.0076710847475707717 -0.010556195344253621 -0.0070514493678631995 0.0059137467643781026 -0.00031093458218432404
leaf_weight=4.3772436305880573 2.6773320958018303 2.3327675610780725 9.7704346403479558 3.5831329561769971
leaf_count=43 22 16 95 33
internal_value=6.70309e-05 -0.00381102 0.00135516 -0.00848979
internal_weight=22.7409 18.3637 12.1032 6.26047
internal_count=209 166 111 55
is_linear=0
shrinkage=0.03


Tree=18
num_leaves=5
num_cat=0
split_feature=6 11 10 3
split_gain=1.40203 1.39234 0.998344 0.505947
threshold=-0.3765182186235127 0.49394367260136129 0.13019662423653497 0.048305428777634142
decision_type=2 2 2 2
left_child=-1 2 -2 -3
right_child=1 3 -4 -5
leaf_value=0.0065221375103655596 -0.0049766214875670159 -0.010931122628157994 0.0072567114092850181 0.0011659990631633784
leaf_weight=7.5695975497365025 1.1687198430299748 6.8483649902045709 5.4916983805596828 1.6447354480624197
leaf_count=66 12 59 63 9
internal_value=2.54814e-05 -0.00452253 0.00341146 -0.00922473
internal_weight=22.7231 15.1535 6.66042 8.4931
internal_count=209 143 75 68
is_linear=0
shrinkage=0.03


Tree=19
num_leaves=5
num_cat=0
split_feature=12 4 11 14
split_gain=1.37597 0.875483 2.43975 0.0927281
threshold=-2.0630456372550827 -0.028657614528224736 0.82687304860357047 1.0177172623297104
decision_type=2 2 2 2
left_child=3 -2 -3 -1
right_child=1 2 -4 -5
leaf_value=0.008361715785537625 -0.0096134285835753376 0.0066592258077946588 -0.0095308859844414982 1.8487474755790427e-05
leaf_weight=2.9895593039691475 2.896828640252358 11.842597495764489 3.6157506406307212 1.3697405532002447
leaf_count=28 23 117 26 15
internal_value=1.61116e-05 -0.00381934 0.00061609 0.00757873
internal_weight=22.7145 18.3552 15.4583 4.3593
internal_count=209 166 143 43
is_linear=0
shrinkage=0.03


Tree=20
num_leaves=5
num_cat=0
split_feature=6 11 8 7
split_gain=1.37052 1.33505 2.11665 0.512767
threshold=-0.3765182186235127 0.82687304860357047 0.021615152159244769 -0.045326364640181742
decision_type=2 2 2 2
left_child=3 2 -2 -1
right_child=1 -3 -4 -5
leaf_value=-0.0012465602695950098 -0.0064441733396538633 -0.011018368240959002 0.009180652666915581 0.009014469938264864
leaf_weight=3.2239596992731094 6.2071983255445939 3.5951396077871314 5.3484800942242146 4.321420636028054
leaf_count=30 61 26 56 36
internal_value=-2.18261e-05 -0.00450598 0.00169176 0.00641853
internal_weight=22.6962 15.1508 11.5557 7.54538
internal_count=209 143 117 66
is_linear=0
shrinkage=0.03


Tree=21
num_leaves=5
num_cat=0
split_feature=12 4 11 14
split_gain=1.36245 0.852887 2.34892 0.093876
threshold=-2.0630456372550827 -0.028657614528224736 0.82687304860357047 1.0177172623297104
decision_type=2 2 2 2
left_child=3 -2 -3 -1
right_child=1 2 -4 -5
leaf_value=0.0083012110750732213 -0.0095445697221798916 0.0065222390345417549 -0.0093617176437727385 4.5011445899973549e-06
leaf_weight=2.9784947372972992 2.9051285795867505 11.800715316087002 3.6345533654093733 1.3675886765122411
leaf_count=28 23 117 26 15
internal_value=-2.56641e-05 -0.00383295 0.000571908 0.00751344
internal_weight=22.6865 18.3404 15.4353 4.34608
internal_count=209 166 143 43
is_linear=0
shrinkage=0.03


Tree=22
num_leaves=5
num_cat=0
split_feature=12 0 10 4
split_gain=1.35458 0.834514 1.37211 0.25561
threshold=-2.0630456372550827 1.0000000180025095e-35 0.092792257204698261 -0.028657614528224736
decision_type=2 2 2 2
left_child=-1 3 -3 -2
right_child=1 2 -4 -5
leaf_value=0.0074666114466603499 -0.010373648174705163 -0.0070384323514190144 0.0057721130048640325 -0.00032139066548138648
leaf_weight=4.336838565766814 2.6989647038280964 2.3332298174500474 9.7201352678239328 3.5788271501660356
leaf_count=43 22 16 95 33
internal_value=-6.21664e-05 -0.00385012 0.00122522 -0.00836101
internal_weight=22.668 18.3312 12.0534 6.27779
internal_count=209 166 111 55
is_linear=0
shrinkage=0.03


Tree=23
num_leaves=5
num_cat=0
split_feature=6 11 10 7
split_gain=1.35633 1.31055 0.96683 0.509912
threshold=-0.3765182186235127 0.49394367260136129 0.13019662423653497 -0.045326364640181742
decision_type=2 2 2 2
left_child=3 2 -2 -1
right_child=1 -3 -4 -5
leaf_value=-0.001268171362382082 -0.0049510263406541705 -0.0090757558717401293 0.0070617071207610118 0.0089261734955424794
leaf_weight=3.2198336534202099 1.1712168715894211 8.5095982328057271 5.4472341798245907 4.3023572489619282
leaf_count=30 12 68 63 36
internal_value=-0.000101483 -0.00454527 0.00323585 0.00632913
internal_weight=22.6502 15.128 6.61845 7.52219
internal_count=209 143 75 66
is_linear=0
shrinkage=0.03


Tree=24
num_leaves=5
num_cat=0
split_feature=12 0 10 4
split_gain=1.33531 0.821331 1.34728 0.253982
threshold=-2.0630456372550827 1.0000000180025095e-35 0.092792257204698261 -0.028657614528224736
decision_type=2 2 2 2
left_child=-1 3 -3 -2
right_child=1 2 -4 -5
leaf_value=0.0073951534877422977 -0.010320974123744881 -0.0069779642021334121 0.0057152438888414614 -0.00031578688036216585
leaf_weight=4.3223619014024761 2.7049379982054234 2.3396135717630395 9.7026068493723852 3.5784927494823942
leaf_count=43 22 16 95 33
internal_value=-9.18696e-05 -0.00384512 0.00120223 -0.00831614
internal_weight=22.648 18.3257 12.0422 6.28343
internal_count=209 166 111 55
is_linear=0
shrinkage=0.03


Tree=25
num_leaves=5
num_cat=0
split_feature=6 11 10 7
split_gain=1.33733 1.27238 0.946893 0.503789
threshold=-0.3765182186235127 0.49394367260136129 0.13019662423653497 -0.045326364640181742
decision_type=2 2 2 2
left_child=3 2 -2 -1
right_child=1 -3 -4 -5
leaf_value=-0.0012687830582406691 -0.004915434630915874 -0.0089861514310489807 0.0069648943803481984 0.0088521373099989496
leaf_weight=3.2191287279129028 1.1747501082718361 8.5240301899611932 5.4259205274283886 4.2863752692937878
leaf_count=30 12 68 63 36
internal_value=-0.000130426 -0.00453532 0.00316319 0.00626619
internal_weight=22.6302 15.1247 6.60067 7.5055
internal_count=209 143 75 66
is_linear=0
shrinkage=0.03


Tree=26
num_leaves=5
num_cat=0
split_feature=12 0 10 4
split_gain=1.31625 0.808461 1.32297 0.252384
threshold=-2.0630456372550827 1.0000000180025095e-35 0.092792257204698261 -0.028657614528224736
decision_type=2 2 2 2
left_child=-1 3 -3 -2
right_child=1 2 -4 -5
leaf_value=0.0073247652906475768 -0.010268376357917205 -0.0069179369142109808 0.0056594935949144847 -0.00031007075747737159
leaf_weight=4.307895693928006 2.710802610963583 2.3458104133605966 9.6850688494741899 3.5780837312340745
leaf_count=43 22 16 95 33
internal_value=-0.000120374 -0.00383935 0.00118016 -0.00827125
internal_weight=22.6277 18.3198 12.0309 6.28889
internal_count=209 166 111 55
is_linear=0
shrinkage=0.03


Tree=27
num_leaves=5
num_cat=0
split_feature=6 11 8 7
split_gain=1.31857 1.24451 2.01486 0.497719
threshold=-0.3765182186235127 0.82687304860357047 0.021615152159244769 -0.045326364640181742
decision_type=2 2 2 2
left_child=3 2 -2 -1
right_child=1 -3 -4 -5
leaf_value=-0.0012690808612801211 -0.0063450187970628827 -0.0107811661297891 0.0089040974548134436 0.0087792012750520735
leaf_weight=3.2183950804173946 6.2175720520317537 3.6205584034323683 5.2828821912407875 4.270395956933501
leaf_count=30 61 26 56 36
internal_value=-0.000158191 -0.00452474 0.0015432 0.0062044
internal_weight=22.6098 15.121 11.5005 7.48879
internal_count=209 143 117 66
is_linear=0
shrinkage=0.03


Tree=28
num_leaves=5
num_cat=0
split_feature=12 4 11 14
split_gain=1.29794 0.789802 2.21766 0.106097
threshold=-2.0630456372550827 -0.028657614528224736 0.82687304860357047 1.0177172623297104
decision_type=2 2 2 2
left_child=3 -2 -3 -1
right_child=1 2 -4 -5
leaf_value=0.0080871343605055119 -0.0093215151372768972 0.006290121025244867 -0.0091442215185018449 -9.2250058834535232e-05
leaf_weight=2.9385444931685951 2.9307075291872087 11.719660215079779 3.6571623906493178 1.3533764630556104
leaf_count=28 23 117 26 15
internal_value=-0.000159825 -0.00384345 0.000462437 0.00724804
internal_weight=22.5995 18.3075 15.3768 4.29192
internal_count=209 166 143 43
is_linear=0
shrinkage=0.03


Tree=29
num_leaves=5
num_cat=0
split_feature=6 11 10 10
split_gain=1.29635 1.21185 0.920118 0.493803
threshold=-0.3765182186235127 0.49394367260136129 0.13019662423653497 0.832046122045074
decision_type=2 2 2 2
left_child=-1 2 -2 -3
right_child=1 3 -4 -5
leaf_value=0.006128656352024876 -0.0048749690647933849 -0.01053313962671144 0.0068225825125911663 0.0012191117434454505
leaf_weight=7.4691758044064072 1.1785960718989361 6.9052164033055288 5.3914948776364326 1.6361885517835615
leaf_count=66 12 53 63 15
internal_value=-0.000193433 -0.00451446 0.00304853 -0.00883855
internal_weight=22.5807 15.1115 6.57009 8.5414
internal_count=209 143 75 68
is_linear=0
shrinkage=0.03


Tree=30
num_leaves=5
num_cat=0
split_feature=12 4 11 14
split_gain=1.28064 0.77814 2.14828 0.105815
threshold=-2.0630456372550827 -0.028657614528224736 0.82687304860357047 1.0177172623297104
decision_type=2 2 2 2
left_child=3 -2 -3 -1
right_child=1 2 -4 -5
leaf_value=0.0080131035213167143 -0.0092823909530020954 0.0061890973182132025 -0.009000741301277343 -0.00010090910442875786
leaf_weight=2.9244690388441112 2.9349896609783235 11.68795689567923 3.6720782816410056 1.3519946560263632
leaf_count=28 23 117 26 15
internal_value=-0.000198886 -0.00384865 0.000440458 0.00717402
internal_weight=22.5715 18.295 15.36 4.27646
internal_count=209 166 143 43
is_linear=0
shrinkage=0.03


Tree=31
num_leaves=5
num_cat=0
split_feature=12 0 10 4
split_gain=1.27279 0.761194 1.29257 0.239376
threshold=-2.0630456372550827 1.0000000180025095e-35 0.092792257204698261 -0.028657614528224736
decision_type=2 2 2 2
left_child=-1 3 -3 -2
right_child=1 2 -4 -5
leaf_value=0.0071297170924738886 -0.010089158054402202 -0.0068949884416253529 0.0055351144301751436 -0.00032153326099941629
leaf_weight=4.2672935836017158 2.7307608909904957 2.3467518463730821 9.6352201551198942 3.5725479200482377
leaf_count=43 22 16 95 33
internal_value=-0.000231393 -0.00386258 0.00107145 -0.008146
internal_weight=22.5526 18.2853 11.982 6.30331
internal_count=209 166 111 55
is_linear=0
shrinkage=0.03


Tree=32
num_leaves=5
num_cat=0
split_feature=3 13 11 7
split_gain=1.27822 1.07447 1.2678 0.957506
threshold=0.019959292276891145 8.0049663851473483 0.82687304860357047 0.075620031984646216
decision_type=2 2 2 2
left_child=1 2 -1 -2
right_child=3 -3 -4 -5
leaf_value=0.011577071882086402 -0.009240764671286792 -0.0033633942930671543 -0.0033264956744115015 0.0033701949838529912
leaf_weight=6.8852803036570567 6.6356122270226461 4.8851506896316996 2.2007091157138348 1.9280192553997038
leaf_count=72 60 48 18 11
internal_value=-0.000267227 0.00437325 0.00811572 -0.00611551
internal_weight=22.5348 13.9711 9.08599 8.56363
internal_count=209 138 90 71
is_linear=0
shrinkage=0.03


Tree=33
num_leaves=5
num_cat=0
split_feature=6 11 10 7
split_gain=1.25522 1.15906 0.898498 0.503611
threshold=-0.3765182186235127 0.49394367260136129 0.13019662423653497 -0.045326364640181742
decision_type=2 2 2 2
left_child=3 2 -2 -1
right_child=1 -3 -4 -5
leaf_value=-0.0013709301238513994 -0.0048479374844910125 -0.008711960016816454 0.0066978441888778549 0.0085982003680957417
leaf_weight=3.2006057538092136 1.1810443103313435 8.5559470206499082 5.3619152791798115 4.2296197265386608
leaf_count=30 12 68 63 36
internal_value=-0.000268066 -0.00450107 0.00294305 0.00598111
internal_weight=22.5291 15.0989 6.54296 7.43023
internal_count=209 143 75 66
is_linear=0
shrinkage=0.03


Tree=34
num_leaves=5
num_cat=0
split_feature=12 0 10 4
split_gain=1.24272 0.752273 1.27592 0.236166
threshold=-2.0630456372550827 1.0000000180025095e-35 0.31282870151476938 -0.028657614528224736
decision_type=2 2 2 2
left_child=-1 3 -3 -2
right_child=1 2 -4 -5
leaf_value=0.0070309909508583851 -0.010022155861978001 -0.0062125935324089561 0.0059400175343232598 -0.00031910372183291218
leaf_weight=4.246107634156945 2.7379172556102276 3.6945879161357889 8.2766927629709226 3.5704541355371484
leaf_count=43 22 35 76 33
internal_value=-0.000256491 -0.00383692 0.00106889 -0.0080935
internal_weight=22.5258 18.2797 11.9713 6.30837
internal_count=209 166 111 55
is_linear=0
shrinkage=0.03


Tree=35
num_leaves=5
num_cat=0
split_feature=6 11 8 7
split_gain=1.23615 1.13129 1.91684 0.497001
threshold=-0.3765182186235127 0.82687304860357047 0.021615152159244769 -0.045326364640181742
decision_type=2 2 2 2
left_child=3 2 -2 -1
right_child=1 -3 -4 -5
leaf_value=-0.0013665556648647216 -0.0062530424875349867 -0.010409720896189373 0.0086263094326343732 0.0085310887215910968
leaf_weight=3.2003227956593037 6.2246760725975019 3.6581424586474887 5.2145172916352749 4.2141760103404549
leaf_count=30 61 26 56 36
internal_value=-0.00028182 -0.004478 0.00138958 0.00592744
internal_weight=22.5118 15.0973 11.4392 7.4145
internal_count=209 143 117 66
is_linear=0
shrinkage=0.03


Tree=36
num_leaves=5
num_cat=0
split_feature=12 4 11 14
split_gain=1.22263 0.733494 2.0386 0.116448
threshold=-2.0630456372550827 -0.028657614528224736 0.82687304860357047 1.0177172623297104
decision_type=2 2 2 2
left_child=3 -2 -3 -1
right_child=1 2 -4 -5
leaf_value=0.0078454553394300252 -0.0090892877337996128 0.006009433710751297 -0.0087883457996302417 -0.00018651574822260459
leaf_weight=2.8914635963737991 2.956141844391829 11.621341165155167 3.6927768550813189 1.3389764055609701
leaf_count=28 23 117 26 15
internal_value=-0.0002813 -0.00382617 0.000379044 0.00695864
internal_weight=22.5007 18.2703 15.3141 4.23044
internal_count=209 166 143 43
is_linear=0
shrinkage=0.03


Tree=37
num_leaves=5
num_cat=0
split_feature=3 13 11 7
split_gain=1.22166 1.03035 1.21153 0.930528
threshold=0.019959292276891145 8.0049663851473483 0.82687304860357047 0.075620031984646216
decision_type=2 2 2 2
left_child=1 2 -1 -2
right_child=3 -3 -4 -5
leaf_value=0.011325515383280148 -0.0090926093400068835 -0.0033088767612815709 -0.003248404443777146 0.003333127856806103
leaf_weight=6.8166539408266562 6.6499844565987569 4.888915739953517 2.2069194577634335 1.9190273508429525
leaf_count=72 60 48 18 11
internal_value=-0.000311731 0.00424626 0.00792723 -0.00601347
internal_weight=22.4815 13.9125 9.02357 8.56901
internal_count=209 138 90 71
is_linear=0
shrinkage=0.03


Tree=38
num_leaves=5
num_cat=0
split_feature=12 9 10 11
split_gain=1.20454 1.24844 1.03638 0.625287
threshold=-1.6646772656113098 -0.012780813297256636 0.86237365395435717 0.62510012694693107
decision_type=2 2 2 2
left_child=-1 3 -3 -2
right_child=1 2 -4 -5
leaf_value=0.0061155894991093921 0.0075237213316293678 -0.01044525281281174 0.0032329164231580539 -0.0028339202712562902
leaf_weight=6.4594838395714786 2.4741429723799291 9.8574447557330078 1.5237307772040356 2.1604103557765484
leaf_count=64 30 80 17 18
internal_value=-0.000311345 -0.00425783 -0.00795844 0.00405823
internal_weight=22.4752 16.0157 11.3812 4.63455
internal_count=209 145 97 48
is_linear=0
shrinkage=0.03


Tree=39
num_leaves=5
num_cat=0
split_feature=12 10 11 2
split_gain=1.17469 0.736183 1.6946 0.570413
threshold=-2.0630456372550827 0.31282870151476938 0.82687304860357047 -0.76004378426692998
decision_type=2 2 2 2
left_child=-1 3 -3 -2
right_child=1 2 -4 -5
leaf_value=0.006835456415739515 -0.011122384822598964 0.0063382763065901399 -0.007551682624124605 0.00090588809388817109
leaf_weight=4.2040244340896633 2.4631497599184513 9.3461707569658738 3.4548474960029116 3.0169975794851807
leaf_count=43 20 91 23 32
internal_value=-0.000268503 -0.00374148 0.000921653 -0.00819295
internal_weight=22.4852 18.2812 12.801 5.48015
internal_count=209 166 114 52
is_linear=0
shrinkage=0.03


Tree=40
num_leaves=5
num_cat=0
split_feature=6 11 10 7
split_gain=1.16472 1.08923 0.864135 0.501766
threshold=-0.3765182186235127 0.49394367260136129 0.13019662423653497 -0.045326364640181742
decision_type=2 2 2 2
left_child=3 2 -2 -1
right_child=1 -3 -4 -5
leaf_value=-0.0014517803375832248 -0.0047607329439986372 -0.0084387087302603241 0.0065592273186624549 0.0083837433550845476
leaf_weight=3.1851187199354172 1.1888523846864689 8.5845257230102998 5.3255034126341343 4.1799618564546135
leaf_count=30 12 68 63 36
internal_value=-0.000302915 -0.00436566 0.00286153 0.00574367
internal_weight=22.464 15.0989 6.51436 7.36508
internal_count=209 143 75 66
is_linear=0
shrinkage=0.03


Tree=41
num_leaves=5
num_cat=0
split_feature=12 0 10 4
split_gain=1.15802 0.747508 1.24307 0.231878
threshold=-2.0630456372550827 1.0000000180025095e-35 0.092792257204698261 -0.028657614528224736
decision_type=2 2 2 2
left_child=-1 3 -3 -2
right_child=1 2 -4 -5
leaf_value=0.0067726434555015263 -0.0098872585265749966 -0.00670583859207968 0.0054904790499727 -0.00030480314480329064
leaf_weight=4.1900774575769928 2.7515925765037537 2.3621398955583581 9.590598486363886 3.5652186647057542
leaf_count=43 22 16 95 33
internal_value=-0.00029099 -0.00373369 0.00112347 -0.0079803
internal_weight=22.4596 18.2695 11.9527 6.31681
internal_count=209 166 111 55
is_linear=0
shrinkage=0.03


Tree=42
num_leaves=5
num_cat=0
split_feature=6 11 10 7
split_gain=1.14891 1.05769 0.846439 0.495401
threshold=-0.3765182186235127 0.49394367260136129 0.13019662423653497 -0.045326364640181742
decision_type=2 2 2 2
left_child=3 2 -2 -1
right_child=1 -3 -4 -5
leaf_value=-0.0014483902048716792 -0.0047262101915310235 -0.0083566070244857557 0.0064709533361206866 0.0083174541170542519
leaf_weight=3.1845189183950424 1.1919121406972397 8.5963131040334684 5.3045661151409149 4.1642359457910088
leaf_count=30 12 68 63 36
internal_value=-0.000325145 -0.00435433 0.00279695 0.00568998
internal_weight=22.4415 15.0928 6.49648 7.34875
internal_count=209 143 75 66
is_linear=0
shrinkage=0.03


Tree=43
num_leaves=5
num_cat=0
split_feature=12 0 10 4
split_gain=1.14161 0.735941 1.22867 0.230579
threshold=-2.0630456372550827 1.0000000180025095e-35 0.31282870151476938 -0.028657614528224736
decision_type=2 2 2 2
left_child=-1 3 -3 -2
right_child=1 2 -4 -5
leaf_value=0.0067107355984388868 -0.0098357476622232924 -0.0060528536673268782 0.0058799993308769338 -0.00029822281876622383
leaf_weight=4.1761754937469986 2.7566469646990299 3.7076473757624635 8.2321926951408368 3.564313206821681
leaf_count=43 22 35 76 33
internal_value=-0.00031288 -0.00372535 0.00110461 -0.00793558
internal_weight=22.437 18.2608 11.9398 6.32096
internal_count=209 166 111 55
is_linear=0
shrinkage=0.03


Tree=44
num_leaves=5
num_cat=0
split_feature=6 11 8 7
split_gain=1.13191 1.03971 1.81436 0.488759
threshold=-0.3765182186235127 0.82687304860357047 0.021615152159244769 -0.045326364640181742
decision_type=2 2 2 2
left_child=3 2 -2 -1
right_child=1 -3 -4 -5
leaf_value=-0.0014421788895881103 -0.0060924280961525837 -0.0099989445828044532 0.008392865609168557 0.0082541537971564938
leaf_weight=3.1842907778918743 6.2391728274524194 3.6959545314311972 5.1543750911951065 4.1489614248275783
leaf_count=30 61 26 56 36
internal_value=-0.000336765 -0.00433219 0.00132062 0.00564081
internal_weight=22.4228 15.0895 11.3935 7.33325
internal_count=209 143 117 66
is_linear=0
shrinkage=0.03


Tree=45
num_leaves=5
num_cat=0
split_feature=12 4 11 14
split_gain=1.12326 0.719097 1.88715 0.131543
threshold=-2.0630456372550827 -0.028657614528224736 0.82687304860357047 1.0177172623297104
decision_type=2 2 2 2
left_child=3 -2 -3 -1
right_child=1 2 -4 -5
leaf_value=0.0076021082831140918 -0.0089203322446913414 0.0058466950447418967 -0.0083901691867934499 -0.00031421754742454454
leaf_weight=2.8419176340103176 2.9724643900990548 11.548329625278706 3.7289043776690951 1.3189522027969358
leaf_count=28 23 117 26 15
internal_value=-0.000334797 -0.00371402 0.00042721 0.00664289
internal_weight=22.4106 18.2497 15.2772 4.16087
internal_count=209 166 143 43
is_linear=0
shrinkage=0.03


Tree=46
num_leaves=5
num_cat=0
split_feature=3 13 11 8
split_gain=1.12238 0.990879 1.13844 0.911374
threshold=0.019959292276891145 8.0049663851473483 0.82687304860357047 0.1467036373100967
decision_type=2 2 2 2
left_child=1 2 -1 -2
right_child=3 -3 -4 -5
leaf_value=0.010992820168030916 -0.008739219299106182 -0.0033120320400868231 -0.0031446127290061456 0.0035507517799107822
leaf_weight=6.7194318771362322 7.0360064506530744 4.8780938386917105 2.2121606878936291 1.5450921505689619
leaf_count=72 62 48 18 9
internal_value=-0.000363473 0.00403678 0.00767982 -0.00580631
internal_weight=22.3908 13.8097 8.93159 8.5811
internal_count=209 138 90 71
is_linear=0
shrinkage=0.03


Tree=47
num_leaves=5
num_cat=0
split_feature=12 0 10 4
split_gain=1.10473 0.707434 1.20728 0.221855
threshold=-2.0630456372550827 1.0000000180025095e-35 0.31282870151476938 -0.028657614528224736
decision_type=2 2 2 2
left_child=-1 3 -3 -2
right_child=1 2 -4 -5
leaf_value=0.006572945281866375 -0.0096845348450042019 -0.0060210869155400415 0.0058087606148995562 -0.00030019209910771202
leaf_weight=4.1451080627739456 2.7722074575722218 3.7083536610007295 8.2000740207731706 3.560117732733489
leaf_count=43 22 35 76 33
internal_value=-0.000358423 -0.00370326 0.00105807 -0.00782274
internal_weight=22.3859 18.2408 11.9084 6.33233
internal_count=209 166 111 55
is_linear=0
shrinkage=0.03


Tree=48
num_leaves=5
num_cat=0
split_feature=6 11 10 7
split_gain=1.10064 1.01921 0.821464 0.485058
threshold=-0.3765182186235127 0.49394367260136129 0.13019662423653497 -0.045326364640181742
decision_type=2 2 2 2
left_child=3 2 -2 -1
right_child=1 -3 -4 -5
leaf_value=-0.0014691530916710403 -0.004662323374368821 -0.008229861273463996 0.0063663559754646316 0.0081484546116870997
leaf_weight=3.177369337528944 1.1971802487969387 8.6014858111739141 5.2733261771500111 4.1221980378031757
leaf_count=30 12 68 63 36
internal_value=-0.000381278 -0.00430987 0.00273401 0.00553277
internal_weight=22.3716 15.072 6.47051 7.29957
internal_count=209 143 75 66
is_linear=0
shrinkage=0.03


Tree=49
num_leaves=5
num_cat=0
split_feature=12 0 10 4
split_gain=1.08666 0.699939 1.18569 0.220701
threshold=-2.0630456372550827 1.0000000180025095e-35 0.31282870151476938 -0.028657614528224736
decision_type=2 2 2 2
left_child=-1 3 -3 -2
right_child=1 2 -4 -5
leaf_value=0.0065135953664021773 -0.0096339817713710918 -0.0059597092697475026 0.0057650153488354059 -0.00029329643551766362
leaf_weight=4.1314477398991611 2.7768667191267014 3.7144134864211091 8.1847873590886575 3.5591013431549081
leaf_count=43 22 35 76 33
internal_value=-0.000368304 -0.00368219 0.00105491 -0.00777848
internal_weight=22.3666 18.2352 11.8992 6.33597
internal_count=209 166 111 55
is_linear=0
shrinkage=0.03


Tree=50
num_leaves=5
num_cat=0
split_feature=6 11 10 7
split_gain=1.08444 0.99265 0.80626 0.478506
threshold=-0.3765182186235127 0.49394367260136129 0.13019662423653497 -0.045326364640181742
decision_type=2 2 2 2
left_child=3 2 -2 -1
right_child=1 -3 -4 -5
leaf_value=-0.0014621199617977009 -0.0046283529930627966 -0.0081472908014530651 0.0062939281539503168 0.0080875217848557952
leaf_weight=3.1770957000553608 1.2000597082078446 8.612771734595297 5.2552433088421822 4.1070546582341221
leaf_count=30 12 68 63 36
internal_value=-0.000390745 -0.00428697 0.0026847 0.00548622
internal_weight=22.3522 15.0681 6.4553 7.28415
internal_count=209 143 75 66
is_linear=0
shrinkage=0.03


Tree=51
num_leaves=5
num_cat=0
split_feature=12 0 10 4
split_gain=1.06887 0.692576 1.16655 0.219555
threshold=-2.0630456372550827 1.0000000180025095e-35 0.092792257204698261 -0.028657614528224736
decision_type=2 2 2 2
left_child=-1 3 -3 -2
right_child=1 2 -4 -5
leaf_value=0.0064550558700453625 -0.0095836104772382552 -0.0065083492500767389 0.0053083986447882286 -0.00028639057002903464
leaf_weight=4.1178369335830238 2.7814106903970242 2.3768253102898607 9.5129483826458436 3.5580214336514482
leaf_count=43 22 16 95 33
internal_value=-0.000377584 -0.00366093 0.00105208 -0.00773435
internal_weight=22.347 18.2292 11.8898 6.33943
internal_count=209 166 111 55
is_linear=0
shrinkage=0.03


Tree=52
num_leaves=5
num_cat=0
split_feature=3 13 11 8
split_gain=1.07116 0.944759 1.11479 0.898045
threshold=0.019959292276891145 8.0049663851473483 0.82687304860357047 0.1467036373100967
decision_type=2 2 2 2
left_child=1 2 -1 -2
right_child=3 -3 -4 -5
leaf_value=0.010788874653794744 -0.0086296474996709321 -0.0032463884134170955 -0.0031539405746402768 0.0035460614768389608
leaf_weight=6.6564488857984561 7.0413049049675447 4.8795262686908236 2.2076602205634117 1.5438488274812696
leaf_count=72 62 48 18 9
internal_value=-0.000409167 0.00391252 0.00748523 -0.00571022
internal_weight=22.3288 13.7436 8.86411 8.58515
internal_count=209 138 90 71
is_linear=0
shrinkage=0.03


Tree=53
num_leaves=5
num_cat=0
split_feature=6 11 8 7
split_gain=1.05232 0.979861 1.70616 0.472741
threshold=-0.3765182186235127 0.82687304860357047 0.021615152159244769 -0.045326364640181742
decision_type=2 2 2 2
left_child=3 2 -2 -1
right_child=1 -3 -4 -5
leaf_value=-0.0014739173545873052 -0.0058999383551920775 -0.009722565453587035 0.0081578454281891494 0.0079919862586615154
leaf_weight=3.173337459564209 6.2553090900182706 3.7191255874931803 5.0924325361847878 4.0832511894404915
leaf_count=30 61 26 56 36
internal_value=-0.000403173 -0.00423542 0.00127491 0.00539717
internal_weight=22.3235 15.0669 11.3477 7.25659
internal_count=209 143 117 66
is_linear=0
shrinkage=0.03


Tree=54
num_leaves=5
num_cat=0
split_feature=12 4 11 14
split_gain=1.04291 0.676587 1.7731 0.145122
threshold=-2.0630456372550827 -0.028657614528224736 0.82687304860357047 1.0177172623297104
decision_type=2 2 2 2
left_child=3 -2 -3 -1
right_child=1 2 -4 -5
leaf_value=0.0073914077875686535 -0.0086749756657669951 0.0056768141847569151 -0.0081262599269206048 -0.00043356954062602005
leaf_weight=2.7967528887093094 2.9957866817712846 11.468261677771801 3.7503968253731719 1.2993187978863714
leaf_count=28 23 117 26 15
internal_value=-0.000399843 -0.00363665 0.000401767 0.00636255
internal_weight=22.3105 18.2144 15.2187 4.09607
internal_count=209 166 143 43
is_linear=0
shrinkage=0.03


Tree=55
num_leaves=5
num_cat=0
split_feature=12 9 10 11
split_gain=1.04098 1.16431 0.973399 0.394484
threshold=-1.5486255699339055 -0.012780813297256636 0.86237365395435717 0.62510012694693107
decision_type=2 2 2 2
left_child=-1 3 -3 -2
right_child=1 2 -4 -5
leaf_value=0.0054550914698101288 0.0066423573006668089 -0.01013772166030894 0.0031432572730352095 -0.0019726261432381886
leaf_weight=6.8739954382181194 2.2084997706115272 9.6592072993516869 1.5000895000994194 2.0486093908548355
leaf_count=71 28 77 17 16
internal_value=-0.000426654 -0.00416369 -0.00771065 0.00402086
internal_weight=22.2904 15.4164 11.1593 4.25711
internal_count=209 138 94 44
is_linear=0
shrinkage=0.03


Tree=56
num_leaves=5
num_cat=0
split_feature=3 3 7 8
split_gain=1.01262 0.924758 1.40622 0.881727
threshold=0.019959292276891145 -0.04659023865248297 -0.042065407393558428 0.1467036373100967
decision_type=2 2 2 2
left_child=1 -1 -3 -2
right_child=3 2 -4 -5
leaf_value=-0.0041373761933091273 -0.0084456344198123468 -0.0029321679353768895 0.011319132469641984 0.0035628296090682039
leaf_weight=2.5786798968911162 7.0622905716299993 4.7066842503845683 6.408095475286248 1.5423760339617727
leaf_count=16 62 50 72 9
internal_value=-0.000384485 0.00382216 0.0067537 -0.00553508
internal_weight=22.2981 13.6935 11.1148 8.60467
internal_count=209 138 122 71
is_linear=0
shrinkage=0.03


Tree=57
num_leaves=5
num_cat=0
split_feature=12 0 10 4
split_gain=1.00945 0.681072 1.14869 0.212741
threshold=-2.0630456372550827 1.0000000180025095e-35 0.31282870151476938 -0.028657614528224736
decision_type=2 2 2 2
left_child=-1 3 -3 -2
right_child=1 2 -4 -5
leaf_value=0.0062769814422895783 -0.0094224971223870781 -0.0058303146953589367 0.0057171663716346017 -0.00027780844622971664
leaf_weight=4.0761017687618759 2.7964525856077671 3.7215251699090013 8.1482752673327905 3.5516417250037202
leaf_count=43 22 35 76 33
internal_value=-0.000378645 -0.00356453 0.00108624 -0.00760574
internal_weight=22.294 18.2179 11.8698 6.34809
internal_count=209 166 111 55
is_linear=0
shrinkage=0.03


Tree=58
num_leaves=5
num_cat=0
split_feature=6 11 10 7
split_gain=1.00587 0.951918 0.781761 0.46464
threshold=-0.3765182186235127 0.49394367260136129 0.13019662423653497 -0.045326364640181742
decision_type=2 2 2 2
left_child=3 2 -2 -1
right_child=1 -3 -4 -5
leaf_value=-0.0014872720313729305 -0.0045430772604808187 -0.007926542555023253 0.0062192250915869274 0.007865403316195993
leaf_weight=3.1680721454322338 1.2061981447041024 8.6263579316437227 5.2284616157412529 4.0501862466335323
leaf_count=30 12 68 63 36
internal_value=-0.000400199 -0.00414365 0.00266501 0.00528078
internal_weight=22.2793 15.061 6.43466 7.21826
internal_count=209 143 75 66
is_linear=0
shrinkage=0.03


Tree=59
num_leaves=5
num_cat=0
split_feature=12 0 10 4
split_gain=0.993099 0.673818 1.12963 0.21167
threshold=-2.0630456372550827 1.0000000180025095e-35 0.092792257204698261 -0.028657614528224736
decision_type=2 2 2 2
left_child=-1 3 -3 -2
right_child=1 2 -4 -5
leaf_value=0.0062213660573939263 -0.009373193397897623 -0.0063687014584071023 0.0052656594024447214 -0.00027084736949202964
leaf_weight=4.0628026127815273 2.8005824089050293 2.3845548778772363 9.4750414341688138 3.550376821309329
leaf_count=43 22 16 95 33
internal_value=-0.000386919 -0.00354396 0.00108307 -0.0075624
internal_weight=22.2734 18.2106 11.8596 6.35096
internal_count=209 166 111 55
is_linear=0
shrinkage=0.03


Tree=60
num_leaves=5
num_cat=0
split_feature=6 11 8 7
split_gain=0.992747 0.937387 1.62691 0.458613
threshold=-0.3765182186235127 0.82687304860357047 0.036287312910568144 -0.045326364640181742
decision_type=2 2 2 2
left_child=3 2 -2 -1
right_child=1 -3 -4 -5
leaf_value=-0.0014816522747162348 -0.0054512983014986457 -0.0094914676369079951 0.0083234245714223325 0.0078061191481895156
leaf_weight=3.1673499159514904 6.9724338538944703 3.7366307899355879 4.3435331135988235 4.0349021330475834
leaf_count=30 70 26 47 36
internal_value=-0.000417506 -0.00413192 0.00126035 0.0052347
internal_weight=22.2548 15.0526 11.316 7.20225
internal_count=209 143 117 66
is_linear=0
shrinkage=0.03


Tree=61
num_leaves=5
num_cat=0
split_feature=12 10 11 2
split_gain=0.98053 0.784921 1.45778 0.575291
threshold=-2.2115385288884073 0.31282870151476938 0.82687304860357047 -0.76004378426692998
decision_type=2 2 2 2
left_child=-1 3 -3 -2
right_child=1 2 -4 -5
leaf_value=0.0063414699725244513 -0.011002966922703609 0.0060779015006107032 -0.0067713906038591081 0.00095962621225321445
leaf_weight=3.5589545145630863 2.5845593735575676 9.5279188454151136 3.5622423291206351 3.0099629834294346
leaf_count=36 21 96 24 32
internal_value=-0.000407695 -0.00345583 0.00116299 -0.00807866
internal_weight=22.2436 18.6847 13.0902 5.59452
internal_count=209 173 120 53
is_linear=0
shrinkage=0.03


Tree=62
num_leaves=5
num_cat=0
split_feature=12 9 10 11
split_gain=0.973544 1.12199 0.928467 0.382288
threshold=-1.5486255699339055 -0.012780813297256636 0.86237365395435717 0.62510012694693107
decision_type=2 2 2 2
left_child=-1 3 -3 -2
right_child=1 2 -4 -5
leaf_value=0.0052706197636079458 0.0065587864283563292 -0.009893879243075037 0.0030783378345722477 -0.0019336234554230445
leaf_weight=6.8168323598802116 2.1890753917396095 9.6793469935655541 1.4865766018629063 2.0501221790909767
leaf_count=71 28 77 17 16
internal_value=-0.000436511 -0.00404251 -0.0075284 0.00397811
internal_weight=22.222 15.4051 11.1659 4.2392
internal_count=209 138 94 44
is_linear=0
shrinkage=0.03


Tree=63
num_leaves=5
num_cat=0
split_feature=12 10 11 2
split_gain=0.951654 0.772615 1.42099 0.573049
threshold=-2.2115385288884073 0.31282870151476938 0.82687304860357047 -0.76004378426692998
decision_type=2 2 2 2
left_child=-1 3 -3 -2
right_child=1 2 -4 -5
leaf_value=0.0062586860299806302 -0.010906259215047617 0.0060243435098551925 -0.0066636873878605715 0.00098022037847779963
leaf_weight=3.5407128296792534 2.5924470126628876 9.5125232525169832 3.5704497769474974 3.0125424154102829
leaf_count=36 21 96 24 32
internal_value=-0.000394473 -0.00339726 0.00117493 -0.00798343
internal_weight=22.2287 18.688 13.083 5.60499
internal_count=209 173 120 53
is_linear=0
shrinkage=0.03


Tree=64
num_leaves=5
num_cat=0
split_feature=12 4 9 10
split_gain=0.94404 0.768655 1.71276 0.0782297
threshold=-2.2115385288884073 -0.028657614528224736 0.19930887146419099 0.52875458002022124
decision_type=2 2 2 2
left_child=-1 3 -3 -2
right_child=1 2 -4 -5
leaf_value=0.0062141880366282012 -0.0095099531838324942 0.0054596616203271588 -0.0083390863805649085 -0.00022131582695148963
leaf_weight=3.5308413468301323 1.9530066326260631 12.687575560063118 2.6361396610736838 1.3991810977458952
leaf_count=36 17 130 16 10
internal_value=-0.000422878 -0.00340714 0.000730249 -0.00870235
internal_weight=22.2067 18.6759 15.3237 3.35219
internal_count=209 173 146 27
is_linear=0
shrinkage=0.03


Tree=65
num_leaves=5
num_cat=0
split_feature=6 11 10 7
split_gain=0.944657 0.889682 0.742017 0.461726
threshold=-0.3765182186235127 0.49394367260136129 0.13019662423653497 -0.045326364640181742
decision_type=2 2 2 2
left_child=3 2 -2 -1
right_child=1 -3 -4 -5
leaf_value=-0.0015572528462894904 -0.0044437297091298828 -0.007719993596475138 0.0060351831219950247 0.0076741481206063457
leaf_weight=3.1522865444421768 1.2133440561592568 8.6356290988624078 5.1789197325706482 4.0007815957069424
leaf_count=30 12 68 63 36
internal_value=-0.000470024 -0.00407899 0.00254867 0.0050698
internal_weight=22.181 15.0279 6.39226 7.15307
internal_count=209 143 75 66
is_linear=0
shrinkage=0.03


Tree=66
num_leaves=5
num_cat=0
split_feature=12 4 9 10
split_gain=0.936634 0.758365 1.66745 0.0754591
threshold=-2.2115385288884073 -0.028657614528224736 0.19930887146419099 0.52875458002022124
decision_type=2 2 2 2
left_child=-1 3 -3 -2
right_child=1 2 -4 -5
leaf_value=0.006167072948541243 -0.0094722477975450678 0.0053813230475243459 -0.008233572956939203 -0.00022989281254688049
leaf_weight=3.5194887593388584 1.9562425278127258 12.657686088234181 2.6436033770442 1.3975318260490892
leaf_count=36 17 130 16 10
internal_value=-0.000455973 -0.00342161 0.000704561 -0.00867715
internal_weight=22.1746 18.6551 15.3013 3.35377
internal_count=209 173 146 27
is_linear=0
shrinkage=0.03


Tree=67
num_leaves=5
num_cat=0
split_feature=12 10 11 2
split_gain=0.933077 0.749945 1.34789 0.548739
threshold=-2.2115385288884073 0.31282870151476938 0.82687304860357047 -0.76004378426692998
decision_type=2 2 2 2
left_child=-1 3 -3 -2
right_child=1 2 -4 -5
leaf_value=0.0061234035394547538 -0.010805866509763279 0.0058464441779351103 -0.006511841293152844 0.00092087123927288934
leaf_weight=3.5097138322889831 2.6002157665789127 9.4565105699002725 3.5808258764445773 3.0015751831233528
leaf_count=36 21 96 24 32
internal_value=-0.000502128 -0.00345221 0.00109888 -0.00795957
internal_weight=22.1488 18.6391 13.0373 5.60179
internal_count=209 173 120 53
is_linear=0
shrinkage=0.03


Tree=68
num_leaves=5
num_cat=0
split_feature=12 4 9 10
split_gain=0.925445 0.737679 1.61936 0.0710972
threshold=-2.2115385288884073 -0.028657614528224736 0.19930887146419099 0.52875458002022124
decision_type=2 2 2 2
left_child=-1 3 -3 -2
right_child=1 2 -4 -5
leaf_value=0.0060801246815263277 -0.0094115224879480243 0.0052739514671495688 -0.0081430799647697286 -0.00024394676034883138
leaf_weight=3.4999832063913372 1.9616625346243446 12.619993716478342 2.6491739377379409 1.3962448462843893
leaf_count=36 17 130 16 10
internal_value=-0.000528602 -0.0034605 0.000644798 -0.0086359
internal_weight=22.1271 18.6271 15.2692 3.35791
internal_count=209 173 146 27
is_linear=0
shrinkage=0.03


Tree=69
num_leaves=5
num_cat=0
split_feature=6 11 10 7
split_gain=0.923038 0.838582 0.720036 0.457989
threshold=-0.3765182186235127 0.49394367260136129 0.13019662423653497 -0.045326364640181742
decision_type=2 2 2 2
left_child=3 2 -2 -1
right_child=1 -3 -4 -5
leaf_value=-0.001593699334523862 -0.0044291625249132729 -0.0076276735707355783 0.0058734697117304472 0.0075500674576427559
leaf_weight=3.143070962280035 1.2139233648776997 8.6379312723875028 5.1383232660591602 3.968286249786618
leaf_count=30 12 68 63 36
internal_value=-0.000573258 -0.00411833 0.00240005 0.00493914
internal_weight=22.1015 14.9902 6.35225 7.11136
internal_count=209 143 75 66
is_linear=0
shrinkage=0.03


Tree=70
num_leaves=5
num_cat=0
split_feature=12 10 11 2
split_gain=0.917816 0.731837 1.29208 0.531365
threshold=-2.2115385288884073 0.31282870151476938 0.82687304860357047 -0.76004378426692998
decision_type=2 2 2 2
left_child=-1 3 -3 -2
right_child=1 2 -4 -5
leaf_value=0.0060346999463327155 -0.01070970321225179 0.005715924251618678 -0.0063850631256903963 0.00088473450406612421
leaf_weight=3.4888506419956711 2.6073418483138084 9.4153211377561075 3.5891084372997275 2.9944876506924656
leaf_count=36 21 96 24 32
internal_value=-0.000558149 -0.00347179 0.00105237 -0.00791729
internal_weight=22.0951 18.6063 13.0044 5.60183
internal_count=209 173 120 53
is_linear=0
shrinkage=0.03


Tree=71
num_leaves=5
num_cat=0
split_feature=12 4 9 10
split_gain=0.910198 0.72754 1.56279 0.0650725
threshold=-2.2115385288884073 -0.028657614528224736 0.19930887146419099 0.52875458002022124
decision_type=2 2 2 2
left_child=-1 3 -3 -2
right_child=1 2 -4 -5
leaf_value=0.0059922176109855054 -0.0093631709693784652 0.0051777504220459755 -0.0080038192433231643 -0.00026666505229087386
leaf_weight=3.4792187623679665 1.9655255265533988 12.577749591320748 2.6576031595468512 1.3932580314576624
leaf_count=36 17 130 16 10
internal_value=-0.000583358 -0.00347906 0.000617894 -0.00861407
internal_weight=22.0734 18.5941 15.2354 3.35878
internal_count=209 173 146 27
is_linear=0
shrinkage=0.03


Tree=72
num_leaves=5
num_cat=0
split_feature=12 9 10 11
split_gain=0.909214 1.02393 0.892018 0.385502
threshold=-1.5486255699339055 -0.012780813297256636 0.86237365395435717 0.62510012694693107
decision_type=2 2 2 2
left_child=-1 3 -3 -2
right_child=1 2 -4 -5
leaf_value=0.0049617279750168971 0.0063600289752864872 -0.0096805651219829016 0.00302947074041551 -0.0020498687828381227
leaf_weight=6.7203338705003288 2.1489830240607288 9.6689052842557377 1.4747277088463295 2.0350204110145569
leaf_count=71 28 77 17 16
internal_value=-0.000626696 -0.00406852 -0.00736126 0.00370824
internal_weight=22.048 15.3276 11.1436 4.184
internal_count=209 138 94 44
is_linear=0
shrinkage=0.03


Tree=73
num_leaves=5
num_cat=0
split_feature=12 4 9 10
split_gain=0.886921 0.72686 1.53017 0.0618015
threshold=-2.2115385288884073 -0.028657614528224736 0.19930887146419099 0.52875458002022124
decision_type=2 2 2 2
left_child=-1 3 -3 -2
right_child=1 2 -4 -5
leaf_value=0.0059153070443956476 -0.0093057326802820067 0.0051490254184658382 -0.007894741721967977 -0.00027632213540331802
leaf_weight=3.461677864193919 1.9703083410859172 12.56662736088037 2.6636111810803405 1.3918696492910383
leaf_count=36 17 130 16 10
internal_value=-0.000583082 -0.00343868 0.000642887 -0.00857198
internal_weight=22.0541 18.5924 15.2302 3.36218
internal_count=209 173 146 27
is_linear=0
shrinkage=0.03


Tree=74
num_leaves=5
num_cat=0
split_feature=12 0 10 4
split_gain=0.883742 0.646878 1.07077 0.179684
threshold=-2.0630456372550827 1.0000000180025095e-35 0.31282870151476938 -0.028657614528224736
decision_type=2 2 2 2
left_child=-1 3 -3 -2
right_child=1 2 -4 -5
leaf_value=0.0057092932687898782 -0.0091477248258677729 -0.0056313857797729008 0.0055306413775618431 -0.00035729881423669741
leaf_weight=3.9410780444741276 2.8171040080487728 3.7255061753094205 8.0315413773059827 3.5133608691394338
leaf_count=43 22 35 76 33
internal_value=-0.00062599 -0.0035476 0.00103104 -0.00747533
internal_weight=22.0286 18.0875 11.757 6.33046
internal_count=209 166 111 55
is_linear=0
shrinkage=0.03


Tree=75
num_leaves=5
num_cat=0
split_feature=6 11 10 7
split_gain=0.887629 0.793645 0.695335 0.458539
threshold=-0.3765182186235127 0.49394367260136129 0.13019662423653497 -0.045326364640181742
decision_type=2 2 2 2
left_child=3 2 -2 -1
right_child=1 -3 -4 -5
leaf_value=-0.0016543088732600192 -0.0043816236692463661 -0.0075005827594516027 0.0057331213358266667 0.0074280182696147513
leaf_weight=3.127273190766573 1.2164965346455563 8.6392380408942682 5.0982074700295925 3.9330287687480476
leaf_count=30 12 68 63 36
internal_value=-0.000643886 -0.00410323 0.00229323 0.00479348
internal_weight=22.0142 14.9539 6.3147 7.0603
internal_count=209 143 75 66
is_linear=0
shrinkage=0.03


Tree=76
num_leaves=5
num_cat=0
split_feature=12 4 9 10
split_gain=0.871271 0.703839 1.48901 0.0632781
threshold=-2.2115385288884073 -0.028657614528224736 0.19930887146419099 0.52875458002022124
decision_type=2 2 2 2
left_child=-1 3 -3 -2
right_child=1 2 -4 -5
leaf_value=0.0058319299588131274 -0.0092299490726466989 0.005058385621037843 -0.0078094705697043286 -0.00026231356555183824
leaf_weight=3.4416297674179104 1.9759597182273929 12.529664304107422 2.6681890934705725 1.3922188766300676
leaf_count=36 17 130 16 10
internal_value=-0.000628078 -0.00344794 0.000596554 -0.00849224
internal_weight=22.0077 18.566 15.1979 3.36818
internal_count=209 173 146 27
is_linear=0
shrinkage=0.03


Tree=77
num_leaves=5
num_cat=0
split_feature=6 11 10 3
split_gain=0.87051 0.761837 0.685009 0.455224
threshold=-0.3765182186235127 0.49394367260136129 0.13019662423653497 0.048305428777634142
decision_type=2 2 2 2
left_child=-1 2 -2 -3
right_child=1 3 -4 -5
leaf_value=0.0047278803421574736 -0.0043774948821713516 -0.0091014867493528703 0.0056517920772607196 0.0014299408196092143
leaf_weight=7.0390657596290138 1.2165473289787758 7.0024162381887418 5.0774390436708927 1.6468373686075208
leaf_count=66 12 59 63 9
internal_value=-0.00066975 -0.00408843 0.00221641 -0.00740475
internal_weight=21.9823 14.9432 6.29399 8.64925
internal_count=209 143 75 68
is_linear=0
shrinkage=0.03


Tree=78
num_leaves=5
num_cat=0
split_feature=12 10 11 2
split_gain=0.863064 0.698844 1.19691 0.510985
threshold=-2.2115385288884073 0.31282870151476938 0.82687304860357047 -0.76004378426692998
decision_type=2 2 2 2
left_child=-1 3 -3 -2
right_child=1 2 -4 -5
leaf_value=0.0057785945759820474 -0.010529425977564436 0.0055037341466930342 -0.0061484040007296599 0.00086175598503491569
leaf_weight=3.4286632053554085 2.6188042871654034 9.3372402191162092 3.6006013453006736 2.985884282737973
leaf_count=36 21 96 24 32
internal_value=-0.00066542 -0.00346406 0.00099421 -0.00779753
internal_weight=21.9712 18.5425 12.9378 5.60469
internal_count=209 173 120 53
is_linear=0
shrinkage=0.03


Tree=79
num_leaves=5
num_cat=0
split_feature=12 4 9 10
split_gain=0.855846 0.694934 1.43767 0.0577786
threshold=-2.2115385288884073 -0.028657614528224736 0.19930887146419099 0.52875458002022124
decision_type=2 2 2 2
left_child=-1 3 -3 -2
right_child=1 2 -4 -5
leaf_value=0.0057383821517875723 -0.0091908873757343846 0.0049658325169219756 -0.0076798093227441319 -0.00028411336634510162
leaf_weight=3.4193266220390823 1.9787304252386158 12.487735427916045 2.6744030341505995 1.3893421590328214
leaf_count=36 17 130 16 10
internal_value=-0.00068835 -0.00346993 0.000569639 -0.00847774
internal_weight=21.9495 18.5302 15.1621 3.36807
internal_count=209 173 146 27
is_linear=0
shrinkage=0.03


Tree=80
num_leaves=5
num_cat=0
split_feature=12 10 11 2
split_gain=0.852206 0.679541 1.15964 0.498833
threshold=-2.2115385288884073 0.31282870151476938 0.82687304860357047 -0.76004378426692998
decision_type=2 2 2 2
left_child=-1 3 -3 -2
right_child=1 2 -4 -5
leaf_value=0.0056985212115159929 -0.010454769787615122 0.0053928752861860689 -0.0060763340156100793 0.00083704375220380097
leaf_weight=3.4100370556116131 2.6242351233959198 9.3037910237908346 3.6048220023512831 2.9814898483455208
leaf_count=36 21 96 24 32
internal_value=-0.000728739 -0.00349585 0.000935696 -0.00776109
internal_weight=21.9244 18.5143 12.9086 5.60572
internal_count=209 173 120 53
is_linear=0
shrinkage=0.03


Tree=81
num_leaves=5
num_cat=0
split_feature=12 9 10 11
split_gain=0.847471 0.956408 0.857515 0.382247
threshold=-1.5486255699339055 -0.012780813297256636 0.86237365395435717 0.62510012694693107
decision_type=2 2 2 2
left_child=-1 3 -3 -2
right_child=1 2 -4 -5
leaf_value=0.0047014969681513875 0.0062150531108994657 -0.009479339453629063 0.0029801753088185838 -0.0021004211151821974
leaf_weight=6.6350860372185734 2.1173445023596313 9.6601282283663696 1.463414505124091 2.0268841832876205
leaf_count=71 28 77 17 16
internal_value=-0.000750523 -0.00404284 -0.00720533 0.00353843
internal_weight=21.9029 15.2678 11.1235 4.14423
internal_count=209 138 94 44
is_linear=0
shrinkage=0.03


Tree=82
num_leaves=5
num_cat=0
split_feature=12 4 3 10
split_gain=0.826749 0.694339 1.40676 0.0516674
threshold=-2.2115385288884073 -0.028657614528224736 0.019959292276891145 0.52875458002022124
decision_type=2 2 2 2
left_child=-1 3 -3 -2
right_child=1 2 -4 -5
leaf_value=0.0056264614900619356 -0.0091232011107832758 0.0067782228250168929 -0.0052566465123406571 -0.00030667246951221114
leaf_weight=3.3931564912200001 1.9837940074503486 6.5921661779284433 8.5525716356933099 1.3867195285856722
leaf_count=36 17 75 71 10
internal_value=-0.000705939 -0.0034326 0.000594203 -0.00843816
internal_weight=21.9084 18.5153 15.1447 3.37051
internal_count=209 173 146 27
is_linear=0
shrinkage=0.03


Tree=83
num_leaves=5
num_cat=0
split_feature=12 4 9 10
split_gain=0.815612 0.687952 1.39283 0.0510308
threshold=-2.2115385288884073 -0.028657614528224736 0.19930887146419099 0.52875458002022124
decision_type=2 2 2 2
left_child=-1 3 -3 -2
right_child=1 2 -4 -5
leaf_value=0.0055875750264519864 -0.0090748839174745466 0.0049177847112371878 -0.0075312323507946673 -0.00030554839466622071
leaf_weight=3.3840008266270187 1.9877092540264194 12.460195429623122 2.6808443889021865 1.3868512809276579
leaf_count=36 17 130 16 10
internal_value=-0.000706284 -0.00341267 0.000594726 -0.00839402
internal_weight=21.8996 18.5156 15.141 3.37456
internal_count=209 173 146 27
is_linear=0
shrinkage=0.03


Tree=84
num_leaves=5
num_cat=0
split_feature=6 11 10 7
split_gain=0.814513 0.711586 0.657796 0.463288
threshold=-0.3765182186235127 0.49394367260136129 0.13019662423653497 -0.045326364640181742
decision_type=2 2 2 2
left_child=3 2 -2 -1
right_child=1 -3 -4 -5
leaf_value=-0.001786249839172097 -0.0043173267944057198 -0.0072221462027841675 0.0055027111933417866 0.0072104186216504738
leaf_weight=3.0970284007489681 1.2192879915237416 8.6507919318974 5.0352038666605949 3.8720534779131439
leaf_count=30 12 68 63 36
internal_value=-0.000745833 -0.00403134 0.00211 0.00451579
internal_weight=21.8744 14.9053 6.25449 6.96908
internal_count=209 143 75 66
is_linear=0
shrinkage=0.03


Tree=85
num_leaves=5
num_cat=0
split_feature=12 4 3 10
split_gain=0.808711 0.679764 1.35948 0.0487818
threshold=-2.2115385288884073 -0.028657614528224736 0.019959292276891145 0.52875458002022124
decision_type=2 2 2 2
left_child=-1 3 -3 -2
right_child=1 2 -4 -5
leaf_value=0.0055477795945647092 -0.0090377862560207314 0.0066676352957744031 -0.0051682368722959946 -0.00031275133547435592
leaf_weight=3.3736974410712746 1.9903221204876964 6.55909594148397 8.5589495785534364 1.3853075914084909
leaf_count=36 17 75 71 10
internal_value=-0.000729255 -0.00341949 0.000576994 -0.00836796
internal_weight=21.8674 18.4937 15.118 3.37563
internal_count=209 173 146 27
is_linear=0
shrinkage=0.03


Tree=86
num_leaves=5
num_cat=0
split_feature=12 4 9 10
split_gain=0.797815 0.673553 1.35352 0.0481743
threshold=-2.2115385288884073 -0.028657614528224736 0.19930887146419099 0.52875458002022124
decision_type=2 2 2 2
left_child=-1 3 -3 -2
right_child=1 2 -4 -5
leaf_value=0.0055095801748952719 -0.0089899221432510768 0.0048473153627112339 -0.0074259729545291331 -0.00031160581473193042
leaf_weight=3.3646452054381397 1.9940767623484199 12.428193226456637 2.6860051676630965 1.3854420110583303
leaf_count=36 17 130 16 10
internal_value=-0.000729146 -0.00339945 0.000577784 -0.00832418
internal_weight=21.8584 18.4937 15.1142 3.37952
internal_count=209 173 146 27
is_linear=0
shrinkage=0.03


Tree=87
num_leaves=5
num_cat=0
split_feature=12 0 10 14
split_gain=0.795327 0.631815 1.04424 0.178556
threshold=-2.0630456372550827 1.0000000180025095e-35 0.31282870151476938 1.0177172623297104
decision_type=2 2 2 2
left_child=3 -2 -3 -1
right_child=1 2 -4 -5
leaf_value=0.0065693687565754671 -0.0073828181605346708 -0.0055514701190492012 0.0054832502758230045 -0.00082468351908634768
leaf_weight=2.6119195893406899 6.3081226348876962 3.7161759287118912 7.9662869572639465 1.2306875698268411
leaf_count=28 55 35 76 15
internal_value=-0.000767771 -0.00350229 0.00103165 0.00531624
internal_weight=21.8332 17.9906 11.6825 3.84261
internal_count=209 166 111 43
is_linear=0
shrinkage=0.03


Tree=88
num_leaves=5
num_cat=0
split_feature=6 11 10 3
split_gain=0.792886 0.689395 0.644933 0.457943
threshold=-0.3765182186235127 0.49394367260136129 0.13019662423653497 0.048305428777634142
decision_type=2 2 2 2
left_child=-1 2 -2 -3
right_child=1 3 -4 -5
leaf_value=0.0044433750059131305 -0.0042843487612581124 -0.0088577856884495022 0.0054371283434165507 0.0015106270911615716
leaf_weight=6.9382590651512173 1.220883186906575 7.0055657438933832 5.0133430808782578 1.6494419574737547
leaf_count=66 12 59 63 9
internal_value=-0.000760832 -0.00399684 0.00206695 -0.00713126
internal_weight=21.8275 14.8892 6.23423 8.65501
internal_count=209 143 75 68
is_linear=0
shrinkage=0.03


Tree=89
num_leaves=5
num_cat=0
split_feature=12 4 3 10
split_gain=0.780568 0.66051 1.32679 0.049031
threshold=-2.2115385288884073 -0.028657614528224736 0.019959292276891145 0.52875458002022124
decision_type=2 2 2 2
left_child=-1 3 -3 -2
right_child=1 2 -4 -5
leaf_value=0.0054310486902138964 -0.008929366685463791 0.006587810055506277 -0.0051100709237222337 -0.00030202163294861499
leaf_weight=3.3451468199491527 1.997959073632962 6.5317220166325525 8.5562366507947427 1.3853600621223447
leaf_count=36 17 75 71 10
internal_value=-0.000754657 -0.00338898 0.000561391 -0.00826199
internal_weight=21.8164 18.4713 15.088 3.38332
internal_count=209 173 146 27
is_linear=0
shrinkage=0.03


Tree=90
num_leaves=5
num_cat=0
split_feature=12 10 11 2
split_gain=0.770062 0.656763 1.09102 0.474666
threshold=-2.2115385288884073 0.31282870151476938 0.82687304860357047 -0.76004378426692998
decision_type=2 2 2 2
left_child=-1 3 -3 -2
right_child=1 2 -4 -5
leaf_value=0.0053938589451512217 -0.010185149156549406 0.0052858395207530844 -0.0058481043521749427 0.00082358884750240494
leaf_weight=3.3362476304173496 2.6395486555993557 9.248353496193884 3.6125326417386523 2.9705794341862228
leaf_count=36 21 96 24 32
internal_value=-0.000754017 -0.00336894 0.0009683 -0.00756261
internal_weight=21.8073 18.471 12.8609 5.61013
internal_count=209 173 120 53
is_linear=0
shrinkage=0.03


Tree=91
num_leaves=5
num_cat=0
split_feature=12 9 10 11
split_gain=0.764885 0.89123 0.818408 0.374058
threshold=-1.5486255699339055 -0.012780813297256636 0.86237365395435717 0.62510012694693107
decision_type=2 2 2 2
left_child=-1 3 -3 -2
right_child=1 2 -4 -5
leaf_value=0.0044410921304934249 0.0061006039363640996 -0.0091683588877739235 0.0029500153184520246 -0.0021029755036289623
leaf_weight=6.5433824881911304 2.0910386666655567 9.672407582402224 1.4557929635047901 2.0228997319936752
leaf_count=71 28 77 17 16
internal_value=-0.00077455 -0.00388597 -0.00693712 0.00343482
internal_weight=21.7855 15.2421 11.1282 4.11394
internal_count=209 138 94 44
is_linear=0
shrinkage=0.03


Tree=92
num_leaves=5
num_cat=0
split_feature=12 4 9 10
split_gain=0.747139 0.670813 1.30559 0.0433544
threshold=-2.2115385288884073 -0.028657614528224736 0.19930887146419099 0.52875458002022124
decision_type=2 2 2 2
left_child=-1 3 -3 -2
right_child=1 2 -4 -5
leaf_value=0.0053266767419337044 -0.0088634387600310671 0.0048154124033817714 -0.0072432314414379471 -0.00032371228038920044
leaf_weight=3.3200993724167374 2.0022992417216368 12.39323909208178 2.6916223540902129 1.3828151635825632
leaf_count=36 17 130 16 10
internal_value=-0.000730109 -0.00330742 0.000634021 -0.00822305
internal_weight=21.7901 18.47 15.0849 3.38511
internal_count=209 173 146 27
is_linear=0
shrinkage=0.03


Tree=93
num_leaves=5
num_cat=0
split_feature=6 11 10 7
split_gain=0.745049 0.656049 0.628675 0.464959
threshold=-0.3765182186235127 0.49394367260136129 0.13019662423653497 -0.045326364640181742
decision_type=2 2 2 2
left_child=3 2 -2 -1
right_child=1 -3 -4 -5
leaf_value=-0.0018860036757240423 -0.0042368880410292714 -0.0069512441552280584 0.0053603627272320441 0.0070330006176441955
leaf_weight=3.0700413510203362 1.2228130064904679 8.6635554544627649 4.9895561151206493 3.8188488632440594
leaf_count=30 12 68 63 36
internal_value=-0.000768065 -0.00389675 0.00202313 0.004295
internal_weight=21.7648 14.8759 6.21237 6.88889
internal_count=209 143 75 66
is_linear=0
shrinkage=0.03


Tree=94
num_leaves=5
num_cat=0
split_feature=12 4 9 10
split_gain=0.741014 0.662831 1.27136 0.0412765
threshold=-2.2115385288884073 -0.028657614528224736 0.19930887146419099 0.52875458002022124
decision_type=2 2 2 2
left_child=-1 3 -3 -2
right_child=1 2 -4 -5
leaf_value=0.0052896784124925132 -0.0088269709512336612 0.0047498304905964333 -0.0071508202049929571 -0.00033051591330759343
leaf_weight=3.3102530948817757 2.004593517631299 12.365929603576655 2.695241965353488 1.3812997750937936
leaf_count=36 17 130 16 10
internal_value=-0.000751511 -0.00331398 0.000616611 -0.00819713
internal_weight=21.7573 18.4471 15.0612 3.38589
internal_count=209 173 146 27
is_linear=0
shrinkage=0.03


Tree=95
num_leaves=5
num_cat=0
split_feature=12 4 3 10
split_gain=0.738044 0.646207 1.26439 0.0407448
threshold=-2.2115385288884073 -0.028657614528224736 0.019959292276891145 0.52875458002022124
decision_type=2 2 2 2
left_child=-1 3 -3 -2
right_child=1 2 -4 -5
leaf_value=0.0052537010717169366 -0.008780261258285486 0.0064599127131175086 -0.0049690271490448268 -0.00032930835698827244
leaf_weight=3.3015455231070545 2.007947642356164 6.4837380200624422 8.5574924834072572 1.3814420737326143
leaf_count=36 17 75 71 10
internal_value=-0.000788719 -0.00333831 0.000569893 -0.00815429
internal_weight=21.7322 18.4306 15.0412 3.38939
internal_count=209 173 146 27
is_linear=0
shrinkage=0.03


Tree=96
num_leaves=5
num_cat=0
split_feature=12 0 10 14
split_gain=0.728567 0.624163 1.02382 0.181642
threshold=-2.0630456372550827 1.0000000180025095e-35 0.31282870151476938 1.0177172623297104
decision_type=2 2 2 2
left_child=3 -2 -3 -1
right_child=1 2 -4 -5
leaf_value=0.006360451128524589 -0.0072547113019472654 -0.0054559930753591453 0.0054809757369638822 -0.00089888794782592887
leaf_weight=2.5619052723050149 6.3008372224867353 3.7131879329681396 7.9305266626179218 1.2162310406565664
leaf_count=28 55 35 76 15
internal_value=-0.00078754 -0.00339244 0.00108381 0.00506725
internal_weight=21.7227 17.9446 11.6437 3.77814
internal_count=209 166 111 43
is_linear=0
shrinkage=0.03


Tree=97
num_leaves=5
num_cat=0
split_feature=6 11 10 3
split_gain=0.725934 0.635888 0.616495 0.459586
threshold=-0.3765182186235127 0.49394367260136129 0.13019662423653497 0.048305428777634142
decision_type=2 2 2 2
left_child=-1 2 -2 -3
right_child=1 3 -4 -5
leaf_value=0.0042289403284923475 -0.0042046353149370027 -0.0086200541696457821 0.0052974770373038372 0.0015870952779442125
leaf_weight=6.8587190955877331 1.2241330631077278 7.0124123990535718 4.9677571915090084 1.6535830348730085
leaf_count=66 12 59 63 9
internal_value=-0.000780666 -0.00386415 0.00198235 -0.00686556
internal_weight=21.7166 14.8579 6.19189 8.666
internal_count=209 143 75 68
is_linear=0
shrinkage=0.03


Tree=98
num_leaves=5
num_cat=0
split_feature=14 8 1 11
split_gain=0.715703 1.00898 1.33713 0.98895
threshold=0.45957852215089601 0.089440774780010751 0.0024775047633731622 0.82687304860357047
decision_type=2 2 2 2
left_child=-1 2 -2 -3
right_child=1 3 -4 -5
leaf_value=0.0051272378766262184 -0.011008850831542055 0.0084641645904571239 0.0026647627051806454 -0.0038262986261564519
leaf_weight=3.4528110697865513 7.3660265170037764 2.6674210354685775 5.1643539518117905 3.0547982342541218
leaf_count=35 74 31 49 20
internal_value=-0.000773598 -0.00330954 -0.00669188 0.00364246
internal_weight=21.7054 18.2526 12.5304 5.72222
internal_count=209 174 123 51
is_linear=0
shrinkage=0.03


Tree=99
num_leaves=5
num_cat=0
split_feature=12 4 9 10
split_gain=0.70495 0.649227 1.24026 0.041015
threshold=-2.2115385288884073 -0.028657614528224736 0.19930887146419099 0.52875458002022124
decision_type=2 2 2 2
left_child=-1 3 -3 -2
right_child=1 2 -4 -5
leaf_value=0.0051652890509232083 -0.0086894953986244913 0.0047205337338096969 -0.0070373066975184095 -0.00031996433162665951
leaf_weight=3.2786337099969414 2.0134633220732279 12.33681827411055 2.697519324719905 1.3805779851973055
leaf_count=36 17 130 16 10
internal_value=-0.000736713 -0.00323434 0.000642532 -0.0080657
internal_weight=21.707 18.4284 15.0343 3.39404
internal_count=209 173 146 27
is_linear=0
shrinkage=0.03


Tree=100
num_leaves=5
num_cat=0
split_feature=12 9 10 11
split_gain=0.705126 0.842759 0.780255 0.365297
threshold=-1.5486255699339055 -0.012780813297256636 0.86237365395435717 0.62510012694693107
decision_type=2 2 2 2
left_child=-1 3 -3 -2
right_child=1 2 -4 -5
leaf_value=0.00425635733790095 0.0060061908279360511 -0.0089051830946700085 0.0029031422122853005 -0.0020908817765374174
leaf_weight=6.4728324785828617 2.069340921938422 9.6741947606205887 1.4450698383152474 2.0203431993722916
leaf_count=71 28 77 17 16
internal_value=-0.000773433 -0.00375335 -0.00672257 0.00336116
internal_weight=21.6818 15.2089 11.1193 4.08968
internal_count=209 138 94 44
is_linear=0
shrinkage=0.03


Tree=101
num_leaves=5
num_cat=0
split_feature=14 8 1 11
split_gain=0.688175 0.99505 1.29861 0.962336
threshold=0.45957852215089601 0.089440774780010751 0.0024775047633731622 0.82687304860357047
decision_type=2 2 2 2
left_child=-1 2 -2 -3
right_child=1 3 -4 -5
leaf_value=0.0050532954132999821 -0.010836928819193408 0.008404959547858715 0.0026339517782636088 -0.0037411627419357439
leaf_weight=3.4348101466894176 7.3865644261240977 2.6522211730480185 5.1553332209587097 3.0564951039850712
leaf_count=35 74 31 49 20
internal_value=-0.000729469 -0.0032213 -0.00658767 0.00366007
internal_weight=21.6854 18.2506 12.5419 5.70872
internal_count=209 174 123 51
is_linear=0
shrinkage=0.03


Tree=102
num_leaves=5
num_cat=0
split_feature=12 4 9 10
split_gain=0.676826 0.653782 1.21687 0.0378761
threshold=-2.2115385288884073 -0.028657614528224736 0.19930887146419099 0.52875458002022124
decision_type=2 2 2 2
left_child=-1 3 -3 -2
right_child=1 2 -4 -5
leaf_value=0.0050872399761180392 -0.0086048561871832612 0.0047300846854347418 -0.0069199988478891713 -0.0003282523439292365
leaf_weight=3.258936099708083 2.0187356993556089 12.330467540770764 2.6996898278594008 1.3785303272306917
leaf_count=36 17 130 16 10
internal_value=-0.000693042 -0.00314525 0.000708871 -0.00799824
internal_weight=21.6864 18.4274 15.0302 3.39727
internal_count=209 173 146 27
is_linear=0
shrinkage=0.03


Tree=103
num_leaves=5
num_cat=0
split_feature=14 8 1 11
split_gain=0.675443 0.980915 1.25796 0.943515
threshold=0.45957852215089601 0.089440774780010751 0.0024775047633731622 0.82687304860357047
decision_type=2 2 2 2
left_child=-1 2 -2 -3
right_child=1 3 -4 -5
leaf_value=0.0050043618664128249 -0.0107084049557707 0.0083390171830186668 0.0025728082812997502 -0.003695613795976689
leaf_weight=3.4222767278552082 7.4023724757134932 2.635705277323722 5.1428003907203674 3.0577445775270462
leaf_count=35 74 31 49 20
internal_value=-0.000729898 -0.00319701 -0.00653764 0.00363929
internal_weight=21.6609 18.2386 12.5452 5.69345
internal_count=209 174 123 51
is_linear=0
shrinkage=0.03


Tree=104
num_leaves=5
num_cat=0
split_feature=12 9 10 11
split_gain=0.667166 0.812321 0.746106 0.364246
threshold=-1.5486255699339055 -0.012780813297256636 0.86237365395435717 0.62510012694693107
decision_type=2 2 2 2
left_child=-1 3 -3 -2
right_child=1 2 -4 -5
leaf_value=0.0041880909547487135 0.0059897028107629199 -0.0086642247216187126 0.0028597413860614296 -0.0020923921109484061
leaf_weight=6.4459898844361332 2.0655706115067032 9.6967771500348992 1.4349461793899525 2.0181580185890198
leaf_count=71 28 77 17 16
internal_value=-0.000693479 -0.00360231 -0.0065284 0.00334588
internal_weight=21.6614 15.2155 11.1317 4.08373
internal_count=209 138 94 44
is_linear=0
shrinkage=0.03


Tree=105
num_leaves=5
num_cat=0
split_feature=12 4 9 2
split_gain=0.649968 0.657748 1.19383 0.0394007
threshold=-2.2115385288884073 -0.028657614528224736 0.19930887146419099 -0.71567444349447784
decision_type=2 2 2 2
left_child=3 -2 -3 -1
right_child=1 2 -4 -5
leaf_value=0.0055061437706003307 -0.0079316235532137271 0.0047381523006862726 -0.006805306249931386 -4.2142505488506261e-05
leaf_weight=2.1333281993865971 3.4000749774277272 12.323307469487185 2.7013104781508437 1.1061477139592195
leaf_count=20 27 130 16 16
internal_value=-0.000650881 -0.00305894 0.000772636 0.00501076
internal_weight=21.6642 18.4247 15.0246 3.23948
internal_count=209 173 146 36
is_linear=0
shrinkage=0.03


Tree=106
num_leaves=5
num_cat=0
split_feature=14 8 1 11
split_gain=0.650607 0.967733 1.22145 0.917179
threshold=0.45957852215089601 0.089440774780010751 0.0024775047633731622 0.82687304860357047
decision_type=2 2 2 2
left_child=-1 2 -2 -3
right_child=1 3 -4 -5
leaf_value=0.0049453047236974719 -0.010536602332031386 0.0082818903582700734 0.0025445295478755225 -0.0036076658007158612
leaf_weight=3.4068226218223598 7.4218795262277144 2.6207795515656462 5.134323064237833 3.059957817196846
leaf_count=35 74 31 49 20
internal_value=-0.000674664 -0.00310408 -0.00643094 0.00366105
internal_weight=21.6438 18.2369 12.5562 5.68074
internal_count=209 174 123 51
is_linear=0
shrinkage=0.03


Tree=107
num_leaves=5
num_cat=0
split_feature=12 9 10 11
split_gain=0.640208 0.787957 0.721409 0.361606
threshold=-1.5486255699339055 -0.012780813297256636 0.86237365395435717 0.62510012694693107
decision_type=2 2 2 2
left_child=-1 3 -3 -2
right_child=1 2 -4 -5
leaf_value=0.0041358618540254972 0.0059624362887725586 -0.0084858844592114284 0.0028276381986151282 -0.0020880152456525603
leaf_weight=6.4258533343672779 2.0598058849573162 9.7125386707484669 1.4282339997589577 2.0172129720449448
leaf_count=71 28 77 17 16
internal_value=-0.000638822 -0.00349554 -0.00638403 0.00332554
internal_weight=21.6436 15.2178 11.1408 4.07702
internal_count=209 138 94 44
is_linear=0
shrinkage=0.03


Tree=108
num_leaves=5
num_cat=0
split_feature=12 0 10 14
split_gain=0.62475 0.638904 1.00778 0.178134
threshold=-2.0630456372550827 1.0000000180025095e-35 0.092792257204698261 1.0177172623297104
decision_type=2 2 2 2
left_child=3 -2 -3 -1
right_child=1 2 -4 -5
leaf_value=0.0061111715434856847 -0.0069762909788636147 -0.0058024842090495694 0.0052405760479710337 -0.00094013528303779474
leaf_weight=2.500639706850055 6.3013123162090787 2.3909770026803026 9.2467288672924024 1.2060582488775251
leaf_count=28 55 16 95 15
internal_value=-0.000597201 -0.00303365 0.00133866 0.00480483
internal_weight=21.6457 17.939 11.6377 3.7067
internal_count=209 166 111 43
is_linear=0
shrinkage=0.03


Tree=109
num_leaves=5
num_cat=0
split_feature=14 8 1 11
split_gain=0.624002 0.939581 1.19697 0.898393
threshold=0.45957852215089601 0.089440774780010751 0.0024775047633731622 0.82687304860357047
decision_type=2 2 2 2
left_child=-1 2 -2 -3
right_child=1 3 -4 -5
leaf_value=0.0048892808937655912 -0.010347655871924204 0.0082225613816037726 0.0025614254866131903 -0.003556199549233171
leaf_weight=3.3921907730400589 7.4424010738730448 2.6056865714490405 5.1342717632651329 3.0603429861366749
leaf_count=35 74 31 49 20
internal_value=-0.000601824 -0.00299252 -0.00627739 0.00365159
internal_weight=21.6349 18.2427 12.5767 5.66603
internal_count=209 174 123 51
is_linear=0
shrinkage=0.03


Tree=110
num_leaves=5
num_cat=0
split_feature=12 9 10 11
split_gain=0.612376 0.771115 0.695038 0.356891
threshold=-1.5486255699339055 -0.012780813297256636 0.86237365395435717 0.62510012694693107
decision_type=2 2 2 2
left_child=-1 3 -3 -2
right_child=1 2 -4 -5
leaf_value=0.00409065399679892 0.0059504352942119755 -0.0083046538755578454 0.0027879715424133336 -0.0020610011800011566
leaf_weight=6.4077728241682079 2.0561825968325165 9.7308288514614052 1.420281659811734 2.0189554467797279
leaf_count=71 28 77 17 16
internal_value=-0.000566836 -0.00337148 -0.00624167 0.00333698
internal_weight=21.634 15.2262 11.1511 4.07514
internal_count=209 138 94 44
is_linear=0
shrinkage=0.03


Tree=111
num_leaves=5
num_cat=0
split_feature=6 11 10 7
split_gain=0.59846 0.623538 0.605616 0.484688
threshold=-0.3765182186235127 0.49394367260136129 0.13019662423653497 -0.045326364640181742
decision_type=2 2 2 2
left_child=3 2 -2 -1
right_child=1 -3 -4 -5
leaf_value=-0.0020998661901227822 -0.0040446784900954342 -0.0063922173602211207 0.0054233649865389998 0.0068523910500305901
leaf_weight=3.0173249319195747 1.2289327047765244 8.6665223576128465 4.9731362424790859 3.7495032697916058
leaf_count=30 12 68 63 36
internal_value=-0.000526333 -0.00335898 0.00220881 0.00398897
internal_weight=21.6354 14.8686 6.20207 6.76683
internal_count=209 143 75 66
is_linear=0
shrinkage=0.03


Tree=112
num_leaves=5
num_cat=0
split_feature=12 4 9 2
split_gain=0.593891 0.676252 1.16414 0.0399428
threshold=-2.2115385288884073 -0.028657614528224736 0.19930887146419099 -0.71567444349447784
decision_type=2 2 2 2
left_child=3 -2 -3 -1
right_child=1 2 -4 -5
leaf_value=0.005377858227059106 -0.0077953575608568802 0.0048211956488301792 -0.0065910114943553665 -6.1603060789615976e-05
leaf_weight=2.1023268103599553 3.4047384262085023 12.315515223890538 2.7020881399512282 1.1015186198055769
leaf_count=20 27 130 16 16
internal_value=-0.000513061 -0.00283674 0.000954042 0.00487742
internal_weight=21.6262 18.4223 15.0176 3.20385
internal_count=209 173 146 36
is_linear=0
shrinkage=0.03


Tree=113
num_leaves=5
num_cat=0
split_feature=14 8 1 11
split_gain=0.596621 0.934536 1.16019 0.868528
threshold=0.45957852215089601 0.089440774780010751 0.0024775047633731622 0.82687304860357047
decision_type=2 2 2 2
left_child=-1 2 -2 -3
right_child=1 3 -4 -5
leaf_value=0.0048213760747229965 -0.010180144565931424 0.0081754416072323689 0.002528373672891149 -0.0034426959553238317
leaf_weight=3.3738331161439445 7.4560327567160147 2.5920588858425608 5.1218854077160358 3.0612849742174149
leaf_count=35 74 31 49 20
internal_value=-0.000538245 -0.00288657 -0.00617733 0.00370398
internal_weight=21.6051 18.2313 12.5779 5.65334
internal_count=209 174 123 51
is_linear=0
shrinkage=0.03


Tree=114
num_leaves=5
num_cat=0
split_feature=3 8 13 1
split_gain=0.584846 0.884638 0.812431 0.797701
threshold=0.019959292276891145 0.1467036373100967 8.0049663851473483 0.041224399262750684
decision_type=2 2 2 2
left_child=2 -2 3 -1
right_child=1 -3 -4 -5
leaf_value=0.008911925473197602 -0.0074908524807739173 0.004064087190438704 -0.0034816574516785626 -0.0030798007514219903
leaf_weight=6.9505583755671996 7.0522325895726663 1.5426032170653341 4.7008715346455565 1.3572944067418573
leaf_count=80 62 9 48 10
internal_value=-0.000503902 -0.00434667 0.00282069 0.00634066
internal_weight=21.6036 8.59484 13.0087 8.30785
internal_count=209 71 138 90
is_linear=0
shrinkage=0.03


Tree=115
num_leaves=5
num_cat=0
split_feature=14 8 1 11
split_gain=0.582033 0.903174 1.12373 0.857285
threshold=0.45957852215089601 0.089440774780010751 0.0024775047633731622 0.82687304860357047
decision_type=2 2 2 2
left_child=-1 2 -2 -3
right_child=1 3 -4 -5
leaf_value=0.0047878090374734858 -0.0099946617610096478 0.0081076619085074068 0.0025018413675442384 -0.0034310649806588156
leaf_weight=3.3653203658759621 7.4800269678235072 2.5747039020061484 5.1145585477352142 3.0613016076385975
leaf_count=35 74 31 49 20
internal_value=-0.000498952 -0.00282514 -0.00605865 0.00365421
internal_weight=21.5959 18.2306 12.5946 5.63601
internal_count=209 174 123 51
is_linear=0
shrinkage=0.03


Tree=116
num_leaves=5
num_cat=0
split_feature=12 4 9 10
split_gain=0.569752 0.667084 1.147 0.0408762
threshold=-2.2115385288884073 -0.028657614528224736 0.19930887146419099 0.52875458002022124
decision_type=2 2 2 2
left_child=-1 3 -3 -2
right_child=1 2 -4 -5
leaf_value=0.004808816380436641 -0.008285941816092407 0.0048232288591149161 -0.006510292072060774 -0.00028472903829908819
leaf_weight=3.1850962042808559 2.0343299657106466 12.296660549938673 2.7009756118059149 1.3767366558313368
leaf_count=36 17 130 16 10
internal_value=-0.000465139 -0.00274916 0.000994287 -0.00767687
internal_weight=21.5938 18.4087 14.9976 3.41107
internal_count=209 173 146 27
is_linear=0
shrinkage=0.03


Tree=117
num_leaves=5
num_cat=0
split_feature=14 8 1 11
split_gain=0.571861 0.891088 1.08848 0.840667
threshold=0.45957852215089601 0.089440774780010751 0.0024775047633731622 0.82687304860357047
decision_type=2 2 2 2
left_child=-1 2 -2 -3
right_child=1 3 -4 -5
leaf_value=0.0047421699744954514 -0.0098808598506814893 0.0080445602745925562 0.0024416347464927966 -0.0033896669237908602
leaf_weight=3.3532667160034206 7.4919786155223864 2.5583921968936911 5.1020709089934826 3.0617454424500465
leaf_count=35 74 31 49 20
internal_value=-0.000503266 -0.00280746 -0.0060176 0.00363324
internal_weight=21.5675 18.2142 12.594 5.62014
internal_count=209 174 123 51
is_linear=0
shrinkage=0.03


Tree=118
num_leaves=5
num_cat=0
split_feature=12 9 10 11
split_gain=0.561868 0.736114 0.652987 0.352331
threshold=-1.5486255699339055 -0.012780813297256636 0.86237365395435717 0.62510012694693107
decision_type=2 2 2 2
left_child=-1 3 -3 -2
right_child=1 2 -4 -5
leaf_value=0.0039803765297300548 0.005924568574742637 -0.0079985954751740345 0.0027283887264691166 -0.0020429979083126204
leaf_weight=6.3584661595523384 2.0481437668204334 9.7383212372660584 1.404467362910508 2.0156537815928459
leaf_count=71 28 77 17 16
internal_value=-0.000469446 -0.00317103 -0.00599557 0.00332998
internal_weight=21.5651 15.2066 11.1428 4.0638
internal_count=209 138 94 44
is_linear=0
shrinkage=0.03


Tree=119
num_leaves=5
num_cat=0
split_feature=12 0 10 14
split_gain=0.547687 0.650567 0.989889 0.17547
threshold=-2.0630456372550827 1.0000000180025095e-35 0.092792257204698261 1.0177172623297104
decision_type=2 2 2 2
left_child=3 -2 -3 -1
right_child=1 2 -4 -5
leaf_value=0.0059223847314724435 -0.0067510967165166271 -0.0056112180930841162 0.0053621787433802224 -0.00097279732511869994
leaf_weight=2.4521273896098168 6.2960356287658223 2.3918616920709619 9.2278866507112962 1.1974444165825842
leaf_count=28 55 16 95 15
internal_value=-0.000430622 -0.00273846 0.00155274 0.00460479
internal_weight=21.5654 17.9158 11.6197 3.64957
internal_count=209 166 111 43
is_linear=0
shrinkage=0.03


Tree=120
num_leaves=5
num_cat=0
split_feature=14 8 1 11
split_gain=0.548736 0.865318 1.06697 0.823778
threshold=0.45957852215089601 0.089440774780010751 0.0024775047633731622 0.82687304860357047
decision_type=2 2 2 2
left_child=-1 2 -2 -3
right_child=1 3 -4 -5
leaf_value=0.0046891913337693469 -0.0097073818478912947 0.0079866313802556075 0.0024566039278241434 -0.0033430754767920052
leaf_weight=3.3390938006341484 7.5081481002271193 2.5432735010981551 5.1016200222074986 3.0614356473088264
leaf_count=35 74 31 49 20
internal_value=-0.000437253 -0.00270593 -0.0058762 0.00362154
internal_weight=21.5536 18.2145 12.6098 5.60471
internal_count=209 174 123 51
is_linear=0
shrinkage=0.03


Tree=121
num_leaves=5
num_cat=0
split_feature=3 8 13 1
split_gain=0.537871 0.843674 0.780424 0.779135
threshold=0.019959292276891145 0.1467036373100967 8.0049663851473483 0.041224399262750684
decision_type=2 2 2 2
left_child=2 -2 3 -1
right_child=1 -3 -4 -5
leaf_value=0.0087825526665551885 -0.0071951944503824946 0.0040386598620247623 -0.0034086070196640331 -0.0030568238153327459
leaf_weight=6.8928878642618674 7.0805498212575895 1.5307508632540701 4.69167611375451 1.3546637110412119
leaf_count=80 62 9 48 10
internal_value=-0.000404233 -0.00410122 0.00277147 0.00622842
internal_weight=21.5505 8.6113 12.9392 8.24755
internal_count=209 71 138 90
is_linear=0
shrinkage=0.03


Tree=122
num_leaves=5
num_cat=0
split_feature=14 8 1 11
split_gain=0.535372 0.836437 1.03347 0.813277
threshold=0.45957852215089601 0.089440774780010751 0.0024775047633731622 0.82687304860357047
decision_type=2 2 2 2
left_child=-1 2 -2 -3
right_child=1 3 -4 -5
leaf_value=0.0046568824863958561 -0.0095314054001252244 0.0079211304542902775 0.0024304247446202717 -0.0033322121594511768
leaf_weight=3.3307628259062794 7.5295488312840479 2.5261362791061392 5.0942926779389381 3.0613364018499851
leaf_count=35 74 31 49 20
internal_value=-0.000400033 -0.00264779 -0.00576364 0.00357326
internal_weight=21.5421 18.2113 12.6238 5.58747
internal_count=209 174 123 51
is_linear=0
shrinkage=0.03


Tree=123
num_leaves=5
num_cat=0
split_feature=12 9 10 11
split_gain=0.523486 0.719013 0.618224 0.347397
threshold=-1.5486255699339055 -0.012780813297256636 0.86237365395435717 0.62510012694693107
decision_type=2 2 2 2
left_child=-1 3 -3 -2
right_child=1 2 -4 -5
leaf_value=0.0039102083587509847 0.0059321467060008456 -0.0077562775280174074 0.0026699546345044997 -0.0020047666965339913
leaf_weight=6.3283371347934034 2.0471156351268318 9.7552032805979199 1.3910997062921513 2.0167650356888771
leaf_count=71 28 77 17 16
internal_value=-0.000367534 -0.00299239 -0.00580778 0.00336852
internal_weight=21.5385 15.2102 11.1463 4.06388
internal_count=209 138 94 44
is_linear=0
shrinkage=0.03


Tree=124
num_leaves=5
num_cat=0
split_feature=11 8 14 14
split_gain=0.514564 1.13276 0.694932 0.44855
threshold=0.82687304860357047 0.04644502705269965 0.45957852215089601 11.967982716415682
decision_type=2 2 2 2
left_child=1 2 -1 -3
right_child=-2 3 -4 -5
leaf_value=0.0037094090723653376 -0.0047350173756008796 0.010109254134435681 -0.0056323695156300837 -0.0014251114367280057
leaf_weight=2.9771724082529607 4.8327954187989226 3.4244848005473605 9.2156054340302926 1.087929733097553
leaf_count=33 34 41 91 10
internal_value=-0.000330246 0.00223995 -0.00270772 0.00826258
internal_weight=21.538 16.7052 12.1928 4.51241
internal_count=209 175 124 51
is_linear=0
shrinkage=0.03


Tree=125
num_leaves=5
num_cat=0
split_feature=11 8 14 5
split_gain=0.509171 1.10735 0.679827 0.490283
threshold=0.82687304860357047 0.04644502705269965 0.45957852215089601 0.73165665616118813
decision_type=2 2 2 2
left_child=1 2 -1 -3
right_child=-2 3 -4 -5
leaf_value=0.0036852836944617998 -0.0046876480023365164 0.010155721552201701 -0.0055472732216139053 -0.0016109256516590503
leaf_weight=2.9723006542772117 4.8361827470362178 3.4601312913000575 9.2294547408819181 1.035067420452833
leaf_count=33 34 43 91 8
internal_value=-0.000300971 0.00224955 -0.00265134 0.00820414
internal_weight=21.5331 16.697 12.2018 4.4952
internal_count=209 175 124 51
is_linear=0
shrinkage=0.03


Tree=126
num_leaves=5
num_cat=0
split_feature=11 8 14 5
split_gain=0.503694 1.08226 0.665073 0.485427
threshold=0.82687304860357047 0.04644502705269965 0.45957852215089601 0.73165665616118813
decision_type=2 2 2 2
left_child=1 2 -1 -3
right_child=-2 3 -4 -5
leaf_value=0.0036613401943262312 -0.0046407551571554222 0.010091403010923752 -0.0054634931709208415 -0.0016062751145152656
leaf_weight=2.967453755438334 4.8394931815564624 3.4417329020798197 9.2429939135909063 1.0358626469969747
leaf_count=33 34 43 91 8
internal_value=-0.000272868 0.00225808 -0.00259588 0.00814495
internal_weight=21.5275 16.688 12.2104 4.4776
internal_count=209 175 124 51
is_linear=0
shrinkage=0.03


Tree=127
num_leaves=5
num_cat=0
split_feature=3 8 11 13
split_gain=0.498412 0.807659 0.778965 0.759222
threshold=0.019959292276891145 0.1467036373100967 0.4328641745738866 8.0049663851473483
decision_type=2 2 2 2
left_child=3 2 -2 -1
right_child=1 -3 -4 -5
leaf_value=0.0061871526786604104 0.0021292022752512439 0.0040366041134455421 -0.010050300309349535 -0.0033340803755242195
leaf_weight=8.2047327049076575 2.6840775981545431 1.5228493735194204 4.4170721471309662 4.6929385513067237
leaf_count=90 30 9 32 48
internal_value=-0.000245156 -0.00383246 -0.00689363 0.00277967
internal_weight=21.5217 8.624 7.10115 12.8977
internal_count=209 71 62 138
is_linear=0
shrinkage=0.03


Tree=128
num_leaves=5
num_cat=0
split_feature=11 8 14 2
split_gain=0.49792 1.05221 0.649647 0.567499
threshold=0.82687304860357047 0.04644502705269965 0.45957852215089601 -2.4356646331491545
decision_type=2 2 2 2
left_child=1 2 -1 -3
right_child=-2 3 -4 -5
leaf_value=0.0036387419843169643 -0.0045947470172810903 -0.0019585699152356319 -0.0053716332033769392 0.0102135291703878
leaf_weight=2.9615682289004388 4.8408145010471335 0.93631388247013081 9.2523487284779531 3.5173577778041354
leaf_count=33 34 6 91 45
internal_value=-0.000247621 0.00226446 -0.00253232 0.00806995
internal_weight=21.5084 16.6676 12.2139 4.45367
internal_count=209 175 124 51
is_linear=0
shrinkage=0.03


Tree=129
num_leaves=5
num_cat=0
split_feature=11 8 14 2
split_gain=0.492302 1.02793 0.635596 0.56205
threshold=0.82687304860357047 0.04644502705269965 0.45957852215089601 -2.4356646331491545
decision_type=2 2 2 2
left_child=1 2 -1 -3
right_child=-2 3 -4 -5
leaf_value=0.0036151566569317057 -0.0045488030184017503 -0.0019533861541569035 -0.0052905932377189501 0.010148408734290536
leaf_weight=2.9567752592265668 4.8439709059894076 0.93715906515717495 9.2652318775653821 3.4981875531375399
leaf_count=33 34 6 91 45
internal_value=-0.00022175 0.00227093 -0.00247879 0.00800955
internal_weight=21.5013 16.6574 12.222 4.43535
internal_count=209 175 124 51
is_linear=0
shrinkage=0.03


Tree=130
num_leaves=5
num_cat=0
split_feature=11 8 14 2
split_gain=0.486742 1.00424 0.621869 0.55667
threshold=0.82687304860357047 0.04644502705269965 0.45957852215089601 -2.4356646331491545
decision_type=2 2 2 2
left_child=1 2 -1 -3
right_child=-2 3 -4 -5
leaf_value=0.0035917487788600841 -0.0045033214027951022 -0.0019482125376321495 -0.0052108022632182567 0.01008396749659996
leaf_weight=2.9520069323480191 4.8470549359917632 0.93800135329365719 9.2778273932635766 3.4791188202798358
leaf_count=33 34 6 91 45
internal_value=-0.000196234 0.00227722 -0.00242614 0.00794982
internal_weight=21.494 16.647 12.2298 4.41712
internal_count=209 175 124 51
is_linear=0
shrinkage=0.03


Tree=131
num_leaves=5
num_cat=0
split_feature=3 8 11 4
split_gain=0.482049 0.783511 0.760691 0.745225
threshold=0.019959292276891145 0.1467036373100967 0.4328641745738866 -0.028657614528224736
decision_type=2 2 2 2
left_child=3 2 -2 -1
right_child=1 -3 -4 -5
leaf_value=-0.0027756591384517225 0.002130957227821658 0.0040066764595611112 -0.0098681312535809813 0.0066156272793895165
leaf_weight=6.366156030446291 2.6793105974793416 1.5135953873395918 4.4211109913885593 6.506294062361123
leaf_count=60 30 9 32 78
internal_value=-0.000171073 -0.00371543 -0.00674196 0.00278818
internal_weight=21.4865 8.61402 7.10042 12.8725
internal_count=209 71 62 138
is_linear=0
shrinkage=0.03


Tree=132
num_leaves=5
num_cat=0
split_feature=12 0 10 14
split_gain=0.48165 0.654692 0.931823 0.17419
threshold=-2.0630456372550827 1.0000000180025095e-35 0.092792257204698261 1.0177172623297104
decision_type=2 2 2 2
left_child=3 -2 -3 -1
right_child=1 2 -4 -5
leaf_value=0.0058252902500781547 -0.0064503578112953888 -0.005264424684499675 0.0054275240167156579 -0.00099128607020771645
leaf_weight=2.4232700970023902 6.3029866628348836 2.4019651263952264 9.158694349229334 1.1908216066658495
leaf_count=28 55 16 95 15
internal_value=-0.000164853 -0.00238537 0.00179471 0.00450091
internal_weight=21.4777 17.8636 11.5607 3.61409
internal_count=209 166 111 43
is_linear=0
shrinkage=0.03


Tree=133
num_leaves=5
num_cat=0
split_feature=11 2 13 13
split_gain=0.483412 0.99426 1.0152 0.217697
threshold=0.82687304860357047 -2.6745784256710947 8.3605498990747513 3.7979792059213744
decision_type=2 2 2 2
left_child=1 -1 -3 -2
right_child=3 2 -4 -5
leaf_value=-0.0055132421162036663 -0.0060115566788306743 0.00805096133361787 -0.0036743484168427543 0.0011278553507910057
leaf_weight=2.1188606657087847 3.2214758805930606 11.703139398247002 2.7952832020819196 1.6261413544416425
leaf_count=12 21 128 35 13
internal_value=-0.000173732 0.00228808 0.00521327 -0.00447001
internal_weight=21.4649 16.6173 14.4984 4.84762
internal_count=209 175 163 34
is_linear=0
shrinkage=0.03


Tree=134
num_leaves=5
num_cat=0
split_feature=12 4 9 14
split_gain=0.48182 0.674562 1.10107 0.0471718
threshold=-2.2115385288884073 -0.028657614528224736 0.19930887146419099 0.57721637280109217
decision_type=2 2 2 2
left_child=3 -2 -3 -1
right_child=1 2 -4 -5
leaf_value=0.0052409119285188053 -0.0073603388968125011 0.0049536344057210238 -0.0061880571369560171 -4.7591785729378085e-05
leaf_weight=1.578291643410924 3.4169435426592889 12.211532734334464 2.6873075515031806 1.5417170599102972
leaf_count=18 27 130 16 18
internal_value=-0.000225975 -0.00237448 0.00126584 0.00458319
internal_weight=21.4358 18.3158 14.8988 3.12001
internal_count=209 173 146 36
is_linear=0
shrinkage=0.03


Tree=135
num_leaves=5
num_cat=0
split_feature=12 9 10 11
split_gain=0.48359 0.704546 0.569452 0.327462
threshold=-1.5486255699339055 -0.012780813297256636 0.86237365395435717 0.62510012694693107
decision_type=2 2 2 2
left_child=-1 3 -3 -2
right_child=1 2 -4 -5
leaf_value=0.0038386135785856931 0.0058862942251295836 -0.0074848035545252911 0.0025576831400928248 -0.001886388903814115
leaf_weight=6.2833032179623869 2.0284336172044304 9.7195277884602493 1.3612267561256874 2.0221123918890953
leaf_count=71 28 77 17 16
internal_value=-0.000251747 -0.00280184 -0.00562306 0.0034251
internal_weight=21.4146 15.1313 11.0808 4.05055
internal_count=209 138 94 44
is_linear=0
shrinkage=0.03


Tree=136
num_leaves=5
num_cat=0
split_feature=6 11 13 12
split_gain=0.471475 0.908618 1.39708 0.575508
threshold=0.68044965786901324 0.73314850445171065 8.3605498990747513 1.374374081126674
decision_type=2 2 2 2
left_child=1 2 -1 -2
right_child=3 -3 -4 -5
leaf_value=0.0097717393051163035 0.002665030094022666 -0.0039439690753854065 -0.0043737282124242573 -0.0074083435736968318
leaf_weight=8.0584097020328098 1.8597901798784722 5.635250646620988 2.6463433858007184 3.2131095789372921
leaf_count=89 18 42 34 26
internal_value=-0.000216316 0.00225837 0.00585133 -0.00439733
internal_weight=21.4129 16.34 10.7048 5.0729
internal_count=209 165 123 44
is_linear=0
shrinkage=0.03


Tree=137
num_leaves=5
num_cat=0
split_feature=12 4 9 14
split_gain=0.473902 0.661881 1.06749 0.0480184
threshold=-2.2115385288884073 -0.028657614528224736 0.19930887146419099 0.57721637280109217
decision_type=2 2 2 2
left_child=3 -2 -3 -1
right_child=1 2 -4 -5
leaf_value=0.0051995050108964843 -0.0073035274499482234 0.0048821069183512915 -0.0060918854650364503 -6.1358033164362103e-05
leaf_weight=1.5680080205202132 3.4195377863943639 12.178268954157824 2.6854910366237155 1.538622375577688
leaf_count=18 27 130 16 18
internal_value=-0.000241221 -0.00236931 0.00124672 0.0045351
internal_weight=21.3899 18.2833 14.8638 3.10663
internal_count=209 173 146 36
is_linear=0
shrinkage=0.03


Tree=138
num_leaves=5
num_cat=0
split_feature=12 0 10 14
split_gain=0.474672 0.605861 0.912081 0.173476
threshold=-2.0630456372550827 1.0000000180025095e-35 0.092792257204698261 1.0177172623297104
decision_type=2 2 2 2
left_child=3 -2 -3 -1
right_child=1 2 -4 -5
leaf_value=0.0057312810914887102 -0.006337010935100717 -0.0052899103792616977 0.0052770961747784688 -0.0010128739918680366
leaf_weight=2.3982540611177714 6.2972468249499807 2.3938314765691766 9.0930368453264219 1.1864678673446176
leaf_count=28 55 16 95 15
internal_value=-0.000266344 -0.0024504 0.00163791 0.00439666
internal_weight=21.3688 17.7841 11.4869 3.58472
internal_count=209 166 111 43
is_linear=0
shrinkage=0.03


Tree=139
num_leaves=5
num_cat=0
split_feature=3 8 11 4
split_gain=0.477331 0.7902 0.715894 0.701362
threshold=0.019959292276891145 0.1467036373100967 0.4328641745738866 -0.028657614528224736
decision_type=2 2 2 2
left_child=3 2 -2 -1
right_child=1 -3 -4 -5
leaf_value=-0.0026937473019586866 0.0019848126524022727 0.0040037990556436379 -0.0098087204945067757 0.0064276981911858119
leaf_weight=6.3518392331898212 2.6500349268317205 1.5044457763433454 4.4124291874468327 6.4374520312994736
leaf_count=60 30 9 32 78
internal_value=-0.000273974 -0.00378081 -0.00681376 0.00270334
internal_weight=21.3562 8.56691 7.06246 12.7893
internal_count=209 71 62 138
is_linear=0
shrinkage=0.03


Tree=140
num_leaves=5
num_cat=0
split_feature=12 9 10 11
split_gain=0.473024 0.686108 0.550713 0.320276
threshold=-1.5486255699339055 -0.012780813297256636 0.86237365395435717 0.62510012694693107
decision_type=2 2 2 2
left_child=-1 3 -3 -2
right_child=1 2 -4 -5
leaf_value=0.0037862567865583536 0.0058120555467503065 -0.0073933834624110599 0.0025063017577079657 -0.0018709681742791302
leaf_weight=6.2594458982348469 2.0113441236317184 9.7050818204879707 1.350830528885125 2.0208554491400719
leaf_count=71 28 77 17 16
internal_value=-0.000266567 -0.00278692 -0.00556797 0.00337224
internal_weight=21.3476 15.0881 11.0559 4.0322
internal_count=209 138 94 44
is_linear=0
shrinkage=0.03


Tree=141
num_leaves=5
num_cat=0
split_feature=14 8 1 11
split_gain=0.462385 0.732803 0.999878 0.690975
threshold=0.45957852215089601 0.089440774780010751 0.0024775047633731622 0.82687304860357047
decision_type=2 2 2 2
left_child=-1 2 -2 -3
right_child=1 3 -4 -5
leaf_value=0.0044416650580781491 -0.0090381777763316254 0.0074530624180016852 0.0025762771302964317 -0.0029917719395492538
leaf_weight=3.2694053910672691 7.5234759673476237 2.3995770364999762 5.0868273004889488 3.0663117319345474
leaf_count=35 74 31 49 20
internal_value=-0.000231318 -0.00235748 -0.00528575 0.00344781
internal_weight=21.3456 18.0762 12.6103 5.46589
internal_count=209 174 123 51
is_linear=0
shrinkage=0.03


Tree=142
num_leaves=5
num_cat=0
split_feature=12 4 9 10
split_gain=0.454919 0.645212 1.0445 0.0521271
threshold=-2.2115385288884073 -0.028657614528224736 0.19930887146419099 0.52875458002022124
decision_type=2 2 2 2
left_child=-1 3 -3 -2
right_child=1 2 -4 -5
leaf_value=0.0044728557076328798 -0.007817987356955769 0.0048567886217686738 -0.0060055332372101356 -0.00017959132400148793
leaf_weight=3.0890362113714245 2.047843690961606 12.144547581672663 2.6817731969058505 1.3769663870334623
leaf_count=36 17 130 16 10
internal_value=-0.000200929 -0.00229522 0.00126441 -0.0071683
internal_weight=21.3402 18.2511 14.8263 3.42481
internal_count=209 173 146 27
is_linear=0
shrinkage=0.03


Tree=143
num_leaves=5
num_cat=0
split_feature=12 0 10 14
split_gain=0.454938 0.593492 0.89348 0.171523
threshold=-2.0630456372550827 1.0000000180025095e-35 0.092792257204698261 1.0177172623297104
decision_type=2 2 2 2
left_child=3 -2 -3 -1
right_child=1 2 -4 -5
leaf_value=0.0056580984764379658 -0.0062344539778989754 -0.005217056505372999 0.0052495566299471056 -0.0010191954053780684
leaf_weight=2.379077721387151 6.2939759902656087 2.3915482163429269 9.0645218305289728 1.1842718571424482
leaf_count=28 55 16 95 15
internal_value=-0.000239772 -0.00238382 0.00165142 0.00432364
internal_weight=21.3134 17.75 11.4561 3.56335
internal_count=209 166 111 43
is_linear=0
shrinkage=0.03


Tree=144
num_leaves=5
num_cat=0
split_feature=6 11 10 7
split_gain=0.458228 0.57679 0.561192 0.486519
threshold=-0.3765182186235127 0.49394367260136129 0.13019662423653497 -0.045326364640181742
decision_type=2 2 2 2
left_child=3 2 -2 -1
right_child=1 -3 -4 -5
leaf_value=-0.0022536407633984247 -0.003763816648592066 -0.0057688859630157952 0.0054210701701300663 0.0066082518436998876
leaf_weight=2.9617163129150867 1.2313716299831856 8.5727314762771112 4.8973950706422329 3.6373524311929968
leaf_count=30 12 68 63 36
internal_value=-0.000247566 -0.00277947 0.00238623 0.00366936
internal_weight=21.3006 14.7015 6.12877 6.59907
internal_count=209 143 75 66
is_linear=0
shrinkage=0.03


Tree=145
num_leaves=5
num_cat=0
split_feature=14 8 1 11
split_gain=0.453025 0.723187 0.970197 0.673698
threshold=0.45957852215089601 0.089440774780010751 0.0024775047633731622 0.82687304860357047
decision_type=2 2 2 2
left_child=-1 2 -2 -3
right_child=1 3 -4 -5
leaf_value=0.0043927065485687769 -0.0089395831547753289 0.0073837798561354933 0.0025216191695137586 -0.0029422139399443745
leaf_weight=3.253112884238365 7.5216493420302886 2.3798808865249148 5.071339912712574 3.0636287406086922
leaf_count=35 74 31 49 20
internal_value=-0.000237801 -0.00234187 -0.00525084 0.0034302
internal_weight=21.2896 18.0365 12.593 5.44351
internal_count=209 174 123 51
is_linear=0
shrinkage=0.03


Tree=146
num_leaves=5
num_cat=0
split_feature=6 11 13 12
split_gain=0.447223 0.844832 1.34645 0.554422
threshold=0.68044965786901324 0.73314850445171065 8.3605498990747513 1.374374081126674
decision_type=2 2 2 2
left_child=1 2 -1 -2
right_child=3 -3 -4 -5
leaf_value=0.0095580635881084338 0.0026332963088040234 -0.0037811602040148948 -0.0043225643105069536 -0.0072401759779959557
leaf_weight=7.9598568305373245 1.8508633822202671 5.6250348687171927 2.6367616653442383 3.2114498540759087
leaf_count=89 18 42 34 26
internal_value=-0.00020742 0.00221029 0.0056824 -0.00427865
internal_weight=21.284 16.2217 10.5966 5.06231
internal_count=209 165 123 44
is_linear=0
shrinkage=0.03


Tree=147
num_leaves=5
num_cat=0
split_feature=12 9 10 11
split_gain=0.446667 0.658282 0.5253 0.313959
threshold=-1.5486255699339055 -0.012780813297256636 0.86237365395435717 0.62510012694693107
decision_type=2 2 2 2
left_child=-1 3 -3 -2
right_child=1 2 -4 -5
leaf_value=0.0037049706820633161 0.0057500950066414324 -0.0072053833380257941 0.0024586823972108963 -0.0018558934623758223
leaf_weight=6.2198734488338259 1.9954882673919225 9.6902527697384304 1.337657831609248 2.0176362991333008
leaf_count=71 28 77 17 16
internal_value=-0.000231414 -0.00268872 -0.00542137 0.00333057
internal_weight=21.2609 15.041 11.0279 4.01312
internal_count=209 138 94 44
is_linear=0
shrinkage=0.03


Tree=148
num_leaves=5
num_cat=0
split_feature=12 4 9 10
split_gain=0.43627 0.632199 1.01497 0.27616
threshold=-2.3840088846227325 -0.028657614528224736 0.19930887146419099 0.55821893477165008
decision_type=2 2 2 2
left_child=-1 3 -3 -2
right_child=1 2 -4 -5
leaf_value=0.0045027213143079481 -0.0084957216463305511 0.0048503401093398704 -0.0058687716646402318 0.00091553350127994188
leaf_weight=2.6083165071904686 2.5046151056885786 12.126219892874355 2.6770668998360625 1.3421834819018839
leaf_count=29 24 131 16 9
internal_value=-0.000197034 -0.00219653 0.00132728 -0.00692229
internal_weight=21.2584 18.6501 14.8033 3.8468
internal_count=209 180 147 33
is_linear=0
shrinkage=0.03


Tree=149
num_leaves=5
num_cat=0
split_feature=14 8 1 11
split_gain=0.43755 0.716585 0.938737 0.649333
threshold=0.45957852215089601 0.089440774780010751 0.0024775047633731622 0.82687304860357047
decision_type=2 2 2 2
left_child=-1 2 -2 -3
right_child=1 3 -4 -5
leaf_value=0.0043228541579490394 -0.0088224755755992295 0.0073088629870692659 0.0024682138612811631 -0.002855742754071096
leaf_weight=3.2336744014173773 7.5227507166564482 2.3586298003792754 5.0561428517103195 3.0624985881149769
leaf_count=35 74 31 49 20
internal_value=-0.00023054 -0.00230028 -0.00520097 0.00343843
internal_weight=21.2337 18 12.5789 5.42113
internal_count=209 174 123 51
is_linear=0
shrinkage=0.03


Tree=150
num_leaves=5
num_cat=0
split_feature=10 12 5 3
split_gain=0.433381 0.675615 1.10754 0.231176
threshold=0.073970451721017474 2.0257202877735154 -0.4143068517003855 0.048305428777634142
decision_type=2 2 2 2
left_child=-1 2 -2 -3
right_child=1 3 -4 -5
leaf_value=-0.0047736260187664211 -0.0030627206971786535 -0.0058221274141212675 0.0084112823331172169 0.0013107813172829543
leaf_weight=2.6611800119280842 5.9278224911540773 2.1675869449973102 8.8532932512462121 1.6179050803184507
leaf_count=21 64 20 95 9
internal_value=-0.000200288 0.0018968 0.00443071 -0.00403415
internal_weight=21.2278 18.5666 14.7811 3.78549
internal_count=209 188 159 29
is_linear=0
shrinkage=0.03


Tree=151
num_leaves=5
num_cat=0
split_feature=12 9 10 11
split_gain=0.437696 0.641474 0.511297 0.311203
threshold=-1.5486255699339055 -0.012780813297256636 0.47598824711696119 0.62510012694693107
decision_type=2 2 2 2
left_child=-1 3 -3 -2
right_child=1 2 -4 -5
leaf_value=0.003667774364725135 0.005701651714684423 -0.0084853640310878966 0.00071901757902781828 -0.0018594743046427412
leaf_weight=6.2004393711686161 1.9843782242387558 4.6615032739937252 6.351238738745451 2.0157222151756287
leaf_count=71 28 37 57 16
internal_value=-0.00023208 -0.00266517 -0.0053611 0.00328482
internal_weight=21.2133 15.0128 11.0127 4.0001
internal_count=209 138 94 44
is_linear=0
shrinkage=0.03


Tree=152
num_leaves=5
num_cat=0
split_feature=12 4 9 10
split_gain=0.430534 0.611708 0.998829 0.26886
threshold=-2.3840088846227325 -0.028657614528224736 0.19930887146419099 0.55821893477165008
decision_type=2 2 2 2
left_child=-1 3 -3 -2
right_child=1 2 -4 -5
leaf_value=0.0044518272011150051 -0.0083988488195268166 0.0047878662443474615 -0.0058455740389073071 0.00090104698663627807
leaf_weight=2.5945851355791119 2.5077630169689722 12.087869776412839 2.6745746880769721 1.3383518122136591
leaf_count=29 24 131 16 9
internal_value=-0.000227602 -0.00220811 0.00127869 -0.00684917
internal_weight=21.2031 18.6086 14.7624 3.84611
internal_count=209 180 147 33
is_linear=0
shrinkage=0.03


Tree=153
num_leaves=5
num_cat=0
split_feature=12 0 10 14
split_gain=0.431693 0.566595 0.853473 0.168886
threshold=-2.0630456372550827 1.0000000180025095e-35 0.092792257204698261 0.57721637280109217
decision_type=2 2 2 2
left_child=3 -2 -3 -1
right_child=1 2 -4 -5
leaf_value=0.0056988386670942109 -0.0061051457908106012 -0.0050988693179008747 0.0051395588546556221 -0.00086419326338129114
leaf_weight=1.7485879212617903 6.2756379172205934 2.3848124742507943 8.993709357455371 1.7758518084883688
leaf_count=21 55 16 95 22
internal_value=-0.000260361 -0.00234664 0.0016124 0.00419808
internal_weight=21.1786 17.6542 11.3785 3.52444
internal_count=209 166 111 43
is_linear=0
shrinkage=0.03


Tree=154
num_leaves=5
num_cat=0
split_feature=12 9 10 11
split_gain=0.433086 0.632081 0.486884 0.308156
threshold=-1.5486255699339055 -0.012780813297256636 0.47598824711696119 0.62510012694693107
decision_type=2 2 2 2
left_child=-1 3 -3 -2
right_child=1 2 -4 -5
leaf_value=0.0036259744748226145 0.0056564629953276459 -0.0083891920634028127 0.00065502849060623705 -0.0018590138788971741
leaf_weight=6.1816190686076906 1.9744103699922591 4.662901014089579 6.3332727514207363 2.0151892527937889
leaf_count=71 28 37 57 16
internal_value=-0.000264398 -0.00267811 -0.00534912 0.00324501
internal_weight=21.1674 14.9858 10.9962 3.9896
internal_count=209 138 94 44
is_linear=0
shrinkage=0.03


Tree=155
num_leaves=5
num_cat=0
split_feature=14 8 1 11
split_gain=0.427697 0.675744 0.913498 0.643467
threshold=0.45957852215089601 0.089440774780010751 0.0024775047633731622 0.82687304860357047
decision_type=2 2 2 2
left_child=-1 2 -2 -3
right_child=1 3 -4 -5
leaf_value=0.0042540949080129087 -0.0086797787263926014 0.0071937777349461267 0.00245062340791098 -0.0028953167183928858
leaf_weight=3.2124554887414005 7.5160923823714274 2.3266243021935216 5.0456796251237392 3.0564319789409637
leaf_count=35 74 31 49 20
internal_value=-0.000259489 -0.00230068 -0.00510441 0.00330705
internal_weight=21.1573 17.9448 12.5618 5.38306
internal_count=209 174 123 51
is_linear=0
shrinkage=0.03


Tree=156
num_leaves=5
num_cat=0
split_feature=6 11 13 12
split_gain=0.420889 0.804557 1.3015 0.532727
threshold=0.68044965786901324 0.73314850445171065 8.3605498990747513 1.374374081126674
decision_type=2 2 2 2
left_child=1 2 -1 -2
right_child=3 -3 -4 -5
leaf_value=0.009370588875864087 0.0025934657067747308 -0.0037061422514393411 -0.0042747485798656452 -0.0070770655058347062
leaf_weight=7.8686641864478641 1.8419172801077355 5.6060861125588408 2.6240927930921316 3.2103261165320873
leaf_count=89 18 42 34 26
internal_value=-0.000229271 0.00213177 0.00553733 -0.00417072
internal_weight=21.1511 16.0988 10.4928 5.05224
internal_count=209 165 123 44
is_linear=0
shrinkage=0.03


Tree=157
num_leaves=5
num_cat=0
split_feature=12 4 9 10
split_gain=0.419591 0.590991 0.972004 0.265258
threshold=-2.3840088846227325 -0.028657614528224736 0.19930887146419099 0.55821893477165008
decision_type=2 2 2 2
left_child=-1 3 -3 -2
right_child=1 2 -4 -5
leaf_value=0.0043783640319214013 -0.0083007129526359615 0.0047137058740579375 -0.0057791751728798945 0.000904929495100717
leaf_weight=2.5737964697182205 2.5083854682743616 12.039750808849925 2.6699650660157195 1.3362145908176897
leaf_count=29 24 131 16 9
internal_value=-0.000252197 -0.00220293 0.00124109 -0.00675859
internal_weight=21.1281 18.5543 14.7097 3.8446
internal_count=209 180 147 33
is_linear=0
shrinkage=0.03


Tree=158
num_leaves=5
num_cat=0
split_feature=12 9 10 11
split_gain=0.422786 0.612602 0.469733 0.306061
threshold=-1.5486255699339055 -0.012780813297256636 0.47598824711696119 0.62510012694693107
decision_type=2 2 2 2
left_child=-1 3 -3 -2
right_child=1 2 -4 -5
leaf_value=0.0035687367729221532 0.0055980212529520386 -0.0082725315476452916 0.00063242533360365874 -0.0018726292699676526
leaf_weight=6.1567321345210102 1.9616089910268812 4.6607957705855316 6.3131492659449577 2.0114753618836403
leaf_count=71 28 37 57 16
internal_value=-0.000284134 -0.00266552 -0.00529061 0.00318243
internal_weight=21.1038 14.947 10.9739 3.97308
internal_count=209 138 94 44
is_linear=0
shrinkage=0.03


Tree=159
num_leaves=5
num_cat=0
split_feature=14 8 1 11
split_gain=0.417184 0.663129 0.88366 0.625891
threshold=0.45957852215089601 0.089440774780010751 0.0024775047633731622 0.82687304860357047
decision_type=2 2 2 2
left_child=-1 2 -2 -3
right_child=1 3 -4 -5
leaf_value=0.0041879578065602508 -0.0085757231848169885 0.007110162834496561 0.0023931231458105247 -0.0028488553384438285
leaf_weight=3.1935850456357029 7.5121308490633982 2.3029354754835358 5.0295193381607533 3.0554529130458832
leaf_count=35 74 31 49 20
internal_value=-0.000278988 -0.00229136 -0.0050667 0.00327396
internal_weight=21.0936 17.9 12.5417 5.35839
internal_count=209 174 123 51
is_linear=0
shrinkage=0.03


end of trees

feature_importances:
Column_11=107
Column_10=97
Column_12=89
Column_4=60
Column_8=47
Column_14=46
Column_9=40
Column_6=35
Column_7=29
Column_0=23
Column_3=21
Column_1=17
Column_2=14
Column_13=12
Column_5=3

parameters:
[boosting: gbdt]
[objective: binary]
[metric: binary_logloss]
[tree_learner: serial]
[device_type: cpu]
[data_sample_strategy: bagging]
[data: ]
[valid: ]
[num_iterations: 160]
[learning_rate: 0.03]
[num_leaves: 5]
[num_threads: 4]
[seed: 20260725]
[deterministic: 1]
[force_col_wise: 1]
[force_row_wise: 0]
[histogram_pool_size: -1]
[max_depth: 3]
[min_data_in_leaf: 12]
[min_sum_hessian_in_leaf: 0.001]
[bagging_fraction: 1]
[pos_bagging_fraction: 1]
[neg_bagging_fraction: 1]
[bagging_freq: 0]
[bagging_seed: 21817]
[bagging_by_query: 0]
[feature_fraction: 1]
[feature_fraction_bynode: 1]
[feature_fraction_seed: 22070]
[extra_trees: 0]
[extra_seed: 28444]
[early_stopping_round: 0]
[early_stopping_min_delta: 0]
[first_metric_only: 0]
[max_delta_step: 0]
[lambda_l1: 0]
[lambda_l2: 10]
[linear_lambda: 0]
[min_gain_to_split: 0]
[drop_rate: 0.1]
[max_drop: 50]
[skip_drop: 0.5]
[xgboost_dart_mode: 0]
[uniform_drop: 0]
[drop_seed: 12683]
[top_rate: 0.2]
[other_rate: 0.1]
[min_data_per_group: 100]
[max_cat_threshold: 32]
[cat_l2: 10]
[cat_smooth: 10]
[max_cat_to_onehot: 4]
[top_k: 20]
[monotone_constraints: ]
[monotone_constraints_method: basic]
[monotone_penalty: 0]
[feature_contri: ]
[forcedsplits_filename: ]
[refit_decay_rate: 0.9]
[cegb_tradeoff: 1]
[cegb_penalty_split: 0]
[cegb_penalty_feature_lazy: ]
[cegb_penalty_feature_coupled: ]
[path_smooth: 0]
[interaction_constraints: ]
[verbosity: -1]
[saved_feature_importance_type: 0]
[use_quantized_grad: 0]
[num_grad_quant_bins: 4]
[quant_train_renew_leaf: 0]
[stochastic_rounding: 1]
[linear_tree: 0]
[max_bin: 31]
[max_bin_by_feature: ]
[min_data_in_bin: 3]
[bin_construct_sample_cnt: 200000]
[data_random_seed: 4449]
[is_enable_sparse: 1]
[enable_bundle: 1]
[use_missing: 1]
[zero_as_missing: 0]
[feature_pre_filter: 1]
[pre_partition: 0]
[two_round: 0]
[header: 0]
[label_column: ]
[weight_column: ]
[group_column: ]
[ignore_column: ]
[categorical_feature: ]
[forcedbins_filename: ]
[precise_float_parser: 0]
[parser_config_file: ]
[objective_seed: 26564]
[num_class: 1]
[is_unbalance: 0]
[scale_pos_weight: 1]
[sigmoid: 1]
[boost_from_average: 1]
[reg_sqrt: 0]
[alpha: 0.9]
[fair_c: 1]
[poisson_max_delta_step: 0.7]
[tweedie_variance_power: 1.5]
[lambdarank_truncation_level: 30]
[lambdarank_norm: 1]
[label_gain: ]
[lambdarank_position_bias_regularization: 0]
[eval_at: ]
[multi_error_top_k: 1]
[auc_mu_weights: ]
[num_machines: 1]
[local_listen_port: 12400]
[time_out: 120]
[machine_list_filename: ]
[machines: ]
[gpu_platform_id: -1]
[gpu_device_id: -1]
[gpu_device_id_list: ]
[gpu_use_dp: 0]
[num_gpu: 1]

end of parameters

pandas_categorical:null
