tree
version=v4
num_class=1
num_tree_per_iteration=1
label_index=0
max_feature_idx=15
objective=binary sigmoid:1
feature_names=Column_0 Column_1 Column_2 Column_3 Column_4 Column_5 Column_6 Column_7 Column_8 Column_9 Column_10 Column_11 Column_12 Column_13 Column_14 Column_15
feature_infos=[-1:1] [0:0.049724579425338811] [-6.5644750209736094:3.5533095058261588] [-0.1594845880090473:0.12089014455228318] [-0.13498430415068019:0.15578744757213814] [-0.93675889328063244:0.93193443992065905] [-1:1] [-0.18896604476742201:0.17557939391033459] [-0.17188198443120387:0.25629281255960207] [-0.25268862277997589:0.28272454902270433] [1.2244786222748161e-06:0.93587559225027839] [1.395840977624907e-05:0.94923576809365107] [-5.3287787533837756:4.4394802752420404] [0.0087463556851232263:13.045929018789133] [0.046133567662565877:14.477208551835426] [0:1]
tree_sizes=662 676 678 681 680 679 675 674 679 678 683 681 684 677 675 685 679 682 679 677 682 680 681 682 678 673 684 683 679 679 678 681 681 680 682 680 681 678 683 683 679 679 681 676 680 675 681 680 678 683 679 678 679 683 680 679 683 687 688 682 683 683 689 687 687 683 684 678 685 677 680 681 685 676 683 684 688 681 680 679 675 688 680 678 679 681 687 677 685 683 682 679 677 688 683 676 679 684 676 681 678 690 681 681 685 681 679 681 682 679 687 678 685 680 685 677 685 677 682 689 679 678 680 682 683 679 679 687 681 690 685 680 680 679 686 681 686 682 684 686 678 686 686 682 681 683 684 681 685 682 682 682 681 683 685 681 687 684 682 679

Tree=0
num_leaves=5
num_cat=0
split_feature=5 3 10 6
split_gain=6.01695 1.3704 0.766707 0.300926
threshold=0.25519208118562647 -0.039059436034713353 0.073970451721017474 -0.46328340176312882
decision_type=2 2 2 2
left_child=1 3 -3 -1
right_child=-2 2 -4 -5
leaf_value=-0.45206119303837838 -0.4665934414818243 -0.45545363484983115 -0.43948726167648955 -0.45915843601309458
leaf_weight=2.1576020121574406 9.7626542672514898 1.5043830573558832 9.4776132740080339 1.5637665987014759
leaf_count=13 85 10 90 11
internal_value=-0.454255 -0.444385 -0.441203 -0.456443
internal_weight=24.466 14.7034 10.982 3.72137
internal_count=209 124 100 24
is_linear=0
shrinkage=1


Tree=1
num_leaves=5
num_cat=0
split_feature=5 3 10 6
split_gain=5.8317 1.3364 0.74739 0.298199
threshold=0.25519208118562647 -0.039059436034713353 0.073970451721017474 -0.46328340176312882
decision_type=2 2 2 2
left_child=1 3 -3 -1
right_child=-2 2 -4 -5
leaf_value=0.0021822066584270602 -0.012172332652376482 -0.0011937026671806122 0.014529096052957808 -0.0048840084626269094
leaf_weight=2.1586569473147397 9.7354424744844419 1.5039800703525568 9.508426155894993 1.5620465353131283
leaf_count=13 85 10 90 11
internal_value=-1.32102e-05 0.00969433 0.0128356 -0.00218184
internal_weight=24.4686 14.7331 11.0124 3.7207
internal_count=209 124 100 24
is_linear=0
shrinkage=0.03


Tree=2
num_leaves=5
num_cat=0
split_feature=5 3 10 6
split_gain=5.65224 1.30338 0.728639 0.295497
threshold=0.25519208118562647 -0.039059436034713353 0.073970451721017474 -0.46328340176312882
decision_type=2 2 2 2
left_child=1 3 -3 -1
right_child=-2 2 -4 -5
leaf_value=0.002170394718456055 -0.012009157407462371 -0.0011890629751708703 0.01429474609904445 -0.0048649517971253078
leaf_weight=2.1597017310559754 9.7079843431711179 1.5035776793956781 9.5378709584474546 1.5603173188865174
leaf_count=13 85 10 90 11
internal_value=-2.65422e-05 0.0095213 0.0126232 -0.00217558
internal_weight=24.4695 14.7615 11.0414 3.72002
internal_count=209 124 100 24
is_linear=0
shrinkage=0.03


Tree=3
num_leaves=5
num_cat=0
split_feature=5 3 10 6
split_gain=5.47837 1.27129 0.710432 0.292821
threshold=0.25519208118562647 -0.039059436034713353 0.073970451721017474 -0.46328340176312882
decision_type=2 2 2 2
left_child=1 3 -3 -1
right_child=-2 2 -4 -5
leaf_value=0.0021586435630353926 -0.011848580900465635 -0.0011844425490161485 0.014064846009051283 -0.0048459926182672303
leaf_weight=2.1607365086674695 9.6803063750267011 1.5031760036945367 9.5659875869750959 1.5585791952908028
leaf_count=13 85 10 90 11
internal_value=-3.99795e-05 0.00935135 0.0124147 -0.00216936
internal_weight=24.4688 14.7885 11.0692 3.71932
internal_count=209 124 100 24
is_linear=0
shrinkage=0.03


Tree=4
num_leaves=5
num_cat=0
split_feature=5 3 10 6
split_gain=5.30993 1.24011 0.692753 0.29017
threshold=0.25519208118562647 -0.039059436034713353 0.073970451721017474 -0.46328340176312882
decision_type=2 2 2 2
left_child=1 3 -3 -1
right_child=-2 2 -4 -5
leaf_value=0.0021469533845598098 -0.011690548076185789 -0.0011798410151917893 0.013839286772967139 -0.0048271299329445015
leaf_weight=2.1617613956332211 9.6524326652288419 1.5027749240398431 9.5928151085972768 1.5568324588239182
leaf_count=13 85 10 90 11
internal_value=-5.35058e-05 0.00918441 0.0122101 -0.00216317
internal_weight=24.4666 14.8142 11.0956 3.71859
internal_count=209 124 100 24
is_linear=0
shrinkage=0.03


Tree=5
num_leaves=5
num_cat=0
split_feature=5 3 10 6
split_gain=5.14673 1.20981 0.675581 0.287544
threshold=0.25519208118562647 -0.039059436034713353 0.073970451721017474 -0.46328340176312882
decision_type=2 2 2 2
left_child=1 3 -3 -1
right_child=-2 2 -4 -5
leaf_value=0.0021353235877806581 -0.011535001600821881 -0.0011752583611641214 0.01361796157804033 -0.0048083629873913137
leaf_weight=2.1627763919532303 9.6243879050016385 1.5023745894432092 9.6183929219841939 1.5550773441791523
leaf_count=13 85 10 90 11
internal_value=-6.71047e-05 0.00902042 0.0120092 -0.00215701
internal_weight=24.463 14.8386 11.1208 3.71785
internal_count=209 124 100 24
is_linear=0
shrinkage=0.03


Tree=6
num_leaves=5
num_cat=0
split_feature=13 12 11 10
split_gain=4.99137 1.01491 0.68833 0.483067
threshold=3.7979792059213744 0.53816137470912118 0.26771224372703711 0.49987045713937461
decision_type=2 2 2 2
left_child=1 -1 3 -2
right_child=2 -3 -4 -5
leaf_value=0.0019407125442315646 -0.0043544265043210292 -0.012936393827015166 0.012044732802998479 0.0041975696671877807
leaf_weight=2.2886813133955028 2.5973680242896076 9.211196552962063 9.0265891402959806 1.3341887108981607
leaf_count=18 27 80 69 15
internal_value=-8.07618e-05 -0.0104501 0.00966506 -0.00052243
internal_weight=24.458 11.4999 12.9581 3.93156
internal_count=209 98 111 42
is_linear=0
shrinkage=0.03


Tree=7
num_leaves=5
num_cat=0
split_feature=5 9 11 2
split_gain=4.85687 1.19379 1.21027 0.303389
threshold=0.25519208118562647 0.24177609713923534 0.26771224372703711 -1.8318301012320173
decision_type=2 2 2 2
left_child=1 2 -1 -2
right_child=3 -3 -4 -5
leaf_value=-0.0011469650717220103 -0.00018566808349530222 -0.0032486202918239086 0.014401802398586483 -0.012607645213043934
leaf_weight=4.1031828075647381 2.3090327456593513 1.8760265707969654 8.9008133597671968 7.2598152905702573
leaf_count=44 16 10 70 69
internal_value=-7.08819e-05 0.00873991 0.0111298 -0.0112368
internal_weight=24.4489 14.88 13.004 9.56885
internal_count=209 124 114 85
is_linear=0
shrinkage=0.03


Tree=8
num_leaves=5
num_cat=0
split_feature=13 12 11 10
split_gain=4.74077 0.976418 0.645335 0.47814
threshold=3.7979792059213744 0.30820799014626682 0.26771224372703711 0.49987045713937461
decision_type=2 2 2 2
left_child=1 -1 3 -2
right_child=2 -3 -4 -5
leaf_value=0.0022516770698225823 -0.0043193675099119011 -0.012454019287775155 0.011689156197510082 0.0041879790476386514
leaf_weight=1.7321317233145261 2.5942507609724994 9.7187063284218294 9.0667992867529374 1.3348110206425188
leaf_count=13 27 85 69 15
internal_value=-9.33218e-05 -0.0102169 0.00939063 -0.000497467
internal_weight=24.4467 11.4508 12.9959 3.92906
internal_count=209 98 111 42
is_linear=0
shrinkage=0.03


Tree=9
num_leaves=5
num_cat=0
split_feature=13 12 11 10
split_gain=4.60108 0.960011 0.624374 0.473577
threshold=3.7979792059213744 0.53816137470912118 0.26771224372703711 0.49987045713937461
decision_type=2 2 2 2
left_child=1 -1 3 -2
right_child=2 -3 -4 -5
leaf_value=0.0019130093977243819 -0.0042934679912259976 -0.012502605671114721 0.011510187123220552 0.0041727967013431237
leaf_weight=2.2907551229000118 2.5919608101248737 9.12916027382016 9.0867274999618513 1.3358468823134897
leaf_count=18 27 80 69 15
internal_value=-7.90258e-05 -0.0100678 0.00925201 -0.000485431
internal_weight=24.4345 11.4199 13.0145 3.92781
internal_count=209 98 111 42
is_linear=0
shrinkage=0.03


Tree=10
num_leaves=5
num_cat=0
split_feature=12 3 5 8
split_gain=4.47993 1.05726 0.593149 0.53855
threshold=-0.35451130866303709 -0.039059436034713353 -0.72690019074459011 -0.096701905611192643
decision_type=2 2 2 2
left_child=1 -1 -3 -2
right_child=3 2 -4 -5
leaf_value=-0.0016173392782722726 0.0014382138468097489 -0.00081011673342997609 0.014367038314979689 -0.010762704683351682
leaf_weight=3.5077735818922511 1.3119466006755836 1.5054857358336438 6.8133741095662144 11.283579699695107
leaf_count=23 11 21 55 99
internal_value=-6.99821e-05 0.00963918 0.0126775 -0.00941779
internal_weight=24.4222 11.8266 8.31886 12.5955
internal_count=209 99 76 110
is_linear=0
shrinkage=0.03


Tree=11
num_leaves=5
num_cat=0
split_feature=5 3 10 2
split_gain=4.37241 1.19678 0.648955 0.325022
threshold=0.25519208118562647 -0.039059436034713353 0.073970451721017474 -1.8318301012320173
decision_type=2 2 2 2
left_child=1 -1 -3 -2
right_child=3 2 -4 -5
leaf_value=-0.0024060479434431692 -1.416196242564005e-05 -0.0012445877255626539 0.012893173312044658 -0.012108691897507859
leaf_weight=3.7420961447060099 2.2898763082921505 1.5079718679189706 9.6943419836461526 7.1713562421500665
leaf_count=24 16 10 90 69
internal_value=-4.53696e-05 0.00827984 0.0113006 -0.0106929
internal_weight=24.4056 14.9444 11.2023 9.46123
internal_count=209 124 100 85
is_linear=0
shrinkage=0.03


Tree=12
num_leaves=5
num_cat=0
split_feature=12 3 5 8
split_gain=4.26117 1.00629 0.587402 0.514059
threshold=-0.35451130866303709 -0.039059436034713353 -0.72690019074459011 -0.096701905611192643
decision_type=2 2 2 2
left_child=1 -1 -3 -2
right_child=3 2 -4 -5
leaf_value=-0.0015863532509064742 0.0014029447251308019 -0.00085298427082105362 0.014034288966328622 -0.010521913833010627
leaf_weight=3.5048342682421199 1.3140661418437964 1.5082855410873879 6.8417294584214714 11.230136875063177
leaf_count=23 11 21 55 99
internal_value=-6.93853e-05 0.00938565 0.0123458 -0.00920452
internal_weight=24.3991 11.8548 8.35001 12.5442
internal_count=209 99 76 110
is_linear=0
shrinkage=0.03


Tree=13
num_leaves=5
num_cat=0
split_feature=13 12 11 10
split_gain=4.1501 0.906288 0.636451 0.46855
threshold=3.7979792059213744 0.53816137470912118 0.26771224372703711 0.49987045713937461
decision_type=2 2 2 2
left_child=1 -1 3 -2
right_child=2 -3 -4 -5
leaf_value=0.0019175431275325239 -0.00437993016201062 -0.011972249738037835 0.011074274009154578 0.0040506479654206307
leaf_weight=2.2892772816121605 2.5985871963202949 9.0221063680946809 9.1275843903422338 1.3434407971799371
leaf_count=18 27 80 69 15
internal_value=-4.59767e-05 -0.00958043 0.00878175 -0.000662217
internal_weight=24.381 11.3114 13.0696 3.94203
internal_count=209 98 111 42
is_linear=0
shrinkage=0.03


Tree=14
num_leaves=5
num_cat=0
split_feature=5 3 10 2
split_gain=4.03907 1.1522 0.628147 0.335235
threshold=0.25519208118562647 -0.039059436034713353 0.073970451721017474 -1.8318301012320173
decision_type=2 2 2 2
left_child=1 -1 -3 -2
right_child=3 2 -4 -5
leaf_value=-0.002433979163887893 9.5406645513431974e-05 -0.0012659834487553389 0.012490506282431268 -0.011748760638788153
leaf_weight=3.7444389574229708 2.277066670358181 1.5094224885106111 9.7318888008594495 7.1033425740897638
leaf_count=24 16 10 90 69
internal_value=-3.88434e-05 0.007942 0.010917 -0.0103079
internal_weight=24.3662 14.9858 11.2413 9.38041
internal_count=209 124 100 85
is_linear=0
shrinkage=0.03


Tree=15
num_leaves=5
num_cat=0
split_feature=12 3 5 8
split_gain=3.94976 0.968302 0.582158 0.478938
threshold=-0.35451130866303709 -0.039059436034713353 -0.72690019074459011 -0.096701905611192643
decision_type=2 2 2 2
left_child=1 -1 -3 -2
right_child=3 2 -4 -5
leaf_value=-0.0016203602778955227 0.0013516955984916072 -0.00091310156209093503 0.013622688215230667 -0.010163266055344856
leaf_weight=3.5078038834035388 1.3171470426023013 1.5119757689535607 6.8734510429203537 11.146905791014429
leaf_count=23 11 21 55 99
internal_value=-6.29165e-05 0.00901935 0.0119307 -0.00888639
internal_weight=24.3573 11.8932 8.38543 12.4641
internal_count=209 99 76 110
is_linear=0
shrinkage=0.03


Tree=16
num_leaves=5
num_cat=0
split_feature=13 12 11 10
split_gain=3.84246 0.862824 0.637288 0.463488
threshold=3.7979792059213744 0.53816137470912118 0.26771224372703711 0.49987045713937461
decision_type=2 2 2 2
left_child=1 -1 3 -2
right_child=2 -3 -4 -5
leaf_value=0.0019001625487162926 -0.0044287978212253854 -0.011595941377671996 0.010737591156423086 0.0039644409497842726
leaf_weight=2.2896475531160858 2.6018074415624137 8.9414503425359708 9.156221639364956 1.3482891172170637
leaf_count=18 27 80 69 15
internal_value=-4.13886e-05 -0.00924548 0.00843364 -0.00077571
internal_weight=24.3374 11.2311 13.1063 3.9501
internal_count=209 98 111 42
is_linear=0
shrinkage=0.03


Tree=17
num_leaves=5
num_cat=0
split_feature=12 3 5 13
split_gain=3.7363 0.955361 0.570432 0.493932
threshold=-0.35451130866303709 -0.039059436034713353 -0.72690019074459011 0.5111425034236009
decision_type=2 2 2 2
left_child=1 -1 -3 -2
right_child=3 2 -4 -5
leaf_value=-0.0016708142494021075 -0.01150798924886806 -0.00092759640667213915 0.013359442960772091 -0.00061504666351640367
leaf_weight=3.512231867760419 5.9459581114351732 1.5127453505992878 6.8921920359134701 6.4576918408274651
leaf_count=23 56 21 55 54
internal_value=-3.53575e-05 0.00877918 0.0116812 -0.00864271
internal_weight=24.3208 11.9172 8.40494 12.4036
internal_count=209 99 76 110
is_linear=0
shrinkage=0.03


Tree=18
num_leaves=5
num_cat=0
split_feature=13 12 11 10
split_gain=3.65216 0.83427 0.624916 0.458711
threshold=3.7979792059213744 0.53816137470912118 0.26771224372703711 0.49987045713937461
decision_type=2 2 2 2
left_child=1 -1 3 -2
right_child=2 -3 -4 -5
leaf_value=0.0018835932676913225 -0.0044338708110899933 -0.011357955611283575 0.010490893270065145 0.0039196300227729358
leaf_weight=2.2905503585934666 2.6019596941769119 8.8892363086342794 9.1772046983242017 1.3506448753178117
leaf_count=18 27 80 69 15
internal_value=-4.63962e-05 -0.00903657 0.0082059 -0.000815986
internal_weight=24.3096 11.1798 13.1298 3.9526
internal_count=209 98 111 42
is_linear=0
shrinkage=0.03


Tree=19
num_leaves=5
num_cat=0
split_feature=5 9 11 2
split_gain=3.55402 1.09681 1.11539 0.354653
threshold=0.25519208118562647 0.24177609713923534 0.26771224372703711 -1.8318301012320173
decision_type=2 2 2 2
left_child=1 2 -1 -2
right_child=3 -3 -4 -5
leaf_value=-0.0014064513326241346 0.00028189386012204479 -0.0034566292780842814 0.012966170615477774 -0.011217067924262898
leaf_weight=4.1217698827385929 2.2541585750877857 1.8896704390645016 9.030236963182686 6.9959880374371988
leaf_count=44 16 10 70 69
internal_value=-4.08624e-05 0.00741921 0.00979992 -0.00972412
internal_weight=24.2918 15.0417 13.152 9.25015
internal_count=209 124 114 85
is_linear=0
shrinkage=0.03


Tree=20
num_leaves=5
num_cat=0
split_feature=12 3 5 13
split_gain=3.47181 0.950784 0.558442 0.4856
threshold=-0.35451130866303709 -0.039059436034713353 -0.72690019074459011 0.5111425034236009
decision_type=2 2 2 2
left_child=1 -1 -3 -2
right_child=3 2 -4 -5
leaf_value=-0.0017826100936346886 -0.011218501120034679 -0.00095832609693887415 0.013007750692162515 -0.00053721264598387535
leaf_weight=3.5216961503028861 5.8903091475367528 1.5141926370561112 6.9144846126437214 6.4406763128936291
leaf_count=23 56 21 55 54
internal_value=-6.46548e-05 0.00842269 0.0113402 -0.00837838
internal_weight=24.2814 11.9504 8.42868 12.331
internal_count=209 99 76 110
is_linear=0
shrinkage=0.03


Tree=21
num_leaves=5
num_cat=0
split_feature=13 12 11 10
split_gain=3.39393 0.791789 0.59433 0.453669
threshold=3.7979792059213744 0.53816137470912118 0.26771224372703711 0.49987045713937461
decision_type=2 2 2 2
left_child=1 -1 3 -2
right_child=2 -3 -4 -5
leaf_value=0.0018458481530099762 -0.0044278731481332111 -0.011033631592492535 0.010101536698662242 0.0038821704586579613
leaf_weight=2.2926369309425381 2.6010390222072597 8.8148199170827848 9.2076573781669122 1.3524294123053548
leaf_count=18 27 80 69 15
internal_value=-7.59393e-05 -0.0087602 0.00787108 -0.000840202
internal_weight=24.2686 11.1075 13.1611 3.95347
internal_count=209 98 111 42
is_linear=0
shrinkage=0.03


Tree=22
num_leaves=5
num_cat=0
split_feature=12 3 5 13
split_gain=3.30184 0.937194 0.547214 0.477016
threshold=-0.35451130866303709 -0.039059436034713353 -0.72690019074459011 0.5111425034236009
decision_type=2 2 2 2
left_child=1 -1 -3 -2
right_child=3 2 -4 -5
leaf_value=-0.0018281208414623322 -0.011008393094344822 -0.0009714617720230803 0.01276017133720733 -0.00049001178855245938
leaf_weight=3.5253586694598189 5.8492076769471151 1.5147687084972847 6.9289682172238853 6.4308066368103027
leaf_count=23 56 21 55 54
internal_value=-7.06941e-05 0.00819808 0.0111057 -0.00819235
internal_weight=24.2491 11.9691 8.44374 12.28
internal_count=209 99 76 110
is_linear=0
shrinkage=0.03


Tree=23
num_leaves=5
num_cat=0
split_feature=13 12 11 10
split_gain=3.22604 0.766071 0.582769 0.448944
threshold=3.7979792059213744 0.30820799014626682 0.26771224372703711 0.49987045713937461
decision_type=2 2 2 2
left_child=1 -1 3 -2
right_child=2 -3 -4 -5
leaf_value=0.0021232639072787927 -0.004431486844473048 -0.010625380754871737 0.0098709332105164551 0.0038390448193560273
leaf_weight=1.7390103153884435 2.6009510532021518 9.3168445341289026 9.2240298949182016 1.3544656336307523
leaf_count=13 27 85 69 15
internal_value=-8.22351e-05 -0.00856407 0.00765801 -0.000877842
internal_weight=24.2353 11.0559 13.1794 3.95542
internal_count=209 98 111 42
is_linear=0
shrinkage=0.03


Tree=24
num_leaves=5
num_cat=0
split_feature=13 1 11 2
split_gain=3.15608 1.36636 1.68156 0.310198
threshold=0.5111425034236009 0.041224399262750684 0.26771224372703711 -0.49199573217246434
decision_type=2 2 2 2
left_child=3 2 -2 -1
right_child=1 -3 -4 -5
leaf_value=-0.012006472314906565 -0.0029371537264863794 -0.0047311774833397715 0.01242631918807764 0.00052762229308601124
leaf_weight=4.7087127901613712 4.5471966676414075 2.2266279533505431 11.632497102022169 1.0989992953836942
leaf_count=40 50 15 88 16
internal_value=-7.32173e-05 0.00592258 0.00863589 -0.0108013
internal_weight=24.214 18.4063 16.1797 5.80771
internal_count=209 153 138 56
is_linear=0
shrinkage=0.03


Tree=25
num_leaves=5
num_cat=0
split_feature=6 13 14 1
split_gain=3.10901 0.723991 2.09 0.466869
threshold=-0.46328340176312882 0.5111425034236009 6.6729309097827096 0.032556248843112652
decision_type=2 2 2 2
left_child=3 -2 -3 -1
right_child=1 2 -4 -5
leaf_value=0.01116446109286549 -0.010708124014291599 -0.0070196454319692353 0.0088040454375989795 -0.001094246478267583
leaf_weight=6.4037315919995335 5.7888018637895611 7.43150896579027 3.2089458964765072 1.3812061026692388
leaf_count=51 56 68 26 8
internal_value=-0.000130189 -0.00662672 -0.000294124 0.00959716
internal_weight=24.2142 16.4293 10.6405 7.78494
internal_count=209 150 94 59
is_linear=0
shrinkage=0.03


Tree=26
num_leaves=5
num_cat=0
split_feature=12 3 5 7
split_gain=3.04131 0.935127 0.533567 0.499365
threshold=-0.35451130866303709 -0.039059436034713353 -0.72690019074459011 0.043244737087941562
decision_type=2 2 2 2
left_child=1 -1 -3 -2
right_child=3 2 -4 -5
leaf_value=-0.0019604046563440076 -0.010539510806443893 -0.001001105316767137 0.012390823789106985 -6.5397932735159059e-05
leaf_weight=3.5352112613618365 6.5940123312175256 1.5158627629280079 6.9474469907581833 5.6063017062842846
leaf_count=23 61 21 55 49
internal_value=-0.000116485 0.00781551 0.0107491 -0.00792391
internal_weight=24.1988 11.9985 8.46331 12.2003
internal_count=209 99 76 110
is_linear=0
shrinkage=0.03


Tree=27
num_leaves=5
num_cat=0
split_feature=5 3 10 2
split_gain=2.98731 1.06534 0.592002 0.361581
threshold=0.25519208118562647 -0.039059436034713353 0.073970451721017474 -1.8318301012320173
decision_type=2 2 2 2
left_child=1 -1 -3 -2
right_child=3 2 -4 -5
leaf_value=-0.0027226183096790194 0.00045740073028576709 -0.0014342774067049452 0.011220492022822558 -0.010570119815994016
leaf_weight=3.7675122730433932 2.2302842810750008 1.5183056071400667 9.8154213763773424 6.8541424274444562
leaf_count=24 16 10 90 69
internal_value=-0.000123488 0.00670623 0.00964756 -0.00904173
internal_weight=24.1857 15.1012 11.3337 9.08443
internal_count=209 124 100 85
is_linear=0
shrinkage=0.03


Tree=28
num_leaves=5
num_cat=0
split_feature=6 13 14 1
split_gain=2.94786 0.693992 2.06619 0.456108
threshold=-0.46328340176312882 0.5111425034236009 6.6729309097827096 0.032556248843112652
decision_type=2 2 2 2
left_child=3 -2 -3 -1
right_child=1 2 -4 -5
leaf_value=0.010877004838815502 -0.010485118888101727 -0.0069786143147386563 0.0087563166648666133 -0.0011151157359433597
leaf_weight=6.4186624176800278 5.7417296431958702 7.4168902672827226 3.2121094912290573 1.3812084048986433
leaf_count=51 56 68 26 8
internal_value=-0.000146785 -0.00648106 -0.000283889 0.00931998
internal_weight=24.1706 16.3707 10.629 7.79987
internal_count=209 150 94 59
is_linear=0
shrinkage=0.03


Tree=29
num_leaves=5
num_cat=0
split_feature=13 12 7 14
split_gain=2.88007 0.705909 0.632445 1.48885
threshold=3.7979792059213744 0.30820799014626682 -0.026283259934244314 0.45957852215089601
decision_type=2 2 2 2
left_child=1 -1 3 -2
right_child=2 -3 -4 -5
leaf_value=0.0020494362551156638 0.0075219455213647408 -0.010165256900558981 0.010971462743616949 -0.0062069344989964387
leaf_weight=1.7427489012479807 3.3502129428088647 9.1987029090523702 4.6389066725969306 5.223553441464901
leaf_count=13 28 85 34 49
internal_value=-0.000133382 -0.0081701 0.00717445 0.000319158
internal_weight=24.1541 10.9415 13.2127 8.57377
internal_count=209 98 111 77
is_linear=0
shrinkage=0.03


Tree=30
num_leaves=5
num_cat=0
split_feature=13 1 11 2
split_gain=2.82739 1.28032 1.63791 0.327622
threshold=0.5111425034236009 0.041224399262750684 0.26771224372703711 -0.49199573217246434
decision_type=2 2 2 2
left_child=3 2 -2 -1
right_child=1 -3 -4 -5
leaf_value=-0.011556500352955006 -0.0030360676097678941 -0.004662274818840453 0.011980757475660382 0.00066666568947790108
leaf_weight=4.619163766503334 4.5498033687472406 2.2164904475212088 11.661028437316416 1.0809472203254724
leaf_count=40 50 15 88 16
internal_value=-9.30154e-05 0.00557157 0.00821574 -0.0102903
internal_weight=24.1274 18.4273 16.2108 5.70011
internal_count=209 153 138 56
is_linear=0
shrinkage=0.03


Tree=31
num_leaves=5
num_cat=0
split_feature=6 2 14 13
split_gain=2.79203 0.671813 0.652851 0.484077
threshold=-0.46328340176312882 -0.40109651693224796 6.6729309097827096 0.5111425034236009
decision_type=2 2 2 2
left_child=-1 3 -3 -2
right_child=1 2 -4 -5
leaf_value=0.0090566209522045995 -0.011855280183255398 -0.0038155471890461094 0.0056984084554927237 -0.0003880828729927292
leaf_weight=7.8140417784452465 4.7795825414359605 4.2422325201332542 2.116100799292326 5.1728245764970779
leaf_count=59 43 40 22 45
internal_value=-0.000148537 -0.00632456 0.00089866 -0.00907682
internal_weight=24.1248 16.3107 6.35833 9.95241
internal_count=209 150 62 88
is_linear=0
shrinkage=0.03


Tree=32
num_leaves=5
num_cat=0
split_feature=6 2 14 13
split_gain=2.72346 0.66406 0.64387 0.476091
threshold=-0.46328340176312882 -0.40109651693224796 6.6729309097827096 0.5111425034236009
decision_type=2 2 2 2
left_child=-1 3 -3 -2
right_child=1 2 -4 -5
leaf_value=0.008933557922041405 -0.011757049244359129 -0.0037823111046942992 0.0056670361687314545 -0.00038412522874690025
leaf_weight=7.8216697014868286 4.7587954923510587 4.2390453293919537 2.1192913316190243 5.1723806411027908
leaf_count=59 43 40 22 45
internal_value=-0.000155758 -0.00625816 0.000906202 -0.00899836
internal_weight=24.1112 16.2895 6.35834 9.93118
internal_count=209 150 62 88
is_linear=0
shrinkage=0.03


Tree=33
num_leaves=5
num_cat=0
split_feature=13 12 7 14
split_gain=2.6638 0.668576 0.654019 1.45646
threshold=3.7979792059213744 0.30820799014626682 -0.026283259934244314 0.45957852215089601
decision_type=2 2 2 2
left_child=1 -1 3 -2
right_child=2 -3 -4 -5
leaf_value=0.0020049433637026126 0.0073153469826160548 -0.0098614327638613386 0.010714807863386527 -0.0062579619020698748
leaf_weight=1.7449542693793798 3.3578964993357641 9.1169274337589723 4.651131644845008 5.2262106761336327
leaf_count=13 28 85 34 49
internal_value=-0.000162936 -0.00790784 0.00686099 0.000130897
internal_weight=24.0971 10.8619 13.2352 8.58411
internal_count=209 98 111 77
is_linear=0
shrinkage=0.03


Tree=34
num_leaves=5
num_cat=0
split_feature=6 2 14 8
split_gain=2.61026 0.653078 0.637563 0.471288
threshold=-0.46328340176312882 -0.40109651693224796 6.6729309097827096 0.12297055798536163
decision_type=2 2 2 2
left_child=-1 3 -3 -2
right_child=1 2 -4 -5
leaf_value=0.0087615332431434292 -0.010361497913082099 -0.0037427102022619296 0.0056647803586373285 0.0011712726206930041
leaf_weight=7.8302990868687656 8.2802250795066374 4.2339166402816746 2.1183640360832214 1.6067888811230666
leaf_count=59 76 40 22 12
internal_value=-0.000123882 -0.00611455 0.000940202 -0.00884073
internal_weight=24.0696 16.2393 6.35228 9.88701
internal_count=209 150 62 88
is_linear=0
shrinkage=0.03


Tree=35
num_leaves=5
num_cat=0
split_feature=13 1 11 2
split_gain=2.57712 1.22724 1.58673 0.313756
threshold=0.5111425034236009 0.041224399262750684 0.26771224372703711 -0.49199573217246434
decision_type=2 2 2 2
left_child=3 2 -2 -1
right_child=1 -3 -4 -5
leaf_value=-0.011131332970089763 -0.0030735569956067245 -0.0046450471787163848 0.011621492246532668 0.00068137573482405958
leaf_weight=4.5297063738107681 4.5481713972985807 2.212587133049964 11.682028736919163 1.0789284110069299
leaf_count=40 50 15 88 16
internal_value=-0.000107227 0.00529255 0.00790169 -0.00987826
internal_weight=24.0514 18.4428 16.2302 5.60863
internal_count=209 153 138 56
is_linear=0
shrinkage=0.03


Tree=36
num_leaves=5
num_cat=0
split_feature=13 7 14 12
split_gain=2.52256 0.654478 1.42512 0.639971
threshold=3.7979792059213744 -0.026283259934244314 0.45957852215089601 0.30820799014626682
decision_type=2 2 2 2
left_child=3 2 -2 -1
right_child=1 -3 -4 -5
leaf_value=0.0019662668213767452 0.007176623216998251 0.010519345640015524 -0.0062487812124870454 -0.0096341826099406308
leaf_weight=1.7469139285385633 3.3619797863066179 4.6591021567583075 5.2238300181925297 9.0548506081104261
leaf_count=13 28 34 49 85
internal_value=-0.000161915 0.00666674 4.10803e-05 -0.00771475
internal_weight=24.0467 13.2449 8.58581 10.8018
internal_count=209 111 77 98
is_linear=0
shrinkage=0.03


Tree=37
num_leaves=5
num_cat=0
split_feature=13 1 11 2
split_gain=2.47244 1.19236 1.5437 0.313443
threshold=0.5111425034236009 0.041224399262750684 0.26771224372703711 -0.49199573217246434
decision_type=2 2 2 2
left_child=3 2 -2 -1
right_child=1 -3 -4 -5
leaf_value=-0.010968097385732465 -0.0030574130419566605 -0.0046064041148443638 0.011413123889513033 0.00070771521227621975
leaf_weight=4.493913009762764 4.5447707101702752 2.2084692642092696 11.696024127304552 1.075392354279759
leaf_count=40 50 15 88 16
internal_value=-0.000124036 0.00516403 0.00774176 -0.00970708
internal_weight=24.0186 18.4493 16.2408 5.56931
internal_count=209 153 138 56
is_linear=0
shrinkage=0.03


Tree=38
num_leaves=5
num_cat=0
split_feature=6 12 4 1
split_gain=2.44213 0.610123 0.610322 0.43148
threshold=-0.46328340176312882 -2.2115385288884073 0.033894520272437341 0.032556248843112652
decision_type=2 2 2 2
left_child=3 -2 -3 -1
right_child=1 2 -4 -5
leaf_value=0.0099722008431800298 0.0025699360017969945 -0.0099562341450100157 0.00065324395270093796 -0.0012186278484352785
leaf_weight=6.4589670859277275 1.5630611404776633 9.6649062074720806 4.9414471052587023 1.3843348398804662
leaf_count=51 16 97 37 8
internal_value=-0.000177957 -0.00597307 -0.00756016 0.00842102
internal_weight=24.0127 16.1694 14.6064 7.8433
internal_count=209 150 134 59
is_linear=0
shrinkage=0.03


Tree=39
num_leaves=5
num_cat=0
split_feature=5 3 10 2
split_gain=2.39573 1.06933 0.55869 0.374982
threshold=0.25519208118562647 -0.039059436034713353 0.073970451721017474 -1.8318301012320173
decision_type=2 2 2 2
left_child=1 -1 -3 -2
right_child=3 2 -4 -5
leaf_value=-0.0030652808938394639 0.00070722352863842339 -0.0014878652911584243 0.010527544287899865 -0.0097992722091832588
leaf_weight=3.7882742397487155 2.1915469542145729 1.5145748257637048 9.8346669971942884 6.6650092750787717
leaf_count=24 16 10 90 69
internal_value=-0.000155014 0.00594384 0.00897822 -0.00820313
internal_weight=23.9941 15.1375 11.3492 8.85656
internal_count=209 124 100 85
is_linear=0
shrinkage=0.03


Tree=40
num_leaves=5
num_cat=0
split_feature=13 11 1 10
split_gain=2.34701 1.1509 1.48655 0.412901
threshold=0.5111425034236009 0.26771224372703711 0.041224399262750684 0.49987045713937461
decision_type=2 2 2 2
left_child=-1 3 -3 -2
right_child=1 2 -4 -5
leaf_value=-0.0095203671207323912 -0.0059402055549609657 0.011150262841640073 -0.0042360478653790728 0.0024712568969461335
leaf_weight=5.5250055380165604 3.3277539163827923 11.707575023174284 1.7769084945321072 1.6393383294343946
leaf_count=56 37 88 11 17
internal_value=-0.000178121 0.00498221 0.00818232 -0.00336778
internal_weight=23.9766 18.4516 13.4845 4.96709
internal_count=209 153 99 54
is_linear=0
shrinkage=0.03


Tree=41
num_leaves=5
num_cat=0
split_feature=6 2 14 8
split_gain=2.31913 0.60463 0.635152 0.46711
threshold=-0.46328340176312882 -0.40109651693224796 6.6729309097827096 0.12297055798536163
decision_type=2 2 2 2
left_child=-1 3 -3 -2
right_child=1 2 -4 -5
leaf_value=0.0081597209089268145 -0.010041929043507116 -0.0037536444539008223 0.0056353383664247102 0.0012398447664994055
leaf_weight=7.8503724075853851 8.1839201301336306 4.2254851050674889 2.1152570322155952 1.5919665321707732
leaf_count=59 76 40 22 12
internal_value=-0.000226666 -0.00587186 0.000910372 -0.00850679
internal_weight=23.967 16.1166 6.34074 9.77589
internal_count=209 150 62 88
is_linear=0
shrinkage=0.03


Tree=42
num_leaves=5
num_cat=0
split_feature=13 7 14 12
split_gain=2.26214 0.69121 1.38109 0.594478
threshold=3.7979792059213744 -0.026283259934244314 0.45957852215089601 0.30820799014626682
decision_type=2 2 2 2
left_child=3 2 -2 -1
right_child=1 -3 -4 -5
leaf_value=0.0019097122046466879 0.0068858241432606113 0.010221287787541732 -0.0063307157241766446 -0.0092439129715680534
leaf_weight=1.7483456805348421 3.3678194284439069 4.6647474169731131 5.2244550511240959 8.9418212659656984
leaf_count=13 28 34 49 85
internal_value=-0.000209185 0.00625873 -0.000233067 -0.00737841
internal_weight=23.9472 13.257 8.59227 10.6902
internal_count=209 111 77 98
is_linear=0
shrinkage=0.03


Tree=43
num_leaves=5
num_cat=0
split_feature=13 1 11 2
split_gain=2.22752 1.11523 1.4553 0.31901
threshold=0.5111425034236009 0.041224399262750684 0.26771224372703711 -0.49199573217246434
decision_type=2 2 2 2
left_child=3 2 -2 -1
right_child=1 -3 -4 -5
leaf_value=-0.010593375525772912 -0.0030454372998497256 -0.0045306456173939283 0.010936675739448629 0.00079717510189152702
leaf_weight=4.408197108656168 4.5344066731631818 2.1984501779079428 11.714247945696114 1.0630195066332842
leaf_count=40 50 15 88 16
internal_value=-0.0001728 0.00484939 0.00736107 -0.00929547
internal_weight=23.9183 18.4471 16.2487 5.47122
internal_count=209 153 138 56
is_linear=0
shrinkage=0.03


Tree=44
num_leaves=5
num_cat=0
split_feature=6 2 14 8
split_gain=2.1916 0.577021 0.630007 0.461093
threshold=-0.46328340176312882 -0.40109651693224796 6.6729309097827096 0.12297055798536163
decision_type=2 2 2 2
left_child=-1 3 -3 -2
right_child=1 2 -4 -5
leaf_value=0.0079231181127506108 -0.0098409444539092807 -0.0037463172426828607 0.0056037948387520162 0.0012688748094468632
leaf_weight=7.856030352413657 8.1300978064537066 4.2216904126107666 2.1164499148726463 1.5857944637537009
leaf_count=59 76 40 22 12
internal_value=-0.000224765 -0.00572262 0.000894786 -0.00830378
internal_weight=23.9101 16.054 6.33814 9.71589
internal_count=209 150 62 88
is_linear=0
shrinkage=0.03


Tree=45
num_leaves=5
num_cat=0
split_feature=13 1 11 2
split_gain=2.14647 1.08972 1.40883 0.311169
threshold=0.5111425034236009 0.041224399262750684 0.26771224372703711 -0.49199573217246434
decision_type=2 2 2 2
left_child=3 2 -2 -1
right_child=1 -3 -4 -5
leaf_value=-0.010452668009611067 -0.003010054051664067 -0.004512309151373687 0.010737049015044816 0.00078867898531961812
leaf_weight=4.375246774405241 4.5288465172052446 2.196253426373004 11.725177500396965 1.0641557537019277
leaf_count=40 50 15 88 16
internal_value=-0.000207591 0.00472749 0.00721915 -0.00916704
internal_weight=23.8897 18.4503 16.254 5.4394
internal_count=209 153 138 56
is_linear=0
shrinkage=0.03


Tree=46
num_leaves=5
num_cat=0
split_feature=6 12 14 1
split_gain=2.10804 0.563847 0.642568 0.410811
threshold=-0.46328340176312882 -2.2115385288884073 7.0764676818721339 0.032556248843112652
decision_type=2 2 2 2
left_child=3 -2 -3 -1
right_child=1 2 -4 -5
leaf_value=0.0092839012058275969 0.0025020198505900666 -0.010409205850038461 6.8428945037352955e-05 -0.0012955985768652125
leaf_weight=6.4751490056514767 1.5640319399535716 7.0132273025810665 7.4425909034907818 1.385492570698261
leaf_count=51 16 65 69 8
internal_value=-0.00025869 -0.00564827 -0.00719259 0.00773783
internal_weight=23.8805 16.0199 14.4558 7.86064
internal_count=209 150 134 59
is_linear=0
shrinkage=0.03


Tree=47
num_leaves=5
num_cat=0
split_feature=13 7 14 12
split_gain=2.08632 0.706462 1.33955 0.560512
threshold=3.7979792059213744 -0.026283259934244314 0.45957852215089601 0.30820799014626682
decision_type=2 2 2 2
left_child=3 2 -2 -1
right_child=1 -3 -4 -5
leaf_value=0.0018586316299751533 0.0066659000451077229 0.0099789877893085976 -0.0063544684725117939 -0.0089654782423356245
leaf_weight=1.7494692318141485 3.369784511625765 4.6678200215101233 5.2213826924562454 8.857414171099661
leaf_count=13 28 34 49 85
internal_value=-0.000249808 0.0059662 -0.000408912 -0.00714459
internal_weight=23.8659 13.259 8.59117 10.6069
internal_count=209 111 77 98
is_linear=0
shrinkage=0.03


Tree=48
num_leaves=5
num_cat=0
split_feature=13 1 11 2
split_gain=2.05395 1.04796 1.36742 0.31134
threshold=0.5111425034236009 0.041224399262750684 0.26771224372703711 -0.49199573217246434
decision_type=2 2 2 2
left_child=3 2 -2 -1
right_child=1 -3 -4 -5
leaf_value=-0.010289101158205451 -0.002992885272677217 -0.0044399713412877654 0.010528556254499099 0.00081931713739004765
leaf_weight=4.3363835103809834 4.5229340270161691 2.188470482826232 11.728774923831223 1.0598872415721441
leaf_count=40 50 15 88 16
internal_value=-0.000214451 0.00461286 0.00705886 -0.00899224
internal_weight=23.8365 18.4402 16.2517 5.39627
internal_count=209 153 138 56
is_linear=0
shrinkage=0.03


Tree=49
num_leaves=5
num_cat=0
split_feature=5 3 10 2
split_gain=2.00437 1.06833 0.525055 0.379461
threshold=0.25519208118562647 -0.039059436034713353 0.073970451721017474 -1.8318301012320173
decision_type=2 2 2 2
left_child=1 -1 -3 -2
right_child=3 2 -4 -5
leaf_value=-0.003347460873947581 0.00086809461640254795 -0.0015096295171611635 0.0099586934260322106 -0.0092859557802602802
leaf_weight=3.7986403964459887 2.1628590188920498 1.5070691034197832 9.8321865648031217 6.5255450159311277
leaf_count=24 16 10 90 69
internal_value=-0.000264768 0.00532824 0.00844131 -0.00764629
internal_weight=23.8263 15.1379 11.3393 8.6884
internal_count=209 124 100 85
is_linear=0
shrinkage=0.03


Tree=50
num_leaves=5
num_cat=0
split_feature=6 2 14 8
split_gain=1.97524 0.543191 0.618914 0.453931
threshold=-0.46328340176312882 -0.40109651693224796 6.6729309097827096 0.12297055798536163
decision_type=2 2 2 2
left_child=-1 3 -3 -2
right_child=1 2 -4 -5
leaf_value=0.0074580082075035789 -0.0095664303698710495 -0.003714683854531321 0.0055548277754238736 0.0013149335072226277
leaf_weight=7.8613746017217663 8.045849930495022 4.2097325176000568 2.1160665415227413 1.574187625199557
leaf_count=59 76 40 22 12
internal_value=-0.000286531 -0.00550751 0.000889267 -0.00802318
internal_weight=23.8072 15.9458 6.3258 9.62004
internal_count=209 150 62 88
is_linear=0
shrinkage=0.03


Tree=51
num_leaves=5
num_cat=0
split_feature=13 1 11 2
split_gain=1.94387 1.01753 1.33137 0.307459
threshold=0.5111425034236009 0.041224399262750684 0.26771224372703711 -0.49199573217246434
decision_type=2 2 2 2
left_child=3 2 -2 -1
right_child=1 -3 -4 -5
leaf_value=-0.01011064425446574 -0.0030025162772241393 -0.004430285166930158 0.010296212786845792 0.00083528603119025749
leaf_weight=4.2922024130821228 4.5187482424080434 2.1853155046701422 11.732058815658091 1.0574999302625681
leaf_count=40 50 15 88 16
internal_value=-0.000268944 0.00443734 0.00686322 -0.00881237
internal_weight=23.7858 18.4361 16.2508 5.3497
internal_count=209 153 138 56
is_linear=0
shrinkage=0.03


Tree=52
num_leaves=5
num_cat=0
split_feature=13 7 14 12
split_gain=1.9019 0.726401 1.30806 0.522114
threshold=3.7979792059213744 -0.026283259934244314 0.45957852215089601 0.30820799014626682
decision_type=2 2 2 2
left_child=3 2 -2 -1
right_child=1 -3 -4 -5
leaf_value=0.0017889140621320074 0.0064501240507953564 0.0097112214214529844 -0.0064242090576108494 -0.0086705178330025844
leaf_weight=1.7512414753437067 3.3702289089560491 4.669675610959529 5.2206231281161308 8.762907035648821
leaf_count=13 28 34 49 85
internal_value=-0.000318064 0.0056284 -0.00062078 -0.00690558
internal_weight=23.7747 13.2605 8.59085 10.5141
internal_count=209 111 77 98
is_linear=0
shrinkage=0.03


Tree=53
num_leaves=5
num_cat=0
split_feature=6 12 14 10
split_gain=1.86666 0.525064 0.694646 0.401387
threshold=-0.46328340176312882 -2.2115385288884073 7.0764676818721339 0.23987216487343169
decision_type=2 2 2 2
left_child=3 -2 -3 -1
right_child=1 2 -4 -5
leaf_value=-0.00091665400462294616 0.0024428102138717533 -0.010221787807302506 0.00035722715777498714 0.0091460301336017177
leaf_weight=2.4678521975874927 1.5640768185257936 6.9621307924389786 7.35671766102314 5.3940533995628357
leaf_count=16 16 65 69 43
internal_value=-0.000283551 -0.00536779 -0.00687463 0.00724255
internal_weight=23.7448 15.8829 14.3188 7.86191
internal_count=209 150 134 59
is_linear=0
shrinkage=0.03


Tree=54
num_leaves=5
num_cat=0
split_feature=13 1 11 2
split_gain=1.86375 0.984643 1.29085 0.307352
threshold=0.5111425034236009 0.041224399262750684 0.26771224372703711 -0.49199573217246434
decision_type=2 2 2 2
left_child=3 2 -2 -1
right_child=1 -3 -4 -5
leaf_value=-0.0099564390638138042 -0.0029729831848230867 -0.0043740658703314925 0.010111136824305375 0.00086399334300199168
leaf_weight=4.2541586458683014 4.5116741396486821 2.1781937777996054 11.73244248703122 1.0534281581640268
leaf_count=40 50 15 88 16
internal_value=-0.000268073 0.00433914 0.006729 -0.00864738
internal_weight=23.7299 18.4223 16.2441 5.30759
internal_count=209 153 138 56
is_linear=0
shrinkage=0.03


Tree=55
num_leaves=5
num_cat=0
split_feature=14 2 9 11
split_gain=1.81926 0.851827 1.26489 0.275302
threshold=0.45957852215089601 -0.76004378426692998 0.02530605096513492 0.4328641745738866
decision_type=2 2 2 2
left_child=-1 3 -3 -2
right_child=1 2 -4 -5
leaf_value=0.0085039302840727964 -0.00014789779833477361 -0.0058292087737888843 0.0065022366525687367 -0.010087302155428045
leaf_weight=4.369491413235667 3.3499178178608453 3.9452438466250861 6.4998350068926811 5.5535073541104794
leaf_count=35 36 45 53 40
internal_value=-0.00031657 -0.00452736 0.00127151 -0.00840416
internal_weight=23.718 19.3485 10.4451 8.90343
internal_count=209 174 98 76
is_linear=0
shrinkage=0.03


Tree=56
num_leaves=5
num_cat=0
split_feature=13 1 11 2
split_gain=1.79063 0.960049 1.25862 0.301155
threshold=0.5111425034236009 0.041224399262750684 0.26771224372703711 -0.49199573217246434
decision_type=2 2 2 2
left_child=3 2 -2 -1
right_child=1 -3 -4 -5
leaf_value=-0.0098298832168526515 -0.0029670586744407366 -0.0043583149812921745 0.0099249092833814511 0.00085981034663650002
leaf_weight=4.2229508049786091 4.5097315795719686 2.1760443821549407 11.738095756620167 1.0540090091526533
leaf_count=40 50 15 88 16
internal_value=-0.000316765 0.0042088 0.00657949 -0.00852955
internal_weight=23.7008 18.4239 16.2478 5.27696
internal_count=209 153 138 56
is_linear=0
shrinkage=0.03


Tree=57
num_leaves=5
num_cat=0
split_feature=14 9 2 3
split_gain=1.78196 0.8408 1.17527 0.253342
threshold=0.45957852215089601 1.0000000180025095e-35 -0.76004378426692998 -0.027212201131748159
decision_type=2 2 2 2
left_child=3 -2 -3 -1
right_child=1 2 -4 -5
leaf_value=0.0099338313580335652 -0.0093496148017992147 -0.0053115751290452465 0.0058755762052358591 -0.00033367504488974835
leaf_weight=2.5144736021757126 5.4528635665774372 6.7283183187246358 7.1387382671236939 1.8538028039038206
leaf_count=18 59 54 61 17
internal_value=-0.000364244 -0.00452362 0.000496343 0.00837688
internal_weight=23.6882 19.3199 13.8671 4.36828
internal_count=209 174 115 35
is_linear=0
shrinkage=0.03


Tree=58
num_leaves=5
num_cat=0
split_feature=14 9 10 3
split_gain=1.7559 0.823319 1.14788 0.250405
threshold=0.45957852215089601 1.0000000180025095e-35 0.77505125839119959 -0.027212201131748159
decision_type=2 2 2 2
left_child=3 -2 -3 -1
right_child=1 2 -4 -5
leaf_value=0.0098741438398314216 -0.0092589801329703882 0.0052211870455760668 -0.0059216643479272245 -0.00033211008397516942
leaf_weight=2.5142345353960991 5.4391490817070034 9.0417522490024549 4.8204892836511126 1.8537850342690969
leaf_count=18 59 76 39 17
internal_value=-0.000346356 -0.00448075 0.000488579 0.00832617
internal_weight=23.6694 19.3014 13.8622 4.36802
internal_count=209 174 115 35
is_linear=0
shrinkage=0.03


Tree=59
num_leaves=5
num_cat=0
split_feature=14 2 9 11
split_gain=1.73358 0.802331 1.19084 0.282084
threshold=0.45957852215089601 -0.76004378426692998 0.02530605096513492 0.4328641745738866
decision_type=2 2 2 2
left_child=-1 3 -3 -2
right_child=1 2 -4 -5
leaf_value=0.0082758403004335908 -7.4859726752499729e-05 -0.0056840675267046835 0.0062804977536013466 -0.0099191636585234423
leaf_weight=4.3676444850862053 3.3361813798546827 3.9260203503072226 6.5119487084448338 5.5147279649972916
leaf_count=35 36 45 53 40
internal_value=-0.000339914 -0.00445031 0.00120104 -0.00821666
internal_weight=23.6565 19.2889 10.438 8.85091
internal_count=209 174 98 76
is_linear=0
shrinkage=0.03


Tree=60
num_leaves=5
num_cat=0
split_feature=13 7 14 12
split_gain=1.70519 0.721262 1.20758 0.476899
threshold=3.7979792059213744 -0.026283259934244314 0.45957852215089601 0.30820799014626682
decision_type=2 2 2 2
left_child=3 2 -2 -1
right_child=1 -3 -4 -5
leaf_value=0.0017092543279884193 0.0060827592470035531 0.0093761212820279577 -0.0062989568077798114 -0.0082925094993498774
leaf_weight=1.7520987913012529 3.3706049062311632 4.6670581400394431 5.206950169056654 8.6417637243866903
leaf_count=13 28 34 49 85
internal_value=-0.000340007 0.00529423 -0.000778238 -0.00659511
internal_weight=23.6385 13.2446 8.57756 10.3939
internal_count=209 111 77 98
is_linear=0
shrinkage=0.03


Tree=61
num_leaves=5
num_cat=0
split_feature=13 1 11 2
split_gain=1.67763 0.92477 1.22635 0.294329
threshold=0.5111425034236009 0.041224399262750684 0.26771224372703711 -0.49199573217246434
decision_type=2 2 2 2
left_child=3 2 -2 -1
right_child=1 -3 -4 -5
leaf_value=-0.0095778462912251752 -0.0029716709233311976 -0.0043108618065639112 0.0097196275177351722 0.00087680318567801517
leaf_weight=4.1590157151222229 4.5046102926135125 2.1682003065943709 11.724675983190535 1.0514438599348093
leaf_count=40 50 15 88 16
internal_value=-0.000307235 0.00407069 0.00640707 -0.00827871
internal_weight=23.6079 18.3975 16.2293 5.21046
internal_count=209 153 138 56
is_linear=0
shrinkage=0.03


Tree=62
num_leaves=5
num_cat=0
split_feature=14 9 10 3
split_gain=1.66412 0.792118 1.10718 0.260659
threshold=0.45957852215089601 1.0000000180025095e-35 0.77505125839119959 -0.027212201131748159
decision_type=2 2 2 2
left_child=3 -2 -3 -1
right_child=1 2 -4 -5
leaf_value=0.0096820899991076036 -0.0090752003456079089 0.0051345379668961419 -0.0058165477639831814 -0.00041461719253373786
leaf_weight=2.5115500204265118 5.4054473899304893 9.0322040244936925 4.7916816771030417 1.8537040352821375
leaf_count=18 59 76 39 17
internal_value=-0.000354202 -0.00438335 0.000490476 0.00809058
internal_weight=23.5946 19.2293 13.8239 4.36525
internal_count=209 174 115 35
is_linear=0
shrinkage=0.03


Tree=63
num_leaves=5
num_cat=0
split_feature=14 9 2 3
split_gain=1.64307 0.77187 1.09077 0.257674
threshold=0.45957852215089601 1.0000000180025095e-35 -0.76004378426692998 -0.027212201131748159
decision_type=2 2 2 2
left_child=3 -2 -3 -1
right_child=1 2 -4 -5
leaf_value=0.0096243536689358845 -0.0089878254060700279 -0.0051372624820565467 0.0056467541360945336 -0.00041267264877464262
leaf_weight=2.5108189955353737 5.3916794992983368 6.6795265190303361 7.1453503966331429 1.853688415139916
leaf_count=18 59 54 61 17
internal_value=-0.000348184 -0.00435401 0.000467095 0.00804182
internal_weight=23.5811 19.2166 13.8249 4.36451
internal_count=209 174 115 35
is_linear=0
shrinkage=0.03


Tree=64
num_leaves=5
num_cat=0
split_feature=14 9 10 3
split_gain=1.61922 0.75588 1.08086 0.254727
threshold=0.45957852215089601 1.0000000180025095e-35 0.77505125839119959 -0.027212201131748159
decision_type=2 2 2 2
left_child=3 -2 -3 -1
right_child=1 2 -4 -5
leaf_value=0.0095670594392545105 -0.0089014662355803523 0.0050528787450880045 -0.0057676994957512485 -0.00041073717316807433
leaf_weight=2.5099792927503586 5.3778932280838516 9.0385556295514089 4.7811788022518149 1.8536726981401468
leaf_count=18 59 76 39 17
internal_value=-0.000331475 -0.00431335 0.00045954 0.00799344
internal_weight=23.5613 19.1976 13.8197 4.36365
internal_count=209 174 115 35
is_linear=0
shrinkage=0.03


Tree=65
num_leaves=5
num_cat=0
split_feature=13 3 1 2
split_gain=1.60351 0.905816 0.822349 0.286855
threshold=0.5111425034236009 -0.039059436034713353 0.041224399262750684 -0.49199573217246434
decision_type=2 2 2 2
left_child=3 -2 -3 -1
right_child=1 2 -4 -5
leaf_value=-0.0094162237991689025 -0.0036450950471863205 0.0086264620969852112 -0.0030496006200621995 0.00087299267963129488
leaf_weight=4.1169773563742638 3.802861943840985 12.961801283061499 1.6139343082904822 1.051710925996306
leaf_count=40 24 117 12 16
internal_value=-0.00032587 0.00395892 0.00661877 -0.0081273
internal_weight=23.5473 18.3786 14.5757 5.16869
internal_count=209 153 129 56
is_linear=0
shrinkage=0.03


Tree=66
num_leaves=5
num_cat=0
split_feature=6 4 13 12
split_gain=1.59288 0.525696 0.742842 0.660928
threshold=-0.46328340176312882 0.033894520272437341 0.5111425034236009 -2.2115385288884073
decision_type=2 2 2 2
left_child=-1 3 -3 -2
right_child=1 2 -4 -5
leaf_value=0.0066004240800760739 0.0022668301097112545 -0.0042786025423942999 0.0062205414673960676 -0.0091888482953812519
leaf_weight=7.8400736637413528 1.5661332085728634 2.5912793911993495 2.1443905681371689 9.3967713713645917
leaf_count=59 16 20 17 97
internal_value=-0.000375444 -0.00507203 0.00147069 -0.00725164
internal_weight=23.5386 15.6986 4.73567 10.9629
internal_count=209 150 37 113
is_linear=0
shrinkage=0.03


Tree=67
num_leaves=5
num_cat=0
split_feature=14 2 9 11
split_gain=1.56605 0.746308 1.09336 0.28724
threshold=0.45957852215089601 -0.76004378426692998 0.02530605096513492 0.4328641745738866
decision_type=2 2 2 2
left_child=-1 3 -3 -2
right_child=1 2 -4 -5
leaf_value=0.007842266834570755 2.7083282621265337e-05 -0.0054422546323662025 0.006032248294824882 -0.0096311866804458489
leaf_weight=4.3601893819868591 3.3093565031886136 3.891010563820597 6.5122280903160572 5.4411296099424362
leaf_count=35 36 45 53 40
internal_value=-0.000350065 -0.00426527 0.00117665 -0.00791211
internal_weight=23.5139 19.1537 10.4032 8.75049
internal_count=209 174 98 76
is_linear=0
shrinkage=0.03


Tree=68
num_leaves=5
num_cat=0
split_feature=14 9 11 3
split_gain=1.53901 0.732294 1.04176 0.266794
threshold=0.45957852215089601 1.0000000180025095e-35 0.86519036096928581 -0.027212201131748159
decision_type=2 2 2 2
left_child=3 -2 -3 -1
right_child=1 2 -4 -5
leaf_value=0.009397159433684835 -0.0087529029196481041 0.0043244964052259801 -0.0066257976117931943 -0.00050016655148170299
leaf_weight=2.5058502592146397 5.3494662307202843 11.45009997114539 2.335758425295352 1.8535647317767168
leaf_count=18 59 96 19 17
internal_value=-0.000350355 -0.00423286 0.00046358 0.00777126
internal_weight=23.4947 19.1353 13.7859 4.35941
internal_count=209 174 115 35
is_linear=0
shrinkage=0.03


Tree=69
num_leaves=5
num_cat=0
split_feature=14 14 13 11
split_gain=1.52558 0.942975 1.8261 0.845216
threshold=3.953449327157839 6.0579106108102954 0.5111425034236009 0.19590081549094704
decision_type=2 2 2 2
left_child=3 -2 -3 -1
right_child=1 2 -4 -5
leaf_value=-0.0028474343212891856 -0.010508614742074908 -0.0067210574827617766 0.0085248270455679457 0.0085021479318331903
leaf_weight=2.9291672781109837 4.1104420386254779 4.5926782898604852 3.8400718457996845 8.0139484293758851
leaf_count=33 35 50 33 58
internal_value=-0.000359338 -0.00569463 0.00107993 0.00555516
internal_weight=23.4863 12.5432 8.43275 10.9431
internal_count=209 118 83 91
is_linear=0
shrinkage=0.03


Tree=70
num_leaves=5
num_cat=0
split_feature=14 2 9 11
split_gain=1.51079 0.728764 1.05327 0.282666
threshold=0.45957852215089601 -0.76004378426692998 0.02530605096513492 0.4328641745738866
decision_type=2 2 2 2
left_child=-1 3 -3 -2
right_child=1 2 -4 -5
leaf_value=0.0076780906505325786 3.3771350256239681e-05 -0.0053423330156588877 0.005923679093243036 -0.009532548158875432
leaf_weight=4.3556541614234474 3.3055750466883218 3.8755964636802638 6.5135406628251076 5.4163878560066223
leaf_count=35 36 45 53 40
internal_value=-0.000376231 -0.00421885 0.00116203 -0.00782547
internal_weight=23.4668 19.1111 10.3891 8.72196
internal_count=209 174 98 76
is_linear=0
shrinkage=0.03


Tree=71
num_leaves=5
num_cat=0
split_feature=14 2 9 11
split_gain=1.48479 0.710899 1.03215 0.277342
threshold=0.45957852215089601 -0.76004378426692998 0.02530605096513492 0.4328641745738866
decision_type=2 2 2 2
left_child=-1 3 -3 -2
right_child=1 2 -4 -5
leaf_value=0.0076087684371819253 3.3519618709698961e-05 -0.0052998055758828105 0.0058518819613525711 -0.0094429919543409027
leaf_weight=4.3546013757586506 3.3056091181933915 3.8698250763118232 6.5182707495987415 5.3988278247416019
leaf_count=35 36 45 53 40
internal_value=-0.000376372 -0.00418696 0.00113574 -0.0077503
internal_weight=23.4471 19.0925 10.3881 8.70444
internal_count=209 174 98 76
is_linear=0
shrinkage=0.03


Tree=72
num_leaves=5
num_cat=0
split_feature=14 9 11 3
split_gain=1.45928 0.700425 1.02397 0.27652
threshold=0.45957852215089601 1.0000000180025095e-35 0.86519036096928581 -0.027212201131748159
decision_type=2 2 2 2
left_child=3 -2 -3 -1
right_child=1 2 -4 -5
leaf_value=0.0092122616510940634 -0.0085800966076631686 0.0042800675960070903 -0.0065805044614459657 -0.00058472482437866592
leaf_weight=2.5004799738526344 5.3180716857314136 11.430257607251404 2.3255154192447653 1.852956105023625
leaf_count=18 59 96 19 17
internal_value=-0.0003766 -0.00415548 0.000446832 0.00754014
internal_weight=23.4273 19.0738 13.7558 4.35344
internal_count=209 174 115 35
is_linear=0
shrinkage=0.03


Tree=73
num_leaves=5
num_cat=0
split_feature=14 14 13 11
split_gain=1.44839 0.947514 1.77253 0.827819
threshold=3.953449327157839 6.0579106108102954 0.5111425034236009 0.19590081549094704
decision_type=2 2 2 2
left_child=3 -2 -3 -1
right_child=1 2 -4 -5
leaf_value=-0.0028652230616227278 -0.010418365578206785 -0.0065810889332268913 0.0084546834599346643 0.0083197683856896659
leaf_weight=2.9283995032310512 4.0935665592551223 4.5554805137217027 3.840775590389967 8.0000927373766881
leaf_count=33 35 50 33 58
internal_value=-0.000385705 -0.0055849 0.00115396 0.00538567
internal_weight=23.4183 12.4898 8.39626 10.9285
internal_count=209 118 83 91
is_linear=0
shrinkage=0.03


Tree=74
num_leaves=5
num_cat=0
split_feature=14 2 9 3
split_gain=1.43276 0.694264 0.994273 0.274711
threshold=0.45957852215089601 -0.76004378426692998 0.02530605096513492 -0.027212201131748159
decision_type=2 2 2 2
left_child=3 -2 -3 -1
right_child=1 2 -4 -5
leaf_value=0.009120002346468651 -0.0076665094716021837 -0.0052025347380847825 0.0057464552640730622 -0.00059667565218618479
leaf_weight=2.4969481639564037 8.6761159487068689 3.8543843999505008 6.5187192372977734 1.8521090596914316
leaf_count=18 76 45 53 17
internal_value=-0.00040224 -0.00414243 0.00112139 0.00744999
internal_weight=23.3983 19.0492 10.3731 4.34906
internal_count=209 174 98 35
is_linear=0
shrinkage=0.03


Tree=75
num_leaves=5
num_cat=0
split_feature=6 4 13 12
split_gain=1.41141 0.536501 0.696729 0.614719
threshold=-0.46328340176312882 0.033894520272437341 0.5111425034236009 -2.2115385288884073
decision_type=2 2 2 2
left_child=-1 3 -3 -2
right_child=1 2 -4 -5
leaf_value=0.0061934750687795892 0.0021704088590586072 -0.0040487707919964824 0.0061604694670242908 -0.0089130170335686987
leaf_weight=7.8166033811867264 1.5655652955174435 2.5400605909526339 2.1425932049751282 9.3082695975899679
leaf_count=59 16 20 17 97
internal_value=-0.000377969 -0.00481133 0.00163678 -0.00704197
internal_weight=23.3731 15.5565 4.68265 10.8738
internal_count=209 150 37 113
is_linear=0
shrinkage=0.03


Tree=76
num_leaves=5
num_cat=0
split_feature=14 9 11 3
split_gain=1.38875 0.679979 1.00916 0.273684
threshold=0.45957852215089601 1.0000000180025095e-35 0.86519036096928581 -0.027212201131748159
decision_type=2 2 2 2
left_child=3 -2 -3 -1
right_child=1 2 -4 -5
leaf_value=0.009036979160567114 -0.0084149249010707031 0.0042713285659183586 -0.0065170421858085619 -0.00061034044762006971
leaf_weight=2.4939338378608227 5.2844230271875885 11.404100757092236 2.3140667192637911 1.8513979502022291
leaf_count=18 59 96 19 17
internal_value=-0.000352963 -0.00404945 0.000471059 0.00736644
internal_weight=23.3479 19.0026 13.7182 4.34533
internal_count=209 174 115 35
is_linear=0
shrinkage=0.03


Tree=77
num_leaves=5
num_cat=0
split_feature=13 3 11 2
split_gain=1.38349 0.874598 0.787637 0.282025
threshold=0.5111425034236009 -0.039059436034713353 0.26771224372703711 -0.49199573217246434
decision_type=2 2 2 2
left_child=3 -2 -3 -1
right_child=1 2 -4 -5
leaf_value=-0.0089497155330738026 -0.003722882379017977 -0.001852540576854102 0.0090040780227761165 0.00094398301391688524
leaf_weight=3.9925076067447662 3.7967519797384783 4.4280669130384895 10.080784752964972 1.0404940471053148
leaf_count=40 24 50 79 16
internal_value=-0.00036265 0.00362885 0.00628672 -0.00763699
internal_weight=23.3386 18.3056 14.5089 5.033
internal_count=209 153 129 56
is_linear=0
shrinkage=0.03


Tree=78
num_leaves=5
num_cat=0
split_feature=14 2 9 11
split_gain=1.37004 0.66576 0.958403 0.284611
threshold=0.45957852215089601 -0.76004378426692998 0.02530605096513492 0.4328641745738866
decision_type=2 2 2 2
left_child=-1 3 -3 -2
right_child=1 2 -4 -5
leaf_value=0.007285608234604184 0.00012636528765542013 -0.0051133435210221762 0.0056394246403438739 -0.0092314994450643055
leaf_weight=4.3404184989631203 3.2846474088728463 3.8401881866157019 6.5169035904109478 5.3428755514323711
leaf_count=35 36 45 53 40
internal_value=-0.000393223 -0.00405673 0.00109918 -0.00751356
internal_weight=23.325 18.9846 10.3571 8.62752
internal_count=209 174 98 76
is_linear=0
shrinkage=0.03


Tree=79
num_leaves=5
num_cat=0
split_feature=13 7 14 4
split_gain=1.34778 0.726021 1.00656 0.498092
threshold=3.7979792059213744 -0.026283259934244314 0.45957852215089601 0.033894520272437341
decision_type=2 2 2 2
left_child=3 2 -2 -1
right_child=1 -3 -4 -5
leaf_value=-0.0085375289374018132 0.005294906954890038 0.0087726304468384395 -0.006050388065848635 0.0010276550712177901
leaf_weight=5.8310892060399073 3.3556249812245351 4.6419956833124152 5.1737236678600311 4.3020924292504787
leaf_count=64 28 34 49 34
internal_value=-0.000393402 0.00463325 -0.0011382 -0.0059832
internal_weight=23.3045 13.1713 8.52935 10.1332
internal_count=209 111 77 98
is_linear=0
shrinkage=0.03


Tree=80
num_leaves=5
num_cat=0
split_feature=14 14 13 11
split_gain=1.32707 0.976833 1.67544 0.78738
threshold=3.953449327157839 6.0579106108102954 0.5111425034236009 0.19590081549094704
decision_type=2 2 2 2
left_child=3 -2 -3 -1
right_child=1 2 -4 -5
leaf_value=-0.0028399436860182471 -0.01029451288054746 -0.0062914499452665336 0.0083630260344045668 0.008028388766591418
leaf_weight=2.9222803786396998 4.0685241110622874 4.4779516085982305 3.8407696150243282 7.9742355793714523
leaf_count=33 35 50 33 58
internal_value=-0.000377349 -0.00536757 0.00134635 0.00514945
internal_weight=23.2838 12.3872 8.31872 10.8965
internal_count=209 118 83 91
is_linear=0
shrinkage=0.03


Tree=81
num_leaves=5
num_cat=0
split_feature=14 9 11 3
split_gain=1.31203 0.657364 0.986162 0.283594
threshold=0.45957852215089601 1.0000000180025095e-35 0.86519036096928581 -0.027212201131748159
decision_type=2 2 2 2
left_child=3 -2 -3 -1
right_child=1 2 -4 -5
leaf_value=0.008844766484929387 -0.0082775470200152374 0.0042265135661789955 -0.0064447292370150983 -0.00070225720705020345
leaf_weight=2.484430555254221 5.2540443167090443 11.374895613640545 2.3004033379256716 1.8494347631931329
leaf_count=18 59 96 19 17
internal_value=-0.000393739 -0.00398203 0.000467513 0.00712303
internal_weight=23.2632 18.9293 13.6753 4.33387
internal_count=209 174 115 35
is_linear=0
shrinkage=0.03


Tree=82
num_leaves=5
num_cat=0
split_feature=14 2 9 11
split_gain=1.29953 0.652432 0.916842 0.280572
threshold=0.45957852215089601 -0.76004378426692998 0.02530605096513492 0.4328641745738866
decision_type=2 2 2 2
left_child=-1 3 -3 -2
right_child=1 2 -4 -5
leaf_value=0.0070808423606147112 0.00014259772020108172 -0.0049819155416292726 0.005543981461097902 -0.0091089131924973529
leaf_weight=4.3317052908241775 3.2780066467821634 3.8193107768893206 6.511801965534687 5.312584649771452
leaf_count=35 36 45 53 40
internal_value=-0.000403344 -0.00397256 0.00111624 -0.00740093
internal_weight=23.2534 18.9217 10.3311 8.59059
internal_count=209 174 98 76
is_linear=0
shrinkage=0.03


Tree=83
num_leaves=5
num_cat=0
split_feature=6 14 13 12
split_gain=1.27959 0.54623 1.25721 0.640163
threshold=-0.46328340176312882 7.0764676818721339 0.5111425034236009 -2.2115385288884073
decision_type=2 2 2 2
left_child=-1 3 -3 -2
right_child=1 2 -4 -5
leaf_value=0.0058654395955006879 0.0021019664345702533 -0.005588812520946145 0.0073874856401935926 -0.0095795635075465041
leaf_weight=7.7898993045091656 1.5631277337670324 3.9721428751945487 3.1152091771364212 6.7921765558421594
leaf_count=59 16 44 25 65
internal_value=-0.000403523 -0.00462828 0.00110027 -0.00743962
internal_weight=23.2326 15.4427 7.08735 8.3553
internal_count=209 150 69 81
is_linear=0
shrinkage=0.03


Tree=84
num_leaves=5
num_cat=0
split_feature=13 7 14 4
split_gain=1.26469 0.714527 0.954418 0.49423
threshold=3.7979792059213744 -0.026283259934244314 0.45957852215089601 0.033894520272437341
decision_type=2 2 2 2
left_child=3 2 -2 -1
right_child=1 -3 -4 -5
leaf_value=-0.0083728946672285576 0.0051065175330852839 0.0085970649625360974 -0.005952681267126201 0.0010836907055456304
leaf_weight=5.783268555998804 3.348829008638857 4.6333843283355227 5.1614020876586437 4.281453263014555
leaf_count=64 28 34 49 34
internal_value=-0.000390136 0.00448155 -0.00119312 -0.00581493
internal_weight=23.2083 13.1436 8.51023 10.0647
internal_count=209 111 77 98
is_linear=0
shrinkage=0.03


Tree=85
num_leaves=5
num_cat=0
split_feature=13 3 11 2
split_gain=1.25272 0.847044 0.761969 0.280718
threshold=0.5111425034236009 -0.039059436034713353 0.26771224372703711 -0.49199573217246434
decision_type=2 2 2 2
left_child=3 -2 -3 -1
right_child=1 2 -4 -5
leaf_value=-0.008652212910174293 -0.0037421741466216654 -0.0018731609757222231 0.0087569362106055086 0.0010009096029574649
leaf_weight=3.9107174724340439 3.789347674697642 4.415653828531501 10.040215298533438 1.031320303678515
leaf_count=40 24 50 79 16
internal_value=-0.000374578 0.00343017 0.00607167 -0.00731608
internal_weight=23.1873 18.2452 14.4559 4.94204
internal_count=209 153 129 56
is_linear=0
shrinkage=0.03


Tree=86
num_leaves=5
num_cat=0
split_feature=14 9 11 3
split_gain=1.23468 0.629785 0.967389 0.293085
threshold=0.45957852215089601 1.0000000180025095e-35 0.86519036096928581 -0.027212201131748159
decision_type=2 2 2 2
left_child=3 -2 -3 -1
right_child=1 2 -4 -5
leaf_value=0.0086668627394253656 -0.0080964060882949117 0.0041925013643593747 -0.0063831172229524532 -0.00079184119289598244
leaf_weight=2.474749531596899 5.2181716784834888 11.345881406217812 2.287162870168685 1.8472032956779028
leaf_count=18 59 96 19 17
internal_value=-0.000404376 -0.00388719 0.000468083 0.00689402
internal_weight=23.1732 18.8512 13.633 4.32195
internal_count=209 174 115 35
is_linear=0
shrinkage=0.03


Tree=87
num_leaves=5
num_cat=0
split_feature=14 14 13 10
split_gain=1.22738 0.977207 1.58174 0.762661
threshold=3.953449327157839 6.0579106108102954 0.5111425034236009 0.40858123925887463
decision_type=2 2 2 2
left_child=3 -2 -3 -1
right_child=1 2 -4 -5
leaf_value=-0.0018843655899188716 -0.010154572531785642 -0.0060581310745730756 0.0082064270091335243 0.0086103092907927632
leaf_weight=5.5494617149233836 4.0415083914995185 4.4138035215437394 3.8458872810006142 5.3123286403715611
leaf_count=46 35 50 33 45
internal_value=-0.000414255 -0.00521411 0.00144058 0.00491535
internal_weight=23.163 12.3012 8.25969 10.8618
internal_count=209 118 83 91
is_linear=0
shrinkage=0.03


Tree=88
num_leaves=5
num_cat=0
split_feature=14 2 9 3
split_gain=1.21095 0.631404 0.873828 0.291804
threshold=0.45957852215089601 -0.76004378426692998 0.02530605096513492 -0.027212201131748159
decision_type=2 2 2 2
left_child=3 -2 -3 -1
right_child=1 2 -4 -5
leaf_value=0.0085916540638189022 -0.0072440288818594869 -0.0048462027996232383 0.0054398172429530973 -0.00080397642616838365
leaf_weight=2.4705079346895218 8.5302211791276967 3.7959847450256312 6.5006071291863918 1.8469837419688726
leaf_count=18 76 45 53 17
internal_value=-0.000413758 -0.00386207 0.00112837 0.00681807
internal_weight=23.1443 18.8268 10.2966 4.31749
internal_count=209 174 98 35
is_linear=0
shrinkage=0.03


Tree=89
num_leaves=5
num_cat=0
split_feature=13 7 14 4
split_gain=1.19539 0.699185 0.910984 0.490692
threshold=3.7979792059213744 -0.026283259934244314 0.45957852215089601 0.033894520272437341
decision_type=2 2 2 2
left_child=3 2 -2 -1
right_child=1 -3 -4 -5
leaf_value=-0.0082342394138828854 0.0049530624556209692 0.0084265389406823939 -0.0058612102866365057 0.0011308305470916628
leaf_weight=5.7402474395930785 3.3419593274593336 4.624519031494855 5.1504290327429771 4.2615391165018082
leaf_count=64 28 34 49 34
internal_value=-0.000391434 0.00434824 -0.00122841 -0.00567357
internal_weight=23.1187 13.1169 8.49239 10.0018
internal_count=209 111 77 98
is_linear=0
shrinkage=0.03


Tree=90
num_leaves=5
num_cat=0
split_feature=13 3 11 2
split_gain=1.18052 0.824146 0.740822 0.277992
threshold=0.5111425034236009 -0.039059436034713353 0.26771224372703711 -0.49199573217246434
decision_type=2 2 2 2
left_child=3 -2 -3 -1
right_child=1 2 -4 -5
leaf_value=-0.0084721509626525127 -0.0037276309924906314 -0.0018706933504664728 0.0085905650526322489 0.001026438250811711
leaf_weight=3.8599146045744419 3.7835378348827406 4.4069886133074734 10.019975651055573 1.026948701590302
leaf_count=40 24 50 79 16
internal_value=-0.000376251 0.00331975 0.00593737 -0.00712741
internal_weight=23.0974 18.2105 14.427 4.88686
internal_count=209 153 129 56
is_linear=0
shrinkage=0.03


Tree=91
num_leaves=5
num_cat=0
split_feature=6 14 13 12
split_gain=1.17349 0.56562 1.43642 0.632379
threshold=-0.46328340176312882 6.6729309097827096 0.5111425034236009 -2.2115385288884073
decision_type=2 2 2 2
left_child=-1 3 -3 -2
right_child=1 2 -4 -5
leaf_value=0.0056044251321560557 0.0020553535382529559 -0.0058809991747535628 0.0078588356639334462 -0.0096711576791577662
leaf_weight=7.7592298276722458 1.5599216371774671 4.3649303801357746 3.2397768720984459 6.1591282300651056
leaf_count=59 16 50 26 58
internal_value=-0.000405598 -0.00446019 0.00111158 -0.00747883
internal_weight=23.083 15.3238 7.60471 7.71905
internal_count=209 150 76 74
is_linear=0
shrinkage=0.03


Tree=92
num_leaves=5
num_cat=0
split_feature=14 14 13 10
split_gain=1.15663 0.977496 1.49361 0.751833
threshold=3.953449327157839 6.0579106108102954 0.5111425034236009 0.40858123925887463
decision_type=2 2 2 2
left_child=3 -2 -3 -1
right_child=1 2 -4 -5
leaf_value=-0.0019218803860054253 -0.010021231149142973 -0.0058327226398404994 0.0080538958545457312 0.0084601135096304438
leaf_weight=5.5392899811267871 4.0156627744436255 4.3519908748567087 3.8539237901568413 5.2979256995022297
leaf_count=46 35 50 33 45
internal_value=-0.00039414 -0.00506658 0.00153065 0.00477787
internal_weight=23.0588 12.2216 8.20591 10.8372
internal_count=209 118 83 91
is_linear=0
shrinkage=0.03


Tree=93
num_leaves=5
num_cat=0
split_feature=14 9 11 3
split_gain=1.14115 0.615523 0.956205 0.297607
threshold=0.45957852215089601 1.0000000180025095e-35 0.86519036096928581 -0.027212201131748159
decision_type=2 2 2 2
left_child=3 -2 -3 -1
right_child=1 2 -4 -5
leaf_value=0.0084357593897296107 -0.007919594907404957 0.0042180647552390749 -0.0063082554989027763 -0.00087303340500247833
leaf_weight=2.4598250687122345 5.174979172647002 11.289485845714806 2.2711123414337626 1.8444055616855646
leaf_count=18 59 96 19 17
internal_value=-0.000394102 -0.00375105 0.000525925 0.00662514
internal_weight=23.0398 18.7356 13.5606 4.30423
internal_count=209 174 115 35
is_linear=0
shrinkage=0.03


Tree=94
num_leaves=5
num_cat=0
split_feature=13 7 14 4
split_gain=1.13085 0.690565 0.875164 0.482184
threshold=3.7979792059213744 -0.026283259934244314 0.45957852215089601 0.033894520272437341
decision_type=2 2 2 2
left_child=3 2 -2 -1
right_child=1 -3 -4 -5
leaf_value=-0.0080950691476893988 0.0048104068076212933 0.0082750974621641025 -0.0058006384422171929 0.0011547299378269502
leaf_weight=5.6961007267236727 3.3341646306216699 4.613913655281066 5.1411273777484894 4.2441144771873951
leaf_count=64 28 34 49 34
internal_value=-0.000404694 0.00421176 -0.00128201 -0.00554723
internal_weight=23.0294 13.0892 8.47529 9.94022
internal_count=209 111 77 98
is_linear=0
shrinkage=0.03


Tree=95
num_leaves=5
num_cat=0
split_feature=14 14 13 10
split_gain=1.11716 0.967776 1.46141 0.738665
threshold=3.953449327157839 6.0579106108102954 0.5111425034236009 0.40858123925887463
decision_type=2 2 2 2
left_child=3 -2 -3 -1
right_child=1 2 -4 -5
leaf_value=-0.0019257700543764073 -0.0099232645797087266 -0.005752789786169327 0.0079925541662817391 0.0083502604567047261
leaf_weight=5.5345475040376204 3.9993399754166594 4.3297400809824449 3.8550592698156834 5.2892161905765533
leaf_count=46 35 50 33 45
internal_value=-0.000389751 -0.00498635 0.00155632 0.0046943
internal_weight=23.0079 12.1841 8.1848 10.8238
internal_count=209 118 83 91
is_linear=0
shrinkage=0.03


Tree=96
num_leaves=5
num_cat=0
split_feature=6 14 13 12
split_gain=1.10094 0.552088 1.36151 0.613079
threshold=-0.46328340176312882 6.6729309097827096 0.5111425034236009 -2.2115385288884073
decision_type=2 2 2 2
left_child=-1 3 -3 -2
right_child=1 2 -4 -5
leaf_value=0.005431510789110151 0.0020367853680701284 -0.0057057743272035076 0.007683590448695413 -0.0094846820511527204
leaf_weight=7.7409436777234104 1.5598813183605669 4.3170463144779205 3.2510182783007622 6.1197605691850168
leaf_count=59 16 50 26 58
internal_value=-0.000389835 -0.00432595 0.00114558 -0.00731609
internal_weight=22.9887 15.2477 7.56806 7.67964
internal_count=209 150 76 74
is_linear=0
shrinkage=0.03


Tree=97
num_leaves=5
num_cat=0
split_feature=14 2 9 3
split_gain=1.08697 0.613095 0.819495 0.300721
threshold=0.45957852215089601 -0.76004378426692998 0.02530605096513492 -0.027212201131748159
decision_type=2 2 2 2
left_child=3 -2 -3 -1
right_child=1 2 -4 -5
leaf_value=0.0083065765238897887 -0.0070137327315898355 -0.0046355203075299145 0.0053478228510441409 -0.00092286065369642605
leaf_weight=2.451158307492733 8.4374215416610276 3.7580575905740226 6.4747500941157341 1.8427817486226583
leaf_count=18 76 45 53 17
internal_value=-0.000378884 -0.00366188 0.00120242 0.00647108
internal_weight=22.9642 18.6702 10.2328 4.29394
internal_count=209 174 98 35
is_linear=0
shrinkage=0.03


Tree=98
num_leaves=5
num_cat=0
split_feature=14 14 13 10
split_gain=1.07639 0.957444 1.40745 0.724134
threshold=3.953449327157839 6.0579106108102954 0.5111425034236009 0.40858123925887463
decision_type=2 2 2 2
left_child=3 -2 -3 -1
right_child=1 2 -4 -5
leaf_value=-0.0019185751887268686 -0.0098032302827346721 -0.0056196689319046476 0.0078838510900806676 0.0082493829476395202
leaf_weight=5.528287276625635 3.9761714562773696 4.292824197560547 3.8606196455657482 5.2807829007506371
leaf_count=46 35 50 33 45
internal_value=-0.000358019 -0.00488294 0.00159497 0.0046261
internal_weight=22.9387 12.1296 8.15344 10.8091
internal_count=209 118 83 91
is_linear=0
shrinkage=0.03


Tree=99
num_leaves=5
num_cat=0
split_feature=13 7 14 4
split_gain=1.06246 0.679764 0.836703 0.47952
threshold=3.7979792059213744 -0.026283259934244314 0.45957852215089601 0.033894520272437341
decision_type=2 2 2 2
left_child=3 2 -2 -1
right_child=1 -3 -4 -5
leaf_value=-0.0079216185320382243 0.0046702209992727046 0.0081468837557490993 -0.005714881489246466 0.0012234346577570305
leaf_weight=5.6431768424808997 3.326983340084551 4.6007185578346244 5.1306952945888042 4.2176421284675598
leaf_count=64 28 34 49 34
internal_value=-0.000358597 0.00410784 -0.00131274 -0.00536357
internal_weight=22.9192 13.0584 8.45768 9.86082
internal_count=209 111 77 98
is_linear=0
shrinkage=0.03


Tree=100
num_leaves=5
num_cat=0
split_feature=14 14 13 11
split_gain=1.04474 0.947686 1.3777 0.720579
threshold=3.953449327157839 6.0579106108102954 0.5111425034236009 0.19590081549094704
decision_type=2 2 2 2
left_child=3 -2 -3 -1
right_child=1 2 -4 -5
leaf_value=-0.0028772816568094842 -0.0097109780156651292 -0.0055451322633612455 0.0078230499196061381 0.0073813359163659702
leaf_weight=2.9089768826961535 3.9604835510253897 4.272457540035246 3.8634936511516571 7.8922744803130627
leaf_count=33 35 50 33 58
internal_value=-0.000344452 -0.00480882 0.00161624 0.00456348
internal_weight=22.8977 12.0964 8.13595 10.8013
internal_count=209 118 83 91
is_linear=0
shrinkage=0.03


Tree=101
num_leaves=5
num_cat=0
split_feature=14 9 11 3
split_gain=1.03279 0.600998 0.94309 0.302975
threshold=0.45957852215089601 1.0000000180025095e-35 0.86519036096928581 -0.027212201131748159
decision_type=2 2 2 2
left_child=3 -2 -3 -1
right_child=1 2 -4 -5
leaf_value=0.0081729738564615285 -0.0076990891841956328 0.0042615395356467942 -0.0062082691276251524 -0.00097063068313385005
leaf_weight=2.4410205073654652 5.1223396472632912 11.219794102013109 2.2516148388385764 1.8409472592175031
leaf_count=18 59 96 19 17
internal_value=-0.000361167 -0.00356933 0.000612135 0.00631474
internal_weight=22.8757 18.5937 13.4714 4.28197
internal_count=209 174 115 35
is_linear=0
shrinkage=0.03


Tree=102
num_leaves=5
num_cat=0
split_feature=14 2 9 8
split_gain=1.02378 0.60018 0.783815 0.301021
threshold=0.45957852215089601 -0.76004378426692998 0.02530605096513492 0.096786065426811105
decision_type=2 2 2 2
left_child=-1 3 -3 -2
right_child=1 2 -4 -5
leaf_value=0.0062779395777186739 -0.0083827301683514766 -0.0045078468136355914 0.005267823286359905 0.00073436027527224183
leaf_weight=4.278955694288018 6.183756116777662 3.7342751696705783 6.4616368934512138 2.2065678462386131
leaf_count=35 57 45 53 19
internal_value=-0.000372815 -0.00356448 0.00122822 -0.00688949
internal_weight=22.8652 18.5862 10.1959 8.39032
internal_count=209 174 98 76
is_linear=0
shrinkage=0.03


Tree=103
num_leaves=5
num_cat=0
split_feature=13 7 14 4
split_gain=1.01246 0.665969 0.798169 0.471683
threshold=3.7979792059213744 -0.026283259934244314 0.45957852215089601 0.033894520272437341
decision_type=2 2 2 2
left_child=3 2 -2 -1
right_child=1 -3 -4 -5
leaf_value=-0.007802386531941945 0.0045296785008695963 0.0080029175386456403 -0.0056235776339718076 0.0012402535535183474
leaf_weight=5.6071867942810076 3.3193847313523275 4.5909777991473666 5.1186895631253719 4.2074256278574467
leaf_count=64 28 34 49 34
internal_value=-0.00036752 0.00399851 -0.001339 -0.00525635
internal_weight=22.8437 13.0291 8.43807 9.81461
internal_count=209 111 77 98
is_linear=0
shrinkage=0.03


Tree=104
num_leaves=5
num_cat=0
split_feature=4 4 3 13
split_gain=1.00166 0.735227 0.716049 0.564081
threshold=0.020633256105168089 0.033894520272437341 -0.039059436034713353 0.5111425034236009
decision_type=2 2 2 2
left_child=2 -2 -1 -3
right_child=1 3 -4 -5
leaf_value=-0.0030916863706758682 -0.0091199286879588472 -0.0035085569282516751 0.0064597536682854551 0.0057562196675384194
leaf_weight=3.5460105687379828 4.1421449854969961 2.4147894345223904 10.565892014652492 2.1531233042478561
leaf_count=23 49 20 100 17
internal_value=-0.000353627 -0.00548247 0.00377285 0.00181207
internal_weight=22.822 8.71006 14.1119 4.56791
internal_count=209 86 123 37
is_linear=0
shrinkage=0.03


Tree=105
num_leaves=5
num_cat=0
split_feature=6 14 13 12
split_gain=0.982523 0.560762 1.26271 0.582887
threshold=-0.46328340176312882 6.6729309097827096 0.5111425034236009 -2.2115385288884073
decision_type=2 2 2 2
left_child=-1 3 -3 -2
right_child=1 2 -4 -5
leaf_value=0.0051282296255341911 0.0019840470897975384 -0.0054076951340073006 0.0075210099200613877 -0.0092620840119489456
leaf_weight=7.7015618011355427 1.556720722466707 4.2327987104654312 3.2544005922973156 6.0589543022215349
leaf_count=59 16 50 26 58
internal_value=-0.000375339 -0.00410672 0.00129923 -0.00714195
internal_weight=22.8044 15.1029 7.4872 7.61568
internal_count=209 150 76 74
is_linear=0
shrinkage=0.03


Tree=106
num_leaves=5
num_cat=0
split_feature=14 14 13 10
split_gain=0.967142 0.939694 1.3113 0.723401
threshold=3.953449327157839 6.0579106108102954 0.5111425034236009 0.40858123925887463
decision_type=2 2 2 2
left_child=3 -2 -3 -1
right_child=1 2 -4 -5
leaf_value=-0.0020443406086435856 -0.0095603560554611798 -0.0053640394402275629 0.007702053437494482 0.0080247516902628383
leaf_weight=5.5133905075490492 3.9276567026972762 4.2207976840436441 3.8640404120087624 5.2539952322840691
leaf_count=46 35 50 33 45
internal_value=-0.000364792 -0.00466338 0.00168653 0.00436718
internal_weight=22.7799 12.0125 8.08484 10.7674
internal_count=209 118 83 91
is_linear=0
shrinkage=0.03


Tree=107
num_leaves=5
num_cat=0
split_feature=14 2 9 11
split_gain=0.957772 0.585072 0.756959 0.339398
threshold=0.45957852215089601 -0.76004378426692998 0.02530605096513492 0.4328641745738866
decision_type=2 2 2 2
left_child=3 -2 -3 -1
right_child=1 2 -4 -5
leaf_value=-0.0013198786807427768 -0.0067513158238382805 -0.004407741930653449 0.0052104288543273133 0.0079694752087972991
leaf_weight=1.4967252574861074 8.3372563943266904 3.7126835249364341 6.4453345201909542 2.7680695652961731
leaf_count=18 76 45 53 17
internal_value=-0.00036553 -0.00345866 0.00125237 0.00606953
internal_weight=22.7601 18.4953 10.158 4.26479
internal_count=209 174 98 35
is_linear=0
shrinkage=0.03


Tree=108
num_leaves=5
num_cat=0
split_feature=13 7 4 4
split_gain=0.942666 0.661202 0.767316 0.463766
threshold=3.7979792059213744 -0.026283259934244314 -0.036084160357767618 0.033894520272437341
decision_type=2 2 2 2
left_child=3 2 -2 -1
right_child=1 -3 -4 -5
leaf_value=-0.0076205653383050048 0.0040819170927446644 0.007866695544669778 -0.0058674193055210074 0.0012870361238902488
leaf_weight=5.550625931471588 4.1644560284912577 4.576421156525611 4.256164137274026 4.1858525462448597
leaf_count=64 35 34 42 34
internal_value=-0.000348491 0.00386308 -0.00140217 -0.00507927
internal_weight=22.7335 12.997 8.42062 9.73648
internal_count=209 111 77 98
is_linear=0
shrinkage=0.03


Tree=109
num_leaves=5
num_cat=0
split_feature=14 14 13 14
split_gain=0.935328 0.592513 1.27701 0.491092
threshold=0.45957852215089601 6.0579106108102954 0.5111425034236009 3.953449327157839
decision_type=2 2 2 2
left_child=-1 3 -3 -2
right_child=1 2 -4 -5
leaf_value=0.006014119756794039 0.00020730863392350076 -0.0052567237475380319 0.0076543261277986045 -0.0094772254721795842
leaf_weight=4.2579008676111725 6.4945469498634356 4.1901287697255594 3.8631953932344913 3.910282738506794
leaf_count=35 56 50 33 35
internal_value=-0.000340593 -0.0034047 0.00174593 -0.00629319
internal_weight=22.7161 18.4582 8.05332 10.4048
internal_count=209 174 83 91
is_linear=0
shrinkage=0.03


Tree=110
num_leaves=5
num_cat=0
split_feature=4 4 3 13
split_gain=0.921349 0.717535 0.696477 0.533475
threshold=0.020633256105168089 0.033894520272437341 -0.039059436034713353 0.5111425034236009
decision_type=2 2 2 2
left_child=2 -2 -1 -3
right_child=1 3 -4 -5
leaf_value=-0.0031017280101724672 -0.0088930411632460547 -0.0033737629205424888 0.0062868489540831227 0.0056599256724354568
leaf_weight=3.5411638244986525 4.0780481658875924 2.3836302384734154 10.537047471851112 2.1547329612076283
leaf_count=23 49 20 100 17
internal_value=-0.000338554 -0.00527391 0.00361789 0.00185822
internal_weight=22.6946 8.61641 14.0782 4.53836
internal_count=209 86 123 37
is_linear=0
shrinkage=0.03


Tree=111
num_leaves=5
num_cat=0
split_feature=14 8 10 2
split_gain=0.910774 0.591231 1.36485 0.795182
threshold=0.45957852215089601 0.04644502705269965 0.77505125839119959 1.0203824895985281
decision_type=2 2 2 2
left_child=-1 3 -3 -2
right_child=1 2 -4 -5
leaf_value=0.0059174034490143378 -0.008988139574632294 0.0077189382872666374 -0.0054083571695906123 0.0028322530716687251
leaf_weight=4.2518288828432587 7.7168015725910681 4.1677636168897134 4.730544950813055 1.810038775205612
leaf_count=35 83 36 43 12
internal_value=-0.000360076 -0.00338081 0.00157115 -0.00644201
internal_weight=22.677 18.4251 8.89831 9.52684
internal_count=209 174 79 95
is_linear=0
shrinkage=0.03


Tree=112
num_leaves=5
num_cat=0
split_feature=13 11 1 1
split_gain=0.899643 0.760995 0.912796 0.367717
threshold=0.5111425034236009 0.26771224372703711 0.041224399262750684 0.0038520538502436201
decision_type=2 2 2 2
left_child=-1 3 -3 -2
right_child=1 2 -4 -5
leaf_value=-0.0062835380123175957 -0.0057440151087206201 0.0081092070979239487 -0.0036549182140125113 0.0023074532977132678
leaf_weight=4.6386328451335457 3.3915441446006325 11.500982966274021 1.6737867034971703 1.4494840428233144
leaf_count=56 41 88 11 13
internal_value=-0.000330592 0.0028979 0.00568244 -0.00340287
internal_weight=22.6544 18.0158 13.1748 4.84103
internal_count=209 153 99 54
is_linear=0
shrinkage=0.03


Tree=113
num_leaves=5
num_cat=0
split_feature=14 14 13 2
split_gain=0.887761 0.59365 1.22003 0.472152
threshold=0.45957852215089601 6.0579106108102954 0.5111425034236009 1.0203824895985281
decision_type=2 2 2 2
left_child=-1 3 -3 -2
right_child=1 2 -4 -5
leaf_value=0.0058331685248733719 -0.0081729265685107581 -0.0051073979357892365 0.0075300560414441131 0.0014879747424463409
leaf_weight=4.2435876317322281 7.8573530204594153 4.1479976624250394 3.8698935024440289 2.5180107541382313
leaf_count=35 76 50 33 15
internal_value=-0.000369321 -0.00335075 0.00178609 -0.00624874
internal_weight=22.6368 18.3933 8.01789 10.3754
internal_count=209 174 83 91
is_linear=0
shrinkage=0.03


Tree=114
num_leaves=5
num_cat=0
split_feature=4 4 3 13
split_gain=0.877194 0.705644 0.677255 0.511897
threshold=0.020633256105168089 0.033894520272437341 -0.039059436034713353 0.5111425034236009
decision_type=2 2 2 2
left_child=2 -2 -1 -3
right_child=1 3 -4 -5
leaf_value=-0.003083911787076463 -0.0087672562514868047 -0.0032844850872742631 0.0061616729444002212 0.0055782901171980426
leaf_weight=3.534768894314765 4.0419719014316779 2.3630395010113716 10.514659170061352 2.1592473462224007
leaf_count=23 49 20 100 17
internal_value=-0.000344131 -0.00516519 0.00352044 0.00187447
internal_weight=22.6137 8.56426 14.0494 4.52229
internal_count=209 86 123 37
is_linear=0
shrinkage=0.03


Tree=115
num_leaves=5
num_cat=0
split_feature=6 14 13 12
split_gain=0.86719 0.560885 1.12793 0.547682
threshold=-0.46328340176312882 6.6729309097827096 0.5111425034236009 -2.2115385288884073
decision_type=2 2 2 2
left_child=-1 3 -3 -2
right_child=1 2 -4 -5
leaf_value=0.0048109479897303119 0.0019183615403073914 -0.0050278812949403244 0.0072309081474393033 -0.0090011563013813207
leaf_weight=7.656888913363221 1.5535414591431616 4.1255491860210896 3.2685819193720818 5.991354111582039
leaf_count=59 16 50 26 58
internal_value=-0.000365326 -0.00388365 0.0014328 -0.00694087
internal_weight=22.5959 14.939 7.39413 7.5449
internal_count=209 150 76 74
is_linear=0
shrinkage=0.03


Tree=116
num_leaves=5
num_cat=0
split_feature=13 7 4 4
split_gain=0.850536 0.669864 0.745238 0.446023
threshold=3.7979792059213744 -0.026283259934244314 -0.036084160357767618 0.033894520272437341
decision_type=2 2 2 2
left_child=3 2 -2 -1
right_child=1 -3 -4 -5
leaf_value=-0.0073715374248545856 0.0039326525534759882 0.007709968494181537 -0.0058990403185652535 0.0013162412547238636
leaf_weight=5.466522494331004 4.1480818241834632 4.5528654903173438 4.2462406307458869 4.1576433330774307
leaf_count=64 35 34 42 34
internal_value=-0.000355364 0.00365197 -0.00154394 -0.00486019
internal_weight=22.5714 12.9472 8.39432 9.62417
internal_count=209 111 77 98
is_linear=0
shrinkage=0.03


Tree=117
num_leaves=5
num_cat=0
split_feature=14 14 13 14
split_gain=0.843982 0.58638 1.16503 0.464631
threshold=0.45957852215089601 6.0579106108102954 0.5111425034236009 3.953449327157839
decision_type=2 2 2 2
left_child=-1 3 -3 -2
right_child=1 2 -4 -5
leaf_value=0.0056977128378522379 0.0001918100112777855 -0.004962708704226616 0.0074042870143358093 -0.0092547150118993775
leaf_weight=4.2314870096743133 6.4792958199977893 4.1070722714066497 3.8741084858775139 3.8620447739958763
leaf_count=35 56 50 33 35
internal_value=-0.000347818 -0.00326277 0.0018196 -0.00615143
internal_weight=22.554 18.3225 7.98118 10.3413
internal_count=209 174 83 91
is_linear=0
shrinkage=0.03


Tree=118
num_leaves=5
num_cat=0
split_feature=6 14 13 12
split_gain=0.830094 0.55123 1.08856 0.531866
threshold=-0.46328340176312882 6.6729309097827096 0.5111425034236009 -2.2115385288884073
decision_type=2 2 2 2
left_child=-1 3 -3 -2
right_child=1 2 -4 -5
leaf_value=0.0047154310608917204 0.0018917097047249235 -0.0049232870336733464 0.0071295036720238989 -0.0088680896144359665
leaf_weight=7.6459654830396202 1.5535792186856268 4.0959986913949251 3.2736829519271851 5.9632323309779149
leaf_count=59 16 50 26 58
internal_value=-0.000346205 -0.00379608 0.00145288 -0.00683386
internal_weight=22.5325 14.8865 7.36968 7.51681
internal_count=209 150 76 74
is_linear=0
shrinkage=0.03


Tree=119
num_leaves=5
num_cat=0
split_feature=14 9 11 11
split_gain=0.819956 0.578745 0.935988 0.339557
threshold=0.45957852215089601 1.0000000180025095e-35 0.86519036096928581 0.4328641745738866
decision_type=2 2 2 2
left_child=3 -2 -3 -1
right_child=1 2 -4 -5
leaf_value=-0.0014373384260878701 -0.0072901724581287495 0.0044030852017687668 -0.0060635629477297599 0.0075797233134688559
leaf_weight=1.4957753904163862 5.0188531093299416 11.046293918043373 2.2177869044244281 2.7291632331907749
leaf_count=18 59 96 19 17
internal_value=-0.000336673 -0.00321412 0.000798884 0.00562113
internal_weight=22.5079 18.2829 13.2641 4.22494
internal_count=209 174 115 35
is_linear=0
shrinkage=0.03


Tree=120
num_leaves=5
num_cat=0
split_feature=4 4 3 13
split_gain=0.816845 0.68066 0.66265 0.486712
threshold=0.020633256105168089 0.033894520272437341 -0.039059436034713353 0.5111425034236009
decision_type=2 2 2 2
left_child=2 -2 -1 -3
right_child=1 3 -4 -5
leaf_value=-0.0031022610627230878 -0.0085668636263760423 -0.0031880519141991382 0.0060143761313663693 0.005466437512633076
leaf_weight=3.5292247720062724 3.984664458781479 2.3403352126479149 10.48078957013786 2.161084309220314
leaf_count=23 49 20 100 17
internal_value=-0.000352675 -0.00501288 0.00338225 0.00187128
internal_weight=22.4961 8.48608 14.01 4.50142
internal_count=209 86 123 37
is_linear=0
shrinkage=0.03


Tree=121
num_leaves=5
num_cat=0
split_feature=14 14 13 2
split_gain=0.805223 0.577258 1.11676 0.456179
threshold=0.45957852215089601 6.0579106108102954 0.5111425034236009 1.0203824895985281
decision_type=2 2 2 2
left_child=-1 3 -3 -2
right_child=1 2 -4 -5
leaf_value=0.0055422466200857976 -0.0079850724414222453 -0.0048475685282338291 0.0072721930412327183 0.0014857419453908299
leaf_weight=4.2169247679412392 7.8081568777561206 4.0737092792987815 3.8778883218765259 2.5015601105988026
leaf_count=35 76 50 33 15
internal_value=-0.000373549 -0.00321733 0.00182153 -0.006087
internal_weight=22.4782 18.2613 7.9516 10.3097
internal_count=209 174 83 91
is_linear=0
shrinkage=0.03


Tree=122
num_leaves=5
num_cat=0
split_feature=14 14 13 10
split_gain=0.800145 0.890983 1.09784 0.717879
threshold=3.953449327157839 6.0579106108102954 0.5111425034236009 0.40858123925887463
decision_type=2 2 2 2
left_child=3 -2 -3 -1
right_child=1 2 -4 -5
leaf_value=-0.0022347829931908723 -0.0090900405572585507 -0.0048092283047924947 0.0072090890053490468 0.0076665324868936836
leaf_weight=5.4809040687978285 3.8293280377984029 4.0628861878067255 3.8819501586258411 5.1998931132256985
leaf_count=46 35 50 33 45
internal_value=-0.000349116 -0.00428327 0.00180802 0.00396184
internal_weight=22.455 11.7742 7.94484 10.6808
internal_count=209 118 83 91
is_linear=0
shrinkage=0.03


Tree=123
num_leaves=5
num_cat=0
split_feature=13 7 4 4
split_gain=0.790134 0.664397 0.724913 0.430228
threshold=3.7979792059213744 -0.026283259934244314 -0.036084160357767618 0.033894520272437341
decision_type=2 2 2 2
left_child=3 2 -2 -1
right_child=1 -3 -4 -5
leaf_value=-0.0071821051976945485 0.0038329036779322836 0.0075733810341333868 -0.0058808765586392323 0.0013258234954637133
leaf_weight=5.4014168083667773 4.1327925175428382 4.531191647052764 4.2352098785340777 4.134168304502964
leaf_count=64 35 34 42 34
internal_value=-0.000350575 0.0035156 -0.00160855 -0.00470297
internal_weight=22.4348 12.8992 8.368 9.53559
internal_count=209 111 77 98
is_linear=0
shrinkage=0.03


Tree=124
num_leaves=5
num_cat=0
split_feature=4 4 3 13
split_gain=0.779583 0.660027 0.644762 0.468176
threshold=0.020633256105168089 0.033894520272437341 -0.039059436034713353 0.5111425034236009
decision_type=2 2 2 2
left_child=2 -2 -1 -3
right_child=1 3 -4 -5
leaf_value=-0.0030771053664075737 -0.0084159197485687183 -0.0031202226354222103 0.0059079608824048422 0.0053747477761271357
leaf_weight=3.524626098573207 3.9414738453924638 2.3245765566825867 10.462388766929509 2.1644269190728664
leaf_count=23 49 20 100 17
internal_value=-0.000343356 -0.00490519 0.00330488 0.00185833
internal_weight=22.4175 8.43048 13.987 4.489
internal_count=209 86 123 37
is_linear=0
shrinkage=0.03


Tree=125
num_leaves=5
num_cat=0
split_feature=14 8 10 2
split_gain=0.767501 0.577854 1.27714 0.74613
threshold=0.45957852215089601 0.04644502705269965 0.77505125839119959 1.0203824895985281
decision_type=2 2 2 2
left_child=-1 3 -3 -2
right_child=1 2 -4 -5
leaf_value=0.0054125123833164224 -0.0086815223674080316 0.0075807088521473954 -0.0051593014366347187 0.002763197931488221
leaf_weight=4.204509939998391 7.6103060096502322 4.1412108466029149 4.6501075029373169 1.7934574112296102
leaf_count=35 83 36 43 12
internal_value=-0.000364154 -0.00314525 0.00168248 -0.00619965
internal_weight=22.3996 18.1951 8.79132 9.40376
internal_count=209 174 79 95
is_linear=0
shrinkage=0.03


Tree=126
num_leaves=5
num_cat=0
split_feature=14 14 13 10
split_gain=0.755197 0.881108 1.06122 0.703102
threshold=3.953449327157839 6.0579106108102954 0.5111425034236009 0.40858123925887463
decision_type=2 2 2 2
left_child=3 -2 -3 -1
right_child=1 2 -4 -5
leaf_value=-0.0022473938126075935 -0.0089605107011734176 -0.0046954309336781075 0.0071385565153079394 0.0075299165797509315
leaf_weight=5.4754206165671366 3.8023854885250312 4.0296243336051702 3.8817770481109619 5.187660425901413
leaf_count=46 35 50 33 45
internal_value=-0.000335834 -0.00416582 0.00185472 0.00385143
internal_weight=22.3769 11.7138 7.9114 10.6631
internal_count=209 118 83 91
is_linear=0
shrinkage=0.03


Tree=127
num_leaves=5
num_cat=0
split_feature=4 4 3 13
split_gain=0.746964 0.649577 0.626158 0.456947
threshold=0.020633256105168089 0.033894520272437341 -0.039059436034713353 0.5111425034236009
decision_type=2 2 2 2
left_child=2 -2 -1 -3
right_child=1 3 -4 -5
leaf_value=-0.0030454110223403978 -0.0083042478640177574 -0.0030692857206043021 0.0058038689049835909 0.0053323466152212663
leaf_weight=3.5192987509071818 3.9101174306124431 2.3124606125056744 10.449086859822275 2.1656503044068813
leaf_count=23 49 20 100 17
internal_value=-0.000337491 -0.00480917 0.00323393 0.00187048
internal_weight=22.3566 8.38823 13.9684 4.47811
internal_count=209 86 123 37
is_linear=0
shrinkage=0.03


Tree=128
num_leaves=5
num_cat=0
split_feature=6 14 13 12
split_gain=0.738649 0.540638 0.982995 0.50433
threshold=-0.46328340176312882 6.6729309097827096 0.5111425034236009 -2.2115385288884073
decision_type=2 2 2 2
left_child=-1 3 -3 -2
right_child=1 2 -4 -5
leaf_value=0.0044280113351352702 0.0018452810014615794 -0.0046228072194329541 0.0068628407580631672 -0.0086328544703667357
leaf_weight=7.5993167981505421 1.5508644916117189 4.008671073243022 3.2837087288498878 5.8961122129112464
leaf_count=59 16 50 26 58
internal_value=-0.000358075 -0.00361811 0.00152695 -0.0066438
internal_weight=22.3387 14.7394 7.29238 7.44698
internal_count=209 150 76 74
is_linear=0
shrinkage=0.03


Tree=129
num_leaves=5
num_cat=0
split_feature=14 9 11 3
split_gain=0.727155 0.573819 0.923399 0.346636
threshold=0.45957852215089601 1.0000000180025095e-35 0.86519036096928581 -0.027212201131748159
decision_type=2 2 2 2
left_child=3 -2 -3 -1
right_child=1 2 -4 -5
leaf_value=0.0074260781876996727 -0.0071328016348589486 0.0044566210386179517 -0.0059600994754882945 -0.0014397387018871733
leaf_weight=2.3700167909264565 4.9706097804009941 10.953014757484196 2.1993766054511061 1.8211987912654901
leaf_count=18 59 96 19 17
internal_value=-0.000348793 -0.00306199 0.000892787 0.00527377
internal_weight=22.3142 18.123 13.1524 4.19122
internal_count=209 174 115 35
is_linear=0
shrinkage=0.03


Tree=130
num_leaves=5
num_cat=0
split_feature=13 7 4 4
split_gain=0.72192 0.665362 0.704464 0.410105
threshold=3.7979792059213744 -0.026283259934244314 -0.036084160357767618 0.033894520272437341
decision_type=2 2 2 2
left_child=3 2 -2 -1
right_child=1 -3 -4 -5
leaf_value=-0.006963117259921452 0.0037103367477695289 0.0074265004419654026 -0.0058886658611516634 0.0013224500239086702
leaf_weight=5.3310060594230908 4.1193486377596846 4.5083010122179976 4.2275659665465346 4.1175631880760193
leaf_count=64 35 34 42 34
internal_value=-0.000363108 0.00334068 -0.00171112 -0.00452896
internal_weight=22.3038 12.8552 8.34691 9.44857
internal_count=209 111 77 98
is_linear=0
shrinkage=0.03


Tree=131
num_leaves=5
num_cat=0
split_feature=14 2 9 11
split_gain=0.717221 0.566979 0.671445 0.341179
threshold=0.45957852215089601 -0.76004378426692998 0.02530605096513492 0.4328641745738866
decision_type=2 2 2 2
left_child=3 -2 -3 -1
right_child=1 2 -4 -5
leaf_value=-0.001551843475385965 -0.00633999717456671 -0.0040016058819874805 0.005122705026893176 0.0072528964592770192
leaf_weight=1.4942101277411008 8.1318135056644714 3.6202724855393136 6.3495512679219246 2.6907402649521828
leaf_count=18 76 45 53 17
internal_value=-0.000356101 -0.00304981 0.00146476 0.00523142
internal_weight=22.2866 18.1016 9.96982 4.18495
internal_count=209 174 98 35
is_linear=0
shrinkage=0.03


Tree=132
num_leaves=5
num_cat=0
split_feature=14 14 13 2
split_gain=0.705223 0.565206 1.00791 0.431938
threshold=0.45957852215089601 6.0579106108102954 0.5111425034236009 1.0203824895985281
decision_type=2 2 2 2
left_child=-1 3 -3 -2
right_child=1 2 -4 -5
leaf_value=0.0051968950797694645 -0.0077317701785903532 -0.0045317746064302659 0.0070273620826728249 0.0014673565441970598
leaf_weight=4.1800122223794487 7.7427921146154421 3.9808954689651719 3.8785020224750042 2.4787224680185318
leaf_count=35 76 50 33 15
internal_value=-0.000341262 -0.00301634 0.00191333 -0.00587851
internal_weight=22.2609 18.0809 7.8594 10.2215
internal_count=209 174 83 91
is_linear=0
shrinkage=0.03


Tree=133
num_leaves=5
num_cat=0
split_feature=14 14 13 10
split_gain=0.706169 0.864291 0.990952 0.69125
threshold=3.953449327157839 6.0579106108102954 0.5111425034236009 0.40858123925887463
decision_type=2 2 2 2
left_child=3 -2 -3 -1
right_child=1 2 -4 -5
leaf_value=-0.0022754000532140858 -0.008797016851079446 -0.0044963674399878502 0.006966635801084484 0.0073955621665547054
leaf_weight=5.4597546383738536 3.7647922281175834 3.9707753919064999 3.8820538744330406 5.1604026257991791
leaf_count=46 35 50 33 45
internal_value=-0.000318045 -0.00403354 0.00189849 0.00373143
internal_weight=22.2378 11.6176 7.85283 10.6202
internal_count=209 118 83 91
is_linear=0
shrinkage=0.03


Tree=134
num_leaves=5
num_cat=0
split_feature=4 4 3 13
split_gain=0.696365 0.630348 0.61034 0.432533
threshold=0.020633256105168089 0.033894520272437341 -0.039059436034713353 0.5111425034236009
decision_type=2 2 2 2
left_child=2 -2 -1 -3
right_child=1 3 -4 -5
leaf_value=-0.0030411986477298192 -0.0081134187733148365 -0.0029613464844944473 0.0056805466820294137 0.0052317593261483825
leaf_weight=3.5107299871742716 3.8520612865686399 2.2859099544584751 10.404349111020567 2.1644637063145638
leaf_count=23 49 20 100 17
internal_value=-0.000320007 -0.00465123 0.00312853 0.00188637
internal_weight=22.2175 8.30243 13.9151 4.45037
internal_count=209 86 123 37
is_linear=0
shrinkage=0.03


Tree=135
num_leaves=5
num_cat=0
split_feature=6 14 13 12
split_gain=0.680856 0.531404 0.918364 0.484685
threshold=-0.46328340176312882 6.6729309097827096 0.5111425034236009 -2.2115385288884073
decision_type=2 2 2 2
left_child=-1 3 -3 -2
right_child=1 2 -4 -5
leaf_value=0.0042560839354274923 0.0018150468187634547 -0.0044269053027287146 0.0066987420123679848 -0.0084500917093987792
leaf_weight=7.5656184256076839 1.5482378676533697 3.950563607737422 3.2860352583229542 5.8491912297904474
leaf_count=59 16 50 26 58
internal_value=-0.000340497 -0.00347993 0.00158047 -0.00649329
internal_weight=22.1996 14.634 7.2366 7.39743
internal_count=209 150 76 74
is_linear=0
shrinkage=0.03


Tree=136
num_leaves=5
num_cat=0
split_feature=13 7 4 4
split_gain=0.675995 0.655445 0.687413 0.402233
threshold=3.7979792059213744 -0.026283259934244314 -0.036084160357767618 0.033894520272437341
decision_type=2 2 2 2
left_child=3 2 -2 -1
right_child=1 -3 -4 -5
leaf_value=-0.0068044619223824911 0.0036406179637364046 0.0073152966481282704 -0.0058535260357478486 0.0013586038765333425
leaf_weight=5.2730462029576319 4.1057291999459258 4.4870595298707476 4.2173048369586459 4.0922142565250397
leaf_count=64 35 34 42 34
internal_value=-0.000331613 0.00324897 -0.00173922 -0.0043779
internal_weight=22.1754 12.8101 8.32303 9.36526
internal_count=209 111 77 98
is_linear=0
shrinkage=0.03


Tree=137
num_leaves=5
num_cat=0
split_feature=14 14 13 10
split_gain=0.668205 0.849772 0.946704 0.679041
threshold=3.953449327157839 6.0579106108102954 0.5111425034236009 0.40858123925887463
decision_type=2 2 2 2
left_child=3 -2 -3 -1
right_child=1 2 -4 -5
leaf_value=-0.0022968381832385292 -0.0086771115603106706 -0.0043707434500694789 0.0068502837310396658 0.0072636058367012658
leaf_weight=5.4550854712724703 3.7367440536618215 3.9341297242790461 3.8835059106349945 5.1488597467541695
leaf_count=46 35 50 33 45
internal_value=-0.000325088 -0.00394313 0.00191964 0.00361763
internal_weight=22.1583 11.5544 7.81764 10.6039
internal_count=209 118 83 91
is_linear=0
shrinkage=0.03


Tree=138
num_leaves=5
num_cat=0
split_feature=14 9 11 3
split_gain=0.658821 0.559836 0.91031 0.34514
threshold=0.45957852215089601 1.0000000180025095e-35 0.86519036096928581 -0.027212201131748159
decision_type=2 2 2 2
left_child=3 -2 -3 -1
right_child=1 2 -4 -5
leaf_value=0.0072092194680971333 -0.0069526708090013236 0.0044847177231086034 -0.0058756161015488407 -0.0015076803619588376
leaf_weight=2.3448412194848061 4.9217337984591749 10.875292234122751 2.1806331798434249 1.8155109882354761
leaf_count=18 59 96 19 17
internal_value=-0.000327095 -0.00292 0.000956417 0.0050269
internal_weight=22.138 17.9777 13.0559 4.16035
internal_count=209 174 115 35
is_linear=0
shrinkage=0.03


Tree=139
num_leaves=5
num_cat=0
split_feature=4 4 3 13
split_gain=0.657521 0.608725 0.599586 0.416904
threshold=0.020633256105168089 0.033894520272437341 -0.039059436034713353 0.5111425034236009
decision_type=2 2 2 2
left_child=2 -2 -1 -3
right_child=1 3 -4 -5
leaf_value=-0.0030582602980869385 -0.0079639545335960221 -0.0029053071443797935 0.0055637002133524342 0.0051432393255130531
leaf_weight=3.5061155110597602 3.8080585207790119 2.2721593007445335 10.376522082835438 2.1647485420107841
leaf_count=23 49 20 100 17
internal_value=-0.000342113 -0.00455221 0.00301741 0.0018641
internal_weight=22.1276 8.24497 13.8826 4.43691
internal_count=209 86 123 37
is_linear=0
shrinkage=0.03


Tree=140
num_leaves=5
num_cat=0
split_feature=14 8 10 2
split_gain=0.648431 0.558727 1.19519 0.7086
threshold=0.45957852215089601 0.04644502705269965 0.77505125839119959 1.0203824895985281
decision_type=2 2 2 2
left_child=-1 3 -3 -2
right_child=1 2 -4 -5
leaf_value=0.0049604210894982608 -0.0083975262831411795 0.0074326087438898519 -0.0049316225621066556 0.0027302304308932869
leaf_weight=4.153132617473605 7.501027090474965 4.1093532033264619 4.5748808979988098 1.7713382095098493
leaf_count=35 83 36 43 12
internal_value=-0.000362192 -0.00292723 0.00176574 -0.00595811
internal_weight=22.1097 17.9566 8.68423 9.27237
internal_count=209 174 79 95
is_linear=0
shrinkage=0.03


Tree=141
num_leaves=5
num_cat=0
split_feature=5 3 7 7
split_gain=0.639762 0.735504 0.500603 0.348978
threshold=0.25519208118562647 -0.039059436034713353 -0.026283259934244314 0.043244737087941562
decision_type=2 2 2 2
left_child=1 -1 -3 -2
right_child=3 2 -4 -5
leaf_value=-0.0035889910903190753 -0.0071111156347111078 -0.00050308098514873498 0.0088674619441113187 0.00097930335960473721
leaf_weight=3.7017341889441022 3.3855488002300254 6.3910087011754513 4.4323936235159636 4.1763513032346964
leaf_count=24 42 63 37 43
internal_value=-0.0003349 0.00287694 0.00574991 -0.00462952
internal_weight=22.087 14.5251 10.8234 7.5619
internal_count=209 124 100 85
is_linear=0
shrinkage=0.03


Tree=142
num_leaves=5
num_cat=0
split_feature=13 7 4 4
split_gain=0.634201 0.638506 0.669969 0.384569
threshold=3.7979792059213744 -0.026283259934244314 -0.036084160357767618 0.033894520272437341
decision_type=2 2 2 2
left_child=3 2 -2 -1
right_child=1 -3 -4 -5
leaf_value=-0.0066417579877355382 0.0035733015192604108 0.0071624199135372109 -0.0058097374547754306 0.0013374305654637198
leaf_weight=5.2192082237452286 4.0946594700217238 4.464801136404275 4.2093160413205615 4.0834980979561806
leaf_count=64 35 34 42 34
internal_value=-0.000337731 0.00313653 -0.00175852 -0.00426088
internal_weight=22.0715 12.7688 8.30398 9.30271
internal_count=209 111 77 98
is_linear=0
shrinkage=0.03


Tree=143
num_leaves=5
num_cat=0
split_feature=14 2 9 3
split_gain=0.627264 0.550302 0.625146 0.344628
threshold=0.45957852215089601 -0.76004378426692998 0.02530605096513492 -0.027212201131748159
decision_type=2 2 2 2
left_child=3 -2 -3 -1
right_child=1 2 -4 -5
leaf_value=0.0070980046430275841 -0.006126903149262725 -0.0037980417419173828 0.0050387196973100349 -0.0015448913259352537
leaf_weight=2.331550695002079 8.033167608082298 3.5741686522960627 6.3021882846951485 1.8133951835334325
leaf_count=18 76 45 53 17
internal_value=-0.00033136 -0.00286284 0.00153886 0.00489779
internal_weight=22.0545 17.9095 9.87636 4.14495
internal_count=209 174 98 35
is_linear=0
shrinkage=0.03


Tree=144
num_leaves=5
num_cat=0
split_feature=14 14 13 10
split_gain=0.621093 0.842705 0.905217 0.66843
threshold=3.953449327157839 6.0579106108102954 0.40149731600535293 0.40858123925887463
decision_type=2 2 2 2
left_child=3 -2 -3 -1
right_child=1 2 -4 -5
leaf_value=-0.0023328448413122483 -0.0085439240260497262 -0.0044040847931921647 0.0066017648150508328 0.0071253278142452189
leaf_weight=5.4410581141710299 3.7045834232121688 3.4497806690633297 4.3128762040287256 5.122353695333004
leaf_count=46 35 44 39 45
internal_value=-0.000315464 -0.00381207 0.00198485 0.00348824
internal_weight=22.0307 11.4672 7.76266 10.5634
internal_count=209 118 83 91
is_linear=0
shrinkage=0.03


Tree=145
num_leaves=5
num_cat=0
split_feature=4 4 3 13
split_gain=0.614295 0.591799 0.580526 0.405002
threshold=0.020633256105168089 0.033894520272437341 -0.039059436034713353 0.5111425034236009
decision_type=2 2 2 2
left_child=2 -2 -1 -3
right_child=1 3 -4 -5
leaf_value=-0.0030333725779305219 -0.007786116162486794 -0.0028474399738684973 0.0054414665979762031 0.0050975927491445838
leaf_weight=3.4984440430998793 3.7550092134624702 2.257276713848114 10.339933665469291 2.16199691593647
leaf_count=23 49 20 100 17
internal_value=-0.000320804 -0.00440199 0.00292525 0.00187909
internal_weight=22.0127 8.17428 13.8384 4.41927
internal_count=209 86 123 37
is_linear=0
shrinkage=0.03


Tree=146
num_leaves=5
num_cat=0
split_feature=6 14 13 12
split_gain=0.607731 0.529154 0.842316 0.457253
threshold=-0.46328340176312882 6.6729309097827096 0.40149731600535293 -2.2115385288884073
decision_type=2 2 2 2
left_child=-1 3 -3 -2
right_child=1 2 -4 -5
leaf_value=0.0040109425099776538 0.0017526905619422919 -0.0043436533294159739 0.0063473274054807547 -0.0082457225023947704
leaf_weight=7.5124407820403603 1.5460205003619192 3.432399058714509 3.7221263125538826 5.7819094322621805
leaf_count=59 16 44 32 58
internal_value=-0.000340745 -0.00331435 0.00167613 -0.00634217
internal_weight=21.9949 14.4825 7.15453 7.32793
internal_count=209 150 76 74
is_linear=0
shrinkage=0.03


Tree=147
num_leaves=5
num_cat=0
split_feature=14 8 10 2
split_gain=0.600878 0.541453 1.15424 0.684472
threshold=0.45957852215089601 0.04644502705269965 0.77505125839119959 1.0203824895985281
decision_type=2 2 2 2
left_child=-1 3 -3 -2
right_child=1 2 -4 -5
leaf_value=0.0047869886409878243 -0.008220788225989888 0.0073374297310336766 -0.0048286287071040287 0.0027024924509069306
leaf_weight=4.1309361308813122 7.4418627973645943 4.0987784639000875 4.5408060066401958 1.7607788182795046
leaf_count=35 83 36 43 12
internal_value=-0.000335318 -0.00281464 0.00178312 -0.00581183
internal_weight=21.9732 17.8422 8.63958 9.20264
internal_count=209 174 79 95
is_linear=0
shrinkage=0.03


Tree=148
num_leaves=5
num_cat=0
split_feature=13 7 4 4
split_gain=0.592465 0.631016 0.648837 0.375448
threshold=3.7979792059213744 -0.026283259934244314 -0.036084160357767618 0.033894520272437341
decision_type=2 2 2 2
left_child=3 2 -2 -1
right_child=1 -3 -4 -5
leaf_value=-0.006481830639858399 0.0034851215085276084 0.0070611470839714776 -0.0057631818031913971 0.0013647159937831914
leaf_weight=5.1635935455560702 4.0814903490245333 4.4427356980741015 4.1991496793925753 4.063572570681572
leaf_count=64 35 34 42 34
internal_value=-0.000308895 0.00304645 -0.00179187 -0.00411371
internal_weight=21.9505 12.7234 8.28064 9.22717
internal_count=209 111 77 98
is_linear=0
shrinkage=0.03


Tree=149
num_leaves=5
num_cat=0
split_feature=5 10 10 9
split_gain=0.590469 0.689293 1.09298 0.751128
threshold=0.45704360185119947 0.40858123925887463 0.77505125839119959 0.083458020576573103
decision_type=2 2 2 2
left_child=1 3 -3 -1
right_child=-2 2 -4 -5
leaf_value=-0.007000204721108778 -0.0049315238886982853 0.0094974299566727392 -0.0032472546661510646 0.0034242388921570826
leaf_weight=3.3602940626442495 5.2964892648160449 6.5153837166726571 3.3713197782635689 3.3902151137590408
leaf_count=37 57 61 29 25
internal_value=-0.000302968 0.00246873 0.00570399 -0.00284609
internal_weight=21.9337 16.6372 9.8867 6.75051
internal_count=209 152 90 62
is_linear=0
shrinkage=0.03


Tree=150
num_leaves=5
num_cat=0
split_feature=14 14 13 2
split_gain=0.580545 0.548711 0.862183 0.396783
threshold=0.45957852215089601 6.0579106108102954 0.5111425034236009 1.0203824895985281
decision_type=2 2 2 2
left_child=-1 3 -3 -2
right_child=1 2 -4 -5
leaf_value=0.0047170662753627706 -0.0073925443913253367 -0.0040861809454188699 0.0066744364776093633 0.0014255937203907737
leaf_weight=4.1203922256827381 7.6396411117166299 3.8468052186071864 3.8704578727483749 2.4400394558906555
leaf_count=35 76 50 33 15
internal_value=-0.000315303 -0.00275823 0.00203174 -0.00561101
internal_weight=21.9173 17.7969 7.71726 10.0797
internal_count=209 174 83 91
is_linear=0
shrinkage=0.03


Tree=151
num_leaves=5
num_cat=0
split_feature=5 10 10 9
split_gain=0.578085 0.671209 1.07309 0.742153
threshold=0.45704360185119947 0.40858123925887463 0.77505125839119959 0.083458020576573103
decision_type=2 2 2 2
left_child=1 3 -3 -1
right_child=-2 2 -4 -5
leaf_value=-0.0069409245056872371 -0.0048776992601400858 0.0093995420741703768 -0.003225041527189445 0.0034169174729104038
leaf_weight=3.3511973582208219 5.2783225644379845 6.5112474262714368 3.367069948464632 3.3868197426199913
leaf_count=37 57 61 29 25
internal_value=-0.000293537 0.00244815 0.00563875 -0.00280368
internal_weight=21.8947 16.6163 9.87832 6.73802
internal_count=209 152 90 62
is_linear=0
shrinkage=0.03


Tree=152
num_leaves=5
num_cat=0
split_feature=14 14 13 2
split_gain=0.565043 0.545037 0.846855 0.387541
threshold=0.45957852215089601 6.0579106108102954 0.40149731600535293 1.0203824895985281
decision_type=2 2 2 2
left_child=-1 3 -3 -2
right_child=1 2 -4 -5
leaf_value=0.0046584150064858908 -0.0073264578370434178 -0.0042091490857812759 0.0064698187149884135 0.0014021477995249559
leaf_weight=4.1126329936087158 7.6258021369576472 3.3927267398685208 4.3082712404429913 2.4387543424963951
leaf_count=35 76 44 39 15
internal_value=-0.000305892 -0.00271897 0.00204508 -0.00556672
internal_weight=21.8782 17.7656 7.701 10.0646
internal_count=209 174 83 91
is_linear=0
shrinkage=0.03


Tree=153
num_leaves=5
num_cat=0
split_feature=5 10 10 9
split_gain=0.566775 0.653622 1.05336 0.733373
threshold=0.45704360185119947 0.40858123925887463 0.77505125839119959 0.083458020576573103
decision_type=2 2 2 2
left_child=1 3 -3 -1
right_child=-2 2 -4 -5
leaf_value=-0.0068828013984706679 -0.0048299947944193261 0.0093019333261670535 -0.0032025798335934626 0.0034096036786203853
leaf_weight=3.3422627598047319 5.262099986895918 6.5071841739118081 3.3627602681517601 3.3834191933274269
leaf_count=37 57 61 29 25
internal_value=-0.000287605 0.00242722 0.00557392 -0.00276222
internal_weight=21.8577 16.5956 9.86994 6.72568
internal_count=209 152 90 62
is_linear=0
shrinkage=0.03


Tree=154
num_leaves=5
num_cat=0
split_feature=4 4 3 13
split_gain=0.555896 0.577169 0.567176 0.384865
threshold=0.020633256105168089 0.033894520272437341 -0.039059436034713353 0.5111425034236009
decision_type=2 2 2 2
left_child=2 -2 -1 -3
right_child=1 3 -4 -5
leaf_value=-0.0030540951936953715 -0.0075686422295504763 -0.0027366700573834058 0.0052997458581899573 0.0050360001864983911
leaf_weight=3.4849841743707648 3.6884722206741554 2.2297877669334412 10.280049227178099 2.1578544527292252
leaf_count=23 49 20 100 17
internal_value=-0.000299939 -0.00419587 0.00278959 0.0019293
internal_weight=21.8411 8.07611 13.765 4.38764
internal_count=209 86 123 37
is_linear=0
shrinkage=0.03


Tree=155
num_leaves=5
num_cat=0
split_feature=14 14 13 2
split_gain=0.545656 0.544774 0.823218 0.377394
threshold=0.45957852215089601 6.0579106108102954 0.40149731600535293 1.0203824895985281
decision_type=2 2 2 2
left_child=-1 3 -3 -2
right_child=1 2 -4 -5
leaf_value=0.0045651822937409726 -0.0072736370581556109 -0.0041304626474162574 0.0064121147697582372 0.0013691288660922438
leaf_weight=4.1011542230844524 7.6099970769137162 3.3695799540728322 4.3069189488887787 2.4359571486711502
leaf_count=35 76 44 39 15
internal_value=-0.000319665 -0.00268906 0.00206574 -0.00554038
internal_weight=21.8236 17.7225 7.6765 10.046
internal_count=209 174 83 91
is_linear=0
shrinkage=0.03


Tree=156
num_leaves=5
num_cat=0
split_feature=5 3 7 7
split_gain=0.546605 0.686983 0.481529 0.342441
threshold=0.25519208118562647 -0.039059436034713353 -0.026283259934244314 0.043244737087941562
decision_type=2 2 2 2
left_child=1 -1 -3 -2
right_child=3 2 -4 -5
leaf_value=-0.0035338035386139662 -0.0067864583616939764 -0.00057187814073311988 0.0085461300612081053 0.001093643188007641
leaf_weight=3.6733245626091966 3.2896951641887417 6.3431755267083645 4.3713685553520918 4.1256556939333677
leaf_count=24 42 63 37 43
internal_value=-0.000301451 0.00267159 0.00547795 -0.0042917
internal_weight=21.8032 14.3879 10.7145 7.41535
internal_count=209 124 100 85
is_linear=0
shrinkage=0.03


Tree=157
num_leaves=5
num_cat=0
split_feature=13 7 4 4
split_gain=0.54381 0.620712 0.624375 0.36636
threshold=3.7979792059213744 -0.026283259934244314 -0.036084160357767618 0.033894520272437341
decision_type=2 2 2 2
left_child=3 2 -2 -1
right_child=1 -3 -4 -5
leaf_value=-0.0063153076953646045 0.0033766688759354125 0.006917855007793388 -0.0057157510479399704 0.0013967514115929168
leaf_weight=5.0965654999017733 4.0628086924552909 4.4054630845785132 4.1859439946711055 4.0371092967689037
leaf_count=64 35 34 42 34
internal_value=-0.000304395 0.00291588 -0.00184111 -0.00395811
internal_weight=21.7879 12.6542 8.24875 9.13367
internal_count=209 111 77 98
is_linear=0
shrinkage=0.03


Tree=158
num_leaves=5
num_cat=0
split_feature=5 10 10 9
split_gain=0.540701 0.640487 1.02707 0.719423
threshold=0.45704360185119947 0.40858123925887463 0.77505125839119959 0.083458020576573103
decision_type=2 2 2 2
left_child=1 3 -3 -1
right_child=-2 2 -4 -5
leaf_value=-0.0068396447699118346 -0.004736932623749939 0.0091692617053708778 -0.0031758620203446095 0.0033651707954086888
leaf_weight=3.3300814330577913 5.2264591604471198 6.4897982180118543 3.3499538488686085 3.3749604523181915
leaf_count=37 57 61 29 25
internal_value=-0.000298668 0.0023597 0.00548402 -0.00276348
internal_weight=21.7713 16.5448 9.83975 6.70504
internal_count=209 152 90 62
is_linear=0
shrinkage=0.03


Tree=159
num_leaves=5
num_cat=0
split_feature=14 14 13 2
split_gain=0.527233 0.541904 0.800511 0.36827
threshold=0.45957852215089601 6.0579106108102954 0.40149731600535293 1.0203824895985281
decision_type=2 2 2 2
left_child=-1 3 -3 -2
right_child=1 2 -4 -5
leaf_value=0.0044912476526317796 -0.007204722258542573 -0.0040529364838025588 0.0063580598398700026 0.0013479667627328224
leaf_weight=4.0885791815817383 7.5904379952698964 3.3462767563760272 4.3009201865643263 2.4283894002437592
leaf_count=35 76 44 39 15
internal_value=-0.000310864 -0.00264392 0.00208727 -0.00549389
internal_weight=21.7546 17.666 7.6472 10.0188
internal_count=209 174 83 91
is_linear=0
shrinkage=0.03


end of trees

feature_importances:
Column_14=113
Column_13=97
Column_2=55
Column_3=52
Column_11=50
Column_10=46
Column_4=45
Column_12=36
Column_9=35
Column_6=28
Column_5=26
Column_7=26
Column_1=19
Column_8=12

parameters:
[boosting: gbdt]
[objective: binary]
[metric: binary_logloss]
[tree_learner: serial]
[device_type: cpu]
[data_sample_strategy: bagging]
[data: ]
[valid: ]
[num_iterations: 160]
[learning_rate: 0.03]
[num_leaves: 5]
[num_threads: 4]
[seed: 20260725]
[deterministic: 1]
[force_col_wise: 1]
[force_row_wise: 0]
[histogram_pool_size: -1]
[max_depth: 3]
[min_data_in_leaf: 12]
[min_sum_hessian_in_leaf: 0.001]
[bagging_fraction: 1]
[pos_bagging_fraction: 1]
[neg_bagging_fraction: 1]
[bagging_freq: 0]
[bagging_seed: 21817]
[bagging_by_query: 0]
[feature_fraction: 1]
[feature_fraction_bynode: 1]
[feature_fraction_seed: 22070]
[extra_trees: 0]
[extra_seed: 28444]
[early_stopping_round: 0]
[early_stopping_min_delta: 0]
[first_metric_only: 0]
[max_delta_step: 0]
[lambda_l1: 0]
[lambda_l2: 10]
[linear_lambda: 0]
[min_gain_to_split: 0]
[drop_rate: 0.1]
[max_drop: 50]
[skip_drop: 0.5]
[xgboost_dart_mode: 0]
[uniform_drop: 0]
[drop_seed: 12683]
[top_rate: 0.2]
[other_rate: 0.1]
[min_data_per_group: 100]
[max_cat_threshold: 32]
[cat_l2: 10]
[cat_smooth: 10]
[max_cat_to_onehot: 4]
[top_k: 20]
[monotone_constraints: ]
[monotone_constraints_method: basic]
[monotone_penalty: 0]
[feature_contri: ]
[forcedsplits_filename: ]
[refit_decay_rate: 0.9]
[cegb_tradeoff: 1]
[cegb_penalty_split: 0]
[cegb_penalty_feature_lazy: ]
[cegb_penalty_feature_coupled: ]
[path_smooth: 0]
[interaction_constraints: ]
[verbosity: -1]
[saved_feature_importance_type: 0]
[use_quantized_grad: 0]
[num_grad_quant_bins: 4]
[quant_train_renew_leaf: 0]
[stochastic_rounding: 1]
[linear_tree: 0]
[max_bin: 31]
[max_bin_by_feature: ]
[min_data_in_bin: 3]
[bin_construct_sample_cnt: 200000]
[data_random_seed: 4449]
[is_enable_sparse: 1]
[enable_bundle: 1]
[use_missing: 1]
[zero_as_missing: 0]
[feature_pre_filter: 1]
[pre_partition: 0]
[two_round: 0]
[header: 0]
[label_column: ]
[weight_column: ]
[group_column: ]
[ignore_column: ]
[categorical_feature: ]
[forcedbins_filename: ]
[precise_float_parser: 0]
[parser_config_file: ]
[objective_seed: 26564]
[num_class: 1]
[is_unbalance: 0]
[scale_pos_weight: 1]
[sigmoid: 1]
[boost_from_average: 1]
[reg_sqrt: 0]
[alpha: 0.9]
[fair_c: 1]
[poisson_max_delta_step: 0.7]
[tweedie_variance_power: 1.5]
[lambdarank_truncation_level: 30]
[lambdarank_norm: 1]
[label_gain: ]
[lambdarank_position_bias_regularization: 0]
[eval_at: ]
[multi_error_top_k: 1]
[auc_mu_weights: ]
[num_machines: 1]
[local_listen_port: 12400]
[time_out: 120]
[machine_list_filename: ]
[machines: ]
[gpu_platform_id: -1]
[gpu_device_id: -1]
[gpu_device_id_list: ]
[gpu_use_dp: 0]
[num_gpu: 1]

end of parameters

pandas_categorical:null
