tree
version=v4
num_class=1
num_tree_per_iteration=1
label_index=0
max_feature_idx=6
objective=binary sigmoid:1
feature_names=Column_0 Column_1 Column_2 Column_3 Column_4 Column_5 Column_6
feature_infos=[-1:1] [0:0.049977885891198559] [-6.7387424495020634:7.6366633400071269] [-0.1594845880090473:0.12089014455228318] [-0.13498430415068019:0.15578744757213814] [-0.93675889328063244:0.98237885462554175] [-1:1]
tree_sizes=664 686 685 685 685 686 687 688 687 688 685 690 683 686 689 683 690 688 686 687 688 679 687 682 680 684 683 686 685 683 686 687 684 678 686 687 684 684 689 685 679 687 684 686 686 686 682 681 684 685 684 685 691 682 681 690 687 684 691 685 686 685 687 690 686 681 689 685 685 689 691 688 689 685 689 687 687 687 684 687 692 688 688 685 688 690 692 684 686 692 693 686 686 689 686 688 694 690 687 689 687 689 694 690 694 693 686 695 687 690 690 698 696 691 686 687 696 691 690 698 694 690 694 692 692 691 692 699 693 692 692 695 694 690 694 695 693 694 698 700 695 696 699 696 695 691 693 698 696 692 697 693 697 694 695 693 698 695 688 691

Tree=0
num_leaves=5
num_cat=0
split_feature=1 2 1 2
split_gain=15.921 16.3887 2.99328 2.12405
threshold=0.0038398337733667192 1.0000000180025095e-35 0.041600747813145884 -1.0227556295371369
decision_type=2 2 2 2
left_child=1 -1 3 -2
right_child=2 -3 -4 -5
leaf_value=-2.7211192678058813 -2.7565816195424757 -2.7687169091002874 -2.753569408155716 -2.7768243848571856
leaf_weight=5.3759186076931638 2.7275138015393194 5.7626755307428539 2.2251404644921413 20.534474320244048
leaf_count=717 411 744 265 2786
internal_value=-2.75921 -2.73859 -2.77148 -2.77438
internal_weight=36.6257 11.1386 25.4871 23.262
internal_count=4923 1461 3462 3197
is_linear=0
shrinkage=1


Tree=1
num_leaves=5
num_cat=0
split_feature=1 2 1 2
split_gain=15.4221 15.8198 2.93908 2.08659
threshold=0.0038398337733667192 1.0000000180025095e-35 0.041600747813145884 -1.0227556295371369
decision_type=2 2 2 2
left_child=1 -1 3 -2
right_child=2 -3 -4 -5
leaf_value=0.037236904027529244 0.0026057041780715145 -0.0094363228808245422 0.0056001728104249386 -0.017447056086036635
leaf_weight=5.5588764562271518 2.7338240689132389 5.714567223098129 2.2362109208479515 20.217893582768742
leaf_count=717 411 744 265 2786
internal_value=0.00011986 0.0202636 -0.0120924 -0.0149926
internal_weight=36.4614 11.2734 25.1879 22.9517
internal_count=4923 1461 3462 3197
is_linear=0
shrinkage=0.03


Tree=2
num_leaves=5
num_cat=0
split_feature=1 2 1 2
split_gain=14.9314 15.2684 2.88568 2.04969
threshold=0.0038398337733667192 1.0000000180025095e-35 0.041600747813145884 -1.0227556295371369
decision_type=2 2 2 2
left_child=1 -1 3 -2
right_child=2 -3 -4 -5
leaf_value=0.03640081855028432 0.0025876262091288574 -0.0093620368692454176 0.0055643700025495256 -0.017276408950950194
leaf_weight=5.7428396828472597 2.7401030031032887 5.6671793148852885 2.2472574147395781 19.908538488205526
leaf_count=717 411 744 265 2786
internal_value=0.000232763 0.0199148 -0.0119096 -0.0148167
internal_weight=36.3059 11.41 24.8959 22.6486
internal_count=4923 1461 3462 3197
is_linear=0
shrinkage=0.03


Tree=3
num_leaves=5
num_cat=0
split_feature=1 2 1 2
split_gain=14.4493 14.7344 2.83307 2.01826
threshold=0.0038398337733667192 1.0000000180025095e-35 0.041600747813145884 -1.5984551585969184
decision_type=2 2 2 2
left_child=1 -1 3 -2
right_child=2 -3 -4 -5
leaf_value=0.035578512616287639 0.0038394997054674914 -0.0092885374633572722 0.0055286893275090458 -0.016613424858405321
leaf_weight=5.9276046403683704 1.240590405184778 5.6204983554780483 2.2582794083282343 21.111994660925124
leaf_count=717 190 744 265 3007
internal_value=0.000338885 0.019565 -0.0117289 -0.0146424
internal_weight=36.159 11.5481 24.6109 22.3526
internal_count=4923 1461 3462 3197
is_linear=0
shrinkage=0.03


Tree=4
num_leaves=5
num_cat=0
split_feature=1 2 1 2
split_gain=13.9645 14.2175 2.77912 2.00381
threshold=0.0038398337733667192 1.0000000180025095e-35 0.041600747813145884 -1.0227556295371369
decision_type=2 2 2 2
left_child=1 -1 3 -2
right_child=2 -3 -4 -5
leaf_value=0.034770439650458528 0.0026205047863021714 -0.0092158150014472803 0.0054931312501542975 -0.016943529070659338
leaf_weight=6.1129720131866616 2.7286717994138625 5.5745110544376075 2.2692763470113269 19.319279913324866
leaf_count=717 411 744 265 2786
internal_value=0.000450031 0.0192149 -0.01154 -0.0144601
internal_weight=36.0047 11.6875 24.3172 22.048
internal_count=4923 1461 3462 3197
is_linear=0
shrinkage=0.03


Tree=5
num_leaves=5
num_cat=0
split_feature=1 2 3 4
split_gain=13.5008 13.7177 2.75508 1.63112
threshold=0.0038398337733667192 1.0000000180025095e-35 -0.018143704886888729 0.02344191617075753
decision_type=2 2 2 2
left_child=1 -1 -2 -4
right_child=2 -3 3 -5
leaf_value=0.033976973683703303 0.0045308693861541805 -0.0091438599426353819 -0.01668459806466472 0.0025745769744487559
leaf_weight=6.2987473295070213 3.5727524040266898 5.5292046251706779 18.690727135632191 1.7821232564747322
leaf_count=717 436 744 2792 234
internal_value=0.000543283 0.018865 -0.0113631 -0.0147134
internal_weight=35.8736 11.828 24.0456 20.4729
internal_count=4923 1461 3462 3026
is_linear=0
shrinkage=0.03


Tree=6
num_leaves=5
num_cat=0
split_feature=1 2 1 2
split_gain=13.0525 13.2345 2.7147 1.97218
threshold=0.0038398337733667192 1.0000000180025095e-35 0.041600747813145884 -1.0227556295371369
decision_type=2 2 2 2
left_child=1 -1 3 -2
right_child=2 -3 -4 -5
leaf_value=0.033198416296862043 0.0026726155081073107 -0.0090726631640496384 0.0055117489603067112 -0.016649989093508476
leaf_weight=6.4847418623976392 2.7105886358767775 5.4845663560554385 2.2635054234415284 18.814721451606605
leaf_count=717 411 744 265 2786
internal_value=0.000624592 0.0185159 -0.0111931 -0.0141408
internal_weight=35.7581 11.9693 23.7888 21.5253
internal_count=4923 1461 3462 3197
is_linear=0
shrinkage=0.03


Tree=7
num_leaves=5
num_cat=0
split_feature=1 2 3 4
split_gain=12.6076 12.7679 2.69706 1.60177
threshold=0.0038398337733667192 1.0000000180025095e-35 -0.018143704886888729 0.02344191617075753
decision_type=2 2 2 2
left_child=1 -1 -2 -4
right_child=2 -3 3 -5
leaf_value=0.032435001245864681 0.0045826127100415497 -0.0090022152344177153 -0.016389962475668443 0.0026028737319681583
leaf_weight=6.6707728933542949 3.5542879072017994 5.4405838772654533 18.201563505223024 1.772883501369505
leaf_count=717 436 744 2792 234
internal_value=0.000706657 0.0181679 -0.0110194 -0.0143982
internal_weight=35.6401 12.1114 23.5287 19.9744
internal_count=4923 1461 3462 3026
is_linear=0
shrinkage=0.03


Tree=8
num_leaves=5
num_cat=0
split_feature=1 2 1 2
split_gain=12.1784 12.3174 2.65116 1.94054
threshold=0.0038398337733667192 1.0000000180025095e-35 0.041600747813145884 -1.0227556295371369
decision_type=2 2 2 2
left_child=1 -1 3 -2
right_child=2 -3 -4 -5
leaf_value=0.031686899744369959 0.0027221934173947476 -0.0089325069975664997 0.0055284035270884279 -0.016361070052006113
leaf_weight=6.8566644662059826 2.6933925421908524 5.3972450979053974 2.2583222994580856 18.331376902526248
leaf_count=717 411 744 265 2786
internal_value=0.000777184 0.0178216 -0.0108526 -0.0138269
internal_weight=35.537 12.2539 23.2831 21.0248
internal_count=4923 1461 3462 3197
is_linear=0
shrinkage=0.03


Tree=9
num_leaves=5
num_cat=0
split_feature=1 2 3 4
split_gain=11.7532 11.8826 2.63948 1.57263
threshold=0.0038398337733667192 1.0000000180025095e-35 -0.018143704886888729 0.02344191617075753
decision_type=2 2 2 2
left_child=1 -1 -2 -4
right_child=2 -3 3 -5
leaf_value=0.030954223931361116 0.0046311705852116886 -0.0088635293281954398 -0.016099971547758003 0.0026296094730674006
leaf_weight=7.0422475002706033 3.5369563708081868 5.3545381342992187 17.732935503358025 1.7641412094235409
leaf_count=717 436 744 2792 234
internal_value=0.000848801 0.0174772 -0.0106821 -0.0140883
internal_weight=35.4308 12.3968 23.034 19.4971
internal_count=4923 1461 3462 3026
is_linear=0
shrinkage=0.03


Tree=10
num_leaves=5
num_cat=0
split_feature=1 2 1 2
split_gain=11.344 11.4633 2.58853 1.90892
threshold=0.0038398337733667192 1.0000000180025095e-35 0.041600747813145884 -1.0227556295371369
decision_type=2 2 2 2
left_child=1 -1 3 -2
right_child=2 -3 -4 -5
leaf_value=0.030237033835343725 0.0027693232190560235 -0.0087952735959687493 0.0055431591953549785 -0.016076768180627313
leaf_weight=7.227360238786785 2.677050695987421 5.3124513868242502 2.2537072012200943 17.868267690995712
leaf_count=717 411 744 265 2786
internal_value=0.000909298 0.0171353 -0.0105186 -0.0135184
internal_weight=35.3388 12.5398 22.799 20.5453
internal_count=4923 1461 3462 3197
is_linear=0
shrinkage=0.03


Tree=11
num_leaves=5
num_cat=0
split_feature=1 2 3 4
split_gain=10.9391 11.0591 2.58237 1.54817
threshold=0.0038398337733667192 1.0000000180025095e-35 -0.018143704886888729 0.018448618735955939
decision_type=2 2 2 2
left_child=1 -1 -2 -4
right_child=2 -3 3 -5
leaf_value=0.029535339448519063 0.0046766467246537958 -0.0087277305813739433 -0.016198164043724907 0.0018392545596363978
leaf_weight=7.4118484035134298 3.5207156322430846 5.270973427221179 16.172182879177857 2.8675903868861488
leaf_count=717 436 744 2626 400
internal_value=0.000971215 0.0167961 -0.0103513 -0.0137837
internal_weight=35.2433 12.6828 22.5605 19.0398
internal_count=4923 1461 3462 3026
is_linear=0
shrinkage=0.03


Tree=12
num_leaves=5
num_cat=0
split_feature=1 2 3 4
split_gain=10.5581 10.6695 2.52996 1.52123
threshold=0.0038398337733667192 1.0000000180025095e-35 -0.018143704886888729 0.02344191617075753
decision_type=2 2 2 2
left_child=1 -1 -2 -4
right_child=2 -3 3 -5
leaf_value=0.028849107978876951 0.0046350161859925101 -0.0086608918583256523 -0.01566391935995878 0.0026459438618843907
leaf_weight=7.5955655178986472 3.5353639987297383 5.230093183927238 17.052229135530073 1.7587457983754564
leaf_count=717 436 744 2792 234
internal_value=0.00101425 0.01646 -0.0101988 -0.0136278
internal_weight=35.172 12.8257 22.3463 18.811
internal_count=4923 1461 3462 3026
is_linear=0
shrinkage=0.03


Tree=13
num_leaves=5
num_cat=0
split_feature=1 2 1 2
split_gain=10.1797 10.2941 2.51213 1.87909
threshold=0.0038398337733667192 1.0000000180025095e-35 0.041600747813145884 -1.0227556295371369
decision_type=2 2 2 2
left_child=1 -1 3 -2
right_child=2 -3 -4 -5
leaf_value=0.028178268185220928 0.002873169485070051 -0.0085947488980225219 0.0055968637365580477 -0.015684482974568793
leaf_weight=7.7783725690096599 2.6411025680135962 5.1897996366024017 2.2369691561907521 17.24848453770392
leaf_count=717 411 744 265 2786
internal_value=0.00106091 0.0161272 -0.0100406 -0.0130834
internal_weight=35.0947 12.9682 22.1266 19.8896
internal_count=4923 1461 3462 3197
is_linear=0
shrinkage=0.03


Tree=14
num_leaves=5
num_cat=0
split_feature=1 2 3 4
split_gain=9.80529 9.93252 2.47434 1.51202
threshold=0.0038398337733667192 1.0000000180025095e-35 -0.018143704886888729 0.018448618735955939
decision_type=2 2 2 2
left_child=1 -1 -2 -4
right_child=2 -3 3 -5
leaf_value=0.027522711122920197 0.004677147943537522 -0.0085292929067130509 -0.01577620572984352 0.0019174292376823122
leaf_weight=7.9601386832073313 3.5202749317977604 5.1500822138041258 15.542861981783064 2.8389891597907981
leaf_count=717 436 744 2626 400
internal_value=0.00111029 0.0157979 -0.00987756 -0.0133308
internal_weight=35.0123 13.1102 21.9021 18.3819
internal_count=4923 1461 3462 3026
is_linear=0
shrinkage=0.03


Tree=15
num_leaves=5
num_cat=0
split_feature=1 2 1 2
split_gain=9.45476 9.58435 2.45063 1.847
threshold=0.0038398337733667192 1.0000000180025095e-35 0.041600747813145884 -1.0227556295371369
decision_type=2 2 2 2
left_child=1 -1 3 -2
right_child=2 -3 -4 -5
leaf_value=0.026882299391535837 0.002910769782954683 -0.0084645155925768822 0.005600327888779873 -0.015416527412628634
leaf_weight=8.1407407056540233 2.628068333258855 5.1109304153360418 2.2357938396744421 16.838170856935907
leaf_count=717 411 744 265 2786
internal_value=0.00114092 0.0154724 -0.00973028 -0.0127941
internal_weight=34.9537 13.2517 21.702 19.4662
internal_count=4923 1461 3462 3197
is_linear=0
shrinkage=0.03


Tree=16
num_leaves=5
num_cat=0
split_feature=1 2 3 4
split_gain=9.10096 9.24914 2.42104 1.48771
threshold=0.0038398337733667192 1.0000000180025095e-35 -0.018143704886888729 0.018448618735955939
decision_type=2 2 2 2
left_child=1 -1 -2 -4
right_child=2 -3 3 -5
leaf_value=0.026256866336324479 0.0047164643332957114 -0.0084004088565318037 -0.015510052569789315 0.0019619773096635285
leaf_weight=8.3200632398948056 3.506175035377967 5.0723338653333476 15.157973292982208 2.8226736187934867
leaf_count=717 436 744 2626 400
internal_value=0.00118254 0.0151508 -0.00957043 -0.0130463
internal_weight=34.8792 13.3924 21.4868 17.9806
internal_count=4923 1461 3462 3026
is_linear=0
shrinkage=0.03


Tree=17
num_leaves=5
num_cat=0
split_feature=1 2 1 2
split_gain=8.79101 10.5401 2.54113 1.38039
threshold=0.0060452898993123569 1.0000000180025095e-35 0.041600747813145884 -1.5984551585969184
decision_type=2 2 2 2
left_child=1 -1 3 -2
right_child=2 -3 -4 -5
leaf_value=0.026024167596840973 0.0029453053575964798 -0.0094266152443296235 0.0056022657558656005 -0.015124521846089404
leaf_weight=9.2811694357078505 1.0766605311073387 5.7771889935247591 2.2350700059905639 16.457535439636562
leaf_count=846 172 883 265 2757
internal_value=0.00120599 0.0140891 -0.0100436 -0.0133483
internal_weight=34.8276 15.0584 19.7693 17.5342
internal_count=4923 1729 3194 2929
is_linear=0
shrinkage=0.03


Tree=18
num_leaves=5
num_cat=0
split_feature=1 2 1 2
split_gain=8.44843 10.1561 2.49401 1.36068
threshold=0.0060452898993123569 1.0000000180025095e-35 0.041600747813145884 -1.5984551585969184
decision_type=2 2 2 2
left_child=1 -1 3 -2
right_child=2 -3 -4 -5
leaf_value=0.02538430870407922 0.0029359621561152235 -0.0093523805977161253 0.0055664652391910919 -0.014970788207833019
leaf_weight=9.4787040643859637 1.0794654432684208 5.7284668087959281 2.2461096774786702 16.233825915260244
leaf_count=846 172 883 265 2757
internal_value=0.00123552 0.01378 -0.00987992 -0.0131882
internal_weight=34.7666 15.2072 19.5594 17.3133
internal_count=4923 1729 3194 2929
is_linear=0
shrinkage=0.03


Tree=19
num_leaves=5
num_cat=0
split_feature=1 2 3 4
split_gain=8.13046 8.29307 2.36687 1.45453
threshold=0.0038398337733667192 1.0000000180025095e-35 -0.018143704886888729 0.018448618735955939
decision_type=2 2 2 2
left_child=1 -1 -2 -4
right_child=2 -3 3 -5
leaf_value=0.024451917965918848 0.0048278713536677748 -0.0081957756906766953 -0.01514046177026865 0.002025085747080848
leaf_weight=8.8543203482404333 3.466537895845252 4.9501257790252557 14.638784714974465 2.7995088070165357
leaf_count=717 436 744 2626 400
internal_value=0.00126123 0.0142199 -0.00912827 -0.012651
internal_weight=34.7093 13.8044 20.9048 17.4383
internal_count=4923 1461 3462 3026
is_linear=0
shrinkage=0.03


Tree=20
num_leaves=5
num_cat=0
split_feature=1 2 1 2
split_gain=7.84237 9.47248 2.43459 1.33632
threshold=0.0060452898993123569 1.0000000180025095e-35 0.041600747813145884 -1.5984551585969184
decision_type=2 2 2 2
left_child=1 -1 3 -2
right_child=2 -3 -4 -5
leaf_value=0.024228300738009721 0.0029478794386579754 -0.0092119070618189493 0.0055666408155976262 -0.014713309299306424
leaf_weight=9.8428098156582546 1.0758196581155086 5.6368461346719405 2.2459092508070162 15.864887964446099
leaf_count=846 172 883 265 2757
internal_value=0.00127553 0.013215 -0.00958451 -0.0129138
internal_weight=34.6663 15.4797 19.1866 16.9407
internal_count=4923 1729 3194 2929
is_linear=0
shrinkage=0.03


Tree=21
num_leaves=5
num_cat=0
split_feature=4 4 6 6
split_gain=7.57217 6.74588 1.46811 1.29253
threshold=-0.019479714078815654 0.02344191617075753 0.1490949507780284 0.2925999668159836
decision_type=2 2 2 2
left_child=3 -2 -3 -1
right_child=1 2 -4 -5
leaf_value=0.020373817114986256 -0.013742805975743493 -0.0029620877552821753 0.014268254313835009 -0.0016183066775914306
leaf_weight=5.6003976853098711 20.574498096248139 2.1991097109857938 5.0268766242079437 1.2136607363354412
leaf_count=531 3445 293 497 157
internal_value=0.00129522 -0.00639957 0.010349 0.0178239
internal_weight=34.6145 27.8005 7.22599 6.81406
internal_count=4923 4235 790 688
is_linear=0
shrinkage=0.03


Tree=22
num_leaves=5
num_cat=0
split_feature=1 2 1 2
split_gain=7.39727 8.99314 2.3752 1.30841
threshold=0.0060452898993123569 1.0000000180025095e-35 0.041600747813145884 -1.5984551585969184
decision_type=2 2 2 2
left_child=1 -1 3 -2
right_child=2 -3 -4 -5
leaf_value=0.023442162077199711 0.0029420465419188074 -0.0090912216478847511 0.0055516676910852044 -0.014471885461504496
leaf_weight=10.097301357658578 1.0774773061275507 5.5587581761647007 2.250400671735405 15.526958577334883
leaf_count=846 172 883 265 2757
internal_value=0.00136716 0.0128498 -0.00931638 -0.0126608
internal_weight=34.5109 15.6561 18.8548 16.6044
internal_count=4923 1729 3194 2929
is_linear=0
shrinkage=0.03


Tree=23
num_leaves=5
num_cat=0
split_feature=4 4 6 3
split_gain=7.22134 6.42976 1.41681 1.24415
threshold=-0.019479714078815654 0.02344191617075753 0.1490949507780284 -0.0084929416425273702
decision_type=2 2 2 2
left_child=3 -2 -3 -1
right_child=1 2 -4 -5
leaf_value=0.01983780796950281 -0.013494677840000545 -0.0029613092785445924 0.013864340779775863 -0.0016778743406658946
leaf_weight=5.8056148774921894 20.181419239146638 2.1966599181760094 5.1443197799380869 1.1367896718438704
leaf_count=543 3445 293 497 145
internal_value=0.00138136 -0.00622137 0.0100253 0.0174038
internal_weight=34.4648 27.5224 7.34098 6.9424
internal_count=4923 4235 790 688
is_linear=0
shrinkage=0.03


Tree=24
num_leaves=5
num_cat=0
split_feature=4 4 6 6
split_gain=6.97346 6.26343 1.38657 1.24169
threshold=-0.019479714078815654 0.02344191617075753 0.1490949507780284 0.2925999668159836
decision_type=2 2 2 2
left_child=3 -2 -3 -1
right_child=1 2 -4 -5
leaf_value=0.019594900874514147 -0.013332821174992052 -0.0029466737182511542 0.013669717193781456 -0.0016450614912348433
leaf_weight=5.8151855103205881 19.938711529830474 2.1910951426252714 5.2025268005672842 1.222056151833385
leaf_count=531 3445 293 497 157
internal_value=0.00144603 -0.00608792 0.00988242 0.0171058
internal_weight=34.3696 27.3323 7.39362 7.03724
internal_count=4923 4235 790 688
is_linear=0
shrinkage=0.03


Tree=25
num_leaves=5
num_cat=0
split_feature=1 2 1 2
split_gain=6.83686 8.42364 2.30212 1.27277
threshold=0.0060452898993123569 1.0000000180025095e-35 0.041600747813145884 -1.5984551585969184
decision_type=2 2 2 2
left_child=1 -1 3 -2
right_child=2 -3 -4 -5
leaf_value=0.02249246624108003 0.0029405633750172891 -0.0089387306035485121 0.005552808084321144 -0.014144613164824313
leaf_weight=10.410806610714642 1.0776642078999454 5.4606458409689358 2.2496507093310347 15.07923742127605
leaf_count=846 172 883 265 2757
internal_value=0.0015075 0.0124033 -0.00894658 -0.0123165
internal_weight=34.278 15.8715 18.4066 16.1569
internal_count=4923 1729 3194 2929
is_linear=0
shrinkage=0.03


Tree=26
num_leaves=5
num_cat=0
split_feature=3 3 4 6
split_gain=6.67125 4.86977 2.42418 0.72093
threshold=-0.021711615652477388 0.02621721441855299 -0.019479714078815654 0.47421413916259209
decision_type=2 2 2 2
left_child=3 2 -2 -1
right_child=1 -3 -4 -5
leaf_value=0.01925518764020839 0.0045842946248079433 0.010553028386112401 -0.013734306054553969 -0.0010186056155466643
leaf_weight=5.0453855749219647 3.0212266489397797 4.5418554265052071 20.941507840063423 0.68921814975328732
leaf_count=441 353 468 3580 81
internal_value=0.00151466 -0.00550081 -0.0107549 0.0177198
internal_weight=34.2392 28.5046 23.9627 5.7346
internal_count=4923 4401 3933 522
is_linear=0
shrinkage=0.03


Tree=27
num_leaves=5
num_cat=0
split_feature=1 2 1 2
split_gain=6.48735 8.05821 2.24076 1.2504
threshold=0.0060452898993123569 1.0000000180025095e-35 0.041600747813145884 -1.5984551585969184
decision_type=2 2 2 2
left_child=1 -1 3 -2
right_child=2 -3 -4 -5
leaf_value=0.021890083544347728 0.0029466358999333335 -0.0088282217805614807 0.0055192931098137724 -0.013918265690258436
leaf_weight=10.613837903132664 1.0757339575793619 5.3902069523464879 2.259740585461258 14.777918982319532
leaf_count=846 172 883 265 2757
internal_value=0.00160495 0.0121277 -0.00869921 -0.0120768
internal_weight=34.1174 16.004 18.1134 15.8537
internal_count=4923 1729 3194 2929
is_linear=0
shrinkage=0.03


Tree=28
num_leaves=5
num_cat=0
split_feature=3 3 4 6
split_gain=6.38524 4.6729 2.35761 0.694728
threshold=-0.021711615652477388 0.02621721441855299 -0.019479714078815654 0.47421413916259209
decision_type=2 2 2 2
left_child=3 2 -2 -1
right_child=1 -3 -4 -5
leaf_value=0.018855001442553986 0.0045293817847082288 0.010309443327731021 -0.013523247177025024 -0.0010079789423862425
leaf_weight=5.1512167588807634 3.0367797219660195 4.6140394830144933 20.596011518035084 0.68545687454752613
leaf_count=441 353 468 3580 81
internal_value=0.00160739 -0.00533498 -0.0105465 0.0173588
internal_weight=34.0835 28.2468 23.6328 5.83667
internal_count=4923 4401 3933 522
is_linear=0
shrinkage=0.03


Tree=29
num_leaves=5
num_cat=0
split_feature=4 4 3 6
split_gain=6.1892 5.43291 1.41648 1.31406
threshold=-0.023090007612399262 0.02344191617075753 -0.036897936250603995 0.1490949507780284
decision_type=2 2 2 2
left_child=-1 2 -2 -3
right_child=1 3 -4 -5
leaf_value=0.017083101782070283 0.003772000442378663 -0.0029337353077423856 -0.013553910131942735 0.013125865742062212
leaf_weight=5.9691366914194068 0.62425042781979456 2.1816209570970377 19.833013782976195 5.3603026305790991
leaf_count=516 51 293 3566 497
internal_value=0.00169219 -0.00522116 -0.0119603 0.00945618
internal_weight=33.9683 27.9992 20.4573 7.54192
internal_count=4923 4407 3617 790
is_linear=0
shrinkage=0.03


Tree=30
num_leaves=5
num_cat=0
split_feature=3 2 1 1
split_gain=6.03506 4.59107 3.71234 1.18574
threshold=-0.021711615652477388 -0.1797176582021007 0.0070990252171114218 0.036225078821722219
decision_type=2 2 2 2
left_child=-1 2 -2 -3
right_child=1 3 -4 -5
leaf_value=0.016949805294833611 0.014333453363187299 -0.014946215679234204 -0.0067056840100865895 0.002136780742989976
leaf_weight=5.9561237667221567 6.8669082035776245 13.729549108538775 5.6711091566830873 1.6413282612338651
leaf_count=522 610 2455 1094 242
internal_value=0.00176306 -0.00509423 0.00606422 -0.0129988
internal_weight=33.865 27.9089 12.538 15.3709
internal_count=4923 4401 1704 2697
is_linear=0
shrinkage=0.03


Tree=31
num_leaves=5
num_cat=0
split_feature=1 2 1 2
split_gain=5.92426 7.42343 2.14141 1.21298
threshold=0.0060452898993123569 1.0000000180025095e-35 0.041600747813145884 -1.5984551585969184
decision_type=2 2 2 2
left_child=1 -1 3 -2
right_child=2 -3 -4 -5
leaf_value=0.020884021578070965 0.0029617816858640827 -0.008599484020704172 0.0054810145608539538 -0.013524311232318807
leaf_weight=10.958489516051488 1.0707888007164008 5.2455358053557566 2.2707429970614603 14.265550200594589
leaf_count=846 172 883 265 2757
internal_value=0.00179097 0.0117003 -0.00826344 -0.0116586
internal_weight=33.8111 16.204 17.6071 15.3363
internal_count=4923 1729 3194 2929
is_linear=0
shrinkage=0.03


Tree=32
num_leaves=5
num_cat=0
split_feature=3 3 2 6
split_gain=5.79738 4.36806 2.27328 0.66929
threshold=-0.021711615652477388 0.02621721441855299 -0.67781826722089555 0.47421413916259209
decision_type=2 2 2 2
left_child=3 2 -2 -1
right_child=1 -3 -4 -5
leaf_value=0.018054011740192444 0.0032066885281476238 0.0099927288854587404 -0.013786873950801328 -0.0010345790376200881
leaf_weight=5.3678031028248361 5.1789176275488051 4.7048942127730689 17.840202188584954 0.69358801003545512
leaf_count=441 758 468 3175 81
internal_value=0.00178539 -0.00498922 -0.0101503 0.0165856
internal_weight=33.7854 27.724 23.0191 6.06139
internal_count=4923 4401 3933 522
is_linear=0
shrinkage=0.03


Tree=33
num_leaves=5
num_cat=0
split_feature=4 4 6 6
split_gain=5.67273 5.32211 1.23451 1.10072
threshold=-0.019479714078815654 0.02344191617075753 0.1490949507780284 0.2925999668159836
decision_type=2 2 2 2
left_child=3 -2 -3 -1
right_child=1 2 -4 -5
leaf_value=0.01785434575665705 -0.012358946863211498 -0.0028916786453550979 0.012602044027924969 -0.001655532464116197
leaf_weight=6.3032630309462538 18.495468035573143 2.1619585880544028 5.5151127015706152 1.2221550436224786
leaf_count=531 3445 293 497 157
internal_value=0.00184643 -0.00530293 0.00907128 0.0155492
internal_weight=33.698 26.1725 7.67707 7.52542
internal_count=4923 4235 790 688
is_linear=0
shrinkage=0.03


Tree=34
num_leaves=5
num_cat=0
split_feature=3 3 5 6
split_gain=5.51952 4.39565 1.60366 0.875209
threshold=-0.018143704886888729 0.02621721441855299 -0.50188330231805389 0.47421413916259209
decision_type=2 2 2 2
left_child=3 2 -2 -1
right_child=1 -3 -4 -5
leaf_value=0.017253500419834866 0.0040505597136607664 0.0098209485151572722 -0.012572213434922515 -0.0015015875269960891
leaf_weight=6.5379751608707002 1.414922741940251 4.7570882558356962 20.061409918358549 0.86081572016701091
leaf_count=588 177 468 3582 108
internal_value=0.00188522 -0.00515472 -0.0105381 0.0154625
internal_weight=33.6322 26.2334 21.4763 7.39879
internal_count=4923 4227 3759 696
is_linear=0
shrinkage=0.03


Tree=35
num_leaves=5
num_cat=0
split_feature=1 2 1 2
split_gain=5.45859 6.9129 2.06138 1.17132
threshold=0.0060452898993123569 1.0000000180025095e-35 0.041600747813145884 -1.5984551585969184
decision_type=2 2 2 2
left_child=1 -1 3 -2
right_child=2 -3 -4 -5
leaf_value=0.020052721387747344 0.0029449673154997354 -0.0084031040801751406 0.0054642837330885355 -0.013174190761125632
leaf_weight=11.247563650831582 1.0753675310406841 5.122570155421271 2.2748230290599158 13.823281082324684
leaf_count=846 172 883 265 2757
internal_value=0.00194821 0.0113384 -0.00788132 -0.0112952
internal_weight=33.5436 16.3701 17.1735 14.8986
internal_count=4923 1729 3194 2929
is_linear=0
shrinkage=0.03


Tree=36
num_leaves=5
num_cat=0
split_feature=4 4 3 6
split_gain=5.2775 4.75014 1.31253 1.18947
threshold=-0.023090007612399262 0.02344191617075753 -0.036897936250603995 0.1490949507780284
decision_type=2 2 2 2
left_child=-1 2 -2 -3
right_child=1 3 -4 -5
leaf_value=0.015836479510605791 0.0036769295378194311 -0.0028816328678568891 -0.012855448713310061 0.012252177481866248
leaf_weight=6.3303889825474462 0.64905881928280607 2.1557516425382337 18.770072099287063 5.6193270462099463
leaf_count=516 51 293 3566 497
internal_value=0.00193596 -0.00468766 -0.0112409 0.00879559
internal_weight=33.5246 27.1942 19.4191 7.77508
internal_count=4923 4407 3617 790
is_linear=0
shrinkage=0.03


Tree=37
num_leaves=5
num_cat=0
split_feature=3 3 2 6
split_gain=5.16602 4.15888 1.56872 0.835679
threshold=-0.018143704886888729 0.02621721441855299 -0.67781826722089555 0.47421413916259209
decision_type=2 2 2 2
left_child=3 2 -2 -1
right_child=1 -3 -4 -5
leaf_value=0.016745001969110152 0.001964841529477753 0.0095390194105705386 -0.013284174118687079 -0.0014883203986454162
leaf_weight=6.686835103435441 4.8896733399014982 4.8402120785322031 16.167211734922603 0.85576858697459091
leaf_count=588 727 468 3032 108
internal_value=0.00199061 -0.00492499 -0.0102507 0.0150071
internal_weight=33.4397 25.8971 21.0569 7.5426
internal_count=4923 4227 3759 696
is_linear=0
shrinkage=0.03


Tree=38
num_leaves=5
num_cat=0
split_feature=1 2 1 2
split_gain=5.07417 6.50845 1.99823 1.13611
threshold=0.0060452898993123569 1.0000000180025095e-35 0.041600747813145884 -1.5984551585969184
decision_type=2 2 2 2
left_child=1 -1 3 -2
right_child=2 -3 -4 -5
leaf_value=0.019326439370143892 0.0029223336332539077 -0.0082598811677922039 0.0054470974411960499 -0.012896930625682368
leaf_weight=11.505385357188063 1.0818096427246935 5.0337121204938731 2.2792806187644592 13.483381836209446
leaf_count=846 172 883 265 2757
internal_value=0.00202504 0.0109818 -0.00758414 -0.0110107
internal_weight=33.3836 16.5391 16.8445 14.5652
internal_count=4923 1729 3194 2929
is_linear=0
shrinkage=0.03


Tree=39
num_leaves=5
num_cat=0
split_feature=3 2 1 1
split_gain=4.95034 3.99675 3.17346 1.15196
threshold=-0.021711615652477388 -0.1797176582021007 0.014366130362505227 0.036225078821722219
decision_type=2 2 2 2
left_child=-1 2 -2 -3
right_child=1 3 -4 -5
leaf_value=0.015393922016213167 0.012374952446623686 -0.014176957635706913 -0.0072760503406752736 0.0023012713805068944
leaf_weight=6.4105311413295558 8.702945470344277 12.726094677578656 3.9432751708663991 1.5860333542805154
leaf_count=522 897 2455 807 242
internal_value=0.00200822 -0.00447878 0.0057403 -0.0121554
internal_weight=33.3689 26.9583 12.6462 14.3121
internal_count=4923 4401 1704 2697
is_linear=0
shrinkage=0.03


Tree=40
num_leaves=5
num_cat=0
split_feature=4 4 6 6
split_gain=4.8429 4.66759 1.11801 0.992721
threshold=-0.019479714078815654 0.02344191617075753 0.1490949507780284 0.2925999668159836
decision_type=2 2 2 2
left_child=3 -2 -3 -1
right_child=1 2 -4 -5
leaf_value=0.016561393893014077 -0.011671524111360847 -0.0028440400111946549 0.011752679758922545 -0.0016491681483964034
leaf_weight=6.6772410471457979 17.547246368369091 2.1377837792970231 5.7694560142699629 1.2166576255112884
leaf_count=531 3445 293 497 157
internal_value=0.00200688 -0.00481477 0.0084219 0.0144016
internal_weight=33.3484 25.4545 7.90724 7.8939
internal_count=4923 4235 790 688
is_linear=0
shrinkage=0.03


Tree=41
num_leaves=5
num_cat=0
split_feature=3 3 5 6
split_gain=4.72439 3.90908 1.49675 0.786102
threshold=-0.018143704886888729 0.02621721441855299 -0.50188330231805389 0.47421413916259209
decision_type=2 2 2 2
left_child=3 2 -2 -1
right_child=1 -3 -4 -5
leaf_value=0.016008866269041796 0.0039704966018415788 0.0092298254455950388 -0.011990466435472032 -0.0014816502478518364
leaf_weight=6.9074278450570992 1.4337239433080018 4.9291226982604703 19.174262428190559 0.85294582042843092
leaf_count=588 177 468 3582 108
internal_value=0.00203167 -0.00468868 -0.00994562 0.0143346
internal_weight=33.2975 25.5371 20.608 7.76037
internal_count=4923 4227 3759 696
is_linear=0
shrinkage=0.03


Tree=42
num_leaves=5
num_cat=0
split_feature=1 2 2 1
split_gain=4.6368 5.9987 1.92483 1.07922
threshold=0.0060452898993123569 1.0000000180025095e-35 0.89663602200380577 0.027887990557463996
decision_type=2 2 2 2
left_child=1 -1 -2 -4
right_child=2 -3 3 -5
leaf_value=0.018409597412078784 -0.01088179750116695 -0.0080584039271956003 -0.0040954264211681968 0.009866183379677566
leaf_weight=11.836501660756769 13.602345539256932 4.9100522606167933 1.5106931366026395 1.3632906815037129
leaf_count=846 2707 883 323 164
internal_value=0.00208189 0.0105378 -0.00724666 0.0050467
internal_weight=33.2229 16.7466 16.4763 2.87398
internal_count=4923 1729 3194 487
is_linear=0
shrinkage=0.03


Tree=43
num_leaves=5
num_cat=0
split_feature=3 2 1 1
split_gain=4.52308 3.99571 3.30539 1.74744
threshold=-0.02743545592082999 -0.1797176582021007 0.014366130362505227 0.036225078821722219
decision_type=2 2 2 2
left_child=-1 2 -2 -3
right_child=1 3 -4 -5
leaf_value=0.015751496435862135 0.012524984012675095 -0.014302961269586273 -0.0073755487974648268 0.0036938126673689209
leaf_weight=4.9019376388750961 9.4813488288782555 13.077983496012164 4.0042011255864045 1.7561386702582229
leaf_count=348 934 2547 832 262
internal_value=0.00205416 -0.00380858 0.00599155 -0.0115429
internal_weight=33.2216 28.3197 13.4855 14.8341
internal_count=4923 4575 1766 2809
is_linear=0
shrinkage=0.03


Tree=44
num_leaves=5
num_cat=0
split_feature=3 3 5 6
split_gain=4.40966 3.7079 1.4514 0.749001
threshold=-0.018143704886888729 0.02621721441855299 -0.50188330231805389 0.47421413916259209
decision_type=2 2 2 2
left_child=3 2 -2 -1
right_child=1 -3 -4 -5
leaf_value=0.015472064052568762 0.0039316043098553766 0.0089663800728662958 -0.011747553857532483 -0.0014730503657216149
leaf_weight=7.0704342676326624 1.4429941831622333 5.0057009558659038 18.817244864068925 0.84947577980346967
leaf_count=588 177 468 3582 108
internal_value=0.00206403 -0.00450849 -0.00970061 0.0138468
internal_weight=33.1859 25.2659 20.2602 7.91991
internal_count=4923 4227 3759 696
is_linear=0
shrinkage=0.03


Tree=45
num_leaves=5
num_cat=0
split_feature=1 2 1 2
split_gain=4.31807 5.60675 1.87671 1.0891
threshold=0.0060452898993123569 1.0000000180025095e-35 0.041600747813145884 -1.5984551585969184
decision_type=2 2 2 2
left_child=1 -1 3 -2
right_child=2 -3 -4 -5
leaf_value=0.017695891433903595 0.0029507026748244671 -0.0078882866933527723 0.005419502971161087 -0.012365807035231127
leaf_weight=12.099942112807186 1.0722680424805737 4.8072067382745436 2.285400341032072 12.851590693928301
leaf_count=846 172 883 265 2757
internal_value=0.00210936 0.0101934 -0.00699473 -0.0104459
internal_weight=33.1164 16.9071 16.2093 13.9239
internal_count=4923 1729 3194 2929
is_linear=0
shrinkage=0.03


Tree=46
num_leaves=5
num_cat=0
split_feature=3 2 1 1
split_gain=4.24963 3.7682 3.10516 1.70956
threshold=-0.02743545592082999 -0.1797176582021007 0.014366130362505227 0.036225078821722219
decision_type=2 2 2 2
left_child=-1 2 -2 -3
right_child=1 3 -4 -5
leaf_value=0.015259823422041923 0.012065928525941804 -0.014046061370639596 -0.0072204347290456446 0.0036979352079646861
leaf_weight=5.0338288100901982 9.6493533714674431 12.752514084102584 3.9181736046448341 1.7541759917512525
leaf_count=348 934 2547 832 262
internal_value=0.0020852 -0.00366454 0.00579579 -0.011267
internal_weight=33.108 28.0742 13.5675 14.5067
internal_count=4923 4575 1766 2809
is_linear=0
shrinkage=0.03


Tree=47
num_leaves=5
num_cat=0
split_feature=4 4 6 6
split_gain=4.15566 4.14592 1.01988 0.885402
threshold=-0.019479714078815654 0.02344191617075753 0.1490949507780284 0.2925999668159836
decision_type=2 2 2 2
left_child=3 -2 -3 -1
right_child=1 2 -4 -5
leaf_value=0.015363931257765015 -0.011072073089335459 -0.0027888458474969588 0.011049390404289011 -0.0016188527778047931
leaf_weight=7.0301301749423128 16.756343181477863 2.109304226934908 5.9788288082927465 1.2020928398706017
leaf_count=531 3445 293 497 157
internal_value=0.00209051 -0.00440422 0.00789387 0.0133563
internal_weight=33.0767 24.8445 8.08813 8.23222
internal_count=4923 4235 790 688
is_linear=0
shrinkage=0.03


Tree=48
num_leaves=5
num_cat=0
split_feature=3 2 1 1
split_gain=4.06923 3.59944 2.97316 1.67707
threshold=-0.02743545592082999 -0.1797176582021007 0.014366130362505227 0.036225078821722219
decision_type=2 2 2 2
left_child=-1 2 -2 -3
right_child=1 3 -4 -5
leaf_value=0.01492859079630747 0.011736577929820885 -0.013850622584901438 -0.007124164044527162 0.0036882821806162808
leaf_weight=5.1245516412891439 9.7733599077910203 12.516530464170499 3.8653668758925042 1.7568301688879717
leaf_count=348 934 2547 832 262
internal_value=0.00210461 -0.00356649 0.00563873 -0.0110617
internal_weight=33.0366 27.9121 13.6387 14.2734
internal_count=4923 4575 1766 2809
is_linear=0
shrinkage=0.03


Tree=49
num_leaves=5
num_cat=0
split_feature=3 2 1 1
split_gain=3.96125 3.48053 2.89386 1.65136
threshold=-0.02743545592082999 -0.1797176582021007 0.014366130362505227 0.036225078821722219
decision_type=2 2 2 2
left_child=-1 2 -2 -3
right_child=1 3 -4 -5
leaf_value=0.014718298592471533 0.011510450890926399 -0.013716247207230629 -0.007077646297166138 0.0036699145725384618
leaf_weight=5.1838147267699233 9.8615070991218108 12.360316443489863 3.8401547290850422 1.7626160907093424
leaf_count=348 934 2547 832 262
internal_value=0.00210673 -0.00351286 0.00551266 -0.0109245
internal_weight=33.0084 27.8246 13.7017 14.1229
internal_count=4923 4575 1766 2809
is_linear=0
shrinkage=0.03


Tree=50
num_leaves=5
num_cat=0
split_feature=4 4 3 6
split_gain=3.86852 3.68459 1.12132 0.959604
threshold=-0.023090007612399262 0.02344191617075753 -0.036897936250603995 0.1490949507780284
decision_type=2 2 2 2
left_child=-1 2 -2 -3
right_child=1 3 -4 -5
leaf_value=0.013558295805651401 0.0034390148095523993 -0.002727153699031501 -0.011660590377565531 0.010679119133651525
leaf_weight=7.0105264275334767 0.71133807022124784 2.083438645815475 17.084037152118984 6.0928125779610127
leaf_count=516 51 293 3566 497
internal_value=0.00210687 -0.00389406 -0.0100369 0.00764204
internal_weight=32.9822 25.9716 17.7954 8.17625
internal_count=4923 4407 3617 790
is_linear=0
shrinkage=0.03


Tree=51
num_leaves=5
num_cat=0
split_feature=3 3 5 6
split_gain=3.78731 3.35389 1.35631 0.685604
threshold=-0.018143704886888729 0.02621721441855299 -0.50188330231805389 0.47421413916259209
decision_type=2 2 2 2
left_child=3 2 -2 -1
right_child=1 -3 -4 -5
leaf_value=0.014406530383483622 0.0038387316022462153 0.0085432366858054307 -0.011248713455205339 -0.0014748478777217402
leaf_weight=7.394090543035416 1.4650934676174099 5.1212262159679076 18.093058860162277 0.84851011773571361
leaf_count=588 177 468 3582 108
internal_value=0.00213815 -0.00411816 -0.00920218 0.0128594
internal_weight=32.922 24.6794 19.5582 8.2426
internal_count=4923 4227 3759 696
is_linear=0
shrinkage=0.03


Tree=52
num_leaves=5
num_cat=0
split_feature=1 2 4 4
split_gain=3.71415 3.06048 1.82659 2.00491
threshold=0.00097495098605693286 1.0000000180025095e-35 0.02344191617075753 -0.023090007612399262
decision_type=2 2 2 2
left_child=1 -1 3 -2
right_child=2 -3 -4 -5
leaf_value=0.016709234631465678 0.0046304019644207942 -0.0049689497434441199 0.0059711024767025531 -0.011815374493275056
leaf_weight=8.6786961988545936 3.0819268890190896 3.1661490586120626 3.1645706375129512 14.771071469876917
leaf_count=503 281 556 344 3239
internal_value=0.00217409 0.0112926 -0.00494874 -0.00833321
internal_weight=32.8624 11.8448 21.0176 17.853
internal_count=4923 1059 3864 3520
is_linear=0
shrinkage=0.03


Tree=53
num_leaves=5
num_cat=0
split_feature=3 2 1 1
split_gain=3.6246 3.27048 2.69033 1.62013
threshold=-0.02743545592082999 -0.1797176582021007 0.014366130362505227 0.036225078821722219
decision_type=2 2 2 2
left_child=-1 2 -2 -3
right_child=1 3 -4 -5
leaf_value=0.014122576821237872 0.011100422551017198 -0.013408859033106965 -0.0068602934633584921 0.003718456953797673
leaf_weight=5.3469814457930616 10.010039549786599 11.993312917882575 3.7223697148729107 1.7462934080976982
leaf_count=348 934 2547 832 262
internal_value=0.00218343 -0.00328903 0.00539264 -0.0105826
internal_weight=32.819 27.472 13.7324 13.7396
internal_count=4923 4575 1766 2809
is_linear=0
shrinkage=0.03


Tree=54
num_leaves=5
num_cat=0
split_feature=3 2 1 1
split_gain=3.52854 3.16129 2.62 1.59535
threshold=-0.02743545592082999 -0.1797176582021007 0.015740684687603205 0.036225078821722219
decision_type=2 2 2 2
left_child=-1 2 -2 -3
right_child=1 3 -4 -5
leaf_value=0.013922058554227136 0.010800761173168855 -0.013278570803872703 -0.0069470744835410433 0.003700019699161246
leaf_weight=5.4044298443477592 10.293239384889604 11.847985089872962 3.5000480338931075 1.7520881614182133
leaf_count=348 979 2547 787 262
internal_value=0.0021784 -0.00324203 0.00527025 -0.0104503
internal_weight=32.7978 27.3934 13.7933 13.6001
internal_count=4923 4575 1766 2809
is_linear=0
shrinkage=0.03


Tree=55
num_leaves=5
num_cat=0
split_feature=1 2 2 4
split_gain=3.46444 4.51701 1.82174 0.962165
threshold=0.0060452898993123569 1.0000000180025095e-35 0.89663602200380577 0.020885266565700559
decision_type=2 2 2 2
left_child=1 -1 3 -2
right_child=2 -3 -4 -5
leaf_value=0.015665227326601017 -0.012050222733700091 -0.0073309015612827268 0.0053137916533455669 0.002429367672960881
leaf_weight=12.863180921878667 11.163124713348223 4.4766958546824744 2.7749798397999248 1.5024183732457448
leaf_count=846 2499 883 487 208
internal_value=0.00217007 0.00921839 -0.00625747 -0.0100186
internal_weight=32.7804 17.3399 15.4405 12.6655
internal_count=4923 1729 3194 2707
is_linear=0
shrinkage=0.03


Tree=56
num_leaves=5
num_cat=0
split_feature=3 3 5 6
split_gain=3.42476 3.08744 1.29818 0.640647
threshold=-0.018143704886888729 0.02621721441855299 -0.50188330231805389 0.47421413916259209
decision_type=2 2 2 2
left_child=3 2 -2 -1
right_child=1 -3 -4 -5
leaf_value=0.013701612762296794 0.0037885256093967232 0.0081468587244922092 -0.010921926420512606 -0.0014660465898307994
leaf_weight=7.6083528432063741 1.4755013969261224 5.2328233937732866 17.627045896835629 0.84425285644829262
leaf_count=588 177 468 3582 108
internal_value=0.00213142 -0.00390751 -0.00887432 0.0122132
internal_weight=32.788 24.3354 19.1025 8.45261
internal_count=4923 4227 3759 696
is_linear=0
shrinkage=0.03


Tree=57
num_leaves=5
num_cat=0
split_feature=3 2 1 1
split_gain=3.3171 2.98758 2.45818 1.57175
threshold=-0.02743545592082999 -0.1797176582021007 0.015740684687603205 0.036225078821722219
decision_type=2 2 2 2
left_child=-1 2 -2 -3
right_child=1 3 -4 -5
leaf_value=0.013471718596449651 0.01040617014283087 -0.013064769924706414 -0.0067901412853619688 0.0037269853429664295
leaf_weight=5.5292121751699588 10.443210356868805 11.601031165686434 3.4172749292338258 1.7430765703320492
leaf_count=348 979 2547 787 262
internal_value=0.00216197 -0.00313982 0.00509756 -0.0102144
internal_weight=32.7338 27.2046 13.8605 13.3441
internal_count=4923 4575 1766 2809
is_linear=0
shrinkage=0.03


Tree=58
num_leaves=5
num_cat=0
split_feature=1 2 4 4
split_gain=3.25449 2.66788 1.69699 1.83661
threshold=0.00097495098605693286 1.0000000180025095e-35 0.02344191617075753 -0.023090007612399262
decision_type=2 2 2 2
left_child=1 -1 3 -2
right_child=2 -3 -4 -5
leaf_value=0.015502106958355024 0.0043778048700447913 -0.0047290247314493092 0.0057953846668136041 -0.011382471104717297
leaf_weight=9.0550425671972317 3.1557778005953905 3.0513889102730891 3.2129522552713743 14.243543599499391
leaf_count=503 281 556 344 3239
internal_value=0.00215103 0.0105704 -0.0046316 -0.00796947
internal_weight=32.7187 12.1064 20.6123 17.3993
internal_count=4923 1059 3864 3520
is_linear=0
shrinkage=0.03


Tree=59
num_leaves=5
num_cat=0
split_feature=3 2 1 1
split_gain=3.19276 2.83684 2.34249 1.54852
threshold=-0.02743545592082999 -0.1797176582021007 0.015740684687603205 0.036225078821722219
decision_type=2 2 2 2
left_child=-1 2 -2 -3
right_child=1 3 -4 -5
leaf_value=0.013205017068197275 0.010077899980527272 -0.012886344735406237 -0.0066940860867802784 0.003737213975170987
leaf_weight=5.6022788165137163 10.570893066702412 11.401098401285706 3.3670357537921509 1.7395548778586079
leaf_count=348 979 2547 787 262
internal_value=0.00215438 -0.00307664 0.00492237 -0.0100217
internal_weight=32.6809 27.0786 13.9379 13.1407
internal_count=4923 4575 1766 2809
is_linear=0
shrinkage=0.03


Tree=60
num_leaves=5
num_cat=0
split_feature=4 4 6 6
split_gain=3.11894 3.21818 0.840118 0.79084
threshold=-0.019479714078815654 0.02344191617075753 0.1490949507780284 -0.14817046922083746
decision_type=2 2 2 2
left_child=3 -2 -3 -1
right_child=1 2 -4 -5
leaf_value=0.014183925261188779 -0.009949719627722637 -0.0026889071473753271 0.0096453756082904452 -0.00076847036365998293
leaf_weight=6.0675044436939061 15.385848531033846 2.0576048861257714 6.4091851201374084 2.7473631531465781
leaf_count=408 3445 293 497 280
internal_value=0.00214152 -0.00374361 0.00681499 0.0115921
internal_weight=32.6675 23.8526 8.46679 8.81487
internal_count=4923 4235 790 688
is_linear=0
shrinkage=0.03


Tree=61
num_leaves=5
num_cat=0
split_feature=3 2 1 1
split_gain=3.06451 2.70269 2.24812 1.51922
threshold=-0.02743545592082999 -0.1797176582021007 0.015740684687603205 0.036225078821722219
decision_type=2 2 2 2
left_child=-1 2 -2 -3
right_child=1 3 -4 -5
leaf_value=0.012930679492340738 0.0098041149858881203 -0.012705177552778323 -0.0066136960020268974 0.00372752577466323
leaf_weight=5.6800025152042499 10.679063348099591 11.205247231875545 3.3250916099641463 1.7421753315720696
leaf_count=348 979 2547 787 262
internal_value=0.0021514 -0.00300489 0.00477467 -0.00983323
internal_weight=32.6316 26.9516 14.0042 12.9474
internal_count=4923 4575 1766 2809
is_linear=0
shrinkage=0.03


Tree=62
num_leaves=5
num_cat=0
split_feature=3 3 5 6
split_gain=2.99768 2.82266 1.23102 0.594095
threshold=-0.018143704886888729 0.02621721441855299 -0.50188330231805389 0.47421413916259209
decision_type=2 2 2 2
left_child=3 2 -2 -1
right_child=1 -3 -4 -5
leaf_value=0.012866745098075861 0.0037327811847176961 0.0077922864194478868 -0.010528380653101167 -0.0014690270488692428
leaf_weight=7.8683760911226255 1.4872474479489053 5.328252170700579 17.092411335674118 0.84383758553303767
leaf_count=588 177 468 3582 108
internal_value=0.00213656 -0.00362505 -0.00848015 0.0114352
internal_weight=32.6201 23.9079 18.5797 8.71221
internal_count=4923 4227 3759 696
is_linear=0
shrinkage=0.03


Tree=63
num_leaves=5
num_cat=0
split_feature=1 2 4 4
split_gain=2.92704 2.42397 1.59466 1.67603
threshold=0.00097495098605693286 1.0000000180025095e-35 0.02344191617075753 -0.023090007612399262
decision_type=2 2 2 2
left_child=1 -1 3 -2
right_child=2 -3 -4 -5
leaf_value=0.014687660890530294 0.0041000805015368041 -0.0045759460827804735 0.0056581087019487979 -0.01099112970934529
leaf_weight=9.3098322167061252 3.2407287475653019 2.9782421097625038 3.2518513558898112 13.791350394603798
leaf_count=503 281 556 344 3239
internal_value=0.00216112 0.0100605 -0.00436619 -0.00766518
internal_weight=32.572 12.2881 20.2839 17.0321
internal_count=4923 1059 3864 3520
is_linear=0
shrinkage=0.03


Tree=64
num_leaves=5
num_cat=0
split_feature=3 2 1 1
split_gain=2.86464 2.56148 2.13016 1.49325
threshold=-0.02743545592082999 -0.1797176582021007 0.015740684687603205 0.036225078821722219
decision_type=2 2 2 2
left_child=-1 2 -2 -3
right_child=1 3 -4 -5
leaf_value=0.01250909377350839 0.0095162511003150409 -0.012484029240017012 -0.0064772942184338515 0.0037492898512034049
leaf_weight=5.7984164333902291 10.787101718364285 10.964541657594962 3.254434385104104 1.7346339167561371
leaf_count=348 979 2547 787 262
internal_value=0.00215944 -0.00287863 0.00465704 -0.00959178
internal_weight=32.5391 26.7407 14.0415 12.6992
internal_count=4923 4575 1766 2809
is_linear=0
shrinkage=0.03


Tree=65
num_leaves=5
num_cat=0
split_feature=3 3 6 6
split_gain=2.80263 2.87637 0.852797 0.614
threshold=-0.01238962227877813 0.022506084651183329 0.34708049886620079 0.1490949507780284
decision_type=2 2 2 2
left_child=2 -2 -1 -3
right_child=1 3 -4 -5
leaf_value=0.012345480445898078 -0.0095044207147383132 -0.0021075387405473959 -0.0020900227712213741 0.0093087656629737593
leaf_weight=9.3600730791222286 15.178152972366663 1.6061940670479078 1.3836338402470563 5.0019499638583511
leaf_count=839 3255 222 205 402
internal_value=0.00214208 -0.00390466 0.0103751 0.0069357
internal_weight=32.53 21.7863 10.7437 6.60814
internal_count=4923 3879 1044 624
is_linear=0
shrinkage=0.03


Tree=66
num_leaves=5
num_cat=0
split_feature=1 2 2 2
split_gain=2.73239 3.64581 1.70588 0.908603
threshold=0.0060452898993123569 1.0000000180025095e-35 0.89663602200380577 -1.5984551585969184
decision_type=2 2 2 2
left_child=1 -1 3 -2
right_child=2 -3 -4 -5
leaf_value=0.013819184685047876 0.0026624555319703321 -0.0068375939929071605 0.0053714544963792184 -0.011327791775702131
leaf_weight=13.571146194124596 1.1604280390311004 4.1927985439542672 2.7470115834148592 10.847620079177432
leaf_count=846 189 883 487 2518
internal_value=0.00213354 0.00823692 -0.00557354 -0.00938036
internal_weight=32.519 17.7639 14.7551 12.008
internal_count=4923 1729 3194 2707
is_linear=0
shrinkage=0.03


Tree=67
num_leaves=5
num_cat=0
split_feature=3 2 1 1
split_gain=2.70944 2.40175 2.00389 1.47211
threshold=-0.02743545592082999 -0.1797176582021007 0.01731073589712662 0.036225078821722219
decision_type=2 2 2 2
left_child=-1 2 -2 -3
right_child=1 3 -4 -5
leaf_value=0.012106130275425899 0.0090630633638719583 -0.012290442733429685 -0.006474947034173094 0.0037736836381286817
leaf_weight=5.9115543351508668 11.127287368173713 10.757168963202274 3.0026832285802803 1.7265447068493802
leaf_count=348 1027 2547 739 262
internal_value=0.00209408 -0.00282889 0.00444618 -0.00937846
internal_weight=32.5252 26.6137 14.13 12.4837
internal_count=4923 4575 1766 2809
is_linear=0
shrinkage=0.03


Tree=68
num_leaves=5
num_cat=0
split_feature=3 2 1 1
split_gain=2.63993 2.3176 1.95433 1.44975
threshold=-0.02743545592082999 -0.1797176582021007 0.01731073589712662 0.036225078821722219
decision_type=2 2 2 2
left_child=-1 2 -2 -3
right_child=1 3 -4 -5
leaf_value=0.011931831626608965 0.0088881399989846777 -0.012170919818985094 -0.0064391330293414673 0.0037551286219900024
leaf_weight=5.9632650008425108 11.20156006596517 10.636951632332055 2.984693269361741 1.7323486942332227
leaf_count=348 1027 2547 739 262
internal_value=0.00207412 -0.00279799 0.00433437 -0.00925886
internal_weight=32.5188 26.5556 14.1863 12.3693
internal_count=4923 4575 1766 2809
is_linear=0
shrinkage=0.03


Tree=69
num_leaves=5
num_cat=0
split_feature=3 3 6 2
split_gain=2.58137 2.72065 0.801665 0.609774
threshold=-0.01238962227877813 0.02621721441855299 0.34708049886620079 -0.67781826722089555
decision_type=2 2 2 2
left_child=2 3 -1 -2
right_child=1 -3 -4 -5
leaf_value=0.011799151774433551 0.00042468782386437373 0.0073170410922889922 -0.0020743388150013427 -0.010968940710679755
leaf_weight=9.5459470599889737 4.3491307480726418 5.4587983100209376 1.375692874775267 11.783755738870243
leaf_count=839 656 468 205 2755
internal_value=0.00205325 -0.00379018 0.00989543 -0.00891026
internal_weight=32.5133 21.5917 10.9216 16.1329
internal_count=4923 3879 1044 3411
is_linear=0
shrinkage=0.03


Tree=70
num_leaves=5
num_cat=0
split_feature=1 2 4 4
split_gain=2.54222 2.0918 1.49568 1.51332
threshold=0.00097495098605693286 1.0000000180025095e-35 0.02344191617075753 -0.023090007612399262
decision_type=2 2 2 2
left_child=1 -1 3 -2
right_child=2 -3 -4 -5
leaf_value=0.013514707136659915 0.0037965470782329509 -0.0043491397352105202 0.0055131335661033187 -0.010596791154907583
leaf_weight=9.6821442996151728 3.3301674120593843 2.8711914175655684 3.2888505877926937 13.338002182194034
leaf_count=503 281 556 344 3239
internal_value=0.00203677 0.00931214 -0.00412044 -0.00737581
internal_weight=32.5104 12.5533 19.957 16.6682
internal_count=4923 1059 3864 3520
is_linear=0
shrinkage=0.03


Tree=71
num_leaves=5
num_cat=0
split_feature=3 2 1 1
split_gain=2.48741 2.16953 1.85412 1.42424
threshold=-0.02743545592082999 -0.1797176582021007 0.01731073589712662 0.036225078821722219
decision_type=2 2 2 2
left_child=-1 2 -2 -3
right_child=1 3 -4 -5
leaf_value=0.011547945477075999 0.0085684284623444781 -0.011959760599797684 -0.0063438137766084627 0.0037724660964866806
leaf_weight=6.0718811822589478 11.327247049426662 10.418387178797273 2.9364852356957263 1.7262423809152085
leaf_count=348 1027 2547 739 262
internal_value=0.00203175 -0.00272706 0.00414917 -0.00902983
internal_weight=32.4802 26.4084 14.2637 12.1446
internal_count=4923 4575 1766 2809
is_linear=0
shrinkage=0.03


Tree=72
num_leaves=5
num_cat=0
split_feature=4 4 6 3
split_gain=2.43151 2.60592 0.735453 0.67505
threshold=-0.019479714078815654 0.020885266565700559 -0.14817046922083746 -0.021711615652477388
decision_type=2 2 2 2
left_child=2 3 -1 -2
right_child=1 -3 -4 -5
leaf_value=0.012652687704396851 0.0016853224552074433 0.0055989989212217742 -0.00099317021321676177 -0.011072420331603891
leaf_weight=6.4933683080598712 1.6397857412230212 9.7817351078847405 2.7955726648215187 11.765466668410228
leaf_count=408 187 948 280 3100
internal_value=0.0020095 -0.00333329 0.0101601 -0.00945854
internal_weight=32.4759 23.187 9.28894 13.4053
internal_count=4923 4235 688 3287
is_linear=0
shrinkage=0.03


Tree=73
num_leaves=5
num_cat=0
split_feature=3 3 4 6
split_gain=2.37934 2.11313 1.59832 0.367302
threshold=-0.02743545592082999 0.02621721441855299 -0.019479714078815654 0.1490949507780284
decision_type=2 2 2 2
left_child=-1 2 -2 -3
right_child=1 3 -4 -5
leaf_value=0.011273841244545739 0.0038675163083447626 -0.0012988691591328488 -0.0099502008425193106 0.008730960538457868
leaf_weight=6.1526832866948089 4.4072460473980817 1.2959899690467853 16.36371007678099 4.2361346578691155
leaf_count=348 438 165 3669 303
internal_value=0.00200496 -0.00267142 -0.00671425 0.00705783
internal_weight=32.4558 26.3031 20.771 5.53212
internal_count=4923 4575 4107 468
is_linear=0
shrinkage=0.03


Tree=74
num_leaves=5
num_cat=0
split_feature=1 2 4 4
split_gain=2.31108 1.95492 1.42174 1.39304
threshold=0.00097495098605693286 1.0000000180025095e-35 0.02344191617075753 -0.023090007612399262
decision_type=2 2 2 2
left_child=1 -1 3 -2
right_child=2 -3 -4 -5
leaf_value=0.012943945710928313 0.0035754271712890996 -0.00427173146670045 0.0054188553041226743 -0.010268908737359833
leaf_weight=9.8639208758249861 3.3992323616985258 2.8343311523785806 3.31588425557129 12.985513673513198
leaf_count=503 281 556 344 3239
internal_value=0.00203594 0.00891226 -0.00390468 -0.00713019
internal_weight=32.3989 12.6983 19.7006 16.3847
internal_count=4923 1059 3864 3520
is_linear=0
shrinkage=0.03


Tree=75
num_leaves=5
num_cat=0
split_feature=3 3 6 2
split_gain=2.29228 2.44955 0.740709 0.57638
threshold=-0.01238962227877813 0.02621721441855299 0.34708049886620079 -0.67781826722089555
decision_type=2 2 2 2
left_child=2 3 -1 -2
right_child=1 -3 -4 -5
leaf_value=0.011159285040082061 0.00046692389621862465 0.0068885092387808008 -0.0020478154923032526 -0.01055095127853348
leaf_weight=9.7551293988944945 4.3202696228399864 5.5812641410157076 1.3632178077241395 11.352347689447926
leaf_count=839 656 468 205 2755
internal_value=0.0020276 -0.00356018 0.00933706 -0.00851495
internal_weight=32.3722 21.2539 11.1183 15.6726
internal_count=4923 3879 1044 3411
is_linear=0
shrinkage=0.03


Tree=76
num_leaves=5
num_cat=0
split_feature=3 2 1 1
split_gain=2.22163 1.99989 1.72464 1.39165
threshold=-0.02743545592082999 -0.1797176582021007 0.01731073589712662 0.036225078821722219
decision_type=2 2 2 2
left_child=-1 2 -2 -3
right_child=1 3 -4 -5
leaf_value=0.010908956497870758 0.0082281663479750345 -0.011649917695991229 -0.0061689883278449875 0.0038155438577853829
leaf_weight=6.2563827319536349 11.452512818505058 10.103024253039619 2.8487198455259195 1.7113401147071261
leaf_count=348 1027 2547 739 262
internal_value=0.00200788 -0.00255464 0.00400191 -0.00868755
internal_weight=32.372 26.1156 14.3012 11.8144
internal_count=4923 4575 1766 2809
is_linear=0
shrinkage=0.03


Tree=77
num_leaves=5
num_cat=0
split_feature=3 3 5 6
split_gain=2.16526 1.95432 1.52815 0.354141
threshold=-0.02743545592082999 0.02621721441855299 -0.50188330231805389 0.1490949507780284
decision_type=2 2 2 2
left_child=-1 2 -2 -3
right_child=1 3 -4 -5
leaf_value=0.010750948207860192 0.0048971831960270846 -0.0013125462258808164 -0.0091479436554305852 0.0084197719807365384
leaf_weight=6.3041289492975912 2.3224814583081814 1.2982836284209032 18.128234526142478 4.3167367035057396
leaf_count=348 229 165 3878 303
internal_value=0.00198322 -0.00253027 -0.00646849 0.00677003
internal_weight=32.3699 26.0657 20.4507 5.61502
internal_count=4923 4575 4107 468
is_linear=0
shrinkage=0.03


Tree=78
num_leaves=5
num_cat=0
split_feature=1 2 2 5
split_gain=2.12515 2.93713 1.59205 0.941267
threshold=0.0060452898993123569 1.0000000180025095e-35 0.89663602200380577 0.54130116959064456
decision_type=2 2 2 2
left_child=1 3 -2 -1
right_child=2 -3 -4 -5
leaf_value=0.014703217705361975 -0.00878750068349206 -0.0063820144347950343 0.005396151470119924 -0.0004468873228984888
leaf_weight=10.418011795729401 11.41913935379125 3.9367729390505692 2.7280140761286011 3.8028895324096075
leaf_count=596 2707 883 487 250
internal_value=0.00202244 0.00728389 -0.00495041 0.01214
internal_weight=32.3048 18.1577 14.1472 14.2209
internal_count=4923 1729 3194 846
is_linear=0
shrinkage=0.03


Tree=79
num_leaves=5
num_cat=0
split_feature=3 3 6 2
split_gain=2.08459 2.28954 0.699848 0.554725
threshold=-0.01238962227877813 0.02621721441855299 0.34708049886620079 -0.67781826722089555
decision_type=2 2 2 2
left_child=2 3 -1 -2
right_child=1 -3 -4 -5
leaf_value=0.010675659601183727 0.00049643727998505854 0.0066490963223504382 -0.0020392886571284656 -0.010266266590916066
leaf_weight=9.918867835076524 4.3033484651241443 5.6497398959472767 1.3577565756859247 11.073197506833823
leaf_count=839 656 468 205 2755
internal_value=0.00199276 -0.00339021 0.0089058 -0.0082455
internal_weight=32.3029 21.0263 11.2766 15.3765
internal_count=4923 3879 1044 3411
is_linear=0
shrinkage=0.03


Tree=80
num_leaves=5
num_cat=0
split_feature=1 2 4 4
split_gain=2.03217 1.75788 1.36067 1.27243
threshold=0.00097495098605693286 1.0000000180025095e-35 0.02344191617075753 -0.023090007612399262
decision_type=2 2 2 2
left_child=1 -1 3 -2
right_child=2 -3 -4 -5
leaf_value=0.012131274551018376 0.0033472099366425295 -0.0041377766611399884 0.0053762837422487615 -0.0099272989930673152
leaf_weight=10.121457442641256 3.4658518470823791 2.7713366533862418 3.324233401566743 12.621192720718684
leaf_count=503 281 556 344 3239
internal_value=0.00197131 0.00835433 -0.00366728 -0.00688059
internal_weight=32.3041 12.8928 19.4113 16.087
internal_count=4923 1059 3864 3520
is_linear=0
shrinkage=0.03


Tree=81
num_leaves=5
num_cat=0
split_feature=3 2 1 1
split_gain=1.99528 1.83626 1.59546 1.36792
threshold=-0.02743545592082999 -0.1797176582021007 0.01731073589712662 0.036225078821722219
decision_type=2 2 2 2
left_child=-1 2 -2 -3
right_child=1 3 -4 -5
leaf_value=0.010320808665546166 0.0078640433780885061 -0.011364424948402049 -0.0059926520160342731 0.0038788666443941209
leaf_weight=6.4215060905553392 11.587607429479251 9.8182578516425547 2.7616281856317064 1.6905969949439157
leaf_count=348 1027 2547 739 262
internal_value=0.00196067 -0.00241471 0.00383133 -0.00836292
internal_weight=32.2796 25.8581 14.3492 11.5089
internal_count=4923 4575 1766 2809
is_linear=0
shrinkage=0.03


Tree=82
num_leaves=5
num_cat=0
split_feature=3 3 6 2
split_gain=1.95689 2.17592 0.668105 0.522934
threshold=-0.01238962227877813 0.02621721441855299 0.34708049886620079 -0.67781826722089555
decision_type=2 2 2 2
left_child=2 3 -1 -2
right_child=1 -3 -4 -5
leaf_value=0.01032568231207058 0.00045148958370404784 0.0064481878060483966 -0.0020242169622956508 -0.010057030417726374
leaf_weight=10.038027902599422 4.314986089244484 5.7058677743189028 1.3508993646828447 10.868935192469509
leaf_count=839 656 468 205 2755
internal_value=0.00193449 -0.00330666 0.00859929 -0.00807723
internal_weight=32.2787 20.8898 11.3889 15.1839
internal_count=4923 3879 1044 3411
is_linear=0
shrinkage=0.03


Tree=83
num_leaves=5
num_cat=0
split_feature=3 3 5 6
split_gain=1.90131 1.75144 1.42896 0.338402
threshold=-0.02743545592082999 0.02621721441855299 -0.50188330231805389 0.1490949507780284
decision_type=2 2 2 2
left_child=-1 2 -2 -3
right_child=1 3 -4 -5
leaf_value=0.010041648346324658 0.0047554516384379162 -0.0013416035262420094 -0.0088048069599882175 0.0079941795116994143
leaf_weight=6.505476019345223 2.353008274221799 1.3046232112683345 17.690120942657813 4.4272984496783465
leaf_count=348 229 165 3878 303
internal_value=0.00191219 -0.00237299 -0.00615988 0.00636719
internal_weight=32.2805 25.7751 20.0431 5.73192
internal_count=4923 4575 4107 468
is_linear=0
shrinkage=0.03


Tree=84
num_leaves=5
num_cat=0
split_feature=1 2 2 5
split_gain=1.87148 2.65472 1.5236 0.912314
threshold=0.0060452898993123569 1.0000000180025095e-35 0.89663602200380577 0.54130116959064456
decision_type=2 2 2 2
left_child=1 3 -2 -1
right_child=2 -3 -4 -5
leaf_value=0.01391141313520609 -0.0084976430808781419 -0.0061901487661108938 0.005352821553548999 -0.00059105977537043876
leaf_weight=10.665250987512993 11.144387661945073 3.8309836193220681 2.7372740857535964 3.8424454089254132
leaf_count=596 2707 883 487 250
internal_value=0.00194665 0.00683466 -0.00466873 0.0113965
internal_weight=32.2203 18.3387 13.8817 14.5077
internal_count=4923 1729 3194 846
is_linear=0
shrinkage=0.03


Tree=85
num_leaves=5
num_cat=0
split_feature=3 3 6 5
split_gain=1.81333 2.0596 0.637843 0.523912
threshold=-0.01238962227877813 0.022506084651183329 0.34708049886620079 -0.60994807511528604
decision_type=2 2 2 2
left_child=2 3 -1 -2
right_child=1 -3 -4 -5
leaf_value=0.0099768823401508964 0.0020534819483274593 0.0057556395931466922 -0.0020115996678085595 -0.0093541321584620554
leaf_weight=10.156320207286624 0.58705122489482064 6.9596753471996626 1.3447948303073634 13.171149336034434
leaf_count=839 67 624 205 3188
internal_value=0.00191582 -0.00317053 0.00829148 -0.00820793
internal_weight=32.219 20.7179 11.5011 13.7582
internal_count=4923 3879 1044 3255
is_linear=0
shrinkage=0.03


Tree=86
num_leaves=5
num_cat=0
split_feature=1 2 4 4
split_gain=1.78066 1.58586 1.30494 1.15915
threshold=0.00097495098605693286 1.0000000180025095e-35 0.02344191617075753 -0.023090007612399262
decision_type=2 2 2 2
left_child=1 -1 3 -2
right_child=2 -3 -4 -5
leaf_value=0.011372763755244571 0.0031246541347492779 -0.0040177623372887978 0.0053439079493755549 -0.0095913122325510768
leaf_weight=10.3611689847894 3.5306615051813415 2.7151011897949493 3.3294428708031765 12.273427335429007
leaf_count=503 281 556 344 3239
internal_value=0.00190371 0.00782087 -0.00343664 -0.00664053
internal_weight=32.2098 13.0763 19.1335 15.8041
internal_count=4923 1059 3864 3520
is_linear=0
shrinkage=0.03


Tree=87
num_leaves=5
num_cat=0
split_feature=3 2 1 1
split_gain=1.7486 1.67866 1.4678 1.34116
threshold=-0.02743545592082999 -0.1797176582021007 0.01731073589712662 0.036225078821722219
decision_type=2 2 2 2
left_child=-1 2 -2 -3
right_child=1 3 -4 -5
leaf_value=0.0096373085215402301 0.0075095219932212898 -0.011061406124735199 -0.0057985516929739004 0.0039414549917964267
leaf_weight=6.6151399712543926 11.713260379037822 9.5223448809701932 2.6666960299480698 1.6697482295567159
leaf_count=348 1027 2547 739 262
internal_value=0.00189119 -0.00225855 0.00367547 -0.00801944
internal_weight=32.1872 25.572 14.38 11.1921
internal_count=4923 4575 1766 2809
is_linear=0
shrinkage=0.03


Tree=88
num_leaves=5
num_cat=0
split_feature=3 2 1 1
split_gain=1.70471 1.61815 1.43314 1.32116
threshold=-0.02743545592082999 -0.1797176582021007 0.01731073589712662 0.036225078821722219
decision_type=2 2 2 2
left_child=-1 2 -2 -3
right_child=1 3 -4 -5
leaf_value=0.0094973754991824113 0.0073666366978591136 -0.010954316699425853 -0.0057685926683232261 0.0039225397772500933
leaf_weight=6.657916084630414 11.775255389860833 9.4261910548666474 2.652281346730887 1.6755995708517719
leaf_count=348 1027 2547 739 262
internal_value=0.0018638 -0.00223979 0.00357893 -0.00791415
internal_weight=32.1872 25.5293 14.4275 11.1018
internal_count=4923 4575 1766 2809
is_linear=0
shrinkage=0.03


Tree=89
num_leaves=5
num_cat=0
split_feature=3 3 6 2
split_gain=1.66666 1.93014 0.603352 0.492107
threshold=-0.01238962227877813 0.02621721441855299 0.34708049886620079 -0.67781826722089555
decision_type=2 2 2 2
left_child=2 3 -1 -2
right_child=1 -3 -4 -5
leaf_value=0.0095518794285703174 0.00050413354139711836 0.0060363163743858061 -0.0020017487421363951 -0.0096086740509345354
leaf_weight=10.299821688910013 4.2831820099381721 5.8210476534441105 1.3389928048709396 10.444689370808193
leaf_count=839 656 468 205 2755
internal_value=0.00183605 -0.00306868 0.00791188 -0.00765313
internal_weight=32.1877 20.5489 11.6388 14.7279
internal_count=4923 3879 1044 3411
is_linear=0
shrinkage=0.03


Tree=90
num_leaves=5
num_cat=0
split_feature=1 2 4 4
split_gain=1.64057 1.46552 1.25662 1.08582
threshold=0.00097495098605693286 1.0000000180025095e-35 0.02344191617075753 -0.023090007612399262
decision_type=2 2 2 2
left_child=1 -1 3 -2
right_child=2 -3 -4 -5
leaf_value=0.010851806849558452 0.0029634867254307645 -0.0039158677799315256 0.0052505357252235433 -0.009385111409781861
leaf_weight=10.527145722415296 3.5789315456058821 2.6677345802308983 3.3546611082274458 12.062303003272975
leaf_count=503 281 556 344 3239
internal_value=0.00181211 0.00746507 -0.00333485 -0.00650578
internal_weight=32.1908 13.1949 18.9959 15.6412
internal_count=4923 1059 3864 3520
is_linear=0
shrinkage=0.03


Tree=91
num_leaves=5
num_cat=0
split_feature=3 3 5 6
split_gain=1.60971 1.52211 1.30953 0.315445
threshold=-0.02743545592082999 0.02621721441855299 -0.50188330231805389 0.1490949507780284
decision_type=2 2 2 2
left_child=-1 2 -2 -3
right_child=1 3 -4 -5
leaf_value=0.0091874403376670157 0.0045699203585255962 -0.0013622637102611475 -0.008391116280116644 0.0074662098946479266
leaf_weight=6.7459284809883675 2.3922099166084143 1.306081702467053 17.163682145182975 4.5608364108484238
leaf_count=348 229 165 3878 303
internal_value=0.00179902 -0.00220168 -0.00579587 0.00588094
internal_weight=32.1687 25.4228 19.5559 5.86692
internal_count=4923 4575 4107 468
is_linear=0
shrinkage=0.03


Tree=92
num_leaves=5
num_cat=0
split_feature=3 3 6 5
split_gain=1.55546 1.80679 0.579284 0.49518
threshold=-0.01238962227877813 0.022506084651183329 0.34708049886620079 -0.60994807511528604
decision_type=2 2 2 2
left_child=2 3 -1 -2
right_child=1 -3 -4 -5
leaf_value=0.0092724262237326195 0.0020439608589519738 0.005341462229985129 -0.0019887980179414803 -0.0089114776662137258
leaf_weight=10.392944529303348 0.58825167827308078 7.0828891365090376 1.3329745319206256 12.716716050636025
leaf_count=839 67 624 205 3188
internal_value=0.00182846 -0.0029469 0.0076661 -0.0077579
internal_weight=32.1138 20.3879 11.7259 13.305
internal_count=4923 3879 1044 3255
is_linear=0
shrinkage=0.03


Tree=93
num_leaves=5
num_cat=0
split_feature=1 2 2 5
split_gain=1.53857 2.28731 1.43664 0.891974
threshold=0.0060452898993123569 1.0000000180025095e-35 0.89663602200380577 0.54130116959064456
decision_type=2 2 2 2
left_child=1 3 -2 -1
right_child=2 -3 -4 -5
leaf_value=0.012847106396212568 -0.0080977579193405504 -0.0059256555260301319 0.0053165750248411253 -0.00084329005288712134
leaf_weight=10.993211544351654 10.77236390521284 3.6870035190368062 2.7412304326426229 3.912547758081927
leaf_count=596 2707 883 487 250
internal_value=0.00181434 0.00618566 -0.00427284 0.0103578
internal_weight=32.1064 18.5928 13.5136 14.9058
internal_count=4923 1729 3194 846
is_linear=0
shrinkage=0.03


Tree=94
num_leaves=5
num_cat=0
split_feature=3 2 1 1
split_gain=1.4945 1.47751 1.32042 1.29506
threshold=-0.02743545592082999 -0.1797176582021007 0.01731073589712662 0.036225078821722219
decision_type=2 2 2 2
left_child=-1 2 -2 -3
right_child=1 3 -4 -5
leaf_value=0.0088639016144110988 0.0070338956222710178 -0.010667383368509984 -0.005587426967452706 0.0039793331294624692
leaf_weight=6.8369153833482406 11.891317187342795 9.1554907772224379 2.5648526861332348 1.656565531156956
leaf_count=348 1027 2547 739 262
internal_value=0.00178276 -0.00210324 0.00342556 -0.00758952
internal_weight=32.1051 25.2682 14.4562 10.8121
internal_count=4923 4575 1766 2809
is_linear=0
shrinkage=0.03


Tree=95
num_leaves=5
num_cat=0
split_feature=3 2 1 1
split_gain=1.45738 1.42376 1.28973 1.27586
threshold=-0.02743545592082999 -0.1797176582021007 0.01731073589712662 0.036225078821722219
decision_type=2 2 2 2
left_child=-1 2 -2 -3
right_child=1 3 -4 -5
leaf_value=0.0087350474145369769 0.0069006799026241844 -0.010564398777760393 -0.0055592239261814305 0.0039603483909171899
leaf_weight=6.8765474529936901 11.949409193010068 9.0662353069055808 2.5514628057135278 1.6624204297550029
leaf_count=348 1027 2547 739 262
internal_value=0.0017544 -0.00208764 0.00333414 -0.00748896
internal_weight=32.1061 25.2295 14.5009 10.7287
internal_count=4923 4575 1766 2809
is_linear=0
shrinkage=0.03


Tree=96
num_leaves=5
num_cat=0
split_feature=1 2 4 4
split_gain=1.43508 1.31267 1.20138 0.987949
threshold=0.00097495098605693286 1.0000000180025095e-35 0.02344191617075753 -0.023090007612399262
decision_type=2 2 2 2
left_child=1 -1 3 -2
right_child=2 -3 -4 -5
leaf_value=0.010144295813503224 0.0027601726487926537 -0.0037844747183914287 0.005195244760250033 -0.0090680746590545511
leaf_weight=10.750375042669473 3.6372016386594614 2.6071254032431161 3.3662022537318981 11.746432416141035
leaf_count=503 281 556 344 3239
internal_value=0.00172583 0.00696935 -0.00313451 -0.00628583
internal_weight=32.1073 13.3575 18.7498 15.3836
internal_count=4923 1059 3864 3520
is_linear=0
shrinkage=0.03


Tree=97
num_leaves=5
num_cat=0
split_feature=3 3 6 2
split_gain=1.41326 1.68204 0.539891 0.459345
threshold=-0.01238962227877813 0.02621721441855299 0.34708049886620079 -0.67781826722089555
decision_type=2 2 2 2
left_child=2 3 -1 -2
right_child=1 -3 -4 -5
leaf_value=0.0087976625051835212 0.00054996731340898773 0.0055717947846153394 -0.001968978559605563 -0.0091468652497398318
leaf_weight=10.544840868678873 4.2509914557449511 5.9486853727139524 1.322762767667881 10.019263149821201
leaf_count=839 656 468 205 2755
internal_value=0.00171169 -0.00285957 0.00724598 -0.00722184
internal_weight=32.0865 20.2189 11.8676 14.2703
internal_count=4923 3879 1044 3411
is_linear=0
shrinkage=0.03


Tree=98
num_leaves=5
num_cat=0
split_feature=3 3 5 2
split_gain=1.37721 1.34906 1.21338 0.31594
threshold=-0.02743545592082999 0.02621721441855299 -0.50188330231805389 -1.2581295025014587
decision_type=2 2 2 2
left_child=3 2 -2 -1
right_child=1 -3 -4 -5
leaf_value=-0.00076355694475441693 0.0044168272862446702 0.0055015583884195579 -0.0080417313311453333 0.0097907423593409024
leaf_weight=1.4320546067319808 2.4238500080537113 5.9712153442669651 16.737785258563235 5.5252760534640393
leaf_count=60 229 468 3878 288
internal_value=0.00168679 -0.00205726 -0.0054916 0.00844915
internal_weight=32.0902 25.1329 19.1616 6.95733
internal_count=4923 4575 4107 348
is_linear=0
shrinkage=0.03


Tree=99
num_leaves=5
num_cat=0
split_feature=1 2 2 5
split_gain=1.34309 2.05873 1.38134 0.872125
threshold=0.0060452898993123569 1.0000000180025095e-35 0.89663602200380577 0.54130116959064456
decision_type=2 2 2 2
left_child=1 3 -2 -1
right_child=2 -3 -4 -5
leaf_value=0.012151423575818561 -0.0078420434277929087 -0.0057395270470094392 0.0052905410665423968 -0.0010016781884763261
leaf_weight=11.21086989156902 10.541160026565192 3.5872804494574657 2.7441667807288459 3.956241257954388
leaf_count=596 2707 883 487 250
internal_value=0.00171545 0.00576531 -0.00402232 0.00968576
internal_weight=32.0397 18.7544 13.2853 15.1671
internal_count=4923 1729 3194 846
is_linear=0
shrinkage=0.03


Tree=100
num_leaves=5
num_cat=0
split_feature=4 4 6 6
split_gain=1.31455 1.751 0.664112 0.543362
threshold=-0.019479714078815654 0.018448618735955939 -0.14817046922083746 0.1490949507780284
decision_type=2 2 2 2
left_child=2 -2 -1 -3
right_child=1 3 -4 -5
leaf_value=0.0098449901352484562 -0.0081065496826369932 -0.0024759751953868708 -0.0015823625735398974 0.0066215672262256295
leaf_weight=7.2622435451485217 10.928732526372189 2.5174236139282575 2.916118022403678 8.4138275132281688
leaf_count=408 3129 420 280 686
internal_value=0.00168381 -0.00247094 0.00740935 0.00434449
internal_weight=32.0383 21.86 10.1784 10.9313
internal_count=4923 4235 688 1106
is_linear=0
shrinkage=0.03


Tree=101
num_leaves=5
num_cat=0
split_feature=3 2 1 1
split_gain=1.29992 1.28381 1.24823 1.17928
threshold=-0.02743545592082999 -0.1797176582021007 0.036225078821722219 0.01731073589712662
decision_type=2 2 2 2
left_child=-1 3 -3 -2
right_child=1 2 -4 -5
leaf_value=0.0082091640937951571 0.0065271342712226654 -0.010284397501785832 0.0040074060255464094 -0.0053866911299964128
leaf_weight=7.0217742973472914 12.084933420876039 8.8109354804037121 1.6464405878214172 2.4692615106469029
leaf_count=348 1027 2547 262 739
internal_value=0.0016637 -0.00199374 -0.00717527 0.00313524
internal_weight=32.0333 25.0116 10.4574 14.5542
internal_count=4923 4575 2809 1766
is_linear=0
shrinkage=0.03


Tree=102
num_leaves=5
num_cat=0
split_feature=3 3 6 4
split_gain=1.27564 1.65911 0.756978 0.527399
threshold=-0.0084929416425273702 0.022506084651183329 -1.0000000180025095e-35 -0.010824006657155936
decision_type=2 2 2 2
left_child=2 -2 3 -1
right_child=1 -3 -4 -5
leaf_value=0.010611820389666318 -0.0079233136474226758 0.0048703447368475062 -0.0019803206290073924 -0.0014049758611516595
leaf_weight=8.53365441248752 11.320528980344536 7.2163291017059228 3.542319457163102 1.4217827923130233
leaf_count=571 2907 624 500 321
internal_value=0.00163509 -0.0029814 0.00654575 0.00905159
internal_weight=32.0346 18.5369 13.4978 9.95544
internal_count=4923 3531 1392 892
is_linear=0
shrinkage=0.03


Tree=103
num_leaves=5
num_cat=0
split_feature=3 3 5 2
split_gain=1.24062 1.25241 1.08823 0.329497
threshold=-0.02743545592082999 0.031331953279250202 -0.50188330231805389 -1.2581295025014587
decision_type=2 2 2 2
left_child=3 2 -2 -1
right_child=1 -3 -4 -5
leaf_value=-0.00089379666008331275 0.004285443193083955 0.0058535899217923605 -0.0073553571190116303 0.0093922370934460403
leaf_weight=1.4571078973822293 2.4530911009060281 4.4236710397526613 18.068459698813967 5.6295671954285345
leaf_count=60 229 312 4034 288
internal_value=0.00161544 -0.00196468 -0.00501569 0.00799197
internal_weight=32.0319 24.9452 20.5216 7.08668
internal_count=4923 4575 4263 348
is_linear=0
shrinkage=0.03


Tree=104
num_leaves=5
num_cat=0
split_feature=1 2 4 4
split_gain=1.21423 1.1707 1.13805 0.860364
threshold=0.00097495098605693286 1.0000000180025095e-35 0.02344191617075753 -0.023090007612399262
decision_type=2 2 2 2
left_child=1 -1 3 -2
right_child=2 -3 -4 -5
leaf_value=0.0094041829065029201 0.0024699352328777556 -0.0036731074186351119 0.0051436083712648939 -0.0086494034515521689
leaf_weight=10.977549521252515 3.7231432334519949 2.5549633307382456 3.376457456033676 11.346127566881476
leaf_count=503 281 556 344 3239
internal_value=0.00164915 0.0064235 -0.00288032 -0.00601278
internal_weight=31.9782 13.5325 18.4457 15.0693
internal_count=4923 1059 3864 3520
is_linear=0
shrinkage=0.03


Tree=105
num_leaves=5
num_cat=0
split_feature=3 3 6 4
split_gain=1.19936 1.56386 0.731759 0.49842
threshold=-0.0084929416425273702 0.022506084651183329 -1.0000000180025095e-35 -0.010824006657155936
decision_type=2 2 2 2
left_child=2 -2 3 -1
right_child=1 -3 -4 -5
leaf_value=0.010339750644733959 -0.0077126001032654882 0.0047181461236375415 -0.0019760724644938017 -0.001365992181080298
leaf_weight=8.6137493635760602 11.141070444253275 7.264107095077633 3.5336877063382444 1.40689264202956
leaf_count=571 2907 624 500 321
internal_value=0.00163344 -0.00287265 0.00637404 0.00883487
internal_weight=31.9595 18.4052 13.5543 10.0206
internal_count=4923 3531 1392 892
is_linear=0
shrinkage=0.03


Tree=106
num_leaves=5
num_cat=0
split_feature=3 2 1 1
split_gain=1.1582 1.19827 1.21969 1.11186
threshold=-0.02743545592082999 -0.1797176582021007 0.036225078821722219 0.01731073589712662
decision_type=2 2 2 2
left_child=-1 3 -3 -2
right_child=1 2 -4 -5
leaf_value=0.0077457517905866434 0.0063303369293289148 -0.010053537752226267 0.0040228134573630807 -0.0052534139295737671
leaf_weight=7.1555840552318868 12.14783744455781 8.6077728412346861 1.640364520018921 2.406353254104034
leaf_count=348 1027 2547 262 739
internal_value=0.00161265 -0.00187399 -0.00692641 0.00305559
internal_weight=31.9579 24.8023 10.2481 14.5542
internal_count=4923 4575 2809 1766
is_linear=0
shrinkage=0.03


Tree=107
num_leaves=5
num_cat=0
split_feature=3 3 6 6
split_gain=1.13942 1.51315 0.70624 0.483394
threshold=-0.0084929416425273702 0.02621721441855299 -1.0000000180025095e-35 0.74506044455998943
decision_type=2 2 2 2
left_child=2 3 -1 -2
right_child=1 -3 -4 -5
leaf_value=0.0086064200482858354 -0.0088733106967932227 0.0050750954048803991 -0.0019725139937568168 0.0014006398861355488
leaf_weight=10.09840406780131 10.114091878058391 6.0884588942863038 3.5294353925855857 2.1292984337778753
leaf_count=892 2653 468 500 410
internal_value=0.00158364 -0.00281801 0.00619135 -0.00726013
internal_weight=31.9597 18.3318 13.6278 12.2434
internal_count=4923 3531 1392 3063
is_linear=0
shrinkage=0.03


Tree=108
num_leaves=5
num_cat=0
split_feature=1 2 2 5
split_gain=1.12242 1.80157 1.29356 0.835455
threshold=0.0060452898993123569 1.0000000180025095e-35 0.89663602200380577 0.54130116959064456
decision_type=2 2 2 2
left_child=1 3 -2 -1
right_child=2 -3 -4 -5
leaf_value=0.011288874617546064 -0.00750817837353658 -0.0055225933207208727 0.0051824361185455895 -0.001176029447278351
leaf_weight=11.47077490529046 10.243198905605821 3.4720039897365487 2.7703701280988744 4.0013491618446997
leaf_count=596 2707 883 487 250
internal_value=0.00156602 0.00523472 -0.00372858 0.0088691
internal_weight=31.9577 18.9441 13.0136 15.4721
internal_count=4923 1729 3194 846
is_linear=0
shrinkage=0.03


Tree=109
num_leaves=5
num_cat=0
split_feature=3 3 5 2
split_gain=1.09449 1.14195 1.01713 0.342983
threshold=-0.02743545592082999 0.031331953279250202 -0.50188330231805389 -1.2581295025014587
decision_type=2 2 2 2
left_child=3 2 -2 -1
right_child=1 -3 -4 -5
leaf_value=-0.0010430634080891635 0.0041468560368577668 0.0055704204453245216 -0.0070990635312224003 0.0089471984840193697
leaf_weight=1.4849662128835914 2.4820605869172203 4.4956337611656627 17.749648650176823 5.7434116553049561
leaf_count=60 229 312 4034 288
internal_value=0.00153475 -0.00185699 -0.00480407 0.00748067
internal_weight=31.9557 24.7273 20.2317 7.22838
internal_count=4923 4575 4263 348
is_linear=0
shrinkage=0.03


Tree=110
num_leaves=5
num_cat=0
split_feature=1 4 2 2
split_gain=1.06903 1.1017 1.06667 0.811139
threshold=0.00097495098605693286 0.02344191617075753 1.0000000180025095e-35 0.89663602200380577
decision_type=2 2 2 2
left_child=2 3 -1 -2
right_child=1 -3 -4 -5
leaf_value=0.0088492180163081535 -0.008173500897269724 0.0051237792966404667 -0.0035800216409403261 0.002801028523608189
leaf_weight=11.146773564163597 12.137866514269264 3.3781667874427503 2.5123377994168541 2.7302713169483459
leaf_count=503 2978 344 556 542
internal_value=0.0015654 -0.00271679 0.0060162 -0.00584226
internal_weight=31.9054 18.2463 13.6591 14.8681
internal_count=4923 3864 1059 3520
is_linear=0
shrinkage=0.03


Tree=111
num_leaves=5
num_cat=0
split_feature=3 3 6 4
split_gain=1.0624 1.41494 0.674176 0.459101
threshold=-0.0084929416425273702 0.022506084651183329 -1.0000000180025095e-35 -0.010824006657155936
decision_type=2 2 2 2
left_child=2 -2 3 -1
right_child=1 -3 -4 -5
leaf_value=0.0097804588215565872 -0.0073837779753635367 0.0044593843456013724 -0.0019599183239768681 -0.0013477853411915362
leaf_weight=8.7771888355491665 10.857857682625765 7.3397533051902419 3.5130060521187287 1.3985007357550774
leaf_count=571 2907 624 500 321
internal_value=0.00155462 -0.00271956 0.00598608 0.00834107
internal_weight=31.8863 18.1976 13.6887 10.1757
internal_count=4923 3531 1392 892
is_linear=0
shrinkage=0.03


Tree=112
num_leaves=5
num_cat=0
split_feature=3 3 6 6
split_gain=1.02499 1.38005 0.655311 0.473934
threshold=-0.0084929416425273702 0.02621721441855299 -1.0000000180025095e-35 0.74506044455998943
decision_type=2 2 2 2
left_child=2 3 -1 -2
right_child=1 -3 -4 -5
leaf_value=0.0081944293414953715 -0.0085945648831162492 0.0048219812425368382 -0.0019454184657568356 0.0014569862823860904
leaf_weight=10.228373743011614 9.8785384204238671 6.1622392636490977 3.5076291428413269 2.1086685220943755
leaf_count=892 2653 468 500 410
internal_value=0.00153301 -0.00267399 0.00587639 -0.00696793
internal_weight=31.8854 18.1494 13.736 11.9872
internal_count=4923 3531 1392 3063
is_linear=0
shrinkage=0.03


Tree=113
num_leaves=5
num_cat=0
split_feature=1 2 1 2
split_gain=1.00657 1.68972 1.24676 0.819406
threshold=0.0060452898993123569 1.0000000180025095e-35 0.041600747813145884 0.20776396824332938
decision_type=2 2 2 2
left_child=1 -1 -2 -4
right_child=2 -3 3 -5
leaf_value=0.008478191304031428 -0.0071387320983364822 -0.0054319261693573954 -0.0033526733396731069 0.0093558010576394266
leaf_weight=15.612729146843781 10.595198539551346 3.4245035777566946 1.1688938520383083 1.0826367675326762
leaf_count=846 2929 883 180 85
internal_value=0.00151481 0.00496703 -0.00353584 0.00540678
internal_weight=31.884 19.0372 12.8467 2.25153
internal_count=4923 1729 3194 265
is_linear=0
shrinkage=0.03


Tree=114
num_leaves=5
num_cat=0
split_feature=3 2 1 1
split_gain=1.00123 1.07634 1.1887 1.00157
threshold=-0.02743545592082999 -0.1797176582021007 0.036225078821722219 0.01731073589712662
decision_type=2 2 2 2
left_child=-1 3 -3 -2
right_child=1 2 -4 -5
leaf_value=0.007142474036031651 0.0059619156862633013 -0.0097732793090697587 0.0040568867205417903 -0.005043948668362149
leaf_weight=7.3170377581845996 12.26762329391204 8.3598788613453454 1.6278087116079412 2.3087211343226963
leaf_count=348 1027 2547 262 739
internal_value=0.00148268 -0.00178192 -0.00661725 0.00287566
internal_weight=31.8811 24.564 9.98769 14.5763
internal_count=4923 4575 2809 1766
is_linear=0
shrinkage=0.03


Tree=115
num_leaves=5
num_cat=0
split_feature=3 2 1 1
split_gain=0.9771 1.03634 1.17136 0.979227
threshold=-0.02743545592082999 -0.1797176582021007 0.036225078821722219 0.01731073589712662
decision_type=2 2 2 2
left_child=-1 3 -3 -2
right_child=1 2 -4 -5
leaf_value=0.0070387311644696153 0.0058503568884924213 -0.0096797716271476847 0.004037790806061264 -0.0050200957971178297
leaf_weight=7.3490373129025128 12.316445267293604 8.2851515144575334 1.6336468097288168 2.2977800363441938
leaf_count=348 1027 2547 262 739
internal_value=0.00145448 -0.00177218 -0.0065276 0.00279607
internal_weight=31.8821 24.533 9.9188 14.6142
internal_count=4923 4575 2809 1766
is_linear=0
shrinkage=0.03


Tree=116
num_leaves=5
num_cat=0
split_feature=3 3 6 6
split_gain=0.958366 1.30656 0.623564 0.458691
threshold=-0.0084929416425273702 0.02621721441855299 -1.0000000180025095e-35 0.74506044455998943
decision_type=2 2 2 2
left_child=2 3 -1 -2
right_child=1 -3 -4 -5
leaf_value=0.0078794324613957849 -0.008449161944226324 0.0046478573647491866 -0.0019486894681957966 0.0014360679125718433
leaf_weight=10.325654973392373 9.7435537241399306 6.2035859536845228 3.4989525927230742 2.1114626089110962
leaf_count=892 2653 468 500 410
internal_value=0.00142629 -0.00264132 0.00561811 -0.00683704
internal_weight=31.8832 18.0586 13.8246 11.855
internal_count=4923 3531 1392 3063
is_linear=0
shrinkage=0.03


Tree=117
num_leaves=5
num_cat=0
split_feature=1 1 2 2
split_gain=0.93415 0.956995 1.67828 0.811592
threshold=1.0000000180025095e-35 0.041600747813145884 -0.67781826722089555 0.20776396824332938
decision_type=2 2 2 2
left_child=-1 2 -2 -3
right_child=1 3 -4 -5
leaf_value=0.0058102765531962228 0.004085147956990989 -0.0033525882146593954 -0.0095247958901541405 0.0092730235963533487
leaf_weight=12.339460478280673 6.0692633080761942 1.1679133670404547 11.202640232513657 1.1017427113838492
leaf_count=925 777 180 2956 85
internal_value=0.00140871 -0.00239663 -0.00499802 0.00533881
internal_weight=31.881 19.5416 17.2719 2.26966
internal_count=4923 3998 3733 265
is_linear=0
shrinkage=0.03


Tree=118
num_leaves=5
num_cat=0
split_feature=3 3 5 2
split_gain=0.926372 0.998614 0.940121 0.358151
threshold=-0.02743545592082999 0.031331953279250202 -0.50188330231805389 -1.2581295025014587
decision_type=2 2 2 2
left_child=3 2 -2 -1
right_child=1 -3 -4 -5
leaf_value=-0.0012398459175196257 0.0040126156703603373 0.0051675523938165806 -0.0067819593181723641 0.0083884151933389158
leaf_weight=1.5205533169209955 2.5058672385057497 4.5943449831102035 17.34725230303593 5.8849157700315144
leaf_count=60 229 312 4034 288
internal_value=0.00141199 -0.001738 -0.00453174 0.00683495
internal_weight=31.8529 24.4475 19.8531 7.40547
internal_count=4923 4575 4263 348
is_linear=0
shrinkage=0.03


Tree=119
num_leaves=5
num_cat=0
split_feature=3 3 6 4
split_gain=0.896542 1.24001 0.605362 0.414003
threshold=-0.0084929416425273702 0.022506084651183329 -1.0000000180025095e-35 -0.010824006657155936
decision_type=2 2 2 2
left_child=2 -2 3 -1
right_child=1 -3 -4 -5
leaf_value=0.0090676070663762119 -0.006963633597520392 0.0041471565462535952 -0.0019479017800493712 -0.0013353878415081418
leaf_weight=8.989576157066038 10.505404973519036 7.4263554624048984 3.4935905669117373 1.3915407140739251
leaf_count=571 2907 624 500 321
internal_value=0.00143928 -0.00252481 0.00547415 0.00770212
internal_weight=31.8065 17.9318 13.8747 10.3811
internal_count=4923 3531 1392 892
is_linear=0
shrinkage=0.03


Tree=120
num_leaves=5
num_cat=0
split_feature=3 2 1 1
split_gain=0.871612 0.968955 1.14079 0.935107
threshold=-0.02743545592082999 -0.1797176582021007 0.036225078821722219 0.01731073589712662
decision_type=2 2 2 2
left_child=-1 3 -3 -2
right_child=1 2 -4 -5
leaf_value=0.0066574075979863598 0.0057081972460167755 -0.0094591990818024864 0.0040367946523786257 -0.0049238900540529802
leaf_weight=7.4595434791408506 12.357827193569394 8.1031390118878281 1.6325439747888602 2.2532395952148372
leaf_count=348 1027 2547 262 739
internal_value=0.00141705 -0.00165936 -0.00629738 0.00273411
internal_weight=31.8063 24.3467 9.73568 14.6111
internal_count=4923 4575 2809 1766
is_linear=0
shrinkage=0.03


Tree=121
num_leaves=5
num_cat=0
split_feature=1 1 2 2
split_gain=0.856066 0.925849 1.6125 0.802642
threshold=1.0000000180025095e-35 0.041600747813145884 -0.67781826722089555 0.20776396824332938
decision_type=2 2 2 2
left_child=-1 2 -2 -3
right_child=1 3 -4 -5
leaf_value=0.0055819311857222562 0.0040067632732715703 -0.0033439169891664221 -0.009342663396665887 0.0092005781991842325
leaf_weight=12.409063763101587 6.0888733620522606 1.1637178363744163 11.028295696713029 1.1180751596111802
leaf_count=925 777 180 2956 85
internal_value=0.00138854 -0.00228014 -0.00486762 0.00528931
internal_weight=31.808 19.399 17.1172 2.28179
internal_count=4923 3998 3733 265
is_linear=0
shrinkage=0.03


Tree=122
num_leaves=5
num_cat=0
split_feature=3 3 6 6
split_gain=0.849031 1.18808 0.583419 0.548549
threshold=-0.0084929416425273702 0.031331953279250202 0.34708049886620079 0.58466062239648686
decision_type=2 2 2 2
left_child=2 3 -1 -2
right_child=1 -3 -4 -5
leaf_value=0.0070719271796624607 -0.0084459860187216899 0.0050144490835998916 -0.0026669765528956175 0.0011847358717537958
leaf_weight=12.33599173196126 8.8608846251154336 4.6316520515829316 1.5931701941881318 4.3592617443064219
leaf_count=1087 2432 312 305 787
internal_value=0.00139113 -0.00247442 0.00530899 -0.00612773
internal_weight=31.781 17.8518 13.9292 13.2201
internal_count=4923 3531 1392 3219
is_linear=0
shrinkage=0.03


Tree=123
num_leaves=5
num_cat=0
split_feature=3 2 1 1
split_gain=0.836902 1.09339 1.27256 1.14388
threshold=-0.036897936250603995 -0.1797176582021007 0.031644401496678083 0.015740684687603205
decision_type=2 2 2 2
left_child=-1 3 -3 -2
right_child=1 2 -4 -5
leaf_value=0.0072979550885287573 0.006243367265972884 -0.0097281549734211138 0.0039724275570789773 -0.0052939675133946897
leaf_weight=4.4300399092026082 13.712162938900301 8.4301121849566645 2.5660758503945535 2.650171583169139
leaf_count=174 1036 2464 443 806
internal_value=0.00136427 -0.00129285 -0.00616175 0.00307538
internal_weight=31.7886 27.3585 10.9962 16.3623
internal_count=4923 4749 2907 1842
is_linear=0
shrinkage=0.03


Tree=124
num_leaves=5
num_cat=0
split_feature=3 2 1 1
split_gain=0.823126 1.05192 1.25111 1.11664
threshold=-0.036897936250603995 -0.1797176582021007 0.031644401496678083 0.015740684687603205
decision_type=2 2 2 2
left_child=-1 3 -3 -2
right_child=1 2 -4 -5
leaf_value=0.0072210953337063398 0.0061208731939834784 -0.009633574993955743 0.0039452419229040374 -0.0052661901264916761
leaf_weight=4.4490264058113125 13.766278224415155 8.3567801265744439 2.5750177041627458 2.6371686985949045
leaf_count=174 1036 2464 443 806
internal_value=0.0013409 -0.00129393 -0.00607831 0.00298903
internal_weight=31.7843 27.3352 10.9318 16.4034
internal_count=4923 4749 2907 1842
is_linear=0
shrinkage=0.03


Tree=125
num_leaves=5
num_cat=0
split_feature=3 2 1 1
split_gain=0.809622 1.01197 1.23003 1.09015
threshold=-0.036897936250603995 -0.1797176582021007 0.031644401496678083 0.015740684687603205
decision_type=2 2 2 2
left_child=-1 3 -3 -2
right_child=1 2 -4 -5
leaf_value=0.0071449526591703671 0.0060008915772835868 -0.0095400189712407085 0.0039181882855414173 -0.005238639370032978
leaf_weight=4.4678291236050454 13.819401861866945 8.2847302326117589 2.5839248589472836 2.6242926286067805
leaf_count=174 1036 2464 443 806
internal_value=0.00131749 -0.0012952 -0.0059961 0.00290442
internal_weight=31.7802 27.3123 10.8687 16.4437
internal_count=4923 4749 2907 1842
is_linear=0
shrinkage=0.03


Tree=126
num_leaves=5
num_cat=0
split_feature=3 2 1 1
split_gain=0.79638 0.973477 1.2093 1.0644
threshold=-0.036897936250603995 -0.1797176582021007 0.031644401496678083 0.015740684687603205
decision_type=2 2 2 2
left_child=-1 3 -3 -2
right_child=1 2 -4 -5
leaf_value=0.0070695233753619224 0.0058833669182593151 -0.0094474766142440842 0.0038912671739178622 -0.0052113126185015452
leaf_weight=4.4864488341845599 13.871550352661879 8.2139347984339057 2.5927971088094628 2.6115416835527858
leaf_count=174 1036 2464 443 806
internal_value=0.00129406 -0.00129664 -0.00591509 0.00282151
internal_weight=31.7763 27.2898 10.8067 16.4831
internal_count=4923 4749 2907 1842
is_linear=0
shrinkage=0.03


Tree=127
num_leaves=5
num_cat=0
split_feature=3 3 6 6
split_gain=0.789366 1.12508 0.552143 0.514527
threshold=-0.0084929416425273702 0.031331953279250202 -1.0000000180025095e-35 0.58466062239648686
decision_type=2 2 2 2
left_child=2 3 -1 -2
right_child=1 -3 -4 -5
leaf_value=0.0071736507524473034 -0.0082769422205640538 0.0048348000390629059 -0.0019452364201223158 0.0011064933185404458
leaf_weight=10.539206336950881 8.7129825698211807 4.6694994405843309 3.4739490428473827 4.3769042967469423
leaf_count=892 2432 312 500 787
internal_value=0.00127062 -0.00245158 0.00504436 -0.00601901
internal_weight=31.7725 17.7594 14.0132 13.0899
internal_count=4923 3531 1392 3219
is_linear=0
shrinkage=0.03


Tree=128
num_leaves=5
num_cat=0
split_feature=3 2 1 1
split_gain=0.774497 0.930099 1.18435 1.03293
threshold=-0.036897936250603995 -0.1797176582021007 0.031644401496678083 0.015740684687603205
decision_type=2 2 2 2
left_child=-1 3 -3 -2
right_child=1 2 -4 -5
leaf_value=0.0069422119411299337 0.0057444029082519329 -0.0093400218456596192 0.0038558891332305767 -0.0051738928315515544
leaf_weight=4.5169868664816049 13.927366541814999 8.1296115019940718 2.6038016323000184 2.5936446577543384
leaf_count=174 1036 2464 443 806
internal_value=0.00125297 -0.0013003 -0.00582307 0.00272577
internal_weight=31.7714 27.2544 10.7334 16.521
internal_count=4923 4749 2907 1842
is_linear=0
shrinkage=0.03


Tree=129
num_leaves=5
num_cat=0
split_feature=3 2 1 1
split_gain=0.761911 0.894625 1.16439 1.00876
threshold=-0.036897936250603995 -0.1797176582021007 0.031644401496678083 0.015740684687603205
decision_type=2 2 2 2
left_child=-1 3 -3 -2
right_child=1 2 -4 -5
leaf_value=0.0068687082565622413 0.0056321494848056543 -0.0092496522890685301 0.0038292827070661524 -0.0051470928041351888
leaf_weight=4.535102367866787 13.977345931110913 8.061500487325242 2.6125849997624746 2.581190920318476
leaf_count=174 1036 2464 443 806
internal_value=0.00122964 -0.00130203 -0.00574465 0.00264651
internal_weight=31.7677 27.2326 10.6741 16.5585
internal_count=4923 4749 2907 1842
is_linear=0
shrinkage=0.03


Tree=130
num_leaves=5
num_cat=0
split_feature=1 1 2 2
split_gain=0.752916 0.880514 1.43793 0.788779
threshold=1.0000000180025095e-35 0.041600747813145884 -0.67781826722089555 0.20776396824332938
decision_type=2 2 2 2
left_child=-1 2 -2 -3
right_child=1 3 -4 -5
leaf_value=0.005133051416405709 0.0036328769871670523 -0.0033538968348766347 -0.0090382484691750552 0.0090271321453589629
leaf_weight=12.512847410282122 6.2033443867694649 1.1648844199953594 10.725260101142338 1.1578540154732762
leaf_count=925 777 180 2956 85
internal_value=0.00120634 -0.0022282 -0.00477022 0.00513502
internal_weight=31.7642 19.2513 16.9286 2.32274
internal_count=4923 3998 3733 265
is_linear=0
shrinkage=0.03


Tree=131
num_leaves=5
num_cat=0
split_feature=3 3 6 6
split_gain=0.746086 1.07303 0.524858 0.489903
threshold=-0.0084929416425273702 0.031331953279250202 -1.0000000180025095e-35 0.58466062239648686
decision_type=2 2 2 2
left_child=2 3 -1 -2
right_child=1 -3 -4 -5
leaf_value=0.00694576899587423 -0.0081260594579205953 0.004695676250066786 -0.0019218017847151857 0.0010600403867769741
leaf_weight=10.604738599853588 8.5890367045067268 4.6998748532496384 3.4571548448293496 4.3862412417074657
leaf_count=892 2432 312 500 787
internal_value=0.00120933 -0.00241299 0.00487301 -0.00591095
internal_weight=31.737 17.6752 14.0619 12.9753
internal_count=4923 3531 1392 3219
is_linear=0
shrinkage=0.03


Tree=132
num_leaves=5
num_cat=0
split_feature=3 2 1 1
split_gain=0.735493 0.837443 1.13929 0.969786
threshold=-0.036897936250603995 -0.1797176582021007 0.031644401496678083 0.015740684687603205
decision_type=2 2 2 2
left_child=-1 3 -3 -2
right_child=1 2 -4 -5
leaf_value=0.0067243494128942198 0.0054552235047141007 -0.0091070746996490363 0.0038144866056861499 -0.005099734063422001
leaf_weight=4.5673235431313541 14.044871803605938 7.9489298967528104 2.6161006472539157 2.5585283075924954
leaf_count=174 1036 2464 443 806
internal_value=0.00119184 -0.00129716 -0.00560847 0.00252317
internal_weight=31.7358 27.1684 10.565 16.6034
internal_count=4923 4749 2907 1842
is_linear=0
shrinkage=0.03


Tree=133
num_leaves=5
num_cat=0
split_feature=3 2 1 1
split_gain=0.723625 0.805338 1.12011 0.947345
threshold=-0.036897936250603995 -0.1797176582021007 0.031644401496678083 0.015740684687603205
decision_type=2 2 2 2
left_child=-1 3 -3 -2
right_child=1 2 -4 -5
leaf_value=0.00665297075544918 0.005348909673679474 -0.0090192445502339947 0.0037881013375433165 -0.005073533874506278
leaf_weight=4.584858454763892 14.092336438130596 7.8839139697956799 2.6248141874093562 2.546412280178628
leaf_count=174 1036 2464 443 806
internal_value=0.00116865 -0.00129921 -0.00553303 0.00244805
internal_weight=31.7323 27.1475 10.5087 16.6387
internal_count=4923 4749 2907 1842
is_linear=0
shrinkage=0.03


Tree=134
num_leaves=5
num_cat=0
split_feature=3 2 1 1
split_gain=0.711977 0.774414 1.10126 0.925513
threshold=-0.036897936250603995 -0.1797176582021007 0.031644401496678083 0.015740684687603205
decision_type=2 2 2 2
left_child=-1 3 -3 -2
right_child=1 2 -4 -5
leaf_value=0.0065822757811361569 0.0052447509412849695 -0.0089323697148309122 0.0037618491346002193 -0.0050475431920254405
leaf_weight=4.6022165697068003 14.138922755490066 7.8200016489718056 2.6334919881774113 2.5344113162718704
leaf_count=174 1036 2464 443 806
internal_value=0.00114551 -0.00130135 -0.0054587 0.00237446
internal_weight=31.729 27.1268 10.4535 16.6733
internal_count=4923 4749 2907 1842
is_linear=0
shrinkage=0.03


Tree=135
num_leaves=5
num_cat=0
split_feature=3 3 6 6
split_gain=0.702215 1.02594 0.497029 0.465102
threshold=-0.0084929416425273702 0.031331953279250202 0.34708049886620079 0.58466062239648686
decision_type=2 2 2 2
left_child=2 3 -1 -2
right_child=1 -3 -4 -5
leaf_value=0.0063080537774778947 -0.0079872893352830737 0.004560498351325006 -0.0025668111893102467 0.0010041508743602512
leaf_weight=12.575575827446302 8.4739555178093742 4.7284265910275272 1.5490553255076509 4.3988591945962972
leaf_count=1087 2432 312 305 787
internal_value=0.00112243 -0.00238863 0.00467421 -0.00581906
internal_weight=31.7259 17.6012 14.1246 12.8728
internal_count=4923 3531 1392 3219
is_linear=0
shrinkage=0.03


Tree=136
num_leaves=5
num_cat=0
split_feature=3 5 3 2
split_gain=0.692536 0.754939 1.19216 0.217321
threshold=-0.036897936250603995 -0.50188330231805389 0.022506084651183329 -1.2581295025014587
decision_type=2 2 2 2
left_child=3 -2 -3 -1
right_child=1 2 -4 -5
leaf_value=-0.00091299897398974567 0.0049432158055423784 -0.0069678024769670999 0.0036011285722977468 0.0076239246094185571
leaf_weight=0.9333036821335553 3.7423176207812565 15.803065455111208 7.5533056985586873 3.699237605091187
leaf_count=27 275 3850 624 147
internal_value=0.00109779 -0.00131131 -0.00349495 0.00645547
internal_weight=31.7312 27.0987 23.3564 4.63254
internal_count=4923 4749 4474 174
is_linear=0
shrinkage=0.03


Tree=137
num_leaves=5
num_cat=0
split_feature=1 1 2 2
split_gain=0.672442 0.843454 1.33654 0.776232
threshold=1.0000000180025095e-35 0.041600747813145884 -0.67781826722089555 0.20776396824332938
decision_type=2 2 2 2
left_child=-1 2 -2 -3
right_child=1 3 -4 -5
leaf_value=0.0048242880418292644 0.0034494431801333028 -0.0033485144405218732 -0.0087989292159072058 0.0089070121229629737
leaf_weight=12.586190596572125 6.2536339896032649 1.1610258795553812 10.498851545504293 1.1848037843592463
leaf_count=925 777 180 2956 85
internal_value=0.00112537 -0.00213248 -0.00464637 0.00504221
internal_weight=31.6845 19.0983 16.7525 2.34583
internal_count=4923 3998 3733 265
is_linear=0
shrinkage=0.03


Tree=138
num_leaves=5
num_cat=0
split_feature=3 5 3 2
split_gain=0.666808 0.731345 1.14582 0.216365
threshold=-0.036897936250603995 -0.50188330231805389 0.031331953279250202 -1.0000000180025095e-35
decision_type=2 2 2 2
left_child=-1 3 -3 -2
right_child=1 2 -4 -5
leaf_value=0.0063728113432188604 0.0062264791176173387 -0.0062895422186881912 0.0044481388231513048 -0.0012966935905135504
leaf_weight=4.6515220189467099 3.0274542106781159 18.494918458920438 4.7569918886292717 0.72707721334882691
leaf_count=174 163 4162 312 112
internal_value=0.00112819 -0.00125312 -0.00341571 0.00488606
internal_weight=31.658 27.0064 23.2519 3.75453
internal_count=4923 4749 4474 275
is_linear=0
shrinkage=0.03


Tree=139
num_leaves=5
num_cat=0
split_feature=3 3 6 6
split_gain=0.650876 0.950915 0.486516 0.460509
threshold=-0.0084929416425273702 0.031331953279250202 -1.0000000180025095e-35 0.58466062239648686
decision_type=2 2 2 2
left_child=2 3 -1 -2
right_child=1 -3 -4 -5
leaf_value=0.0065617881708256668 -0.0077717808309675689 0.0044012467364882707 -0.0019120052024325768 0.0010831485471765384
leaf_weight=10.711284169927238 8.3181786937639135 4.7697933409363023 3.4363761928980265 4.3662249071057877
leaf_count=892 2432 312 500 787
internal_value=0.00116375 -0.00225097 0.00456411 -0.00558992
internal_weight=31.6019 17.4542 14.1477 12.6844
internal_count=4923 3531 1392 3219
is_linear=0
shrinkage=0.03


Tree=140
num_leaves=5
num_cat=0
split_feature=3 2 1 1
split_gain=0.636538 0.713895 1.07272 0.877943
threshold=-0.036897936250603995 -0.1797176582021007 0.031644401496678083 0.015740684687603205
decision_type=2 2 2 2
left_child=-1 3 -3 -2
right_child=1 2 -4 -5
leaf_value=0.0062565987541878801 0.0050994981706945827 -0.0087065168301263245 0.0037842145690283793 -0.0049362700295420203
leaf_weight=4.6790414997376528 14.173604792100386 7.6432568531017697 2.6234823053237051 2.4819621612550682
leaf_count=174 1036 2464 443 806
internal_value=0.0011456 -0.00119663 -0.00522242 0.00231317
internal_weight=31.6013 26.9223 10.2667 16.6556
internal_count=4923 4749 2907 1842
is_linear=0
shrinkage=0.03


Tree=141
num_leaves=5
num_cat=0
split_feature=3 5 3 2
split_gain=0.626506 0.701969 1.10743 0.219149
threshold=-0.036897936250603995 -0.50188330231805389 0.013172482212923048 -1.2581295025014587
decision_type=2 2 2 2
left_child=3 -2 -3 -1
right_child=1 2 -4 -5
leaf_value=-0.00096910665452105407 0.0047990629824220714 -0.0073782914678506076 0.0026460220537855759 0.0073843522475146896
leaf_weight=0.94136039353907097 3.7714001443237128 12.397198569262398 10.735286416136658 3.7540077883750227
leaf_count=27 275 3226 1248 147
internal_value=0.00112175 -0.00120034 -0.00333169 0.00618978
internal_weight=31.5993 26.9039 23.1325 4.69537
internal_count=4923 4749 4474 174
is_linear=0
shrinkage=0.03


Tree=142
num_leaves=5
num_cat=0
split_feature=3 3 6 6
split_gain=0.620222 0.912041 0.468635 0.44577
threshold=-0.0084929416425273702 0.031331953279250202 -1.0000000180025095e-35 0.58466062239648686
decision_type=2 2 2 2
left_child=2 3 -1 -2
right_child=1 -3 -4 -5
leaf_value=0.0064075744283794969 -0.0076458594061128799 0.0042991972384682749 -0.0018937383146808485 0.0010678993102897186
leaf_weight=10.757845747633835 8.2238311533583346 4.7947961036115876 3.4247035393491414 4.3676270640571593
leaf_count=892 2432 312 500 787
internal_value=0.00113539 -0.00220505 0.00444885 -0.00548852
internal_weight=31.5688 17.3863 14.1825 12.5915
internal_count=4923 3531 1392 3219
is_linear=0
shrinkage=0.03


Tree=143
num_leaves=5
num_cat=0
split_feature=3 5 3 2
split_gain=0.603217 0.680558 1.07475 0.217477
threshold=-0.036897936250603995 -0.50188330231805389 0.013172482212923048 -1.2581295025014587
decision_type=2 2 2 2
left_child=3 -2 -3 -1
right_child=1 2 -4 -5
leaf_value=-0.00098142613776576047 0.0047283525029551245 -0.0072761593061328256 0.0026048842205293439 0.0072765824308186119
leaf_weight=0.94309895485639561 3.7873533429810839 12.309378329140598 10.749478777521288 3.7791186915710595
leaf_count=27 275 3226 1248 147
internal_value=0.00111719 -0.00116932 -0.00327527 0.00608095
internal_weight=31.5684 26.8462 23.0589 4.72222
internal_count=4923 4749 4474 174
is_linear=0
shrinkage=0.03


Tree=144
num_leaves=5
num_cat=0
split_feature=3 3 6 6
split_gain=0.595593 0.881307 0.457081 0.435882
threshold=-0.0084929416425273702 0.031331953279250202 0.34708049886620079 0.58466062239648686
decision_type=2 2 2 2
left_child=2 3 -1 -2
right_child=1 -3 -4 -5
leaf_value=0.0059415899127025296 -0.0075381229125100506 0.0042262565291123714 -0.0025147589137567944 0.001067582113502327
leaf_weight=12.684284470567947 8.1481835856102425 4.8146664716769001 1.5256358923506912 4.3660964804585083
leaf_count=1087 2432 312 305 787
internal_value=0.00113005 -0.0021536 0.00436997 -0.00539508
internal_weight=31.5389 17.3289 14.2099 12.5143
internal_count=4923 3531 1392 3219
is_linear=0
shrinkage=0.03


Tree=145
num_leaves=5
num_cat=0
split_feature=1 1 2 2
split_gain=0.586313 0.804333 1.2626 0.761107
threshold=1.0000000180025095e-35 0.041600747813145884 -0.67781826722089555 0.20776396824332938
decision_type=2 2 2 2
left_child=-1 2 -2 -3
right_child=1 3 -4 -5
leaf_value=0.0045366334508918178 0.0033679509704414674 -0.0033254054775809496 -0.0085476583855159643 0.008803589320870598
leaf_weight=12.655170997488314 6.2633889489807251 1.1504676903132343 10.269622530264312 1.2069451897405086
leaf_count=925 777 180 2956 85
internal_value=0.00110424 -0.00196958 -0.00446551 0.00498337
internal_weight=31.5456 18.8904 16.533 2.35741
internal_count=4923 3998 3733 265
is_linear=0
shrinkage=0.03


Tree=146
num_leaves=5
num_cat=0
split_feature=3 5 3 2
split_gain=0.576372 0.655165 1.0305 0.217146
threshold=-0.036897936250603995 -0.50188330231805389 0.013172482212923048 -1.2581295025014587
decision_type=2 2 2 2
left_child=3 -2 -3 -1
right_child=1 2 -4 -5
leaf_value=-0.0010048694926815195 0.0046395323695554444 -0.0071468515766608667 0.0025393622509791497 0.007152920818576187
leaf_weight=0.94638781435787667 3.8057225855300265 12.192982358683365 10.769185131066477 3.8060231218114522
leaf_count=27 275 3226 1248 147
internal_value=0.00110636 -0.00113733 -0.00321185 0.00594843
internal_weight=31.5203 26.7679 22.9622 4.75241
internal_count=4923 4749 4474 174
is_linear=0
shrinkage=0.03


Tree=147
num_leaves=5
num_cat=0
split_feature=3 3 6 6
split_gain=0.567939 0.843608 0.448475 0.423266
threshold=-0.0084929416425273702 0.031331953279250202 -1.0000000180025095e-35 0.58466062239648686
decision_type=2 2 2 2
left_child=2 3 -1 -2
right_child=1 -3 -4 -5
leaf_value=0.006193847272001494 -0.0074085222875309546 0.0041297360316011568 -0.0018891924449305941 0.0010630635601466172
leaf_weight=10.819532322580924 8.0546986464178207 4.838781170314177 3.4148230677237761 4.3639474562951355
leaf_count=892 2432 312 500 787
internal_value=0.00111832 -0.00209883 0.00427533 -0.00528528
internal_weight=31.4918 17.2574 14.2344 12.4186
internal_count=4923 3531 1392 3219
is_linear=0
shrinkage=0.03


Tree=148
num_leaves=5
num_cat=0
split_feature=3 2 1 1
split_gain=0.555038 0.645133 1.03895 0.817876
threshold=-0.036897936250603995 -0.1797176582021007 0.031644401496678083 0.015740684687603205
decision_type=2 2 2 2
left_child=-1 3 -3 -2
right_child=1 2 -4 -5
leaf_value=0.0058429533990965272 0.0048943910239281282 -0.0084580615675029051 0.0037974885903675724 -0.0048005368716844202
leaf_weight=4.7783190892078009 14.228775529423737 7.4509368567378207 2.6156027268152684 2.4184613987454204
leaf_count=174 1036 2464 443 806
internal_value=0.00109962 -0.00110922 -0.00496815 0.00221298
internal_weight=31.4921 26.7138 10.0665 16.6472
internal_count=4923 4749 2907 1842
is_linear=0
shrinkage=0.03


Tree=149
num_leaves=5
num_cat=0
split_feature=3 5 3 2
split_gain=0.546462 0.632494 0.987987 0.215948
threshold=-0.036897936250603995 -0.50188330231805389 0.013172482212923048 -1.2581295025014587
decision_type=2 2 2 2
left_child=3 -2 -3 -1
right_child=1 2 -4 -5
leaf_value=-0.0010316493037569373 0.0045547159779836645 -0.0070267718436569735 0.002469474982549767 0.006992965332562209
leaf_weight=0.95011718943715084 3.8230777418939459 12.084502231329678 10.789451613731215 3.8434536186978248
leaf_count=27 275 3226 1248 147
internal_value=0.00107558 -0.00111408 -0.00315885 0.00578022
internal_weight=31.4906 26.697 22.874 4.79357
internal_count=4923 4749 4474 174
is_linear=0
shrinkage=0.03


Tree=150
num_leaves=5
num_cat=0
split_feature=3 3 6 6
split_gain=0.541351 0.809225 0.432225 0.409749
threshold=-0.0084929416425273702 0.031331953279250202 -1.0000000180025095e-35 0.58466062239648686
decision_type=2 2 2 2
left_child=2 3 -1 -2
right_child=1 -3 -4 -5
leaf_value=0.0060470570074941639 -0.007289909791839546 0.0040330825378858213 -0.0018724040362184931 0.0010474405337583474
leaf_weight=10.863138602871912 7.9681084708427097 4.8622031228151164 3.4038657620549229 4.365581133053638
leaf_count=892 2432 312 500 787
internal_value=0.00108687 -0.00205907 0.00416463 -0.00519121
internal_weight=31.4629 17.1959 14.267 12.3337
internal_count=4923 3531 1392 3219
is_linear=0
shrinkage=0.03


Tree=151
num_leaves=5
num_cat=0
split_feature=1 1 2 2
split_gain=0.526442 0.775212 1.19995 0.749175
threshold=1.0000000180025095e-35 0.041600747813145884 -0.67781826722089555 0.20776396824332938
decision_type=2 2 2 2
left_child=-1 2 -2 -3
right_child=1 3 -4 -5
leaf_value=0.0043071259814015548 0.0032770592311710629 -0.0033094123350015984 -0.0083527661762124381 0.0087149049840116177
leaf_weight=12.714799721958117 6.2826993573689895 1.1431533104041585 10.096391815983223 1.2262038474436847
leaf_count=925 777 180 2956 85
internal_value=0.00106823 -0.00186247 -0.0043406 0.00492815
internal_weight=31.4632 18.7484 16.3791 2.36936
internal_count=4923 3998 3733 265
is_linear=0
shrinkage=0.03


Tree=152
num_leaves=5
num_cat=0
split_feature=3 5 3 4
split_gain=0.522276 0.609646 0.946575 0.218142
threshold=-0.036897936250603995 -0.50188330231805389 0.013172482212923048 -0.037053662738292463
decision_type=2 2 2 2
left_child=3 -2 -3 -1
right_child=1 2 -4 -5
leaf_value=-0.00051587104108344968 0.0044756474191112883 -0.0068982489179119991 0.0024069991952406175 0.0073885898490449273
leaf_weight=2.5882584867067635 3.8388286709087032 11.971588947635608 10.807850329962092 2.2322006402537253
leaf_count=85 275 3226 1248 89
internal_value=0.00107005 -0.00107988 -0.00309587 0.00566007
internal_weight=31.4387 26.6183 22.7794 4.82046
internal_count=4923 4749 4474 174
is_linear=0
shrinkage=0.03


Tree=153
num_leaves=5
num_cat=0
split_feature=3 3 6 6
split_gain=0.520505 0.774755 0.421266 0.397933
threshold=-0.0084929416425273702 0.031331953279250202 0.34708049886620079 0.58466062239648686
decision_type=2 2 2 2
left_child=2 3 -1 -2
right_child=1 -3 -4 -5
leaf_value=0.0056130471060714263 -0.0071654087551882061 0.0039410590865715349 -0.0024607086476525703 0.0010426474419565318
leaf_weight=12.77569862699602 7.8799388551851752 4.885010505327954 1.5024419354740519 4.3636108965729363
leaf_count=1087 2432 312 305 787
internal_value=0.0010882 -0.00200815 0.00409986 -0.00508646
internal_weight=31.4067 17.1286 14.2781 12.2435
internal_count=4923 3531 1392 3219
is_linear=0
shrinkage=0.03


Tree=154
num_leaves=5
num_cat=0
split_feature=3 2 1 1
split_gain=0.506176 0.590817 1.01119 0.77247
threshold=-0.036897936250603995 -0.1797176582021007 0.031644401496678083 0.015740684687603205
decision_type=2 2 2 2
left_child=-1 3 -3 -2
right_child=1 2 -4 -5
leaf_value=0.0055746042331803643 0.0047171126514573168 -0.0082637744943916229 0.0038003899398074414 -0.0047049700919216432
leaf_weight=4.8417796329595175 14.281644930248158 7.3043021801859087 2.6120470382738858 2.3741087734815656
leaf_count=174 1036 2464 443 806
internal_value=0.00106216 -0.00105952 -0.00477337 0.00211284
internal_weight=31.4139 26.5721 9.91635 16.6558
internal_count=4923 4749 2907 1842
is_linear=0
shrinkage=0.03


Tree=155
num_leaves=5
num_cat=0
split_feature=3 5 3 4
split_gain=0.498461 0.588145 0.908302 0.223702
threshold=-0.036897936250603995 -0.50188330231805389 0.013172482212923048 -0.037053662738292463
decision_type=2 2 2 2
left_child=3 -2 -3 -1
right_child=1 2 -4 -5
leaf_value=-0.00057609044949305543 0.0043868765116453507 -0.0067872082314767183 0.0023397493521933803 0.0072763393756900916
leaf_weight=2.5995280239731073 3.857099370681687 11.872294843604321 10.827014958078506 2.256790250074121
leaf_count=85 275 3226 1248 89
internal_value=0.00103817 -0.001065 -0.00304966 0.00551456
internal_weight=31.4127 26.5564 22.6993 4.85632
internal_count=4923 4749 4474 174
is_linear=0
shrinkage=0.03


Tree=156
num_leaves=5
num_cat=0
split_feature=3 3 6 6
split_gain=0.496394 0.743291 0.409142 0.385272
threshold=-0.0084929416425273702 0.031331953279250202 -1.0000000180025095e-35 0.58466062239648686
decision_type=2 2 2 2
left_child=2 3 -1 -2
right_child=1 -3 -4 -5
leaf_value=0.0058247834695529304 -0.0070516689670135583 0.0038484593079011445 -0.0018525857763266301 0.0010270563571121965
leaf_weight=10.923064531816634 7.7983848159201461 4.9072499834001055 3.3874821969075155 4.365309166838415
leaf_count=892 2432 312 500 787
internal_value=0.0010557 -0.00197202 0.00399295 -0.00499711
internal_weight=31.3815 17.0709 14.3105 12.1637
internal_count=4923 3531 1392 3219
is_linear=0
shrinkage=0.03


Tree=157
num_leaves=5
num_cat=0
split_feature=3 5 3 4
split_gain=0.483212 0.570453 0.881681 0.224141
threshold=-0.036897936250603995 -0.50188330231805389 0.013172482212923048 -0.037053662738292463
decision_type=2 2 2 2
left_child=3 -2 -3 -1
right_child=1 2 -4 -5
leaf_value=-0.00059765741834315734 0.004321593159401867 -0.0066946719236938195 0.0023027382846465415 0.007205063244929949
leaf_weight=2.6032533119432628 3.8714530250290471 11.796117776713798 10.839359003934076 2.2721179756335941
leaf_count=85 275 3226 1248 89
internal_value=0.00103681 -0.00104045 -0.00300073 0.00543778
internal_weight=31.3823 26.5069 22.6355 4.87537
internal_count=4923 4749 4474 174
is_linear=0
shrinkage=0.03


Tree=158
num_leaves=5
num_cat=0
split_feature=3 3 6 6
split_gain=0.4788 0.718463 0.399224 0.376819
threshold=-0.0084929416425273702 0.031331953279250202 0.34708049886620079 0.58466062239648686
decision_type=2 2 2 2
left_child=2 3 -1 -2
right_child=1 -3 -4 -5
leaf_value=0.005408196311911256 -0.0069540708153059067 0.0037831215955495662 -0.002424269945632 0.0010259457375056214
leaf_weight=12.842246406478809 7.7327834211173485 4.9249102328903964 1.4877801436232392 4.3641482797102071
leaf_count=1087 2432 312 305 787
internal_value=0.00105365 -0.00192864 0.00393283 -0.00491372
internal_weight=31.3519 17.0218 14.33 12.0969
internal_count=4923 3531 1392 3219
is_linear=0
shrinkage=0.03


Tree=159
num_leaves=5
num_cat=0
split_feature=1 2 2 1
split_gain=0.470732 1.24918 1.08772 1.04438
threshold=0.0070990252171114218 0.3514163037342547 1.0000000180025095e-35 0.027887990557463996
decision_type=2 2 2 2
left_child=2 -2 -1 -3
right_child=1 3 -4 -5
leaf_value=0.0060623763443242787 -0.0073745257149600242 -0.0041408430899264343 -0.0048977556898941611 0.0092025061555613928
leaf_weight=16.823181317595306 7.054595362627877 1.5379169416846705 3.1419605410192153 2.8015177238848992
leaf_count=914 2112 613 949 335
internal_value=0.00102773 -0.00260541 0.00327868 0.00488369
internal_weight=31.3592 11.394 19.9651 4.33943
internal_count=4923 3060 1863 948
is_linear=0
shrinkage=0.03


end of trees

feature_importances:
Column_3=161
Column_1=160
Column_2=149
Column_6=77
Column_4=64
Column_5=29

parameters:
[boosting: gbdt]
[objective: binary]
[metric: binary_logloss]
[tree_learner: serial]
[device_type: cpu]
[data_sample_strategy: bagging]
[data: ]
[valid: ]
[num_iterations: 160]
[learning_rate: 0.03]
[num_leaves: 5]
[num_threads: 4]
[seed: 20260725]
[deterministic: 1]
[force_col_wise: 1]
[force_row_wise: 0]
[histogram_pool_size: -1]
[max_depth: 3]
[min_data_in_leaf: 12]
[min_sum_hessian_in_leaf: 0.001]
[bagging_fraction: 1]
[pos_bagging_fraction: 1]
[neg_bagging_fraction: 1]
[bagging_freq: 0]
[bagging_seed: 21817]
[bagging_by_query: 0]
[feature_fraction: 1]
[feature_fraction_bynode: 1]
[feature_fraction_seed: 22070]
[extra_trees: 0]
[extra_seed: 28444]
[early_stopping_round: 0]
[early_stopping_min_delta: 0]
[first_metric_only: 0]
[max_delta_step: 0]
[lambda_l1: 0]
[lambda_l2: 10]
[linear_lambda: 0]
[min_gain_to_split: 0]
[drop_rate: 0.1]
[max_drop: 50]
[skip_drop: 0.5]
[xgboost_dart_mode: 0]
[uniform_drop: 0]
[drop_seed: 12683]
[top_rate: 0.2]
[other_rate: 0.1]
[min_data_per_group: 100]
[max_cat_threshold: 32]
[cat_l2: 10]
[cat_smooth: 10]
[max_cat_to_onehot: 4]
[top_k: 20]
[monotone_constraints: ]
[monotone_constraints_method: basic]
[monotone_penalty: 0]
[feature_contri: ]
[forcedsplits_filename: ]
[refit_decay_rate: 0.9]
[cegb_tradeoff: 1]
[cegb_penalty_split: 0]
[cegb_penalty_feature_lazy: ]
[cegb_penalty_feature_coupled: ]
[path_smooth: 0]
[interaction_constraints: ]
[verbosity: -1]
[saved_feature_importance_type: 0]
[use_quantized_grad: 0]
[num_grad_quant_bins: 4]
[quant_train_renew_leaf: 0]
[stochastic_rounding: 1]
[linear_tree: 0]
[max_bin: 31]
[max_bin_by_feature: ]
[min_data_in_bin: 3]
[bin_construct_sample_cnt: 200000]
[data_random_seed: 4449]
[is_enable_sparse: 1]
[enable_bundle: 1]
[use_missing: 1]
[zero_as_missing: 0]
[feature_pre_filter: 1]
[pre_partition: 0]
[two_round: 0]
[header: 0]
[label_column: ]
[weight_column: ]
[group_column: ]
[ignore_column: ]
[categorical_feature: ]
[forcedbins_filename: ]
[precise_float_parser: 0]
[parser_config_file: ]
[objective_seed: 26564]
[num_class: 1]
[is_unbalance: 0]
[scale_pos_weight: 1]
[sigmoid: 1]
[boost_from_average: 1]
[reg_sqrt: 0]
[alpha: 0.9]
[fair_c: 1]
[poisson_max_delta_step: 0.7]
[tweedie_variance_power: 1.5]
[lambdarank_truncation_level: 30]
[lambdarank_norm: 1]
[label_gain: ]
[lambdarank_position_bias_regularization: 0]
[eval_at: ]
[multi_error_top_k: 1]
[auc_mu_weights: ]
[num_machines: 1]
[local_listen_port: 12400]
[time_out: 120]
[machine_list_filename: ]
[machines: ]
[gpu_platform_id: -1]
[gpu_device_id: -1]
[gpu_device_id_list: ]
[gpu_use_dp: 0]
[num_gpu: 1]

end of parameters

pandas_categorical:null
