tree
version=v4
num_class=1
num_tree_per_iteration=1
label_index=0
max_feature_idx=7
objective=binary sigmoid:1
feature_names=Column_0 Column_1 Column_2 Column_3 Column_4 Column_5 Column_6 Column_7
feature_infos=[-1:1] [0:0.049724579425338811] [-6.5644750209736094:3.5533095058261588] [-0.1594845880090473:0.12089014455228318] [-0.13498430415068019:0.15578744757213814] [-0.93675889328063244:0.93193443992065905] [-1:1] [0:1]
tree_sizes=660 677 678 679 677 679 681 678 678 679 680 680 680 677 681 677 682 678 680 680 676 682 678 685 677 680 680 682 683 680 682 677 684 681 682 680 680 680 679 686 685 682 683 682 681 685 681 683 687 683 678 682 685 683 682 687 687 682 681 684 685 687 681 688 682 686 684 682 686 682 684 678 687 682 685 684 682 681 682 684 685 684 681 682 685 679 682 684 684 685 684 678 685 687 685 685 685 683 682 688 688 689 684 686 684 688 686 689 687 685 685 684 689 688 687 686 688 685 683 685 688 687 687 685 682 683 689 684 682 685 689 687 685 686 688 683 687 687 686 685 686 685 689 684 687 684 687 689 686 689 684 688 686 687 684 688 686 686 684 680

Tree=0
num_leaves=5
num_cat=0
split_feature=5 3 5 6
split_gain=6.33472 1.49501 0.51309 0.291911
threshold=0.25519208118562647 -0.039059436034713353 -0.72690019074459011 -0.46328340176312882
decision_type=2 2 2 2
left_child=1 3 -3 -1
right_child=-2 2 -4 -5
leaf_value=-0.4275023712291704 -0.44223406676356353 -0.43008719200054502 -0.41491782533311761 -0.43456263116922433
leaf_weight=2.1692168563604359 9.81520878523588 1.4846199974417675 9.7953076995909232 1.5721846967935551
leaf_count=13 85 21 80 11
internal_value=-0.429563 -0.419528 -0.416223 -0.431949
internal_weight=24.8365 15.0213 11.2799 3.7414
internal_count=210 125 101 24
is_linear=0
shrinkage=1


Tree=1
num_leaves=5
num_cat=0
split_feature=5 3 5 6
split_gain=6.1395 1.45835 0.498747 0.28926
threshold=0.25519208118562647 -0.039059436034713353 -0.72690019074459011 -0.46328340176312882
decision_type=2 2 2 2
left_child=1 3 -3 -1
right_child=-2 2 -4 -5
leaf_value=0.0020491111672048838 -0.012500172447936997 -0.00052250427229730083 0.01440535124324565 -0.0049803214894604221
leaf_weight=2.1701602712273602 9.788559712469576 1.4844551868736733 9.8251965120434779 1.5705133788287629
leaf_count=13 85 21 80 11
internal_value=-1.31758e-05 0.00985621 0.0131203 -0.00237884
internal_weight=24.8389 15.0503 11.3097 3.74067
internal_count=210 125 101 24
is_linear=0
shrinkage=0.03


Tree=2
num_leaves=5
num_cat=0
split_feature=5 3 5 6
split_gain=5.95043 1.42274 0.484862 0.286635
threshold=0.25519208118562647 -0.039059436034713353 -0.72690019074459011 -0.46328340176312882
decision_type=2 2 2 2
left_child=1 3 -3 -1
right_child=-2 2 -4 -5
leaf_value=0.0020379903375890864 -0.012331721922015535 -0.00052048554656910486 0.014170492784989854 -0.00496077323846255
leaf_weight=2.1710946075618272 9.7616099789738637 1.4842908419668663 9.8536976240575331 1.5688317604362954
leaf_count=13 85 21 80 11
internal_value=-2.64408e-05 0.00968077 0.0129046 -0.00237161
internal_weight=24.8395 15.0779 11.338 3.73993
internal_count=210 125 101 24
is_linear=0
shrinkage=0.03


Tree=3
num_leaves=5
num_cat=0
split_feature=5 3 5 6
split_gain=5.76729 1.38813 0.471416 0.284034
threshold=0.25519208118562647 -0.039059436034713353 -0.72690019074459011 -0.46328340176312882
decision_type=2 2 2 2
left_child=1 3 -3 -1
right_child=-2 2 -4 -5
leaf_value=0.0020269277190095832 -0.012165990463187533 -0.00051847522764162345 0.01394014249380114 -0.0049413247826291572
leaf_weight=2.1720200106501584 9.7343878448009473 1.4841269701719273 9.8808532431721705 1.5671400278806675
leaf_count=13 85 21 80 11
internal_value=-3.97799e-05 0.00950849 0.0126931 -0.00236442
internal_weight=24.8385 15.1041 11.365 3.73916
internal_count=210 125 101 24
is_linear=0
shrinkage=0.03


Tree=4
num_leaves=5
num_cat=0
split_feature=5 3 3 6
split_gain=5.58989 1.35451 0.474235 0.281458
threshold=0.25519208118562647 -0.039059436034713353 0.027633428395196755 -0.46328340176312882
decision_type=2 2 2 2
left_child=1 3 -3 -1
right_child=-2 2 -4 -5
leaf_value=0.0020159230217050685 -0.012002916206865152 0.013747038732311322 -0.00054657757329775098 -0.0049219760854335983
leaf_weight=2.1729364506900315 9.7069206833839399 9.8851395957171935 1.5055294036865223 1.565438613295554
leaf_count=13 85 89 12 11
internal_value=-5.3178e-05 0.00933931 0.0124855 -0.00235727
internal_weight=24.836 15.129 11.3907 3.73838
internal_count=210 125 101 24
is_linear=0
shrinkage=0.03


Tree=5
num_leaves=5
num_cat=0
split_feature=5 3 5 6
split_gain=5.41801 1.32179 0.466515 0.278906
threshold=0.25519208118562647 -0.039059436034713353 -0.72690019074459011 -0.46328340176312882
decision_type=2 2 2 2
left_child=1 3 -3 -1
right_child=-2 2 -4 -5
leaf_value=0.0020049754958653965 -0.011842439093712296 -0.00056962948143538699 0.013527059777454805 -0.0049027260006836298
leaf_weight=2.1738440170884137 9.679234713315962 1.4882383421063412 9.927455775439741 1.5637275651097287
leaf_count=13 85 21 80 11
internal_value=-6.65993e-05 0.00917298 0.0122815 -0.00235016
internal_weight=24.8325 15.1533 11.4157 3.73757
internal_count=210 125 101 24
is_linear=0
shrinkage=0.03


Tree=6
num_leaves=5
num_cat=0
split_feature=5 3 3 6
split_gain=5.25141 1.28997 0.469022 0.276379
threshold=0.25519208118562647 -0.039059436034713353 0.027633428395196755 -0.46328340176312882
decision_type=2 2 2 2
left_child=1 3 -3 -1
right_child=-2 2 -4 -5
leaf_value=0.0019940853337276263 -0.011684502862402446 0.013340859827190257 -0.00059741022271855664 -0.0048835739481312285
leaf_weight=2.1747428812086587 9.6513541564345342 9.9300050660967845 1.5090695992112149 1.5620072856545437
leaf_count=13 85 89 12 11
internal_value=-8.02528e-05 0.00900949 0.0120811 -0.00234309
internal_weight=24.8272 15.1758 11.4391 3.73675
internal_count=210 125 101 24
is_linear=0
shrinkage=0.03


Tree=7
num_leaves=5
num_cat=0
split_feature=5 3 5 2
split_gain=5.08999 1.259 0.461296 0.281078
threshold=0.25519208118562647 -0.039059436034713353 -0.72690019074459011 -1.8392793840731245
decision_type=2 2 2 2
left_child=1 -1 -3 -2
right_child=3 2 -4 -5
leaf_value=-0.0023360549045217055 -0.00030743409701879538 -0.00061911935258365043 0.013128403483745792 -0.012857350421095894
leaf_weight=3.7359109856188288 2.3219243325293064 1.4920998401939858 9.9697508476674574 7.3013788871467096
leaf_count=24 16 21 80 69
internal_value=-9.39072e-05 0.00884873 0.0118842 -0.0115291
internal_weight=24.8211 15.1978 11.4619 9.6233
internal_count=210 125 101 85
is_linear=0
shrinkage=0.03


Tree=8
num_leaves=5
num_cat=0
split_feature=5 3 3 6
split_gain=4.94849 1.22479 0.463516 0.274738
threshold=0.25519208118562647 -0.039059436034713353 0.027633428395196755 -0.46328340176312882
decision_type=2 2 2 2
left_child=1 3 -3 -1
right_child=-2 2 -4 -5
leaf_value=0.0019959433303074975 -0.01139865505002448 0.012948801278100892 -0.0006465704629273133 -0.0048554131773379285
leaf_weight=2.174589797854424 9.5992380306124669 9.9706805646419543 1.5123781040310849 1.5594450198113907
leaf_count=13 85 89 12 11
internal_value=-0.000117136 0.00869754 0.0116907 -0.00231732
internal_weight=24.8163 15.2171 11.4831 3.73403
internal_count=210 125 101 24
is_linear=0
shrinkage=0.03


Tree=9
num_leaves=5
num_cat=0
split_feature=5 3 5 2
split_gain=4.79643 1.19554 0.455797 0.286132
threshold=0.25519208118562647 -0.039059436034713353 -0.72690019074459011 -1.8392793840731245
decision_type=2 2 2 2
left_child=1 -1 -3 -2
right_child=3 2 -4 -5
leaf_value=-0.0023104113521381408 -0.00024149121108297733 -0.0006669931800203291 0.012743527556426227 -0.012584279570822341
leaf_weight=3.7331840880215159 2.315014909952879 1.4957262501120556 10.007992051541807 7.2559148706495744
leaf_count=24 16 21 80 69
internal_value=-0.000130767 0.00854208 0.0115006 -0.0112477
internal_weight=24.8078 15.2369 11.5037 9.57093
internal_count=210 125 101 85
is_linear=0
shrinkage=0.03


Tree=10
num_leaves=5
num_cat=0
split_feature=5 3 4 2
split_gain=4.66316 1.16316 0.458936 0.279289
threshold=0.25519208118562647 -0.039059436034713353 0.020633256105168089 -1.8392793840731245
decision_type=2 2 2 2
left_child=1 -1 -3 -2
right_child=3 2 -4 -5
leaf_value=-0.0022918858391592031 -0.00024013236878274105 0.012512772736416275 -0.00080219967188631381 -0.012443288782736459
leaf_weight=3.7313170805573455 2.3148709870874882 10.187242068350317 1.3356411680579174 7.2316586896777135
leaf_count=24 16 90 11 69
internal_value=-0.000153485 0.008396 0.0113138 -0.0111209
internal_weight=24.8007 15.2542 11.5229 9.54653
internal_count=210 125 101 85
is_linear=0
shrinkage=0.03


Tree=11
num_leaves=5
num_cat=0
split_feature=5 3 3 6
split_gain=4.53277 1.13135 0.452299 0.273932
threshold=0.25519208118562647 -0.039059436034713353 0.027633428395196755 -0.46328340176312882
decision_type=2 2 2 2
left_child=1 3 -3 -1
right_child=-2 2 -4 -5
leaf_value=0.002010098376661322 -0.010996026512753495 0.012378887859098794 -0.00071057490075990097 -0.004818598255758093
leaf_weight=2.1734198033809666 9.5219610594212991 10.025438770651819 1.5164997428655613 1.5560367554426182
leaf_count=13 85 89 12 11
internal_value=-0.000177298 0.00825024 0.0111276 -0.00227352
internal_weight=24.7934 15.2714 11.5419 3.72946
internal_count=210 125 101 24
is_linear=0
shrinkage=0.03


Tree=12
num_leaves=5
num_cat=0
split_feature=5 1 3 2
split_gain=4.39356 1.11836 0.840241 0.283695
threshold=0.25519208118562647 0.041224399262750684 -0.039059436034713353 -1.8392793840731245
decision_type=2 2 2 2
left_child=1 2 -1 -2
right_child=3 -3 -4 -5
leaf_value=-0.0010573418062238785 -0.00017695855600198705 -0.0033087009091030723 0.012711272108908968 -0.012181905721031679
leaf_weight=3.1744351722300044 2.3081168606877327 1.8216514661908139 10.292144112288954 7.185289088636635
leaf_count=21 16 12 92 69
internal_value=-0.000190699 0.00810238 0.0103982 -0.0108512
internal_weight=24.7816 15.2882 13.4666 9.49341
internal_count=210 125 113 85
is_linear=0
shrinkage=0.03


Tree=13
num_leaves=5
num_cat=0
split_feature=5 1 3 2
split_gain=4.26689 1.09349 0.816484 0.277091
threshold=0.25519208118562647 0.041224399262750684 -0.039059436034713353 -1.8392793840731245
decision_type=2 2 2 2
left_child=1 2 -1 -2
right_child=3 -3 -4 -5
leaf_value=-0.0010497580817415398 -0.00017596453141881664 -0.0032936839800629608 0.012506247985970593 -0.012046680344712171
leaf_weight=3.173703469336032 2.3080095797777176 1.8206657618284214 10.31069738417864 7.1605906262993795
leaf_count=21 16 12 92 69
internal_value=-0.00021988 0.00795287 0.0102273 -0.0107298
internal_weight=24.7737 15.3051 13.4844 9.4686
internal_count=210 125 113 85
is_linear=0
shrinkage=0.03


Tree=14
num_leaves=5
num_cat=0
split_feature=6 2 1 5
split_gain=4.17127 0.803038 0.524999 0.397703
threshold=-0.46328340176312882 -0.40540344089131758 0.032556248843112652 -0.076226391087837561
decision_type=2 2 2 2
left_child=2 -2 -1 -3
right_child=1 3 -4 -5
leaf_value=0.01258031916689257 -0.010644457906795003 0.0044197432549595945 -0.0010089750177508987 -0.0029928967229946916
leaf_weight=6.6141476295888451 10.335272986441854 2.0612937957048416 1.3789159357547758 4.3748820498585674
leaf_count=52 88 22 8 40
internal_value=-0.000248599 -0.00770121 0.0109781 0.000625771
internal_weight=24.7645 16.7714 7.99306 6.43618
internal_count=210 150 60 62
is_linear=0
shrinkage=0.03


Tree=15
num_leaves=5
num_cat=0
split_feature=5 1 3 2
split_gain=4.0644 1.06042 0.799384 0.28246
threshold=0.25519208118562647 0.041224399262750684 -0.039059436034713353 -1.8392793840731245
decision_type=2 2 2 2
left_child=1 2 -1 -2
right_child=3 -3 -4 -5
leaf_value=-0.001076311638009281 -0.00011524158433077801 -0.003275583153074523 0.012250465069984647 -0.011825820655916542
leaf_weight=3.1758340522646895 2.3013943769037724 1.819432571530341 10.332218110561373 7.1191908717155439
leaf_count=21 16 12 92 69
internal_value=-0.000221129 0.00774583 0.00999223 -0.0104974
internal_weight=24.7481 15.3275 13.5081 9.42059
internal_count=210 125 113 85
is_linear=0
shrinkage=0.03


Tree=16
num_leaves=5
num_cat=0
split_feature=6 2 1 5
split_gain=4.00077 0.781535 0.508039 0.384505
threshold=-0.46328340176312882 -0.40540344089131758 0.032556248843112652 -0.076226391087837561
decision_type=2 2 2 2
left_child=2 -2 -1 -3
right_child=1 3 -4 -5
leaf_value=0.012312384643285868 -0.010467722480083489 0.0043571819410500546 -0.0010049119513113141 -0.0029335456596013749
leaf_weight=6.6327396705746668 10.296257656067612 2.0648001469671726 1.3785387575626371 4.3651225268840781
leaf_count=52 88 22 8 40
internal_value=-0.000249689 -0.00755917 0.0107352 0.000634683
internal_weight=24.7375 16.7262 8.01128 6.42992
internal_count=210 150 60 62
is_linear=0
shrinkage=0.03


Tree=17
num_leaves=5
num_cat=0
split_feature=6 2 1 5
split_gain=3.88881 0.764263 0.497942 0.379242
threshold=-0.46328340176312882 -0.40540344089131758 0.032556248843112652 -0.076226391087837561
decision_type=2 2 2 2
left_child=2 -2 -1 -3
right_child=1 3 -4 -5
leaf_value=0.012156906930961706 -0.010322224103187071 0.0043343059221407155 -0.0010012792036555914 -0.0029074328021198711
leaf_weight=6.6437632441520709 10.269509661942722 2.0661853477358818 1.3783180415630338 4.3620582036674014
leaf_count=52 88 22 8 40
internal_value=-0.00022295 -0.007442 0.010595 0.000641689
internal_weight=24.7198 16.6978 8.02208 6.42824
internal_count=210 150 60 62
is_linear=0
shrinkage=0.03


Tree=18
num_leaves=5
num_cat=0
split_feature=5 3 5 2
split_gain=3.79699 1.03047 0.477059 0.298313
threshold=0.25519208118562647 -0.039059436034713353 -0.72690019074459011 -1.8392793840731245
decision_type=2 2 2 2
left_child=1 -1 -3 -2
right_child=3 2 -4 -5
leaf_value=-0.0023255761489740889 1.7595724039702233e-06 -0.00095144731631656865 0.011573004323204416 -0.011525890524977756
leaf_weight=3.7327426709234706 2.2883155532181263 1.5147905014455307 10.104918461292984 7.060758348554371
leaf_count=24 16 21 80 69
internal_value=-0.000197016 0.00748575 0.0102554 -0.0101617
internal_weight=24.7015 15.3525 11.6197 9.34907
internal_count=210 125 101 85
is_linear=0
shrinkage=0.03


Tree=19
num_leaves=5
num_cat=0
split_feature=6 2 1 5
split_gain=3.72833 0.742537 0.490485 0.368942
threshold=-0.46328340176312882 -0.40540344089131758 0.032556248843112652 -0.076226391087837561
decision_type=2 2 2 2
left_child=2 -2 -1 -3
right_child=1 3 -4 -5
leaf_value=0.011919707622328102 -0.010143388634810374 0.0042846236576219226 -0.0010221227250710604 -0.0028601035285839489
leaf_weight=6.657896004617216 10.22907515242696 2.0685815289616585 1.3792219012975691 4.3530241400003424
leaf_count=52 88 22 8 40
internal_value=-0.000219296 -0.00729937 0.0103634 0.000649035
internal_weight=24.6878 16.6507 8.03712 6.42161
internal_count=210 150 60 62
is_linear=0
shrinkage=0.03


Tree=20
num_leaves=5
num_cat=0
split_feature=6 2 1 5
split_gain=3.624 0.726232 0.480833 0.363898
threshold=-0.46328340176312882 -0.40540344089131758 0.032556248843112652 -0.076226391087837561
decision_type=2 2 2 2
left_child=2 -2 -1 -3
right_child=1 3 -4 -5
leaf_value=0.011769970905146841 -0.010002987697075916 0.0042621244182716308 -0.001018426224306222 -0.0028346871635988495
leaf_weight=6.667393986135723 10.202235270291569 2.069885890930891 1.3790006786584852 4.3500011712312689
leaf_count=52 88 22 8 40
internal_value=-0.000194155 -0.0071864 0.0102284 0.000655643
internal_weight=24.6685 16.6221 8.04639 6.41989
internal_count=210 150 60 62
is_linear=0
shrinkage=0.03


Tree=21
num_leaves=5
num_cat=0
split_feature=5 3 5 2
split_gain=3.55075 1.00854 0.468611 0.312446
threshold=0.25519208118562647 -0.039059436034713353 -0.72690019074459011 -1.8392793840731245
decision_type=2 2 2 2
left_child=1 -1 -3 -2
right_child=3 2 -4 -5
leaf_value=-0.002366601332436582 0.00011410139088168387 -0.00097606128321600031 0.011307386008189646 -0.011236667538109767
leaf_weight=3.7350366339087477 2.2753485962748528 1.5158456116914738 10.120375249534847 7.0020269379019719
leaf_count=24 16 21 80 69
internal_value=-0.000169766 0.00724297 0.00999568 -0.00983772
internal_weight=24.6486 15.3713 11.6362 9.27738
internal_count=210 125 101 85
is_linear=0
shrinkage=0.03


Tree=22
num_leaves=5
num_cat=0
split_feature=6 2 1 1
split_gain=3.47449 0.705737 0.473608 0.362475
threshold=-0.46328340176312882 -0.40540344089131758 0.032556248843112652 0.041224399262750684
decision_type=2 2 2 2
left_child=2 -2 -1 -3
right_child=1 3 -4 -5
leaf_value=0.011541208060628926 -0.0098310113878803916 0.0034726715470230125 -0.0010385631108522191 -0.00365698792954209
leaf_weight=6.6791276820004004 10.161675199866297 5.0727506615221492 1.3798209875822065 1.3402435630559919
leaf_count=52 88 53 8 9
internal_value=-0.000192283 -0.0070495 0.0100049 0.000662376
internal_weight=24.6336 16.5747 8.05895 6.41299
internal_count=210 150 60 62
is_linear=0
shrinkage=0.03


Tree=23
num_leaves=5
num_cat=0
split_feature=4 3 4 2
split_gain=3.40673 0.711958 0.483773 0.666553
threshold=0.020633256105168089 -0.039059436034713353 0.033894520272437341 -0.76339525539787234
decision_type=2 2 2 2
left_child=1 -1 -2 -4
right_child=2 -3 3 -5
leaf_value=-0.0015870649000057524 -0.012109933649549589 0.0095543603604020741 -0.0048078225951289208 0.0050008565150191147
leaf_weight=3.5008842758834353 4.8473932035267335 11.129008408635856 3.5275125131011009 1.61248093098402
leaf_count=23 49 101 20 17
internal_value=-0.000182542 0.00732636 -0.00934422 -0.000460075
internal_weight=24.6173 14.6299 9.98739 5.13999
internal_count=210 124 86 37
is_linear=0
shrinkage=0.03


Tree=24
num_leaves=5
num_cat=0
split_feature=6 2 1 1
split_gain=3.34181 0.674471 0.465627 0.35476
threshold=-0.46328340176312882 -0.40540344089131758 0.032556248843112652 0.041224399262750684
decision_type=2 2 2 2
left_child=2 -2 -1 -3
right_child=1 3 -4 -5
leaf_value=0.011316357683756504 -0.009662654072545164 0.0034150515897643841 -0.0010554762970853145 -0.003635802564411443
leaf_weight=6.6899832934141177 10.123283725231888 5.0766775757074347 1.3804817348718641 1.3375906422734258
leaf_count=52 88 53 8 9
internal_value=-0.00021151 -0.00694028 0.00978713 0.000625455
internal_weight=24.608 16.5376 8.07047 6.41427
internal_count=210 150 60 62
is_linear=0
shrinkage=0.03


Tree=25
num_leaves=5
num_cat=0
split_feature=5 1 3 2
split_gain=3.26034 0.965023 0.75086 0.330172
threshold=0.25519208118562647 0.041224399262750684 -0.039059436034713353 -1.8392793840731245
decision_type=2 2 2 2
left_child=1 2 -1 -2
right_child=3 -3 -4 -5
leaf_value=-0.0012240022069422622 0.00024789454494207548 -0.0033085979931812642 0.011298697810149373 -0.010932469006275394
leaf_weight=3.1848545446991912 2.259371530264616 1.8196491673588742 10.389775261282923 6.9371310323476774
leaf_count=21 16 12 92 69
internal_value=-0.000202149 0.00689656 0.00908772 -0.00948744
internal_weight=24.5908 15.3943 13.5746 9.1965
internal_count=210 125 113 85
is_linear=0
shrinkage=0.03


Tree=26
num_leaves=5
num_cat=0
split_feature=6 2 1 1
split_gain=3.21235 0.649255 0.450812 0.346812
threshold=-0.46328340176312882 -0.40540344089131758 0.032556248843112652 0.041224399262750684
decision_type=2 2 2 2
left_child=2 -2 -1 -3
right_child=1 3 -4 -5
leaf_value=0.011077931840024466 -0.0095064233724785549 0.0033667876876479811 -0.00105048210953171 -0.0036039350182853307
leaf_weight=6.7001796141266841 10.083790156990291 5.0768661573529235 1.3800291866064069 1.3345422893762586
leaf_count=52 88 53 8 9
internal_value=-0.000230349 -0.00683193 0.00957118 0.000603949
internal_weight=24.5754 16.4952 8.08021 6.41141
internal_count=210 150 60 62
is_linear=0
shrinkage=0.03


Tree=27
num_leaves=5
num_cat=0
split_feature=6 2 1 5
split_gain=3.12922 0.627676 0.442125 0.343893
threshold=-0.46328340176312882 -0.40540344089131758 0.032556248843112652 -0.076226391087837561
decision_type=2 2 2 2
left_child=2 -2 -1 -3
right_child=1 3 -4 -5
leaf_value=0.010940330309983383 -0.0093759054473843261 0.0041035271761798234 -0.0010466809515874385 -0.002791100402992611
leaf_weight=6.7065939605236071 10.057047959417106 2.0770279578864574 1.3798074871301649 4.3368142545223227
leaf_count=52 88 22 8 40
internal_value=-0.000221239 -0.00674364 0.00944713 0.000581395
internal_weight=24.5573 16.4709 8.0864 6.41384
internal_count=210 150 60 62
is_linear=0
shrinkage=0.03


Tree=28
num_leaves=5
num_cat=0
split_feature=4 3 4 2
split_gain=3.06218 0.684985 0.534199 0.637118
threshold=0.020633256105168089 -0.039059436034713353 0.033894520272437341 -0.92983090515184541
decision_type=2 2 2 2
left_child=1 -1 -2 -4
right_child=2 -3 3 -5
leaf_value=-0.0016573167134691159 -0.011802188711414245 0.009114654013026453 -0.0046011904622844328 0.0049792899102796134
leaf_weight=3.5040503628551951 4.7905310876667482 11.146992124617102 3.3211501613259315 1.771718844771385
leaf_count=23 49 101 18 19
internal_value=-0.000198989 0.00691115 -0.00891392 -0.000177458
internal_weight=24.5344 14.651 9.8834 5.09287
internal_count=210 124 86 37
is_linear=0
shrinkage=0.03


Tree=29
num_leaves=5
num_cat=0
split_feature=6 2 1 1
split_gain=3.00426 0.607205 0.434669 0.339493
threshold=-0.46328340176312882 -0.40540344089131758 0.032556248843112652 0.041224399262750684
decision_type=2 2 2 2
left_child=2 -2 -1 -3
right_child=1 3 -4 -5
leaf_value=0.010729004208463662 -0.0092180259769285896 0.0033159547395491453 -0.0010624563468292769 -0.0035793770393004356
leaf_weight=6.7139812149107474 10.019021958112718 5.078839521855115 1.380383253097534 1.3313157260417936
leaf_count=52 88 53 8 9
internal_value=-0.000227698 -0.00662503 0.00924228 0.000575357
internal_weight=24.5235 16.4292 8.09436 6.41016
internal_count=210 150 60 62
is_linear=0
shrinkage=0.03


Tree=30
num_leaves=5
num_cat=0
split_feature=5 3 5 2
split_gain=2.93397 0.924053 0.471859 0.354349
threshold=0.25519208118562647 -0.039059436034713353 -0.72690019074459011 -1.8392793840731245
decision_type=2 2 2 2
left_child=1 -1 -3 -2
right_child=3 2 -4 -5
leaf_value=-0.0024437873333606444 0.00042689227307364232 -0.0011538033871123653 0.010531194458990888 -0.010569306529360943
leaf_weight=3.7361487187445155 2.2371042817831039 1.5238801091909397 10.151461444795133 6.8556689843535406
leaf_count=24 16 21 80 69
internal_value=-0.00021952 0.00650707 0.00917737 -0.00905729
internal_weight=24.5043 15.4115 11.6753 9.09277
internal_count=210 125 101 85
is_linear=0
shrinkage=0.03


Tree=31
num_leaves=5
num_cat=0
split_feature=6 2 1 1
split_gain=2.88686 0.583378 0.42808 0.335855
threshold=-0.46328340176312882 -0.40540344089131758 0.032556248843112652 0.041224399262750684
decision_type=2 2 2 2
left_child=2 -2 -1 -3
right_child=1 3 -4 -5
leaf_value=0.010523104754716005 -0.0090621990176901184 0.0032862357891134323 -0.0010805834538745471 -0.003571064307621902
leaf_weight=6.719642888754608 9.9785229712724703 5.0774021707475177 1.3809861838817594 1.329464443027973
leaf_count=52 88 53 8 9
internal_value=-0.000241119 -0.00651723 0.00904082 0.000554015
internal_weight=24.486 16.3854 8.10063 6.40687
internal_count=210 150 60 62
is_linear=0
shrinkage=0.03


Tree=32
num_leaves=5
num_cat=0
split_feature=4 3 4 2
split_gain=2.81365 0.654796 0.562824 0.613798
threshold=0.020633256105168089 -0.039059436034713353 0.033894520272437341 -0.92983090515184541
decision_type=2 2 2 2
left_child=1 -1 -2 -4
right_child=2 -3 3 -5
leaf_value=-0.0016865112225606244 -0.011565813060672584 0.0087482620265507665 -0.0044116451034815034 0.0049960897264967477
leaf_weight=3.5040912702679625 4.7439596019685251 11.158887017518284 3.2914451137185097 1.7677357159554956
leaf_count=23 49 101 18 19
internal_value=-0.000233321 0.00658188 -0.0086032 1.03276e-05
internal_weight=24.4661 14.663 9.80314 5.05918
internal_count=210 124 86 37
is_linear=0
shrinkage=0.03


Tree=33
num_leaves=5
num_cat=0
split_feature=6 2 1 1
split_gain=2.77794 0.557507 0.420819 0.32883
threshold=-0.46328340176312882 -0.40540344089131758 0.032556248843112652 0.041224399262750684
decision_type=2 2 2 2
left_child=2 -2 -1 -3
right_child=1 3 -4 -5
leaf_value=0.010321571418066042 -0.0089102304577223686 0.0032327466285900787 -0.0010953739015814646 -0.0035505444065770725
leaf_weight=6.7247174233198184 9.9405029751360434 5.0802932344377032 1.3814516067504881 1.3266719505190847
leaf_count=52 88 53 8 9
internal_value=-0.000260673 -0.00641958 0.00884552 0.000520201
internal_weight=24.4536 16.3475 8.10617 6.40697
internal_count=210 150 60 62
is_linear=0
shrinkage=0.03


Tree=34
num_leaves=5
num_cat=0
split_feature=6 2 1 5
split_gain=2.70645 0.538755 0.412879 0.326804
threshold=-0.46328340176312882 -0.40540344089131758 0.032556248843112652 -0.076226391087837561
decision_type=2 2 2 2
left_child=2 -2 -1 -3
right_child=1 3 -4 -5
leaf_value=0.010194656797419422 -0.0087887751886399166 0.0039533163210171852 -0.0010914067906713108 -0.002762966055524381
leaf_weight=6.7286128439009207 9.9141325838863867 2.0827073864638805 1.3812296688556669 4.326433088630437
leaf_count=52 88 22 8 40
internal_value=-0.000253146 -0.00633802 0.00873121 0.000498705
internal_weight=24.4331 16.3233 8.10984 6.40914
internal_count=210 150 60 62
is_linear=0
shrinkage=0.03


Tree=35
num_leaves=5
num_cat=0
split_feature=5 3 5 2
split_gain=2.64329 0.885002 0.465845 0.37507
threshold=0.25519208118562647 -0.039059436034713353 -0.72690019074459011 -1.8392793840731245
decision_type=2 2 2 2
left_child=1 -1 -3 -2
right_child=3 2 -4 -5
leaf_value=-0.0024870750104809877 0.00059565805158223902 -0.0012205018360064578 0.010143309539587236 -0.010224922917937647
leaf_weight=3.7354288399219504 2.2151861675083637 1.5256373472511757 10.157355297356846 6.7745133377611619
leaf_count=24 16 21 80 69
internal_value=-0.000232731 0.00614649 0.00878086 -0.00864901
internal_weight=24.4081 15.4184 11.683 8.9897
internal_count=210 125 101 85
is_linear=0
shrinkage=0.03


Tree=36
num_leaves=5
num_cat=0
split_feature=6 2 1 1
split_gain=2.5951 0.524183 0.40658 0.325358
threshold=-0.46328340176312882 -0.40540344089131758 0.032556248843112652 0.041224399262750684
decision_type=2 2 2 2
left_child=2 -2 -1 -3
right_child=1 3 -4 -5
leaf_value=0.010000177829885101 -0.0086414610639284559 0.0032088287892660474 -0.0011085025656818049 -0.0035384829056952995
leaf_weight=6.7314515598118323 9.8740446045994776 5.0771032869815818 1.3817144781351087 1.3242243081331251
leaf_count=52 88 53 8 9
internal_value=-0.000253883 -0.00621995 0.00854079 0.000506622
internal_weight=24.3885 16.2754 8.11317 6.40133
internal_count=210 150 60 62
is_linear=0
shrinkage=0.03


Tree=37
num_leaves=5
num_cat=0
split_feature=4 3 4 2
split_gain=2.53385 0.628467 0.60347 0.586136
threshold=0.020633256105168089 -0.039059436034713353 0.033894520272437341 -0.92983090515184541
decision_type=2 2 2 2
left_child=1 -1 -2 -4
right_child=2 -3 3 -5
leaf_value=-0.0017409951226260273 -0.011288146266775581 0.008356771858091392 -0.0041697165482395757 0.0050349491306226251
leaf_weight=3.5045396350324145 4.6870812214910966 11.16208850592375 3.2524022161960602 1.761116102337837
leaf_count=23 49 101 18 19
internal_value=-0.000247231 0.00621631 -0.00821458 0.00026362
internal_weight=24.3672 14.6666 9.7006 5.01352
internal_count=210 124 86 37
is_linear=0
shrinkage=0.03


Tree=38
num_leaves=5
num_cat=0
split_feature=6 2 1 1
split_gain=2.49752 0.500788 0.399655 0.318619
threshold=-0.46328340176312882 -0.40540344089131758 0.032556248843112652 0.041224399262750684
decision_type=2 2 2 2
left_child=2 -2 -1 -3
right_child=1 3 -4 -5
leaf_value=0.0098101980298142856 -0.0084972340627918284 0.003157120856409781 -0.0011222307022608906 -0.0035182883633430887
leaf_weight=6.7338791899383086 9.8363275341689604 5.079571831971406 1.3820766806602476 1.3213714659214018
leaf_count=52 88 53 8 9
internal_value=-0.00027329 -0.00612784 0.00835669 0.00047413
internal_weight=24.3532 16.2373 8.11596 6.40094
internal_count=210 150 60 62
is_linear=0
shrinkage=0.03


Tree=39
num_leaves=5
num_cat=0
split_feature=6 2 3 4
split_gain=2.43726 0.598951 0.221761 0.201989
threshold=-0.18853398853398576 -0.40540344089131758 -0.039059436034713353 0.066023593998785449
decision_type=2 2 2 2
left_child=2 3 -1 -2
right_child=1 -3 -4 -5
leaf_value=-8.0068133885418804e-05 -0.010352613135260664 0.00083011314663497125 0.0084392905589592646 0.00023954022892899574
leaf_weight=3.0237732566893092 6.9709237255156022 4.9730856381356707 8.0629078336060065 1.3007327467203138
leaf_count=19 70 46 69 6
internal_value=-0.000266861 -0.00690724 0.00717967 -0.00946747
internal_weight=24.3314 13.2447 11.0867 8.27166
internal_count=210 122 88 76
is_linear=0
shrinkage=0.03


Tree=40
num_leaves=5
num_cat=0
split_feature=6 2 1 5
split_gain=2.38724 0.469954 0.392975 0.314749
threshold=-0.46328340176312882 -0.40540344089131758 0.032556248843112652 -0.076226391087837561
decision_type=2 2 2 2
left_child=2 -2 -1 -3
right_child=1 3 -4 -5
leaf_value=0.0096151570121945206 -0.0082980289313607063 0.0038400201910121904 -0.0011381811936421306 -0.0027476070799432729
leaf_weight=6.7360110655426997 9.7879578880965727 2.0862949527800083 1.3825967609882353 4.3188810832798472
leaf_count=52 88 22 8 40
internal_value=-0.000267202 -0.00599898 0.00816641 0.000430898
internal_weight=24.3117 16.1931 8.11861 6.40518
internal_count=210 150 60 62
is_linear=0
shrinkage=0.03


Tree=41
num_leaves=5
num_cat=0
split_feature=5 3 5 2
split_gain=2.33805 0.83704 0.459538 0.398489
threshold=0.25519208118562647 -0.039059436034713353 -0.72690019074459011 -1.8392793840731245
decision_type=2 2 2 2
left_child=1 -1 -3 -2
right_child=3 2 -4 -5
leaf_value=-0.0025201745564765849 0.00079309408280932943 -0.0013007950206253584 0.009708522562503076 -0.0098477899411219122
leaf_weight=3.7327642813324919 2.1884450055658817 1.527158174663781 10.156445074826481 6.6806777752935869
leaf_count=24 16 21 80 69
internal_value=-0.000248366 0.00574771 0.00833325 -0.00819334
internal_weight=24.2855 15.4164 11.6836 8.86912
internal_count=210 125 101 85
is_linear=0
shrinkage=0.03


Tree=42
num_leaves=5
num_cat=0
split_feature=6 2 1 1
split_gain=2.28901 0.457509 0.386916 0.313983
threshold=-0.46328340176312882 -0.40540344089131758 0.032556248843112652 0.041224399262750684
decision_type=2 2 2 2
left_child=2 -2 -1 -3
right_child=1 3 -4 -5
leaf_value=0.0094329909248649299 -0.0081602503548101717 0.0031138326413598376 -0.0011540932979271746 -0.0035112920454276422
leaf_weight=6.7360003665089625 9.7485857158899325 5.0779434889554969 1.3829333782196043 1.3191767856478689
leaf_count=52 88 53 8 9
internal_value=-0.000268924 -0.00588809 0.00798797 0.000439422
internal_weight=24.2646 16.1457 8.11893 6.39712
internal_count=210 150 60 62
is_linear=0
shrinkage=0.03


Tree=43
num_leaves=5
num_cat=0
split_feature=4 4 3 2
split_gain=2.2386 0.647839 0.593948 0.555934
threshold=0.020633256105168089 0.033894520272437341 -0.039059436034713353 -0.92983090515184541
decision_type=2 2 2 2
left_child=2 -2 -1 -3
right_child=1 3 -4 -5
leaf_value=-0.0017842653787470992 -0.01098156729368783 -0.0039005113452598209 0.0079105227613035789 0.005085541165448809
leaf_weight=3.5030545704066745 4.6207031272351724 3.2074294239282608 11.15829097107053 1.7526445277035234
leaf_count=23 49 18 101 19
internal_value=-0.000263573 -0.00777831 0.00580991 0.000551657
internal_weight=24.2421 9.58078 14.6613 4.96007
internal_count=210 86 124 37
is_linear=0
shrinkage=0.03


Tree=44
num_leaves=5
num_cat=0
split_feature=6 2 1 1
split_gain=2.20329 0.436865 0.380283 0.307555
threshold=-0.46328340176312882 -0.40540344089131758 0.032556248843112652 0.041224399262750684
decision_type=2 2 2 2
left_child=2 -2 -1 -3
right_child=1 3 -4 -5
leaf_value=0.0092555327866386105 -0.0080247004672464196 0.0030642469279276571 -0.0011665862908618681 -0.0034913710132904994
leaf_weight=6.735776964575054 9.7114285193383711 5.0799759253859511 1.3831681013107298 1.316277243196964
leaf_count=52 88 53 8 9
internal_value=-0.000288073 -0.00580208 0.00781608 0.000408596
internal_weight=24.2266 16.1077 8.11895 6.39625
internal_count=210 150 60 62
is_linear=0
shrinkage=0.03


Tree=45
num_leaves=5
num_cat=0
split_feature=6 2 4 3
split_gain=2.15014 0.540168 0.211902 0.210143
threshold=-0.18853398853398576 -0.40540344089131758 0.066023593998785449 -0.039059436034713353
decision_type=2 2 2 2
left_child=3 2 -2 -1
right_child=1 -3 -4 -5
leaf_value=-0.00014519729712114294 -0.009904362469061994 0.00079567925501436768 0.00035171239145329167 0.0079387058319293664
leaf_weight=3.0252058394253245 6.8656390570104104 4.9669909477233878 1.2849809378385542 8.0609323903918284
leaf_count=19 70 46 6 69
internal_value=-0.000282899 -0.00653897 -0.0089845 0.00671006
internal_weight=24.2037 13.1176 8.15062 11.0861
internal_count=210 122 76 88
is_linear=0
shrinkage=0.03


Tree=46
num_leaves=5
num_cat=0
split_feature=5 1 5 2
split_gain=2.1086 0.80486 0.682366 0.412391
threshold=0.25519208118562647 0.041224399262750684 -0.60169370657788823 -1.8392793840731245
decision_type=2 2 2 2
left_child=1 2 -1 -2
right_child=3 -3 -4 -5
leaf_value=-0.0013232343365646763 0.00093498914302644757 -0.0033740791849791634 0.0098408893963288554 -0.0095549282012845384
leaf_weight=3.7151193208992472 2.1684517599642277 1.8171619474887837 9.8779197894036788 6.6042246297001821
leaf_count=38 16 12 75 69
internal_value=-0.000283146 0.00541499 0.00752205 -0.00784517
internal_weight=24.1829 15.4102 13.593 8.77268
internal_count=210 125 113 85
is_linear=0
shrinkage=0.03


Tree=47
num_leaves=5
num_cat=0
split_feature=6 2 1 1
split_gain=2.07567 0.409382 0.370727 0.300273
threshold=-0.46328340176312882 -0.40540344089131758 0.032556248843112652 0.041224399262750684
decision_type=2 2 2 2
left_child=2 -2 -1 -3
right_child=1 3 -4 -5
leaf_value=0.0089950330470196065 -0.0078177496840247801 0.0030096169897114366 -0.0011857506119112759 -0.0034667269461372738
leaf_weight=6.7346716932952422 9.6516724191606063 5.0804750807583323 1.3838365972042082 1.3135447874665258
leaf_count=52 88 53 8 9
internal_value=-0.000305461 -0.00566183 0.00756301 0.000376081
internal_weight=24.1642 16.0457 8.11851 6.39402
internal_count=210 150 60 62
is_linear=0
shrinkage=0.03


Tree=48
num_leaves=5
num_cat=0
split_feature=6 4 5 2
split_gain=2.02284 0.399366 0.605074 0.531962
threshold=-0.46328340176312882 0.033894520272437341 -0.076226391087837561 -0.92983090515184541
decision_type=2 2 2 2
left_child=-1 2 -2 -3
right_child=1 3 -4 -5
leaf_value=0.0074654585540481428 0.00079344830754690448 -0.0037022898887807323 -0.010105606901791209 0.0051096390008764248
leaf_weight=8.1184271536767501 4.4536085240542915 3.1728472113609314 6.6490809656679621 1.7469396702945221
leaf_count=60 43 18 70 19
internal_value=-0.000300683 -0.00559239 -0.00742943 0.000754228
internal_weight=24.1409 16.0225 11.1027 4.91979
internal_count=210 150 113 37
is_linear=0
shrinkage=0.03


Tree=49
num_leaves=5
num_cat=0
split_feature=4 4 3 2
split_gain=1.97827 0.666295 0.578487 0.52589
threshold=0.020633256105168089 0.033894520272437341 -0.039059436034713353 -0.92983090515184541
decision_type=2 2 2 2
left_child=2 -2 -1 -3
right_child=1 3 -4 -5
leaf_value=-0.0018866722860659752 -0.01065321433206153 -0.0036767845446716418 0.0075204493194479492 0.0050857361345240026
leaf_weight=3.5070086158812037 4.5477530285716039 3.1684460937976837 11.146779462695124 1.7494579181075094
leaf_count=23 49 18 101 19
internal_value=-0.000295821 -0.00737932 0.00541702 0.000759966
internal_weight=24.1194 9.46566 14.6538 4.9179
internal_count=210 86 124 37
is_linear=0
shrinkage=0.03


Tree=50
num_leaves=5
num_cat=0
split_feature=6 2 1 1
split_gain=1.94514 0.395204 0.365516 0.29499
threshold=-0.46328340176312882 -0.40540344089131758 0.032556248843112652 0.041224399262750684
decision_type=2 2 2 2
left_child=2 -2 -1 -3
right_child=1 3 -4 -5
leaf_value=0.008737708745271331 -0.0076322602351960043 0.0029962037417052825 -0.00122418733570377 -0.0034251969837741552
leaf_weight=6.7324037365615386 9.5990760363638383 5.0776675119996062 1.3853311240673063 1.3082728981971739
leaf_count=52 88 53 8 9
internal_value=-0.000318961 -0.00550866 0.00730031 0.000393185
internal_weight=24.1028 15.985 8.11773 6.38594
internal_count=210 150 60 62
is_linear=0
shrinkage=0.03


Tree=51
num_leaves=5
num_cat=0
split_feature=5 3 5 2
split_gain=1.8981 0.773319 0.446677 0.422325
threshold=0.25519208118562647 -0.039059436034713353 -0.72690019074459011 -1.8392793840731245
decision_type=2 2 2 2
left_child=1 -1 -3 -2
right_child=3 2 -4 -5
leaf_value=-0.002615122086720361 0.0010644389608388907 -0.0014237797980019393 0.0090243558633903674 -0.0092638438019741805
leaf_weight=3.7313386835157862 2.1496964730322361 1.5286810025572766 10.142611399292948 6.5267971307039243
leaf_count=24 16 21 80 69
internal_value=-0.000314515 0.00509595 0.00763036 -0.00750511
internal_weight=24.0791 15.4026 11.6713 8.67649
internal_count=210 125 101 85
is_linear=0
shrinkage=0.03


Tree=52
num_leaves=5
num_cat=0
split_feature=6 4 5 2
split_gain=1.8698 0.406752 0.565826 0.512974
threshold=-0.46328340176312882 0.033894520272437341 -0.076226391087837561 -0.92983090515184541
decision_type=2 2 2 2
left_child=-1 2 -2 -3
right_child=1 3 -4 -5
leaf_value=0.0071401658354805428 0.00072826383243165956 -0.0035785514928463108 -0.00988117548508014 0.0050881197888742275
leaf_weight=8.1141044758260268 4.4540470205247393 3.1503129899501801 6.5911795534193507 1.7470648437738407
leaf_count=60 43 18 70 19
internal_value=-0.000333705 -0.00542361 -0.00728973 0.000853264
internal_weight=24.0567 15.9426 11.0452 4.89738
internal_count=210 150 113 37
is_linear=0
shrinkage=0.03


Tree=53
num_leaves=5
num_cat=0
split_feature=6 4 5 2
split_gain=1.82019 0.400562 0.553989 0.507138
threshold=-0.46328340176312882 0.033894520272437341 -0.076226391087837561 -0.92983090515184541
decision_type=2 2 2 2
left_child=-1 2 -2 -3
right_child=1 3 -4 -5
leaf_value=0.0070440020895511015 0.00072150734781747461 -0.003554014416410344 -0.0097761347165445447 0.0050643309393226471
leaf_weight=8.1146408282220381 4.4545274898409835 3.1460057497024536 6.569907020777463 1.7495489455759514
leaf_count=60 43 18 70 19
internal_value=-0.000328445 -0.0053541 -0.00720878 0.000858143
internal_weight=24.0346 15.92 11.0244 4.89555
internal_count=210 150 113 37
is_linear=0
shrinkage=0.03


Tree=54
num_leaves=5
num_cat=0
split_feature=4 4 3 2
split_gain=1.78251 0.657585 0.557671 0.501369
threshold=0.020633256105168089 0.033894520272437341 -0.039059436034713353 -0.92983090515184541
decision_type=2 2 2 2
left_child=2 -2 -1 -3
right_child=1 3 -4 -5
leaf_value=-0.001940364529538649 -0.010335827513610004 -0.0035296680878204052 0.0071916806523747009 0.0050406383043723598
leaf_weight=3.5078561529517165 4.476658493280409 3.1417169570922852 11.134123232215645 1.752005200833082
leaf_count=23 49 18 101 19
internal_value=-0.000323319 -0.00706112 0.00510429 0.000862894
internal_weight=24.0124 9.37038 14.642 4.89372
internal_count=210 86 124 37
is_linear=0
shrinkage=0.03


Tree=55
num_leaves=5
num_cat=0
split_feature=6 4 5 2
split_gain=1.75048 0.394438 0.526035 0.495667
threshold=-0.46328340176312882 0.033894520272437341 -0.076226391087837561 -0.92983090515184541
decision_type=2 2 2 2
left_child=-1 2 -2 -3
right_child=1 3 -4 -5
leaf_value=0.0068886274742553074 0.00066803856180288202 -0.0035055096144583084 -0.0096221254381795279 0.0050170419608371493
leaf_weight=8.1123146638274211 4.4569419138133517 3.1374469324946404 6.5336045958101741 1.7544338293373574
leaf_count=60 43 18 70 19
internal_value=-0.000345424 -0.0052743 -0.00711895 0.000867522
internal_weight=23.9947 15.8824 10.9905 4.89188
internal_count=210 150 113 37
is_linear=0
shrinkage=0.03


Tree=56
num_leaves=5
num_cat=0
split_feature=6 4 5 2
split_gain=1.70416 0.388464 0.515071 0.490031
threshold=-0.46328340176312882 0.033894520272437341 -0.076226391087837561 -0.92983090515184541
decision_type=2 2 2 2
left_child=-1 2 -2 -3
right_child=1 3 -4 -5
leaf_value=0.0067960638321048197 0.00066183993396071172 -0.0034815377279877962 -0.0095204227553146951 0.0049935415687039318
leaf_weight=8.1123232841491717 4.4573734141886225 3.1331955716013908 6.5124446600675574 1.756834965199231
leaf_count=60 43 18 70 19
internal_value=-0.000340277 -0.00520701 -0.00704045 0.000872028
internal_weight=23.9722 15.8598 10.9698 4.89003
internal_count=210 150 113 37
is_linear=0
shrinkage=0.03


Tree=57
num_leaves=5
num_cat=0
split_feature=4 4 3 2
split_gain=1.67236 0.635761 0.549656 0.48446
threshold=0.020633256105168089 0.033894520272437341 -0.039059436034713353 -0.92983090515184541
decision_type=2 2 2 2
left_child=2 -2 -1 -3
right_child=1 3 -4 -5
leaf_value=-0.0019858833548390695 -0.01010279302372055 -0.003457751234671499 0.007012040960813609 0.0049701374005988131
leaf_weight=3.5096983239054671 4.4255182445049268 3.1289628595113754 11.126060713082554 1.7592087835073469
leaf_count=23 49 18 101 19
internal_value=-0.000335255 -0.00687025 0.00492407 0.000876414
internal_weight=23.9494 9.31369 14.6358 4.88817
internal_count=210 86 124 37
is_linear=0
shrinkage=0.03


Tree=58
num_leaves=5
num_cat=0
split_feature=6 2 1 1
split_gain=1.63912 0.387401 0.363182 0.290564
threshold=-0.46328340176312882 -0.40540344089131758 0.032556248843112652 0.041224399262750684
decision_type=2 2 2 2
left_child=2 -2 -1 -3
right_child=1 3 -4 -5
leaf_value=0.0081315042729306376 -0.0072498583460502723 0.003068767899220171 -0.0013686703983196514 -0.0033187939167118414
leaf_weight=6.7187112234532851 9.474888049066065 5.0542508773505679 1.3904254883527754 1.2930617183446882
leaf_count=52 88 53 8 9
internal_value=-0.000356985 -0.00513014 0.00664629 0.000533339
internal_weight=23.9313 15.8222 8.10914 6.34731
internal_count=210 150 60 62
is_linear=0
shrinkage=0.03


Tree=59
num_leaves=5
num_cat=0
split_feature=5 3 5 2
split_gain=1.60737 0.727131 0.441843 0.433466
threshold=0.25519208118562647 -0.039059436034713353 -0.72690019074459011 -1.8392793840731245
decision_type=2 2 2 2
left_child=1 -1 -3 -2
right_child=3 2 -4 -5
leaf_value=-0.0026793253724427483 0.0012528451892361073 -0.0015333422092487661 0.0085507926772917606 -0.0088233885558285877
leaf_weight=3.7289770208299151 2.1213391162455082 1.5305744446814049 10.121345371007921 6.4050548821687681
leaf_count=24 16 21 80 69
internal_value=-0.000353118 0.00463296 0.00712977 -0.00699337
internal_weight=23.9073 15.3809 11.6519 8.52639
internal_count=210 125 101 85
is_linear=0
shrinkage=0.03


Tree=60
num_leaves=5
num_cat=0
split_feature=6 4 5 2
split_gain=1.57534 0.394413 0.48155 0.472631
threshold=-0.46328340176312882 0.033894520272437341 -0.076226391087837561 -0.92983090515184541
decision_type=2 2 2 2
left_child=-1 2 -2 -3
right_child=1 3 -4 -5
leaf_value=0.0064988209698493135 0.00060213018478224819 -0.0033662757358261775 -0.0093131286895813733 0.004971346607929427
leaf_weight=8.1031224019825476 4.4571116566658011 3.1115445718169212 6.4554708525538436 1.756930325180291
leaf_count=60 43 18 70 19
internal_value=-0.000371477 -0.00505162 -0.00691196 0.000962486
internal_weight=23.8842 15.7811 10.9126 4.86847
internal_count=210 150 113 37
is_linear=0
shrinkage=0.03


Tree=61
num_leaves=5
num_cat=0
split_feature=4 4 3 2
split_gain=1.53545 0.633506 0.526394 0.467275
threshold=0.020633256105168089 0.033894520272437341 -0.039059436034713353 -0.92983090515184541
decision_type=2 2 2 2
left_child=2 -2 -1 -3
right_child=1 3 -4 -5
leaf_value=-0.0020024259577431634 -0.0098811186272198225 -0.0033433803689067319 0.0067396823924343145 0.0049480598596999149
leaf_weight=3.5081901215016833 4.3720071427524072 3.1074087023735046 11.114228729158642 1.7592702284455297
leaf_count=23 49 18 101 19
internal_value=-0.000366053 -0.00663502 0.00468086 0.000966088
internal_weight=23.8611 9.23869 14.6224 4.86668
internal_count=210 86 124 37
is_linear=0
shrinkage=0.03


Tree=62
num_leaves=5
num_cat=0
split_feature=6 4 2 5
split_gain=1.5154 0.388234 0.46198 0.457149
threshold=-0.46328340176312882 0.033894520272437341 -0.92983090515184541 -0.076226391087837561
decision_type=2 2 2 2
left_child=-1 3 -3 -2
right_child=1 2 -4 -5
leaf_value=0.006356174537489173 0.00055306057840954039 -0.0033206604810837189 0.0049248686342052714 -0.0091681802382345221
leaf_weight=8.0989482216537017 4.4590358994901171 3.103291854262352 1.761583313345908 6.41957177594304
leaf_count=60 43 18 19 70
internal_value=-0.000386737 -0.00497711 0.000969579 -0.00682713
internal_weight=23.8424 15.7435 4.86488 10.8786
internal_count=210 150 37 113
is_linear=0
shrinkage=0.03


Tree=63
num_leaves=5
num_cat=0
split_feature=6 4 2 5
split_gain=1.47545 0.382394 0.456747 0.447688
threshold=-0.46328340176312882 0.033894520272437341 -0.92983090515184541 -0.076226391087837561
decision_type=2 2 2 2
left_child=-1 3 -3 -2
right_child=1 2 -4 -5
leaf_value=0.0062711946197274169 0.00054793066994687149 -0.0032981140223214411 0.0049017725908164812 -0.0090723091495758593
leaf_weight=8.0979581028223055 4.4593776464462271 3.0991942062973976 1.7638696990907181 6.3987774327397338
leaf_count=60 43 18 19 70
internal_value=-0.000381294 -0.00491388 0.000972961 -0.00675285
internal_weight=23.8192 15.7212 4.86306 10.8582
internal_count=210 150 37 113
is_linear=0
shrinkage=0.03


Tree=64
num_leaves=5
num_cat=0
split_feature=5 3 5 2
split_gain=1.4431 0.696415 0.434549 0.433725
threshold=0.25519208118562647 -0.039059436034713353 -0.72690019074459011 -1.8392793840731245
decision_type=2 2 2 2
left_child=1 -1 -3 -2
right_child=3 2 -4 -5
leaf_value=-0.002707936742619179 0.0013465543020704273 -0.0015870116770978094 0.0082516318698296204 -0.0085418771727818095
leaf_weight=3.7267484702169886 2.1067605577409267 1.5313233882188786 10.106110330671074 6.3248952180147153
leaf_count=24 16 21 80 69
internal_value=-0.000375967 0.00435404 0.00682188 -0.00668105
internal_weight=23.7958 15.3642 11.6374 8.43166
internal_count=210 125 101 85
is_linear=0
shrinkage=0.03


Tree=65
num_leaves=5
num_cat=0
split_feature=6 4 2 5
split_gain=1.41687 0.382289 0.451185 0.428596
threshold=-0.46328340176312882 0.033894520272437341 -0.92983090515184541 -0.076226391087837561
decision_type=2 2 2 2
left_child=-1 3 -3 -2
right_child=1 2 -4 -5
leaf_value=0.0061295758195775421 0.00050962855927763335 -0.0032584873448774946 0.0048973339313209286 -0.0089522906513560055
leaf_weight=8.0922633968293685 4.4601494260132304 3.0909466743469238 1.762725606560706 6.3663348592817774
leaf_count=60 43 18 19 70
internal_value=-0.000393803 -0.00483632 0.00100644 -0.00668125
internal_weight=23.7724 15.6802 4.85367 10.8265
internal_count=210 150 37 113
is_linear=0
shrinkage=0.03


Tree=66
num_leaves=5
num_cat=0
split_feature=4 4 3 2
split_gain=1.38432 0.609047 0.508087 0.446082
threshold=0.020633256105168089 0.033894520272437341 -0.039059436034713353 -0.92983090515184541
decision_type=2 2 2 2
left_child=2 -2 -1 -3
right_child=1 3 -4 -5
leaf_value=-0.0020484638471988635 -0.0095564973451933016 -0.0032364203303925521 0.0064557611260877591 0.0048743707400211826
leaf_weight=3.5088471733033648 4.294287156313656 3.0869056358933449 11.093968745321037 1.7649750746786592
leaf_count=23 49 18 101 19
internal_value=-0.000388336 -0.00635173 0.00441028 0.00100944
internal_weight=23.749 9.14617 14.6028 4.85188
internal_count=210 86 124 37
is_linear=0
shrinkage=0.03


Tree=67
num_leaves=5
num_cat=0
split_feature=6 2 1 1
split_gain=1.36319 0.377253 0.358661 0.286647
threshold=-0.46328340176312882 -0.40540344089131758 0.032556248843112652 0.041224399262750684
decision_type=2 2 2 2
left_child=2 -2 -1 -3
right_child=1 3 -4 -5
leaf_value=0.0075307410978565706 -0.0068771777650157451 0.0031384890939231786 -0.0015162258629069184 -0.0032231702158568901
leaf_weight=6.6931637339293975 9.3412512056529504 5.0247062370181075 1.393849119544029 1.2768150046467779
leaf_count=52 88 53 8 9
internal_value=-0.000408221 -0.00476569 0.00599525 0.000662992
internal_weight=23.7298 15.6428 8.08701 6.30152
internal_count=210 150 60 62
is_linear=0
shrinkage=0.03


Tree=68
num_leaves=5
num_cat=0
split_feature=6 4 2 5
split_gain=1.3282 0.381433 0.435597 0.409747
threshold=-0.46328340176312882 0.033894520272437341 -0.92983090515184541 -0.076226391087837561
decision_type=2 2 2 2
left_child=-1 3 -3 -2
right_child=1 2 -4 -5
leaf_value=0.0059161867850602958 0.00048806783522534647 -0.0031680477015649192 0.0048560679627278908 -0.0087857434039303132
leaf_weight=8.0839170999825019 4.4588644467294207 3.0743109881877899 1.7661550976335991 6.3224098011851302
leaf_count=60 43 18 19 70
internal_value=-0.000404756 -0.00470813 0.00105908 -0.00656108
internal_weight=23.7057 15.6217 4.84047 10.7813
internal_count=210 150 37 113
is_linear=0
shrinkage=0.03


Tree=69
num_leaves=5
num_cat=0
split_feature=4 4 3 2
split_gain=1.30001 0.603319 0.498917 0.430679
threshold=0.020633256105168089 0.033894520272437341 -0.039059436034713353 -0.92983090515184541
decision_type=2 2 2 2
left_child=2 -2 -1 -3
right_child=1 3 -4 -5
leaf_value=-0.002080664576547527 -0.0093889754276965682 -0.0031466677904904649 0.0062961877281873906 0.0048332828960244937
leaf_weight=3.5085098035633555 4.2532390393316728 3.0703496411442757 11.08165028318763 1.7683551385998724
leaf_count=23 49 18 101 19
internal_value=-0.00039915 -0.00618437 0.00425485 0.00106153
internal_weight=23.6821 9.09194 14.5902 4.8387
internal_count=210 86 124 37
is_linear=0
shrinkage=0.03


Tree=70
num_leaves=5
num_cat=0
split_feature=6 4 2 5
split_gain=1.27797 0.375344 0.425818 0.388847
threshold=-0.46328340176312882 0.033894520272437341 -0.92983090515184541 -0.076226391087837561
decision_type=2 2 2 2
left_child=-1 3 -3 -2
right_child=1 2 -4 -5
leaf_value=0.0057866295974880987 0.00044333151815178367 -0.0031254489367895902 0.0048105927474832652 -0.0086507198188929806
leaf_weight=8.0781179293990153 4.4603426009416571 3.0664076805114746 1.7705293036997307 6.2872908301651469
leaf_count=60 43 18 19 70
internal_value=-0.00041856 -0.00463956 0.00106389 -0.006482
internal_weight=23.6627 15.5846 4.83694 10.7476
internal_count=210 150 37 113
is_linear=0
shrinkage=0.03


Tree=71
num_leaves=5
num_cat=0
split_feature=5 1 5 2
split_gain=1.24711 0.663396 0.707016 0.43891
threshold=0.25519208118562647 0.041224399262750684 -0.60169370657788823 -1.8392793840731245
decision_type=2 2 2 2
left_child=1 2 -1 -2
right_child=3 -3 -4 -5
leaf_value=-0.0019618564373070804 0.001488836127983062 -0.0034704961651362003 0.0085331094718466543 -0.0082042560220824279
leaf_weight=3.7118798084557048 2.084110502153635 1.8049841299653042 9.8151688762009162 6.2229241579771024
leaf_count=38 16 12 75 69
internal_value=-0.000412932 0.00399554 0.00604344 -0.00628752
internal_weight=23.6391 15.332 13.527 8.30703
internal_count=210 125 113 85
is_linear=0
shrinkage=0.03


Tree=72
num_leaves=5
num_cat=0
split_feature=6 4 2 5
split_gain=1.22573 0.374643 0.420687 0.371962
threshold=-0.46328340176312882 0.033894520272437341 -0.92983090515184541 -0.076226391087837561
decision_type=2 2 2 2
left_child=-1 3 -3 -2
right_child=1 2 -4 -5
leaf_value=0.0056490966494236036 0.00040741076152842889 -0.0030890048058371572 0.0048051234792137951 -0.0085363080364366951
leaf_weight=8.0728078410029429 4.4619948454201213 3.0585817843675613 1.7694091945886601 6.2557257600128642
leaf_count=60 43 18 19 70
internal_value=-0.000433137 -0.00456658 0.00109357 -0.00641344
internal_weight=23.6185 15.5457 4.82799 10.7177
internal_count=210 150 37 113
is_linear=0
shrinkage=0.03


Tree=73
num_leaves=5
num_cat=0
split_feature=6 2 1 1
split_gain=1.19357 0.370279 0.349202 0.280737
threshold=-0.46328340176312882 -0.40540344089131758 0.032556248843112652 0.041224399262750684
decision_type=2 2 2 2
left_child=2 -2 -1 -3
right_child=1 3 -4 -5
leaf_value=0.0071268225466784721 -0.0066166958978829569 0.0031735871768800664 -0.0015894222772154592 -0.0031363088455859216
leaf_weight=6.6750001944601554 9.2515726797282678 5.0077079348266116 1.3957623392343519 1.2648301720619199
leaf_count=52 88 53 8 9
internal_value=-0.00042734 -0.00450882 0.00557404 0.000755769
internal_weight=23.5949 15.5241 8.07076 6.27254
internal_count=210 150 60 62
is_linear=0
shrinkage=0.03


Tree=74
num_leaves=5
num_cat=0
split_feature=4 4 3 2
split_gain=1.17102 0.593046 0.491686 0.410785
threshold=0.020633256105168089 0.033894520272437341 -0.039059436034713353 -0.92983090515184541
decision_type=2 2 2 2
left_child=2 -2 -1 -3
right_child=1 3 -4 -5
leaf_value=-0.0021643197791855738 -0.0091245934157667356 -0.0030237755680310925 0.0060572399564497743 0.0047865532529722055
leaf_weight=3.5108828283846369 4.1857209689915162 3.0463487431406975 11.057326037436725 1.7705559097230432
leaf_count=23 49 18 101 19
internal_value=-0.000424189 -0.00592275 0.00400141 0.00113999
internal_weight=23.5708 9.00263 14.5682 4.8169
internal_count=210 86 124 37
is_linear=0
shrinkage=0.03


Tree=75
num_leaves=5
num_cat=0
split_feature=6 4 2 5
split_gain=1.14913 0.373279 0.406163 0.35568
threshold=-0.46328340176312882 0.033894520272437341 -0.92983090515184541 -0.076226391087837561
decision_type=2 2 2 2
left_child=-1 3 -3 -2
right_child=1 2 -4 -5
leaf_value=0.0054518934442304556 0.00038837712896177819 -0.0030034876400030957 0.0047640847114673651 -0.008379825361602887
leaf_weight=8.0626303441822547 4.460467778146266 3.0425236970186234 1.7726698257029045 6.2128873579204074
leaf_count=60 43 18 19 70
internal_value=-0.000442803 -0.00444639 0.00114159 -0.00630014
internal_weight=23.5512 15.4885 4.81519 10.6734
internal_count=210 150 37 113
is_linear=0
shrinkage=0.03


Tree=76
num_leaves=5
num_cat=0
split_feature=4 4 3 5
split_gain=1.12029 0.579933 0.481595 0.406368
threshold=0.020633256105168089 0.033894520272437341 -0.039059436034713353 -0.72690019074459011
decision_type=2 2 2 2
left_child=2 -2 -1 -4
right_child=1 -3 3 -5
leaf_value=-0.0021713137159460865 -0.0089923596003737595 0.0011431083765097623 -0.0017157608432641174 0.0074188650949121877
leaf_weight=3.510351635515689 4.1530057564377767 4.813476350158453 1.531659111380576 9.5190360434353369
leaf_count=23 49 37 21 80
internal_value=-0.000436871 -0.00581739 0.00389594 0.00593916
internal_weight=23.5275 8.96648 14.561 11.0507
internal_count=210 86 124 101
is_linear=0
shrinkage=0.03


Tree=77
num_leaves=5
num_cat=0
split_feature=6 4 2 1
split_gain=1.10599 0.364923 0.402038 0.342843
threshold=-0.46328340176312882 0.033894520272437341 -0.92983090515184541 0.032556248843112652
decision_type=2 2 2 2
left_child=3 -2 -3 -1
right_child=1 2 -4 -5
leaf_value=0.0068894523947227396 -0.0062239915536958972 -0.0029910133488085392 0.0047363397712795238 -0.0016306263729384228
leaf_weight=6.6591758951544779 10.640099737793205 3.0401670709252357 1.7752575017511834 1.3958905786275861
leaf_count=52 113 18 19 8
internal_value=-0.0004627 -0.00438787 0.00113181 0.0053276
internal_weight=23.5106 15.4555 4.81542 8.05507
internal_count=210 150 37 60
is_linear=0
shrinkage=0.03


Tree=78
num_leaves=5
num_cat=0
split_feature=5 3 2 5
split_gain=1.08957 0.625615 0.439863 0.412996
threshold=0.25519208118562647 -0.039059436034713353 -1.8392793840731245 -0.72690019074459011
decision_type=2 2 2 2
left_child=1 -1 -2 -3
right_child=2 3 -4 -5
leaf_value=-0.002781691670447348 0.0016031312176777875 -0.001704014785797523 -0.0079039403237165396 0.0075398662881354384
leaf_weight=3.7166325375437728 2.0653152987360954 1.5305305011570443 6.1289945989847165 10.044943388551475
leaf_count=24 16 21 69 80
internal_value=-0.000442202 0.00369019 -0.00594363 0.00609433
internal_weight=23.4864 15.2921 8.19431 11.5755
internal_count=210 125 85 101
is_linear=0
shrinkage=0.03


Tree=79
num_leaves=5
num_cat=0
split_feature=6 2 1 3
split_gain=1.06122 0.459424 0.30429 0.292552
threshold=-0.18853398853398576 -0.40540344089131758 0.0010862915025356969 -0.026281570895989644
decision_type=2 2 2 2
left_child=3 -2 -3 -1
right_child=1 2 -4 -5
leaf_value=0.0064626524813434852 -0.0072555614716176952 0.0041494410728661483 -0.0025988612415836368 -0.00073715901252635629
leaf_weight=6.29696374386549 7.6318340376019478 2.2482315190136415 2.5918389409780502 4.6938722319901007
leaf_count=42 76 27 19 46
internal_value=-0.000458423 -0.00488744 0.00121959 0.00450148
internal_weight=23.4627 12.4719 4.84007 10.9908
internal_count=210 122 46 88
is_linear=0
shrinkage=0.03


Tree=80
num_leaves=5
num_cat=0
split_feature=4 4 3 2
split_gain=1.03743 0.575804 0.465178 0.391924
threshold=0.020633256105168089 0.033894520272437341 -0.039059436034713353 -0.92983090515184541
decision_type=2 2 2 2
left_child=2 -2 -1 -3
right_child=1 3 -4 -5
leaf_value=-0.0021800724485653514 -0.0088129330731050379 -0.0029080118252646243 0.0057517806277238319 0.0047378242126496599
leaf_weight=3.5079366639256468 4.1050552800297719 3.0234066098928452 11.03219008818269 1.7729998938739298
leaf_count=23 49 18 101 19
internal_value=-0.000444849 -0.00562923 0.00372958 0.00121017
internal_weight=23.4416 8.90146 14.5401 4.79641
internal_count=210 86 124 37
is_linear=0
shrinkage=0.03


Tree=81
num_leaves=5
num_cat=0
split_feature=6 4 2 1
split_gain=1.02338 0.367897 0.387528 0.336286
threshold=-0.46328340176312882 0.033894520272437341 -0.92983090515184541 0.032556248843112652
decision_type=2 2 2 2
left_child=3 -2 -3 -1
right_child=1 2 -4 -5
leaf_value=0.0066792987156665514 -0.0061005905870610729 -0.0028885941007219498 0.0047155844831342376 -0.0016631295932355943
leaf_weight=6.6441778130829352 10.586926851421593 3.0196961164474487 1.7750524505972851 1.3958656340837476
leaf_count=52 113 18 19 8
internal_value=-0.000462458 -0.00424222 0.00121108 0.00511189
internal_weight=23.4217 15.3817 4.79475 8.04004
internal_count=210 150 37 60
is_linear=0
shrinkage=0.03


Tree=82
num_leaves=5
num_cat=0
split_feature=5 1 5 2
split_gain=1.00553 0.607978 0.686025 0.43926
threshold=0.25519208118562647 0.041224399262750684 -0.60169370657788823 -1.8392793840731245
decision_type=2 2 2 2
left_child=1 2 -1 -2
right_child=3 -3 -4 -5
leaf_value=-0.002105767424290765 0.0016689195076884701 -0.0034627920356700486 0.0080377291794356091 -0.0077216481541399762
leaf_weight=3.7020204216241828 2.0544740743935108 1.7970112860202778 9.7717705294489878 6.0724065192043764
leaf_count=38 16 12 75 69
internal_value=-0.000442284 0.00353041 0.00554094 -0.00573665
internal_weight=23.3977 15.2708 13.4738 8.12688
internal_count=210 125 113 85
is_linear=0
shrinkage=0.03


Tree=83
num_leaves=5
num_cat=0
split_feature=6 2 1 3
split_gain=0.978532 0.44914 0.298027 0.292939
threshold=-0.18853398853398576 -0.40540344089131758 0.0010862915025356969 -0.026281570895989644
decision_type=2 2 2 2
left_child=3 -2 -3 -1
right_child=1 2 -4 -5
leaf_value=0.0062809966855313908 -0.0070753628471354555 0.0041400099868997902 -0.0025488804868297648 -0.00081767024323795587
leaf_weight=6.2906616255640984 7.574042234569788 2.2447906248271448 2.5821929983794689 4.6852904967963713
leaf_count=42 76 27 19 46
internal_value=-0.00046157 -0.00471941 0.00125602 0.00430559
internal_weight=23.377 12.401 4.82698 10.976
internal_count=210 122 46 88
is_linear=0
shrinkage=0.03


Tree=84
num_leaves=5
num_cat=0
split_feature=4 4 3 5
split_gain=0.958164 0.573378 0.460388 0.382819
threshold=0.020633256105168089 0.033894520272437341 -0.039059436034713353 -0.72690019074459011
decision_type=2 2 2 2
left_child=2 -2 -1 -4
right_child=1 -3 3 -5
leaf_value=-0.0022351382172680705 -0.0086370124542442563 0.0012851657948007484 -0.0017152909919293643 0.0070538840742337553
leaf_weight=3.5087415426969519 4.057535879313944 4.7762073092162609 1.5288903713226307 9.4845903180539626
leaf_count=23 49 37 21 80
internal_value=-0.000448271 -0.00543839 0.00356708 0.00559958
internal_weight=23.356 8.83374 14.5222 11.0135
internal_count=210 86 124 101
is_linear=0
shrinkage=0.03


Tree=85
num_leaves=5
num_cat=0
split_feature=6 4 2 1
split_gain=0.945535 0.3677 0.378265 0.327235
threshold=-0.46328340176312882 0.033894520272437341 -0.92983090515184541 0.032556248843112652
decision_type=2 2 2 2
left_child=3 -2 -3 -1
right_child=1 2 -4 -5
leaf_value=0.0064582984780966754 -0.0059785519266327379 -0.0028174973476891517 0.0047095401978337935 -0.0016854781226470646
leaf_weight=6.6288914754986781 10.5355206169188 3.0050134733319283 1.7733954191207875 1.3961124569177625
leaf_count=52 113 18 19 8
internal_value=-0.000473337 -0.00410711 0.00127251 0.00489245
internal_weight=23.3389 15.3139 4.77841 8.025
internal_count=210 150 37 60
is_linear=0
shrinkage=0.03


Tree=86
num_leaves=5
num_cat=0
split_feature=5 3 2 5
split_gain=0.929253 0.594248 0.435568 0.389151
threshold=0.25519208118562647 -0.039059436034713353 -1.8392793840731245 -0.72690019074459011
decision_type=2 2 2 2
left_child=1 -1 -2 -3
right_child=2 3 -4 -5
leaf_value=-0.0028253697239032853 0.0017164931300364509 -0.0017035428327423889 -0.0075482631937223025 0.0071714818805014404
leaf_weight=3.7113979496061793 2.0464060977101326 1.527728896588086 6.0184468291699869 10.011055771261455
leaf_count=24 16 21 69 80
internal_value=-0.00045333 0.00337151 -0.00554856 0.00575106
internal_weight=23.315 15.2502 8.06485 11.5388
internal_count=210 125 85 101
is_linear=0
shrinkage=0.03


Tree=87
num_leaves=5
num_cat=0
split_feature=4 4 3 2
split_gain=0.905579 0.561579 0.439176 0.373893
threshold=0.020633256105168089 0.033894520272437341 -0.039059436034713353 -0.92983090515184541
decision_type=2 2 2 2
left_child=2 -2 -1 -3
right_child=1 3 -4 -5
leaf_value=-0.0022032776983502709 -0.0084979407154396006 -0.0027858351475443755 0.0054346001827683017 0.0047040972626197063
leaf_weight=3.504011031240224 4.019591957330702 2.9978924170136452 10.997673340141775 1.7723135985434053
leaf_count=23 49 18 101 19
internal_value=-0.000468849 -0.00532042 0.00344306 0.00129776
internal_weight=23.2915 8.7898 14.5017 4.77021
internal_count=210 86 124 37
is_linear=0
shrinkage=0.03


Tree=88
num_leaves=5
num_cat=0
split_feature=6 4 2 1
split_gain=0.893306 0.363849 0.369716 0.321195
threshold=-0.46328340176312882 0.033894520272437341 -0.92983090515184541 0.032556248843112652
decision_type=2 2 2 2
left_child=3 -2 -3 -1
right_child=1 2 -4 -5
leaf_value=0.0063039792427222983 -0.0058866908917993678 -0.0027673331542866744 0.0046820424079403048 -0.0017034409829759531
leaf_weight=6.6140448115766066 10.493471644818781 2.9943102896213531 1.7743173018097866 1.3954019770026205
leaf_count=52 113 18 19 8
internal_value=-0.000485318 -0.00401671 0.0012979 0.00473769
internal_weight=23.2715 15.2621 4.76863 8.00945
internal_count=210 150 37 60
is_linear=0
shrinkage=0.03


Tree=89
num_leaves=5
num_cat=0
split_feature=4 4 3 5
split_gain=0.87479 0.550761 0.429957 0.365822
threshold=0.020633256105168089 0.033894520272437341 -0.039059436034713353 -0.72690019074459011
decision_type=2 2 2 2
left_child=2 -2 -1 -4
right_child=1 -3 3 -5
leaf_value=-0.002193102412274574 -0.0083923173974895932 0.0012979814652588032 -0.0017133723472658499 0.0067902068952075643
leaf_weight=3.5008994936943045 3.9920804686844331 4.7670438885688782 1.5270812921226014 9.4606708437204379
leaf_count=23 49 37 21 80
internal_value=-0.000465465 -0.00523791 0.00338046 0.00535511
internal_weight=23.2478 8.75912 14.4887 10.9878
internal_count=210 86 124 101
is_linear=0
shrinkage=0.03


Tree=90
num_leaves=5
num_cat=0
split_feature=6 2 3 3
split_gain=0.859719 0.439 0.311959 0.296948
threshold=-0.18853398853398576 -0.40540344089131758 -0.026281570895989644 -0.039059436034713353
decision_type=2 2 2 2
left_child=2 -2 3 -1
right_child=1 -3 -4 -5
leaf_value=-0.00061754733337703483 -0.0068335580132892594 0.0013257314335543805 -0.0010304603144103647 0.0080671505677779465
leaf_weight=3.0335355363786221 7.4911184869706631 4.8017793856561166 4.6666469722986239 3.2375193573534489
leaf_count=19 76 46 46 23
internal_value=-0.000489806 -0.0044814 0.00399408 0.00606846
internal_weight=23.2306 12.2929 10.9377 6.27105
internal_count=210 122 88 42
is_linear=0
shrinkage=0.03


Tree=91
num_leaves=5
num_cat=0
split_feature=5 1 5 2
split_gain=0.84417 0.570027 0.650994 0.432166
threshold=0.25519208118562647 0.041224399262750684 -0.60169370657788823 -1.8392793840731245
decision_type=2 2 2 2
left_child=1 2 -1 -2
right_child=3 -3 -4 -5
leaf_value=-0.0021485762344831687 0.0017770903653707756 -0.0034664500860754469 0.0076341811603684428 -0.0073499365697447354
leaf_weight=3.6918681710958472 2.035903912037611 1.7915396243333805 9.73361859098077 5.9542623385787001
leaf_count=38 16 12 75 69
internal_value=-0.00046727 0.00318663 0.00517522 -0.00532924
internal_weight=23.2072 15.217 13.4255 7.99017
internal_count=210 125 113 85
is_linear=0
shrinkage=0.03


Tree=92
num_leaves=5
num_cat=0
split_feature=6 4 2 2
split_gain=0.828001 0.363518 0.361265 0.316042
threshold=-0.46328340176312882 0.033894520272437341 -0.92983090515184541 -0.048384210431519047
decision_type=2 2 2 2
left_child=-1 3 -3 -2
right_child=1 2 -4 -5
leaf_value=0.0045485488943264154 -0.007293895960535657 -0.0027005151634848256 0.0046781772474036648 0.0010066425710417973
leaf_weight=7.9909845106303719 7.9045910090208054 2.9802753552794456 1.7724753655493248 2.5381521545350534
leaf_count=60 94 18 19 19
internal_value=-0.000485728 -0.0038877 0.00135706 -0.00577089
internal_weight=23.1865 15.1955 4.75275 10.4427
internal_count=210 150 37 113
is_linear=0
shrinkage=0.03


Tree=93
num_leaves=5
num_cat=0
split_feature=4 4 3 3
split_gain=0.812311 0.546762 0.416005 0.364782
threshold=0.020633256105168089 0.033894520272437341 -0.039059436034713353 -0.026281570895989644
decision_type=2 2 2 2
left_child=2 -2 -1 -4
right_child=1 -3 3 -5
leaf_value=-0.002197393296944588 -0.0082368344414237588 0.0013566804574488322 0.0080262244997699548 -0.00014333581708117913
leaf_weight=3.4985137656331053 3.9474004171788675 4.7512282505631447 3.8812353722751132 7.0860147140920189
leaf_count=23 49 37 31 70
internal_value=-0.000469371 -0.00507362 0.0032414 0.00519691
internal_weight=23.1644 8.69863 14.4658 10.9673
internal_count=210 86 124 101
is_linear=0
shrinkage=0.03


Tree=94
num_leaves=5
num_cat=0
split_feature=6 2 3 1
split_gain=0.801966 0.427981 0.303502 0.290009
threshold=-0.18853398853398576 -0.40540344089131758 -0.026281570895989644 0.0010862915025356969
decision_type=2 2 2 2
left_child=2 -2 -1 -3
right_child=1 3 -4 -5
leaf_value=0.0059163100749286615 -0.0066669245350346766 0.0041622715166545867 -0.0010498519116240925 -0.002461893400020379
leaf_weight=6.2588173598051071 7.4369980320334435 2.231391675770281 4.6598258540034312 2.5595577321946621
leaf_count=42 76 27 46 19
internal_value=-0.000466398 -0.00433063 0.00386266 0.00135151
internal_weight=23.1466 12.2279 10.9186 4.79095
internal_count=210 122 88 46
is_linear=0
shrinkage=0.03


Tree=95
num_leaves=5
num_cat=0
split_feature=4 4 3 2
split_gain=0.783101 0.544134 0.414465 0.352919
threshold=0.020633256105168089 0.033894520272437341 -0.039059436034713353 -0.92983090515184541
decision_type=2 2 2 2
left_child=2 -2 -1 -3
right_child=1 3 -4 -5
leaf_value=-0.0022162189104008322 -0.0081483987851164764 -0.0026475480442642433 0.0051465729580679534 0.0046550315156757612
leaf_weight=3.4991131685674182 3.9232873171567899 2.9699055403470993 10.959904171526434 1.7739746421575544
leaf_count=23 49 18 101 19
internal_value=-0.00045366 -0.00498108 0.00318716 0.00138836
internal_weight=23.1262 8.66717 14.459 4.74388
internal_count=210 86 124 37
is_linear=0
shrinkage=0.03


Tree=96
num_leaves=5
num_cat=0
split_feature=6 2 3 3
split_gain=0.769108 0.416561 0.30254 0.290172
threshold=-0.18853398853398576 -0.40540344089131758 -0.026281570895989644 -0.039059436034713353
decision_type=2 2 2 2
left_child=2 -2 3 -1
right_child=1 -3 -4 -5
leaf_value=-0.00065860285776293815 -0.0065651593714013056 0.0013409336868916075 -0.001084061921954566 0.0078184029424712802
leaf_weight=3.0343056693673134 7.405081931501627 4.7876427136361581 4.6580020934343356 3.2213690280914307
leaf_count=19 76 46 46 23
internal_value=-0.000469471 -0.00425535 0.00377243 0.00583092
internal_weight=23.1064 12.1927 10.9137 6.25567
internal_count=210 122 88 42
is_linear=0
shrinkage=0.03


Tree=97
num_leaves=5
num_cat=0
split_feature=6 4 2 1
split_gain=0.75562 0.361833 0.344509 0.309145
threshold=-0.46328340176312882 0.033894520272437341 -0.92983090515184541 0.032556248843112652
decision_type=2 2 2 2
left_child=3 -2 -3 -1
right_child=1 2 -4 -5
leaf_value=0.0059352086288551528 -0.0056079104204738205 -0.0025867765352426495 0.0046414600509640941 -0.0017628758191632402
leaf_weight=6.5794901847839382 10.376524161547421 2.9579312801361084 1.774632304906844 1.3948348835110662
leaf_count=52 113 18 19 8
internal_value=-0.000448033 -0.00370931 0.00143439 0.00435705
internal_weight=23.0834 15.1091 4.73256 7.97433
internal_count=210 150 37 60
is_linear=0
shrinkage=0.03


Tree=98
num_leaves=5
num_cat=0
split_feature=5 1 5 2
split_gain=0.746624 0.54572 0.633325 0.43384
threshold=0.25519208118562647 0.041224399262750684 -0.60169370657788823 -1.8392793840731245
decision_type=2 2 2 2
left_child=1 2 -1 -2
right_child=3 -3 -4 -5
leaf_value=-0.0021785088480107007 0.0018932034582319925 -0.0034489541330534695 0.0074141964829148076 -0.0070928733652945632
leaf_weight=3.6845003254711619 2.0160353593528271 1.7879714295268048 9.7029199637472647 5.8688088059425345
leaf_count=38 16 12 75 69
internal_value=-0.000429317 0.00300346 0.00497146 -0.00502138
internal_weight=23.0602 15.1754 13.3874 7.88484
internal_count=210 125 113 85
is_linear=0
shrinkage=0.03


Tree=99
num_leaves=5
num_cat=0
split_feature=6 4 4 2
split_gain=0.725971 0.312288 0.381534 0.340607
threshold=-0.62622549019607932 0.033894520272437341 0.020633256105168089 -0.92983090515184541
decision_type=2 2 2 2
left_child=-1 2 -2 -3
right_child=1 3 -4 -5
leaf_value=0.0048611689303293491 -2.5271502801742853e-05 -0.0025591627480181811 -0.0079962134938946772 0.0046345225600739883
leaf_weight=5.4799079746007946 8.9551310986280459 2.9514424949884415 3.8797077983617774 1.7736047320067871
leaf_count=39 85 18 49 19
internal_value=-0.000447748 -0.00326721 -0.00488132 0.00145468
internal_weight=23.0398 17.5599 12.8348 4.72505
internal_count=210 171 134 37
is_linear=0
shrinkage=0.03


Tree=100
num_leaves=5
num_cat=0
split_feature=4 4 3 3
split_gain=0.711479 0.535439 0.403165 0.352974
threshold=0.020633256105168089 0.033894520272437341 -0.039059436034713353 -0.026281570895989644
decision_type=2 2 2 2
left_child=2 -2 -1 -4
right_child=1 -3 3 -5
leaf_value=-0.0022419486481186153 -0.0079381910105863953 0.0014534417110927222 0.0077657526005951464 -0.00019991207968985167
leaf_weight=3.4971042536199084 3.8641515746712667 4.7236214131116867 3.8624282702803603 7.0733028240501907
leaf_count=23 49 37 31 70
internal_value=-0.000444484 -0.00476961 0.00302786 0.004979
internal_weight=23.0206 8.58777 14.4328 10.9357
internal_count=210 86 124 101
is_linear=0
shrinkage=0.03


Tree=101
num_leaves=5
num_cat=0
split_feature=6 4 4 2
split_gain=0.706814 0.305219 0.365987 0.337404
threshold=-0.62622549019607932 0.033894520272437341 0.020633256105168089 -0.92983090515184541
decision_type=2 2 2 2
left_child=-1 2 -2 -3
right_child=1 3 -4 -5
leaf_value=0.0047965381784918545 -4.5912912239419614e-05 -0.0025518894730035811 -0.0078807412897117322 0.0046060078159063829
leaf_weight=5.4752276465296772 8.9530747756361979 2.9500005170702934 3.8486835472285739 1.7761144600808609
leaf_count=39 85 18 49 19
internal_value=-0.000441978 -0.00322634 -0.00482454 0.00143921
internal_weight=23.0031 17.5279 12.8018 4.72611
internal_count=210 171 134 37
is_linear=0
shrinkage=0.03


Tree=102
num_leaves=5
num_cat=0
split_feature=6 4 4 2
split_gain=0.692392 0.301957 0.360628 0.333661
threshold=-0.62622549019607932 0.033894520272437341 0.020633256105168089 -0.92983090515184541
decision_type=2 2 2 2
left_child=-1 2 -2 -3
right_child=1 3 -4 -5
leaf_value=0.0047463209435211788 -4.5262256219743496e-05 -0.0025351116834557291 -0.0078238571607835081 0.0045844234587931179
leaf_weight=5.4729982316494015 8.9530408531427401 2.9466696977615356 3.8333041071891776 1.777996603399514
leaf_count=39 85 18 49 19
internal_value=-0.000438812 -0.00319558 -0.00478741 0.001438
internal_weight=22.984 17.511 12.7863 4.72467
internal_count=210 171 134 37
is_linear=0
shrinkage=0.03


Tree=103
num_leaves=5
num_cat=0
split_feature=6 4 4 2
split_gain=0.678278 0.298734 0.355362 0.329959
threshold=-0.62622549019607932 0.033894520272437341 0.020633256105168089 -0.92983090515184541
decision_type=2 2 2 2
left_child=-1 2 -2 -3
right_child=1 3 -4 -5
leaf_value=0.0046966535250975083 -4.4620713012950443e-05 -0.0025184559411757347 -0.0077675312597831987 0.0045629303281672605
leaf_weight=5.4707346782088306 8.9530073702335375 2.9433571174740791 3.8180135749280444 1.7798556089401234
leaf_count=39 85 18 49 19
internal_value=-0.00043572 -0.00316518 -0.00475067 0.00143674
internal_weight=22.965 17.4942 12.771 4.72321
internal_count=210 171 134 37
is_linear=0
shrinkage=0.03


Tree=104
num_leaves=5
num_cat=0
split_feature=5 3 2 5
split_gain=0.666718 0.525925 0.427522 0.356327
threshold=0.25519208118562647 -0.039059436034713353 -1.8392793840731245 -0.72690019074459011
decision_type=2 2 2 2
left_child=1 -1 -2 -3
right_child=2 3 -4 -5
leaf_value=-0.0028455671611052145 0.0019524808006912914 -0.0017496148106305384 -0.0068719419233543291 0.0065201227693967318
leaf_weight=3.6949187964200982 2.0050628408789635 1.5225117765367038 5.7919753044843665 9.9315110072493535
leaf_count=24 16 21 69 80
internal_value=-0.000432701 0.00281627 -0.00478068 0.00511773
internal_weight=22.946 15.1489 7.79704 11.454
internal_count=210 125 85 101
is_linear=0
shrinkage=0.03


Tree=105
num_leaves=5
num_cat=0
split_feature=6 4 4 2
split_gain=0.659931 0.299959 0.339602 0.326312
threshold=-0.62622549019607932 0.033894520272437341 0.020633256105168089 -0.92983090515184541
decision_type=2 2 2 2
left_child=-1 2 -2 -3
right_child=1 3 -4 -5
leaf_value=0.0046200341579926132 -8.4669608924929331e-05 -0.0024918162224594454 -0.0076851976942318078 0.0045567957928168883
leaf_weight=5.4644339270889786 8.9492960199713725 2.9370617642998695 3.7936526052653781 1.7788272649049748
leaf_count=39 85 18 49 19
internal_value=-0.00044735 -0.00313831 -0.00473164 0.00145672
internal_weight=22.9233 17.4588 12.7429 4.71589
internal_count=210 171 134 37
is_linear=0
shrinkage=0.03


Tree=106
num_leaves=5
num_cat=0
split_feature=6 4 4 2
split_gain=0.64649 0.296748 0.334733 0.322697
threshold=-0.62622549019607932 0.033894520272437341 0.020633256105168089 -0.92983090515184541
decision_type=2 2 2 2
left_child=-1 2 -2 -3
right_child=1 3 -4 -5
leaf_value=0.0045717615949888634 -8.3470248721621463e-05 -0.0024754782572805919 -0.0076302399472026588 0.0045354372051847952
leaf_weight=5.4620922319591072 8.9492344781756419 2.933799147605896 3.778601147234439 1.7806529775261868
leaf_count=39 85 18 49 19
internal_value=-0.000444125 -0.00310844 -0.00469538 0.00145524
internal_weight=22.9044 17.4423 12.7278 4.71445
internal_count=210 171 134 37
is_linear=0
shrinkage=0.03


Tree=107
num_leaves=5
num_cat=0
split_feature=6 4 4 2
split_gain=0.633337 0.293576 0.329945 0.319123
threshold=-0.62622549019607932 0.033894520272437341 0.020633256105168089 -0.92983090515184541
decision_type=2 2 2 2
left_child=-1 2 -2 -3
right_child=1 3 -4 -5
leaf_value=0.0045240152542709126 -8.2288027852014581e-05 -0.0024592592329589478 -0.0075758155209031831 0.0045141697126199172
leaf_weight=5.4597221761941936 8.9491737931966799 2.9305546432733536 3.7636397816240779 1.7824560590088356
leaf_count=39 85 18 49 19
internal_value=-0.000440973 -0.00307891 -0.00465949 0.00145371
internal_weight=22.8855 17.4258 12.7128 4.71301
internal_count=210 171 134 37
is_linear=0
shrinkage=0.03


Tree=108
num_leaves=5
num_cat=0
split_feature=6 4 4 2
split_gain=0.620465 0.290441 0.325238 0.315589
threshold=-0.62622549019607932 0.033894520272437341 0.020633256105168089 -0.92983090515184541
decision_type=2 2 2 2
left_child=-1 2 -2 -3
right_child=1 3 -4 -5
leaf_value=0.0044767892224822437 -8.1122262396831721e-05 -0.0024431574252317032 -0.00752191763583535 0.0044929933869980281
leaf_weight=5.4573251828551319 8.9491139873862284 2.9273278713226318 3.7487689517438403 1.7842366360127915
leaf_count=39 85 18 49 19
internal_value=-0.000437893 -0.00304973 -0.00462397 0.00145212
internal_weight=22.8668 17.4094 12.6979 4.71156
internal_count=210 171 134 37
is_linear=0
shrinkage=0.03


Tree=109
num_leaves=5
num_cat=0
split_feature=6 4 4 2
split_gain=0.607868 0.287343 0.32061 0.312095
threshold=-0.62622549019607932 0.033894520272437341 0.020633256105168089 -0.92983090515184541
decision_type=2 2 2 2
left_child=-1 2 -2 -3
right_child=1 3 -4 -5
leaf_value=0.0044300774593700213 -7.9973259912691089e-05 -0.00242717158031387 -0.0074685393992805858 0.0044719078053758084
leaf_weight=5.4549027308821705 8.9490549303591269 2.9241188690066338 3.7339887656271449 1.7859948948025692
leaf_count=39 85 18 49 19
internal_value=-0.000434881 -0.00302088 -0.00458881 0.00145049
internal_weight=22.8481 17.3932 12.683 4.71011
internal_count=210 171 134 37
is_linear=0
shrinkage=0.03


Tree=110
num_leaves=5
num_cat=0
split_feature=6 4 4 2
split_gain=0.59554 0.284281 0.316059 0.30864
threshold=-0.62622549019607932 0.033894520272437341 0.020633256105168089 -0.92983090515184541
decision_type=2 2 2 2
left_child=-1 2 -2 -3
right_child=1 3 -4 -5
leaf_value=0.0043838728470335618 -7.8840277173489168e-05 -0.0024113011619999384 -0.0074156744652135974 0.0044509126401573703
leaf_weight=5.4524560868740108 8.9489967152476328 2.9209277108311653 3.7192994505166999 1.7877309769392002
leaf_count=39 85 18 49 19
internal_value=-0.000431939 -0.00299237 -0.00455402 0.0014488
internal_weight=22.8294 17.377 12.6683 4.70866
internal_count=210 171 134 37
is_linear=0
shrinkage=0.03


Tree=111
num_leaves=5
num_cat=0
split_feature=5 3 2 5
split_gain=0.583933 0.517071 0.424024 0.347058
threshold=0.25519208118562647 -0.039059436034713353 -1.8392793840731245 -0.72690019074459011
decision_type=2 2 2 2
left_child=1 -1 -2 -3
right_child=2 3 -4 -5
leaf_value=-0.0029163172918862377 0.0020380210258432487 -0.001765133814490264 -0.0066355753987993272 0.0063290171777447271
leaf_weight=3.6913101337850103 1.9893945828080175 1.5214217826724059 5.7055101357400408 9.9031900726258737
leaf_count=24 16 21 69 80
internal_value=-0.000429062 0.00261597 -0.00450867 0.00493035
internal_weight=22.8108 15.1159 7.6949 11.4246
internal_count=210 125 85 101
is_linear=0
shrinkage=0.03


Tree=112
num_leaves=5
num_cat=0
split_feature=6 4 2 4
split_gain=0.579582 0.285355 0.305299 0.301987
threshold=-0.62622549019607932 0.033894520272437341 -0.92983090515184541 0.020633256105168089
decision_type=2 2 2 2
left_child=-1 3 -3 -2
right_child=1 2 -4 -5
leaf_value=0.0043123152527309878 -0.00011681692725419877 -0.0023864258870612562 0.0044448137223523356 -0.0073383591940777435
leaf_weight=5.4458641335368183 8.9452009610831755 2.9149430170655251 1.7866865694522847 3.6959193199872962
leaf_count=39 85 18 19 49
internal_value=-0.000443513 -0.00296787 0.00146712 -0.00453682
internal_weight=22.7886 17.3427 4.70163 12.6411
internal_count=210 171 37 134
is_linear=0
shrinkage=0.03


Tree=113
num_leaves=5
num_cat=0
split_feature=6 4 2 4
split_gain=0.567836 0.282306 0.301923 0.297782
threshold=-0.62622549019607932 0.033894520272437341 -0.92983090515184541 0.020633256105168089
decision_type=2 2 2 2
left_child=-1 3 -3 -2
right_child=1 2 -4 -5
leaf_value=0.0042674037186343997 -0.00011516279867150727 -0.0023708531815104621 0.0044239513770658418 -0.007286753109915254
leaf_weight=5.4433641321957138 8.9451173804700392 2.9118001312017441 1.7883909940719593 3.6814717836678019
leaf_count=39 85 18 19 49
internal_value=-0.000440429 -0.00293983 0.00146524 -0.00450246
internal_weight=22.7701 17.3268 4.70019 12.6266
internal_count=210 171 37 134
is_linear=0
shrinkage=0.03


Tree=114
num_leaves=5
num_cat=0
split_feature=6 4 2 4
split_gain=0.55634 0.279293 0.298586 0.293646
threshold=-0.62622549019607932 0.033894520272437341 -0.92983090515184541 0.020633256105168089
decision_type=2 2 2 2
left_child=-1 3 -3 -2
right_child=1 2 -4 -5
leaf_value=0.0042229785450103507 -0.00011353205679483724 -0.0023553920284891251 0.0044031788210743958 -0.007235637923611842
leaf_weight=5.4408447034657028 8.9450348578393477 2.9086746722459793 1.7900737412273873 3.6671152710914603
leaf_count=39 85 18 19 49
internal_value=-0.000437412 -0.00291211 0.00146331 -0.00446845
internal_weight=22.7517 17.3109 4.69875 12.6122
internal_count=210 171 37 134
is_linear=0
shrinkage=0.03


Tree=115
num_leaves=5
num_cat=0
split_feature=6 4 2 4
split_gain=0.545088 0.276316 0.295286 0.289578
threshold=-0.62622549019607932 0.033894520272437341 -0.92983090515184541 0.020633256105168089
decision_type=2 2 2 2
left_child=-1 3 -3 -2
right_child=1 2 -4 -5
leaf_value=0.0041790349310658285 -0.00011192431202422117 -0.002340041836154905 0.0043824960517345876 -0.0071850073523435009
leaf_weight=5.4383069947361973 8.9449535347521323 2.9055666849017143 1.791734967380761 3.6528500095009795
leaf_count=39 85 18 19 49
internal_value=-0.000434459 -0.00288471 0.00146133 -0.00443478
internal_weight=22.7334 17.2951 4.6973 12.5978
internal_count=210 171 37 134
is_linear=0
shrinkage=0.03


Tree=116
num_leaves=5
num_cat=0
split_feature=6 4 2 4
split_gain=0.534076 0.273374 0.292023 0.285575
threshold=-0.62622549019607932 0.033894520272437341 -0.92983090515184541 0.020633256105168089
decision_type=2 2 2 2
left_child=-1 3 -3 -2
right_child=1 2 -4 -5
leaf_value=0.0041355662334475983 -0.00011033937694770198 -0.0023248018811284016 0.0043619028961976274 -0.007134855505409236
leaf_weight=5.4357523247599628 8.9448732808232325 2.9024759754538536 1.7933748848736275 3.6386760063469401
leaf_count=39 85 18 19 49
internal_value=-0.000431571 -0.00285763 0.00145931 -0.00440145
internal_weight=22.7152 17.2794 4.69585 12.5835
internal_count=210 171 37 134
is_linear=0
shrinkage=0.03


Tree=117
num_leaves=5
num_cat=0
split_feature=6 4 2 4
split_gain=0.523297 0.270466 0.288797 0.281638
threshold=-0.62622549019607932 0.033894520272437341 -0.92983090515184541 0.020633256105168089
decision_type=2 2 2 2
left_child=-1 3 -3 -2
right_child=1 2 -4 -5
leaf_value=0.004092567360994755 -0.00010877708654011284 -0.0023096710016242399 0.004341399084179574 -0.0070851766137164825
leaf_weight=5.4331817813217667 8.9447941668331641 2.8994026556611061 1.7949936687946308 3.6245931088924399
leaf_count=39 85 18 19 49
internal_value=-0.000428745 -0.00283086 0.00145725 -0.00436846
internal_weight=22.697 17.2638 4.6944 12.5694
internal_count=210 171 37 134
is_linear=0
shrinkage=0.03


Tree=118
num_leaves=5
num_cat=0
split_feature=5 1 2 2
split_gain=0.513296 0.555618 0.63912 0.522364
threshold=0.45704360185119947 0.041224399262750684 -2.4356646331491545 -1.8392793840731245
decision_type=2 2 2 2
left_child=1 2 -1 -2
right_child=3 -3 -4 -5
leaf_value=-0.0031168189846549122 0.0025168254359596389 -0.0039449617734760613 0.0062255811917321215 -0.0072979654755093585
leaf_weight=2.2683828398585346 1.4680793285369871 1.9367166757583607 13.116024665534498 3.8896482661366454
leaf_count=15 10 13 125 47
internal_value=-0.00042598 0.00214422 0.00416288 -0.00472095
internal_weight=22.6789 17.3211 15.3844 5.35773
internal_count=210 153 140 57
is_linear=0
shrinkage=0.03


Tree=119
num_leaves=5
num_cat=0
split_feature=6 4 2 4
split_gain=0.512605 0.272094 0.285 0.265224
threshold=-0.62622549019607932 0.033894520272437341 -0.92983090515184541 0.020633256105168089
decision_type=2 2 2 2
left_child=-1 3 -3 -2
right_child=1 2 -4 -5
leaf_value=0.0040210272296110324 -0.00017055176063257994 -0.002287230786675443 0.0043240834819429719 -0.0070202172602474421
leaf_weight=5.4284599497914341 8.9458628818392771 2.8944745436310768 1.7951644435524929 3.6046911776065818
leaf_count=39 85 18 19 49
internal_value=-0.000464979 -0.00283509 0.00146434 -0.00437857
internal_weight=22.6687 17.2402 4.68964 12.5506
internal_count=210 171 37 134
is_linear=0
shrinkage=0.03


Tree=120
num_leaves=5
num_cat=0
split_feature=6 4 2 4
split_gain=0.502259 0.269178 0.281854 0.261673
threshold=-0.62622549019607932 0.033894520272437341 -0.92983090515184541 0.020633256105168089
decision_type=2 2 2 2
left_child=-1 3 -3 -2
right_child=1 2 -4 -5
leaf_value=0.0039792660612347399 -0.00016813705590904769 -0.0022723700889882886 0.0043037559790972558 -0.0069716242945957576
leaf_weight=5.4258528202772167 8.945743318647148 2.8914451897144318 1.7967421896755684 3.5908324420452109
leaf_count=39 85 18 19 49
internal_value=-0.000461735 -0.00280845 0.00146214 -0.00434563
internal_weight=22.6506 17.2248 4.68819 12.5366
internal_count=210 171 37 134
is_linear=0
shrinkage=0.03


Tree=121
num_leaves=5
num_cat=0
split_feature=6 4 2 4
split_gain=0.492133 0.266297 0.278744 0.258179
threshold=-0.62622549019607932 0.033894520272437341 -0.92983090515184541 0.020633256105168089
decision_type=2 2 2 2
left_child=-1 3 -3 -2
right_child=1 2 -4 -5
leaf_value=0.0039379550305933906 -0.0001657563786236312 -0.0022576152686376682 0.0042835170187705369 -0.0069234847602322363
leaf_weight=5.4232337251305607 8.9456253834068793 2.8884328752756119 1.7982993386685837 3.5770645439624777
leaf_count=39 85 18 19 49
internal_value=-0.000458555 -0.00278212 0.0014599 -0.00431303
internal_weight=22.6327 17.2094 4.68673 12.5227
internal_count=210 171 37 134
is_linear=0
shrinkage=0.03


Tree=122
num_leaves=5
num_cat=0
split_feature=6 4 2 4
split_gain=0.482222 0.26345 0.275669 0.254739
threshold=-0.62622549019607932 0.033894520272437341 -0.92983090515184541 0.020633256105168089
decision_type=2 2 2 2
left_child=-1 3 -3 -2
right_child=1 2 -4 -5
leaf_value=0.0038970889360019317 -0.00016340923509162211 -0.0022429656972737864 0.0042633665413755626 -0.0068757932191482966
leaf_weight=5.420603699982169 8.9455090090632456 2.8854374885559082 1.7998360320925701 3.5633872710168353
leaf_count=39 85 18 19 49
internal_value=-0.000455438 -0.00275609 0.00145761 -0.00428075
internal_weight=22.6148 17.1942 4.68527 12.5089
internal_count=210 171 37 134
is_linear=0
shrinkage=0.03


Tree=123
num_leaves=5
num_cat=0
split_feature=6 4 4 4
split_gain=0.47252 0.260636 0.274057 0.251352
threshold=-0.62622549019607932 0.033894520272437341 0.045707883475878293 0.020633256105168089
decision_type=2 2 2 2
left_child=-1 3 -3 -2
right_child=1 2 -4 -5
leaf_value=0.0038566621095540978 -0.0001610957564156217 0.0042363450178703075 -0.0022502688205627763 -0.0068285444451484318
leaf_weight=5.4179637692868736 8.9453941807150859 1.8574042655527581 2.8264073431491852 3.5498005598783484
leaf_count=39 85 19 18 49
internal_value=-0.000452385 -0.00273035 0.00145529 -0.00424879
internal_weight=22.597 17.179 4.68381 12.4952
internal_count=210 171 37 134
is_linear=0
shrinkage=0.03


Tree=124
num_leaves=5
num_cat=0
split_feature=5 1 5 2
split_gain=0.466383 0.531873 0.640684 0.519625
threshold=0.45704360185119947 0.041224399262750684 -0.40973358334377685 -1.7653443593554172
decision_type=2 2 2 2
left_child=1 2 -1 -2
right_child=3 -3 -4 -5
leaf_value=-0.0016346759994388656 0.0024542083195185937 -0.0039118164803820105 0.0072124997166752233 -0.0072507208007874619
leaf_weight=7.3471781462430981 1.7364136502146719 1.9268976822495449 8.008487708866598 3.5609217695891848
leaf_count=65 13 13 75 44
internal_value=-0.000449648 0.0020113 0.0040042 -0.00454477
internal_weight=22.5799 17.2826 15.3557 5.29734
internal_count=210 153 140 57
is_linear=0
shrinkage=0.03


Tree=125
num_leaves=5
num_cat=0
split_feature=6 4 2 4
split_gain=0.463147 0.25815 0.271621 0.2434
threshold=-0.62622549019607932 0.033894520272437341 -0.92983090515184541 0.020633256105168089
decision_type=2 2 2 2
left_child=-1 3 -3 -2
right_child=1 2 -4 -5
leaf_value=0.0038058167103832913 -0.00018145885406041815 -0.0022266228375032331 0.0042324261589242011 -0.0067720629230163046
leaf_weight=5.414349656552079 8.946350749582054 2.8814378753304482 1.8004720024764527 3.5320935212075701
leaf_count=39 85 18 19 49
internal_value=-0.00046513 -0.00271777 0.00144821 -0.00422975
internal_weight=22.5747 17.1604 4.68191 12.4784
internal_count=210 171 37 134
is_linear=0
shrinkage=0.03


Tree=126
num_leaves=5
num_cat=0
split_feature=6 4 4 4
split_gain=0.453841 0.255398 0.268922 0.240213
threshold=-0.62622549019607932 0.033894520272437341 0.045707883475878293 0.020633256105168089
decision_type=2 2 2 2
left_child=-1 3 -3 -2
right_child=1 2 -4 -5
leaf_value=0.0037663717542309404 -0.00017888936365471352 0.0041986504017148176 -0.0022281883966793845 -0.0067257824519206463
leaf_weight=5.4116912744939354 8.9462241381406802 1.8594623804092396 2.8209719881415367 3.5187185816466799
leaf_count=39 85 19 18 49
internal_value=-0.000461985 -0.00269243 0.00144588 -0.00419824
internal_weight=22.5571 17.1454 4.68043 12.4649
internal_count=210 171 37 134
is_linear=0
shrinkage=0.03


Tree=127
num_leaves=5
num_cat=0
split_feature=6 4 2 4
split_gain=0.44477 0.2526 0.267085 0.237074
threshold=-0.62622549019607932 0.033894520272437341 -0.92983090515184541 0.020633256105168089
decision_type=2 2 2 2
left_child=-1 3 -3 -2
right_child=1 2 -4 -5
leaf_value=0.0037273499760751248 -0.00017635668000856369 -0.0022055819445204192 0.0042010066504735944 -0.006679927596924669
leaf_weight=5.409025955945256 8.9460990764200705 2.8771888017654419 1.8024179823696602 3.5054333768784991
leaf_count=39 85 18 19 49
internal_value=-0.000459168 -0.00266764 0.00144284 -0.00416705
internal_weight=22.5402 17.1311 4.67961 12.4515
internal_count=210 171 37 134
is_linear=0
shrinkage=0.03


Tree=128
num_leaves=5
num_cat=0
split_feature=5 1 5 2
split_gain=0.438783 0.516815 0.635943 0.514775
threshold=0.45704360185119947 0.041224399262750684 -0.40973358334377685 -1.7653443593554172
decision_type=2 2 2 2
left_child=1 2 -1 -2
right_child=3 -3 -4 -5
leaf_value=-0.0016718210908738614 0.0024772457757470069 -0.0038849187426214333 0.0071148975580629173 -0.0071464400971805965
leaf_weight=7.3425178565084961 1.7319456636905668 1.9205690026283253 8.0009100064635295 3.5267488956451407
leaf_count=65 13 13 75 44
internal_value=-0.00045613 0.00193554 0.00390954 -0.0044306
internal_weight=22.5227 17.264 15.3434 5.25869
internal_count=210 153 140 57
is_linear=0
shrinkage=0.03


Tree=129
num_leaves=5
num_cat=0
split_feature=3 3 2 2
split_gain=0.43673 0.743227 0.390252 0.459886
threshold=-0.026281570895989644 -0.039059436034713353 -1.8392793840731245 -0.72446247363268879
decision_type=2 2 2 2
left_child=1 -1 -2 -4
right_child=2 -3 3 -5
leaf_value=-0.003114740849072845 0.002328361641516142 0.0072425876756727929 -0.0076879927467215078 0.00077525362136722379
leaf_weight=3.6831171847879887 3.2058834917843351 3.8165475316345718 5.1459177136421204 6.665989320725199
leaf_count=24 26 31 56 73
internal_value=-0.000471288 0.00328282 -0.00290886 -0.00474609
internal_weight=22.5175 7.49966 15.0178 11.8119
internal_count=210 55 155 129
is_linear=0
shrinkage=0.03


Tree=130
num_leaves=5
num_cat=0
split_feature=6 4 2 4
split_gain=0.433279 0.252162 0.263864 0.227773
threshold=-0.62622549019607932 0.033894520272437341 -0.92983090515184541 0.020633256105168089
decision_type=2 2 2 2
left_child=-1 3 -3 -2
right_child=1 2 -4 -5
leaf_value=0.0036730601914827473 -0.00019992313558118212 -0.0021835340066844212 0.0041895681299762982 -0.0066106567887633258
leaf_weight=5.4030418619513538 8.9439265541732329 2.8709671869874001 1.8015420995652665 3.4830107241868964
leaf_count=39 85 18 19 49
internal_value=-0.000461608 -0.00264137 0.00145436 -0.00414318
internal_weight=22.5025 17.0994 4.67251 12.4269
internal_count=210 171 37 134
is_linear=0
shrinkage=0.03


Tree=131
num_leaves=5
num_cat=0
split_feature=6 4 4 4
split_gain=0.424589 0.249478 0.261516 0.22524
threshold=-0.62622549019607932 0.033894520272437341 0.045707883475878293 0.024424807073003877
decision_type=2 2 2 2
left_child=-1 3 -3 -2
right_child=1 2 -4 -5
leaf_value=0.0036350482553244188 -0.0003344634404020098 0.0041578024654570925 -0.0021866895040229288 -0.0067739515886100594
leaf_weight=5.4003662168979671 9.7831653766334075 1.8604494705796231 2.8105923235416412 2.6305950954556456
leaf_count=39 99 19 18 35
internal_value=-0.000458489 -0.00261679 0.00145188 -0.00411246
internal_weight=22.4852 17.0848 4.67104 12.4138
internal_count=210 171 37 134
is_linear=0
shrinkage=0.03


Tree=132
num_leaves=5
num_cat=0
split_feature=3 3 2 2
split_gain=0.419791 0.733376 0.382815 0.451047
threshold=-0.026281570895989644 -0.039059436034713353 -1.8392793840731245 -0.72446247363268879
decision_type=2 2 2 2
left_child=1 -1 -2 -4
right_child=2 -3 3 -5
leaf_value=-0.0031141095512559388 0.0023208715912984676 0.0071644689594609779 -0.0075956331051599902 0.00077907230509292012
leaf_weight=3.679997906088829 3.2019075378775606 3.8100439235568073 5.1214588917791843 6.6575642637908423
leaf_count=24 26 31 56 73
internal_value=-0.000458842 0.0032213 -0.00285176 -0.00467788
internal_weight=22.471 7.49004 14.9809 11.779
internal_count=210 55 155 129
is_linear=0
shrinkage=0.03


Tree=133
num_leaves=5
num_cat=0
split_feature=6 4 2 4
split_gain=0.414021 0.248929 0.258639 0.221295
threshold=-0.62622549019607932 0.033894520272437341 -0.92983090515184541 0.024424807073003877
decision_type=2 2 2 2
left_child=-1 3 -3 -2
right_child=1 2 -4 -5
leaf_value=0.0035922492733887401 -0.00033375889914653617 -0.0021504226531562564 0.0041659141929321283 -0.0067216773465379256
leaf_weight=5.395329829305413 9.7797146327793616 2.8632550984621048 1.8024864122271527 2.6152587570250025
leaf_count=39 99 18 19 35
internal_value=-0.000449432 -0.00258273 0.00146646 -0.00408115
internal_weight=22.456 17.0607 4.66574 12.395
internal_count=210 171 37 134
is_linear=0
shrinkage=0.03


Tree=134
num_leaves=5
num_cat=0
split_feature=3 3 2 2
split_gain=0.408064 0.722604 0.376266 0.441497
threshold=-0.026281570895989644 -0.039059436034713353 -1.8392793840731245 -0.72446247363268879
decision_type=2 2 2 2
left_child=1 -1 -2 -4
right_child=2 -3 3 -5
leaf_value=-0.0031009740485027013 0.0023089957583470608 0.0070976977921528581 -0.0075145485557975671 0.00077217974544638345
leaf_weight=3.6774990297853947 3.2008022591471681 3.8048291020095375 5.1033209674060345 6.6548629403114283
leaf_count=24 26 31 56 73
internal_value=-0.000449567 0.00317858 -0.00281075 -0.00462511
internal_weight=22.4413 7.48233 14.959 11.7582
internal_count=210 55 155 129
is_linear=0
shrinkage=0.03


Tree=135
num_leaves=5
num_cat=0
split_feature=5 1 2 2
split_gain=0.403944 0.502158 0.6309 0.502077
threshold=0.45704360185119947 0.041224399262750684 -2.4356646331491545 -1.7653443593554172
decision_type=2 2 2 2
left_child=1 2 -1 -2
right_child=3 -3 -4 -5
leaf_value=-0.0032505974859847304 0.0024876714029080762 -0.0038616044245113582 0.0059134771420548552 -0.0069752141517752768
leaf_weight=2.2552720867097404 1.7289283089339731 1.9134634509682644 13.057494115084411 3.4712330028414717
leaf_count=15 13 13 125 44
internal_value=-0.000440354 0.00185512 0.00381282 -0.00426226
internal_weight=22.4264 17.2262 15.3128 5.20016
internal_count=210 153 140 57
is_linear=0
shrinkage=0.03


Tree=136
num_leaves=5
num_cat=0
split_feature=6 4 2 2
split_gain=0.404151 0.252206 0.25488 0.215938
threshold=-0.62622549019607932 0.033894520272437341 -0.92983090515184541 -0.048384210431519047
decision_type=2 2 2 2
left_child=-1 3 -3 -2
right_child=1 2 -4 -5
leaf_value=0.0035236526869624808 -0.0054355536442799723 -0.0021213354521845387 0.0041567784713132331 0.000845952952294171
leaf_weight=5.3879081867635277 8.9364899881184119 2.8559940904378891 1.8015126287937153 3.4356343783438197
leaf_count=39 107 18 19 27
internal_value=-0.000479936 -0.00258161 0.00148623 -0.00409279
internal_weight=22.4175 17.0296 4.65751 12.3721
internal_count=210 171 37 134
is_linear=0
shrinkage=0.03


Tree=137
num_leaves=5
num_cat=0
split_feature=3 3 2 2
split_gain=0.393748 0.710985 0.369627 0.430418
threshold=-0.026281570895989644 -0.039059436034713353 -1.8392793840731245 -0.72446247363268879
decision_type=2 2 2 2
left_child=1 -1 -2 -4
right_child=2 -3 3 -5
leaf_value=-0.0030965844021704964 0.0022936909887598888 0.007009741704002136 -0.0074321452621401024 0.00075825285441552363
leaf_weight=3.6747754365205765 3.2001200541853914 3.7974689155817059 5.0797866061329842 6.6498760953545535
leaf_count=24 26 31 56 73
internal_value=-0.000456816 0.00311188 -0.00277473 -0.00457671
internal_weight=22.402 7.47224 14.9298 11.7297
internal_count=210 55 155 129
is_linear=0
shrinkage=0.03


Tree=138
num_leaves=5
num_cat=0
split_feature=6 4 4 4
split_gain=0.390721 0.249135 0.25244 0.212729
threshold=-0.62622549019607932 0.033894520272437341 0.045707883475878293 0.024424807073003877
decision_type=2 2 2 2
left_child=-1 3 -3 -2
right_child=1 2 -4 -5
leaf_value=0.0034824894038935532 -0.00033939482909487579 0.0041365697113562557 -0.0021158365467956707 -0.0066229598678677892
leaf_weight=5.382806126028302 9.7683120146393794 1.8585017099976529 2.7931940630078316 2.5842931754887095
leaf_count=39 99 19 18 35
internal_value=-0.000447674 -0.00252068 0.00150052 -0.00402882
internal_weight=22.3871 17.0043 4.6517 12.3526
internal_count=210 171 37 134
is_linear=0
shrinkage=0.03


Tree=139
num_leaves=5
num_cat=0
split_feature=6 4 2 4
split_gain=0.383384 0.246721 0.249878 0.210893
threshold=-0.62622549019607932 0.033894520272437341 -0.92983090515184541 0.024424807073003877
decision_type=2 2 2 2
left_child=-1 3 -3 -2
right_child=1 2 -4 -5
leaf_value=0.0034465411710875079 -0.000334370323994613 -0.0020896583886069104 0.0041331104811192119 -0.006587485594094453
leaf_weight=5.3801246397197273 9.7679262608289736 2.8485081940889359 1.8024114854633797 2.5742657221853724
leaf_count=39 99 18 19 35
internal_value=-0.000447984 -0.00250104 0.00149695 -0.0040033
internal_weight=22.3732 16.9931 4.65092 12.3422
internal_count=210 171 37 134
is_linear=0
shrinkage=0.03


Tree=140
num_leaves=5
num_cat=0
split_feature=3 3 2 2
split_gain=0.379306 0.701495 0.36258 0.42137
threshold=-0.026281570895989644 -0.039059436034713353 -1.8392793840731245 -0.72446247363268879
decision_type=2 2 2 2
left_child=1 -1 -2 -4
right_child=2 -3 3 -5
leaf_value=-0.0030942590077421201 0.0022833566157189678 0.0069359010174394964 -0.0073442173274444926 0.00075693558091981326
leaf_weight=3.6715502664446831 3.1969687081873426 3.7907745204865959 5.0563975274562836 6.6431031413376296
leaf_count=24 26 31 56 73
internal_value=-0.000448045 0.00305504 -0.00272514 -0.0045153
internal_weight=22.3588 7.46232 14.8965 11.6995
internal_count=210 55 155 129
is_linear=0
shrinkage=0.03


Tree=141
num_leaves=5
num_cat=0
split_feature=5 2 1 5
split_gain=0.375406 0.492759 0.490136 0.632511
threshold=0.45704360185119947 -1.7653443593554172 0.041224399262750684 -0.40973358334377685
decision_type=2 2 2 2
left_child=2 -2 3 -1
right_child=1 -3 -4 -5
leaf_value=-0.0017652955229389433 0.0024995159033016036 -0.0068411457905344303 -0.0038480418743921168 0.0069428836022443832
leaf_weight=7.3166691176593339 1.7259717807173727 3.4266395196318618 1.9086812883615483 7.9659573622047919
leaf_count=65 13 44 13 75
internal_value=-0.000439122 -0.00412763 0.00177783 0.00372455
internal_weight=22.3439 5.15261 17.1913 15.2826
internal_count=210 57 153 140
is_linear=0
shrinkage=0.03


Tree=142
num_leaves=5
num_cat=0
split_feature=6 4 4 2
split_gain=0.374262 0.246335 0.247079 0.207172
threshold=-0.62622549019607932 0.033894520272437341 0.045707883475878293 -0.048384210431519047
decision_type=2 2 2 2
left_child=-1 3 -3 -2
right_child=1 2 -4 -5
leaf_value=0.0033974164978627305 -0.0053044315948054168 0.0041065840923629254 -0.0020847942042555865 0.00083808953472434779
leaf_weight=5.3739308565855053 8.8926429226994532 1.8591878525912751 2.7849990874528885 3.4280885681509963
leaf_count=39 107 19 18 27
internal_value=-0.00045402 -0.00248153 0.00150549 -0.00398557
internal_weight=22.3388 16.9649 4.64419 12.3207
internal_count=210 171 37 134
is_linear=0
shrinkage=0.03


Tree=143
num_leaves=5
num_cat=0
split_feature=6 2 3 3
split_gain=0.368836 0.361208 0.27776 0.31195
threshold=-0.18853398853398576 -0.40540344089131758 -0.026281570895989644 -0.039059436034713353
decision_type=2 2 2 2
left_child=2 -2 3 -1
right_child=1 -3 -4 -5
leaf_value=-0.0011240561529803105 -0.0053722310453661846 0.001675371222144946 -0.0015424809461685159 0.0068306165404959165
leaf_weight=3.0339042879641056 6.9416009187698364 4.634342357516287 4.5843878053128737 3.1300137042999268
leaf_count=19 76 46 46 23
internal_value=-0.000431785 -0.00308196 0.00253221 0.00464214
internal_weight=22.3242 11.5759 10.7483 6.16392
internal_count=210 122 88 42
is_linear=0
shrinkage=0.03


Tree=144
num_leaves=5
num_cat=0
split_feature=6 2 3 3
split_gain=0.361695 0.353471 0.273411 0.307649
threshold=-0.18853398853398576 -0.40540344089131758 -0.026281570895989644 -0.039059436034713353
decision_type=2 2 2 2
left_child=2 -2 3 -1
right_child=1 -3 -4 -5
leaf_value=-0.0011162385291349324 -0.0053115784683570224 0.0016592650668288446 -0.0015278855949474423 0.0067840407530388429
leaf_weight=3.0335385985672474 6.9246868453919888 4.6359907649457437 4.584855221211912 3.1256782338023186
leaf_count=19 76 46 46 23
internal_value=-0.000414775 -0.00304312 0.00251699 0.00461016
internal_weight=22.3047 11.5607 10.7441 6.15922
internal_count=210 122 88 42
is_linear=0
shrinkage=0.03


Tree=145
num_leaves=5
num_cat=0
split_feature=5 2 1 2
split_gain=0.356143 0.491414 0.485578 0.620204
threshold=0.45704360185119947 -1.7653443593554172 0.041224399262750684 -2.4356646331491545
decision_type=2 2 2 2
left_child=2 -2 3 -1
right_child=1 -3 -4 -5
leaf_value=-0.003266047922785112 0.0025430755425416571 -0.0067403370448970382 -0.0038393054820413911 0.0057934901157339659
leaf_weight=2.2451022304594543 1.7181958369910715 3.3958681486546984 1.9083705320954312 13.017817113548519
leaf_count=15 13 44 13 125
internal_value=-0.000398071 -0.00400239 0.00175334 0.00369555
internal_weight=22.2854 5.11406 17.1713 15.2629
internal_count=210 57 153 140
is_linear=0
shrinkage=0.03


Tree=146
num_leaves=5
num_cat=0
split_feature=6 4 2 4
split_gain=0.356082 0.25307 0.239098 0.198909
threshold=-0.62622549019607932 0.033894520272437341 -0.92983090515184541 0.024424807073003877
decision_type=2 2 2 2
left_child=-1 3 -3 -2
right_child=1 2 -4 -5
leaf_value=0.0033181889455854716 -0.00035538962886931899 -0.0019939605480325706 0.0041232989587749007 -0.0064735711907437698
leaf_weight=5.364259451627734 9.7509263455867785 2.8265068903565407 1.7984820678830136 2.5365181863307944
leaf_count=39 99 18 19 35
internal_value=-0.000437488 -0.00241904 0.00157765 -0.00395628
internal_weight=22.2767 16.9124 4.62499 12.2874
internal_count=210 171 37 134
is_linear=0
shrinkage=0.03


Tree=147
num_leaves=5
num_cat=0
split_feature=6 4 4 2
split_gain=0.349374 0.250669 0.237248 0.198943
threshold=-0.62622549019607932 0.033894520272437341 0.045707883475878293 -0.048384210431519047
decision_type=2 2 2 2
left_child=-1 3 -3 -2
right_child=1 2 -4 -5
leaf_value=0.0032840130507572922 -0.0052239210119726376 0.0040940558202150626 -0.0019991464459407538 0.00081255227929595954
leaf_weight=5.3615891560912159 8.8531758598983306 1.8568038754165161 2.7668764069676399 3.4241366423666468
leaf_count=39 107 19 18 27
internal_value=-0.000437425 -0.00239992 0.00157413 -0.00393134
internal_weight=22.2626 16.901 4.62368 12.2773
internal_count=210 171 37 134
is_linear=0
shrinkage=0.03


Tree=148
num_leaves=5
num_cat=0
split_feature=3 3 2 2
split_gain=0.34245 0.677402 0.355586 0.402704
threshold=-0.026281570895989644 -0.039059436034713353 -1.8392793840731245 -0.72446247363268879
decision_type=2 2 2 2
left_child=1 -1 -2 -4
right_child=2 -3 3 -5
leaf_value=-0.0030864518538307136 0.0023190124633188374 0.0067496154952942635 -0.0071552083062616754 0.00075676579656625735
leaf_weight=3.6643534451723099 3.1857591569423684 3.770073980093005 5.0001866146922112 6.6278775855898822
leaf_count=24 26 31 56 73
internal_value=-0.000415519 0.00291196 -0.00258598 -0.0043807
internal_weight=22.2483 7.43443 14.8138 11.6281
internal_count=210 55 155 129
is_linear=0
shrinkage=0.03


Tree=149
num_leaves=5
num_cat=0
split_feature=6 4 2 4
split_gain=0.337789 0.247412 0.234485 0.202276
threshold=-0.62622549019607932 0.033894520272437341 -0.92983090515184541 0.024424807073003877
decision_type=2 2 2 2
left_child=-1 3 -3 -2
right_child=1 2 -4 -5
leaf_value=0.0032460952857377356 -0.00030226635007283843 -0.0019650152529466611 0.0040994376310507395 -0.0064064757741612438
leaf_weight=5.3563989363610771 9.7421438656747359 2.8194860592484474 1.7993320673704136 2.5161953531205645
leaf_count=39 99 18 19 35
internal_value=-0.000407141 -0.00234295 0.00158564 -0.00387055
internal_weight=22.2336 16.8772 4.61882 12.2583
internal_count=210 171 37 134
is_linear=0
shrinkage=0.03


Tree=150
num_leaves=5
num_cat=0
split_feature=5 2 1 5
split_gain=0.333473 0.484817 0.47406 0.622195
threshold=0.45704360185119947 -1.7653443593554172 0.041224399262750684 -0.40973358334377685
decision_type=2 2 2 2
left_child=2 -2 3 -1
right_child=1 -3 -4 -5
leaf_value=-0.0017987374889041504 0.0025560790910226549 -0.0066375980647982846 -0.0038250597142436508 0.0068144834689668234
leaf_weight=7.2988213971257245 1.7153095081448553 3.3605993650853625 1.9040768370032299 7.9408384673297423
leaf_count=65 13 44 13 75
internal_value=-0.000407494 -0.00389609 0.00168023 0.00361104
internal_weight=22.2196 5.07591 17.1437 15.2397
internal_count=210 57 153 140
is_linear=0
shrinkage=0.03


Tree=151
num_leaves=5
num_cat=0
split_feature=6 4 2 4
split_gain=0.331915 0.245227 0.232594 0.196854
threshold=-0.62622549019607932 0.033894520272437341 -0.92983090515184541 0.024424807073003877
decision_type=2 2 2 2
left_child=-1 3 -3 -2
right_child=1 2 -4 -5
leaf_value=0.0032044276867818303 -0.00031748268516596575 -0.0019589778807164275 0.0040804119991020849 -0.0063641989323592746
leaf_weight=5.3526122234761742 9.7427513636648673 2.8173606097698212 1.7992497980594624 2.5027201958000651
leaf_count=39 99 18 19 35
internal_value=-0.000422309 -0.0023379 0.00157608 -0.00385866
internal_weight=22.2147 16.8621 4.61661 12.2455
internal_count=210 171 37 134
is_linear=0
shrinkage=0.03


Tree=152
num_leaves=5
num_cat=0
split_feature=3 3 2 2
split_gain=0.328814 0.666865 0.346233 0.39315
threshold=-0.026281570895989644 -0.039059436034713353 -1.8392793840731245 -0.72446247363268879
decision_type=2 2 2 2
left_child=1 -1 -2 -4
right_child=2 -3 3 -5
leaf_value=-0.0030860962740542389 0.0022894941522510126 0.006662650855013501 -0.0070669753749091129 0.00075164917459400555
leaf_weight=3.6605945266783237 3.1861348077654847 3.7616043277084854 4.9733556844294071 6.6191562041640246
leaf_count=24 26 31 56 73
internal_value=-0.000422477 0.00284297 -0.00254796 -0.00432208
internal_weight=22.2008 7.4222 14.7786 11.5925
internal_count=210 55 155 129
is_linear=0
shrinkage=0.03


Tree=153
num_leaves=5
num_cat=0
split_feature=6 4 4 4
split_gain=0.32384 0.244477 0.23032 0.193602
threshold=-0.62622549019607932 0.033894520272437341 0.045707883475878293 0.024424807073003877
decision_type=2 2 2 2
left_child=-1 3 -3 -2
right_child=1 2 -4 -5
leaf_value=0.0031676606053724975 -0.00031661813840723409 0.0040595186428664136 -0.0019547056989971446 -0.0063175155698649288
leaf_weight=5.3474140651524094 9.7389189712703246 1.8565044254064549 2.7546838149428368 2.4886822924017897
leaf_count=39 99 19 18 35
internal_value=-0.000414205 -0.00230812 0.00158783 -0.00383069
internal_weight=22.1862 16.8388 4.61119 12.2276
internal_count=210 171 37 134
is_linear=0
shrinkage=0.03


Tree=154
num_leaves=5
num_cat=0
split_feature=3 3 2 2
split_gain=0.319844 0.657067 0.33981 0.385507
threshold=-0.026281570895989644 -0.039059436034713353 -1.8392793840731245 -0.72446247363268879
decision_type=2 2 2 2
left_child=1 -1 -2 -4
right_child=2 -3 3 -5
leaf_value=-0.0030718095338224814 0.0022738240907379313 0.0066020871209287128 -0.0069938835337596565 0.00074747626797564391
leaf_weight=3.6580912284553051 3.1858963295817384 3.7560113444924381 4.9569400809705257 6.6161319650709594
leaf_count=24 26 31 56 73
internal_value=-0.00041467 0.00280596 -0.0025124 -0.00427324
internal_weight=22.1731 7.4141 14.759 11.5731
internal_count=210 55 155 129
is_linear=0
shrinkage=0.03


Tree=155
num_leaves=5
num_cat=0
split_feature=6 4 2 4
split_gain=0.316024 0.243631 0.227479 0.190422
threshold=-0.62622549019607932 0.033894520272437341 -0.92983090515184541 0.024424807073003877
decision_type=2 2 2 2
left_child=-1 3 -3 -2
right_child=1 2 -4 -5
leaf_value=0.0031314279330820699 -0.00031575716148869466 -0.0019204557310668411 0.0040634225708111316 -0.0062714645917015862
leaf_weight=5.3421992100775268 9.7350332476198691 2.8072664588689804 1.7991608008742321 2.474796622991561
leaf_count=39 99 18 19 35
internal_value=-0.000406566 -0.00227912 0.00159856 -0.00380312
internal_weight=22.1585 16.8163 4.60643 12.2098
internal_count=210 171 37 134
is_linear=0
shrinkage=0.03


Tree=156
num_leaves=5
num_cat=0
split_feature=3 3 2 2
split_gain=0.311103 0.64742 0.334187 0.377456
threshold=-0.026281570895989644 -0.039059436034713353 -1.8392793840731245 -0.72446247363268879
decision_type=2 2 2 2
left_child=1 -1 -2 -4
right_child=2 -3 3 -5
leaf_value=-0.003057528422009344 0.0022620571590876268 0.0065422109035922094 -0.0069213408413431304 0.00074031828300089486
leaf_weight=3.6555938608944416 3.1849766001105317 3.750381093472245 4.9403237327933311 6.6135533228516543
leaf_count=24 26 31 56 73
internal_value=-0.000406817 0.00276948 -0.00247718 -0.00422698
internal_weight=22.1448 7.40597 14.7389 11.5539
internal_count=210 55 155 129
is_linear=0
shrinkage=0.03


Tree=157
num_leaves=5
num_cat=0
split_feature=6 2 5 4
split_gain=0.308463 0.325496 0.274602 0.310416
threshold=-0.18853398853398576 -0.40540344089131758 -0.35127297227895832 -0.048055306236855659
decision_type=2 2 2 2
left_child=2 -2 3 -1
right_child=1 -3 -4 -5
leaf_value=0.0029269330138940947 -0.0050318591365547385 0.0016357789576396072 0.0049810447298021445 -0.0036221267616312271
leaf_weight=2.0442570298910141 6.8156479224562645 4.6170356497168523 3.5323353558778781 5.1209704503417015
leaf_count=13 76 46 29 46
internal_value=-0.000398873 -0.0028323 0.00231369 -0.00113703
internal_weight=22.1302 11.4327 10.6976 7.16523
internal_count=210 122 88 59
is_linear=0
shrinkage=0.03


Tree=158
num_leaves=5
num_cat=0
split_feature=6 4 4 4
split_gain=0.304994 0.245978 0.222751 0.187279
threshold=-0.62622549019607932 0.033894520272437341 0.045707883475878293 0.024424807073003877
decision_type=2 2 2 2
left_child=-1 3 -3 -2
right_child=1 2 -4 -5
leaf_value=0.0030913024180107113 -0.00031004422249397983 0.0040499836531441326 -0.0018875676932149758 -0.0062152827439409218
leaf_weight=5.337209194898608 9.730013672262432 1.8545128777623165 2.7390319854021072 2.45722054503858
leaf_count=39 99 19 18 35
internal_value=-0.000378778 -0.00222464 0.00164215 -0.00376533
internal_weight=22.118 16.7808 4.59354 12.1872
internal_count=210 171 37 134
is_linear=0
shrinkage=0.03


Tree=159
num_leaves=5
num_cat=0
split_feature=5 2 1 2
split_gain=0.301694 0.475323 0.460333 0.612728
threshold=0.45704360185119947 -1.7653443593554172 0.041224399262750684 -2.4356646331491545
decision_type=2 2 2 2
left_child=2 -2 3 -1
right_child=1 -3 -4 -5
leaf_value=-0.0033226447958167788 0.0025890912891240723 -0.0064638816720493392 -0.0038009601199777846 0.0056324941615651042
leaf_weight=2.23526702821255 1.70822511985898 3.3001593239605418 1.8969848155975331 12.964498188346626
leaf_count=15 13 44 13 125
internal_value=-0.000379472 -0.00370839 0.0016044 0.00351963
internal_weight=22.1051 5.00838 17.0968 15.1998
internal_count=210 57 153 140
is_linear=0
shrinkage=0.03


end of trees

feature_importances:
Column_2=155
Column_4=144
Column_6=99
Column_5=94
Column_3=85
Column_1=63

parameters:
[boosting: gbdt]
[objective: binary]
[metric: binary_logloss]
[tree_learner: serial]
[device_type: cpu]
[data_sample_strategy: bagging]
[data: ]
[valid: ]
[num_iterations: 160]
[learning_rate: 0.03]
[num_leaves: 5]
[num_threads: 4]
[seed: 20260725]
[deterministic: 1]
[force_col_wise: 1]
[force_row_wise: 0]
[histogram_pool_size: -1]
[max_depth: 3]
[min_data_in_leaf: 12]
[min_sum_hessian_in_leaf: 0.001]
[bagging_fraction: 1]
[pos_bagging_fraction: 1]
[neg_bagging_fraction: 1]
[bagging_freq: 0]
[bagging_seed: 21817]
[bagging_by_query: 0]
[feature_fraction: 1]
[feature_fraction_bynode: 1]
[feature_fraction_seed: 22070]
[extra_trees: 0]
[extra_seed: 28444]
[early_stopping_round: 0]
[early_stopping_min_delta: 0]
[first_metric_only: 0]
[max_delta_step: 0]
[lambda_l1: 0]
[lambda_l2: 10]
[linear_lambda: 0]
[min_gain_to_split: 0]
[drop_rate: 0.1]
[max_drop: 50]
[skip_drop: 0.5]
[xgboost_dart_mode: 0]
[uniform_drop: 0]
[drop_seed: 12683]
[top_rate: 0.2]
[other_rate: 0.1]
[min_data_per_group: 100]
[max_cat_threshold: 32]
[cat_l2: 10]
[cat_smooth: 10]
[max_cat_to_onehot: 4]
[top_k: 20]
[monotone_constraints: ]
[monotone_constraints_method: basic]
[monotone_penalty: 0]
[feature_contri: ]
[forcedsplits_filename: ]
[refit_decay_rate: 0.9]
[cegb_tradeoff: 1]
[cegb_penalty_split: 0]
[cegb_penalty_feature_lazy: ]
[cegb_penalty_feature_coupled: ]
[path_smooth: 0]
[interaction_constraints: ]
[verbosity: -1]
[saved_feature_importance_type: 0]
[use_quantized_grad: 0]
[num_grad_quant_bins: 4]
[quant_train_renew_leaf: 0]
[stochastic_rounding: 1]
[linear_tree: 0]
[max_bin: 31]
[max_bin_by_feature: ]
[min_data_in_bin: 3]
[bin_construct_sample_cnt: 200000]
[data_random_seed: 4449]
[is_enable_sparse: 1]
[enable_bundle: 1]
[use_missing: 1]
[zero_as_missing: 0]
[feature_pre_filter: 1]
[pre_partition: 0]
[two_round: 0]
[header: 0]
[label_column: ]
[weight_column: ]
[group_column: ]
[ignore_column: ]
[categorical_feature: ]
[forcedbins_filename: ]
[precise_float_parser: 0]
[parser_config_file: ]
[objective_seed: 26564]
[num_class: 1]
[is_unbalance: 0]
[scale_pos_weight: 1]
[sigmoid: 1]
[boost_from_average: 1]
[reg_sqrt: 0]
[alpha: 0.9]
[fair_c: 1]
[poisson_max_delta_step: 0.7]
[tweedie_variance_power: 1.5]
[lambdarank_truncation_level: 30]
[lambdarank_norm: 1]
[label_gain: ]
[lambdarank_position_bias_regularization: 0]
[eval_at: ]
[multi_error_top_k: 1]
[auc_mu_weights: ]
[num_machines: 1]
[local_listen_port: 12400]
[time_out: 120]
[machine_list_filename: ]
[machines: ]
[gpu_platform_id: -1]
[gpu_device_id: -1]
[gpu_device_id_list: ]
[gpu_use_dp: 0]
[num_gpu: 1]

end of parameters

pandas_categorical:null
