tree
version=v4
num_class=1
num_tree_per_iteration=1
label_index=0
max_feature_idx=7
objective=binary sigmoid:1
feature_names=Column_0 Column_1 Column_2 Column_3 Column_4 Column_5 Column_6 Column_7
feature_infos=[-1:1] [0:0.049724579425338811] [-6.5644750209736094:3.5533095058261588] [-0.1594845880090473:0.12089014455228318] [-0.13498430415068019:0.15578744757213814] [-0.93675889328063244:0.93193443992065905] [-1:1] [0:1]
tree_sizes=650 677 681 679 681 681 680 678 679 680 674 681 679 681 677 679 680 679 680 681 680 677 682 680 679 680 683 682 682 683 685 684 681 682 683 677 682 684 681 679 683 684 682 684 683 683 682 684 685 678 685 685 682 682 684 683 685 685 686 685 684 684 683 683 681 683 688 681 684 686 686 682 685 687 684 682 681 686 685 684 683 686 686 682 686 684 684 685 687 685 687 684 683 686 685 684 683 683 679 682 686 687 688 685 687 688 684 685 686 688 683 686 689 686 683 687 688 684 686 682 688 689 684 690 684 684 686 684 679 684 686 685 689 688 685 685 687 690 684 690 685 684 686 684 685 683 683 684 686 688 682 687 684 680 682 686 687 686 681 683

Tree=0
num_leaves=5
num_cat=0
split_feature=6 5 3 6
split_gain=1.83229 0.614159 0.547079 0.37584
threshold=-0.3765182186235127 0.48180497255408516 0.019959292276891145 -0.85304869341710476
decision_type=2 2 2 2
left_child=3 -2 -3 -1
right_child=1 2 -4 -5
leaf_value=0.72118412879095095 0.71422951328909368 0.72791116323838201 0.71899465571293775 0.73117254457296277
leaf_weight=2.097756389528513 9.3555534034967405 1.4889669530093659 4.162506103515625 5.7798322699964073
leaf_count=16 94 20 29 51
internal_value=0.722135 0.716892 0.723534 0.729469
internal_weight=22.8846 15.007 5.65147 7.87759
internal_count=210 143 49 67
is_linear=0
shrinkage=1


Tree=1
num_leaves=5
num_cat=0
split_feature=6 5 3 6
split_gain=1.7809 0.602114 0.540696 0.369439
threshold=-0.3765182186235127 0.48180497255408516 0.019959292276891145 -0.85304869341710476
decision_type=2 2 2 2
left_child=3 -2 -3 -1
right_child=1 2 -4 -5
leaf_value=-0.00094558970978111251 -0.0077801651315412019 0.0057555041961559888 -0.0031113679962083063 0.0089489677438493315
leaf_weight=2.098446361720562 9.3810600340366346 1.4859818220138539 4.1670240610837936 5.761675018817189
leaf_count=16 94 20 29 51
internal_value=2.5886e-05 -0.00514335 0.00140732 0.00725698
internal_weight=22.8942 15.0341 5.65301 7.86012
internal_count=210 143 49 67
is_linear=0
shrinkage=0.03


Tree=2
num_leaves=5
num_cat=0
split_feature=6 5 3 6
split_gain=1.73094 0.590356 0.534394 0.363158
threshold=-0.3765182186235127 0.48180497255408516 0.019959292276891145 -0.85304869341710476
decision_type=2 2 2 2
left_child=3 -2 -3 -1
right_child=1 2 -4 -5
leaf_value=-0.00094061522384069024 -0.0076571949935610251 0.0057346810984111587 -0.0030829269577140666 0.0088611735735554982
leaf_weight=2.0991320759057999 9.4059781394898874 1.4829917885363091 4.1714876554906368 5.7435498833656338
leaf_count=16 94 20 29 51
internal_value=5.14229e-05 -0.00504515 0.00141567 0.00718085
internal_weight=22.9031 15.0605 5.65448 7.84268
internal_count=210 143 49 67
is_linear=0
shrinkage=0.03


Tree=3
num_leaves=5
num_cat=0
split_feature=6 5 3 2
split_gain=1.68235 0.578877 0.528172 0.36172
threshold=-0.3765182186235127 0.48180497255408516 0.019959292276891145 -0.72446247363268879
decision_type=2 2 2 2
left_child=-1 3 -3 -2
right_child=1 2 -4 -5
leaf_value=0.0071056696202129446 -0.010018256968322098 0.0057139753450519172 -0.0030547373498578854 -0.00025535147195545862
leaf_weight=7.8252745009958771 4.2290420606732368 1.4799972176551808 4.1758973710238934 5.2012781314551813
leaf_count=67 41 20 29 53
internal_value=7.66122e-05 -0.0049485 0.00142392 -0.00753626
internal_weight=22.9115 15.0862 5.65589 9.43032
internal_count=210 143 49 94
is_linear=0
shrinkage=0.03


Tree=4
num_leaves=5
num_cat=0
split_feature=6 5 3 6
split_gain=1.64114 0.572683 0.522028 0.360569
threshold=-0.3765182186235127 0.48180497255408516 0.019959292276891145 -0.85304869341710476
decision_type=2 2 2 2
left_child=3 -2 -3 -1
right_child=1 2 -4 -5
leaf_value=-0.00097302987869642805 -0.0074630714551759446 0.0056933853882069523 -0.0030267975723424351 0.0087049969303299619
leaf_weight=2.0946504399180412 9.4449242092668992 1.4769983030855645 4.1802541129291058 5.7108555547893074
leaf_count=16 94 20 29 51
internal_value=6.98272e-05 -0.00488789 0.00143207 0.00701999
internal_weight=22.9077 15.1022 5.65725 7.80551
internal_count=210 143 49 67
is_linear=0
shrinkage=0.03


Tree=5
num_leaves=5
num_cat=0
split_feature=6 5 3 2
split_gain=1.59498 0.561618 0.515962 0.368412
threshold=-0.3765182186235127 0.48180497255408516 0.019959292276891145 -0.72446247363268879
decision_type=2 2 2 2
left_child=-1 3 -3 -2
right_child=1 2 -4 -5
leaf_value=0.0069465483400119902 -0.0098449033462413103 0.0056729115041127733 -0.0029991046497694165 -0.00017586532518572563
leaf_weight=7.7882027402520206 4.253654420375824 1.4739953316748131 4.1845587268471718 5.2147090248763543
leaf_count=67 41 20 29 53
internal_value=9.46375e-05 -0.00479373 0.00144011 -0.00734533
internal_weight=22.9151 15.1269 5.65855 9.46836
internal_count=210 143 49 94
is_linear=0
shrinkage=0.03


Tree=6
num_leaves=5
num_cat=0
split_feature=6 5 3 2
split_gain=1.55585 0.555635 0.509973 0.361268
threshold=-0.3765182186235127 0.48180497255408516 0.019959292276891145 -0.72446247363268879
decision_type=2 2 2 2
left_child=-1 3 -3 -2
right_child=1 2 -4 -5
leaf_value=0.0068629606507397325 -0.0097472749190773717 0.0056525517738311229 -0.0029716579577257641 -0.00017405294913431591
leaf_weight=7.768660310655835 4.2673226371407509 1.4709886610507954 4.1888112127780914 5.2150139585137349
leaf_count=67 41 20 29 53
internal_value=8.82976e-05 -0.00473467 0.00144804 -0.00727406
internal_weight=22.9108 15.1421 5.6598 9.48234
internal_count=210 143 49 94
is_linear=0
shrinkage=0.03


Tree=7
num_leaves=5
num_cat=0
split_feature=6 5 3 6
split_gain=1.51765 0.549715 0.504059 0.36112
threshold=-0.3765182186235127 0.48180497255408516 0.019959292276891145 -0.85304869341710476
decision_type=2 2 2 2
left_child=3 -2 -3 -1
right_child=1 2 -4 -5
leaf_value=-0.0010403834811324821 -0.0072034509562484104 0.0056323065061866517 -0.0029444543624153785 0.0084857882296651525
leaf_weight=2.0852381363511086 9.4960309378802759 1.4679783210158337 4.1930128410458565 5.6640036851167705
leaf_count=16 94 20 29 51
internal_value=8.23528e-05 -0.00467616 0.00145588 0.00678047
internal_weight=22.9063 15.157 5.66099 7.74924
internal_count=210 143 49 67
is_linear=0
shrinkage=0.03


Tree=8
num_leaves=5
num_cat=0
split_feature=6 5 3 2
split_gain=1.47478 0.539182 0.49822 0.367017
threshold=-0.3765182186235127 0.48180497255408516 0.019959292276891145 -0.72446247363268879
decision_type=2 2 2 2
left_child=-1 3 -3 -2
right_child=1 2 -4 -5
leaf_value=0.0067094931438907443 -0.0095791862427381993 0.0056121741098324237 -0.0029174917480248746 -9.8018547545614259e-05
leaf_weight=7.7321291342377689 4.290522426366806 1.4649647995829571 4.197163850069046 5.2277522161602956
leaf_count=67 41 20 29 53
internal_value=0.000106728 -0.00458535 0.00146361 -0.00708998
internal_weight=22.9125 15.1804 5.66213 9.51827
internal_count=210 143 49 94
is_linear=0
shrinkage=0.03


Tree=9
num_leaves=5
num_cat=0
split_feature=6 5 3 2
split_gain=1.43852 0.533462 0.492455 0.35988
threshold=-0.3765182186235127 0.48180497255408516 0.019959292276891145 -0.72446247363268879
decision_type=2 2 2 2
left_child=-1 3 -3 -2
right_child=1 2 -4 -5
leaf_value=0.006629000521454805 -0.0094842011535098171 0.0055921544623646373 -0.0028907684718708871 -9.7007914066318853e-05
leaf_weight=7.7129509113729027 4.3034428358078003 1.4619482159614552 4.2012649066746235 5.2279209829866868
leaf_count=67 41 20 29 53
internal_value=0.000101181 -0.00452834 0.00147124 -0.00702122
internal_weight=22.9075 15.1946 5.66321 9.53136
internal_count=210 143 49 94
is_linear=0
shrinkage=0.03


Tree=10
num_leaves=5
num_cat=0
split_feature=6 5 3 6
split_gain=1.40313 0.527801 0.486763 0.36113
threshold=-0.3765182186235127 0.48180497255408516 0.019959292276891145 -0.85304869341710476
decision_type=2 2 2 2
left_child=3 -2 -3 -1
right_child=1 2 -4 -5
leaf_value=-0.0011047371459029485 -0.0069530903606641378 0.0055722466012780901 -0.0028642833288587007 0.0082744217300224337
leaf_weight=2.0761198401451111 9.5441849902272207 1.4589287340641011 4.205316673964262 5.6177828498184708
leaf_count=16 94 20 29 51
internal_value=9.6e-05 -0.00447186 0.00147878 0.00654955
internal_weight=22.9023 15.2084 5.66425 7.6939
internal_count=210 143 49 67
is_linear=0
shrinkage=0.03


Tree=11
num_leaves=5
num_cat=0
split_feature=6 5 3 2
split_gain=1.36332 0.517771 0.481143 0.364771
threshold=-0.3765182186235127 0.48180497255408516 0.019959292276891145 -0.72446247363268879
decision_type=2 2 2 2
left_child=-1 3 -3 -2
right_child=1 2 -4 -5
leaf_value=0.0064809452867294571 -0.0093212242493878952 0.005552449304658617 -0.0028380326781729595 -2.4293140848687174e-05
leaf_weight=7.6770014986395863 4.3252864629030228 1.4559068121016014 4.2093199379742146 5.240003250539301
leaf_count=67 41 20 29 53
internal_value=0.000119914 -0.00438428 0.00148621 -0.00684372
internal_weight=22.9075 15.2305 5.66523 9.56529
internal_count=210 143 49 94
is_linear=0
shrinkage=0.03


Tree=12
num_leaves=5
num_cat=0
split_feature=6 5 3 6
split_gain=1.32972 0.512301 0.475593 0.357971
threshold=-0.3765182186235127 0.48180497255408516 0.019959292276891145 -0.85304869341710476
decision_type=2 2 2 2
left_child=3 -2 -3 -1
right_child=1 2 -4 -5
leaf_value=-0.0011328152573787012 -0.0067773810697476494 0.0055327623415507713 -0.0028120162920250024 0.0081321385945476686
leaf_weight=2.0721033178269863 9.5775312557816488 1.4528824165463436 4.2132750004529953 5.586101125925782
leaf_count=16 94 20 29 51
internal_value=0.000115088 -0.00432925 0.00149355 0.00640342
internal_weight=22.9019 15.2437 5.66616 7.6582
internal_count=210 143 49 67
is_linear=0
shrinkage=0.03


Tree=13
num_leaves=5
num_cat=0
split_feature=6 5 3 2
split_gain=1.2919 0.502626 0.470114 0.368971
threshold=-0.3765182186235127 0.48180497255408516 0.019959292276891145 -0.72446247363268879
decision_type=2 2 2 2
left_child=-1 3 -3 -2
right_child=1 2 -4 -5
leaf_value=0.0063363647705719185 -0.0091616277597555626 0.0055131851235952567 -0.0027862316699379737 4.5908768990767211e-05
leaf_weight=7.6414476409554508 4.3462712243199348 1.4498559311032284 4.2171824052929878 5.2515754066407663
leaf_count=67 41 20 29 53
internal_value=0.000138589 -0.00424392 0.00150078 -0.00667089
internal_weight=22.9063 15.2649 5.66704 9.59785
internal_count=210 143 49 94
is_linear=0
shrinkage=0.03


Tree=14
num_leaves=5
num_cat=0
split_feature=6 5 3 2
split_gain=1.26 0.49734 0.464704 0.361764
threshold=-0.3765182186235127 0.48180497255408516 0.019959292276891145 -0.72446247363268879
decision_type=2 2 2 2
left_child=-1 3 -3 -2
right_child=1 2 -4 -5
leaf_value=0.0062607054864672546 -0.0090708140428849855 0.0054937164996772085 -0.0027606770699777966 4.543431357427287e-05
leaf_weight=7.6229081228375462 4.3580291196703911 1.4468275941908348 4.2210430577397346 5.2514975666999799
leaf_count=67 41 20 29 53
internal_value=0.000134093 -0.00419031 0.00150792 -0.00660628
internal_weight=22.9003 15.2774 5.66787 9.60953
internal_count=210 143 49 94
is_linear=0
shrinkage=0.03


Tree=15
num_leaves=5
num_cat=0
split_feature=6 5 3 6
split_gain=1.22887 0.492108 0.459361 0.357275
threshold=-0.3765182186235127 0.48180497255408516 0.019959292276891145 -0.85304869341710476
decision_type=2 2 2 2
left_child=3 -2 -3 -1
right_child=1 2 -4 -5
leaf_value=-0.0011925779374457525 -0.0065422761030630222 0.0054743560819318481 -0.0027353492722385357 0.0079330958164585581
leaf_weight=2.0634778924286366 9.6209573000669462 1.443797580897807 4.2248571999371052 5.5410285964608219
leaf_count=16 94 20 29 51
internal_value=0.000129919 -0.0041372 0.00151497 0.00618602
internal_weight=22.8941 15.2896 5.66865 7.60451
internal_count=210 143 49 67
is_linear=0
shrinkage=0.03


Tree=16
num_leaves=5
num_cat=0
split_feature=6 5 3 2
split_gain=1.19375 0.48289 0.454086 0.365243
threshold=-0.3765182186235127 0.48180497255408516 0.019959292276891145 -0.72446247363268879
decision_type=2 2 2 2
left_child=-1 3 -3 -2
right_child=1 2 -4 -5
leaf_value=0.0061211663854865393 -0.0089160740897775911 0.0054551026965633338 -0.0027102480304780022 0.00011253499208693045
leaf_weight=7.5879892669618156 4.3777526468038559 1.4407660365104664 4.2286256775259972 5.2624738812446576
leaf_count=67 41 20 29 53
internal_value=0.000152926 -0.0040549 0.00152191 -0.00643962
internal_weight=22.8976 15.3096 5.66939 9.64023
internal_count=210 143 49 94
is_linear=0
shrinkage=0.03


Tree=17
num_leaves=5
num_cat=0
split_feature=6 5 3 2
split_gain=1.1642 0.477833 0.448878 0.358095
threshold=-0.3765182186235127 0.48180497255408516 0.019959292276891145 -0.72446247363268879
decision_type=2 2 2 2
left_child=-1 3 -3 -2
right_child=1 2 -4 -5
leaf_value=0.0060482722818824075 -0.0088277227021615924 0.0054359562562891631 -0.0026853705859447964 0.00011137225056239618
leaf_weight=7.5698527991771725 4.3888360187411308 1.437733307480811 4.2323489747941494 5.262284539639948
leaf_count=67 41 20 29 53
internal_value=0.000149046 -0.00400317 0.00152877 -0.00637729
internal_weight=22.8911 15.3212 5.67008 9.65112
internal_count=210 143 49 94
is_linear=0
shrinkage=0.03


Tree=18
num_leaves=5
num_cat=0
split_feature=3 3 5 6
split_gain=1.13864 1.10853 0.967414 0.888645
threshold=0.019959292276891145 -0.04659023865248297 -0.54623446754151561 0.68044965786901324
decision_type=2 2 2 2
left_child=1 -1 -3 -2
right_child=3 2 -4 -5
leaf_value=-0.0044262814032955339 0.0021136747127453335 -0.0022624735102269029 0.010528273599394187 -0.0096443002823867752
leaf_weight=2.5768753439187995 4.9173260293900949 3.2794183380901805 8.2749008014798182 3.8358391709625721
leaf_count=16 42 41 82 29
internal_value=0.000145462 0.00442125 0.00753254 -0.0054341
internal_weight=22.8844 14.1312 11.5543 8.75317
internal_count=210 139 123 71
is_linear=0
shrinkage=0.03


Tree=19
num_leaves=5
num_cat=0
split_feature=6 5 3 6
split_gain=1.12638 0.471006 0.437605 0.358974
threshold=-0.3765182186235127 0.48180497255408516 0.019959292276891145 -0.85304869341710476
decision_type=2 2 2 2
left_child=3 -2 -3 -1
right_child=1 2 -4 -5
leaf_value=-0.0012769030156074032 -0.0063212940200094792 0.0053801477077933769 -0.0026420322354861248 0.0077049990926264123
leaf_weight=2.0511108413338661 9.6603014245629293 1.4287908859550942 4.2387783378362656 5.4882611297071007
leaf_count=16 94 20 29 51
internal_value=0.000107696 -0.00396438 0.00152348 0.00592661
internal_weight=22.8672 15.3279 5.66757 7.53937
internal_count=210 143 49 67
is_linear=0
shrinkage=0.03


Tree=20
num_leaves=5
num_cat=0
split_feature=6 5 3 2
split_gain=1.09401 0.462244 0.432604 0.355976
threshold=-0.3765182186235127 0.48180497255408516 0.019959292276891145 -0.72446247363268879
decision_type=2 2 2 2
left_child=-1 3 -3 -2
right_child=1 2 -4 -5
leaf_value=0.0058642864400847003 -0.0086651272800845284 0.0053614151115962605 -0.0026177647960265796 0.00015779515599011581
leaf_weight=7.5231723263859775 4.408829253166914 1.4257551692426194 4.2423793524503708 5.2697693519294244
leaf_count=67 41 20 29 53
internal_value=0.000130547 -0.00388491 0.00153018 -0.00622223
internal_weight=22.8699 15.3467 5.66813 9.6786
internal_count=210 143 49 94
is_linear=0
shrinkage=0.03


Tree=21
num_leaves=5
num_cat=0
split_feature=3 3 5 6
split_gain=1.0718 1.08155 0.94855 0.877653
threshold=0.019959292276891145 -0.04659023865248297 -0.54623446754151561 0.68044965786901324
decision_type=2 2 2 2
left_child=1 -1 -3 -2
right_child=3 2 -4 -5
leaf_value=-0.0044098858622421896 0.0021564799214286831 -0.0022701574140001485 0.010361053304528915 -0.0094707514025914492
leaf_weight=2.5778251960873595 4.9237910173833352 3.2762221358716479 8.2277347296476382 3.857366930693388
leaf_count=16 42 41 82 29
internal_value=0.000127676 0.00428758 0.00738094 -0.00527427
internal_weight=22.8629 14.0818 11.504 8.78116
internal_count=210 139 123 71
is_linear=0
shrinkage=0.03


Tree=22
num_leaves=5
num_cat=0
split_feature=6 4 3 6
split_gain=1.05844 0.461032 0.371196 0.357969
threshold=-0.3765182186235127 0.066023593998785449 0.019959292276891145 -0.85304869341710476
decision_type=2 2 2 2
left_child=3 2 -2 -1
right_child=1 -3 -4 -5
leaf_value=-0.001327256604457514 0.00025687258449789323 0.0028224085012559445 -0.0077147994788322322 0.0075411200394542785
leaf_weight=2.0435804389417171 6.6469350345432723 1.3545638322830207 7.3508621007204056 5.4495395421981838
leaf_count=16 74 6 63 51
internal_value=9.09363e-05 -0.00384718 -0.00539976 0.00574637
internal_weight=22.8455 15.3524 13.9978 7.49312
internal_count=210 143 137 67
is_linear=0
shrinkage=0.03


Tree=23
num_leaves=5
num_cat=0
split_feature=6 5 3 6
split_gain=1.03105 0.458117 0.415973 0.352283
threshold=-0.3765182186235127 0.48180497255408516 0.019959292276891145 -0.85304869341710476
decision_type=2 2 2 2
left_child=3 -2 -3 -1
right_child=1 2 -4 -5
leaf_value=-0.0013203862001026905 -0.0061181990207750938 0.0053060027794465192 -0.0025303894476886263 0.0074696563159800848
leaf_weight=2.0446038469672203 9.6959146149456483 1.4166750237345684 4.2551268376410007 5.4325545057654407
leaf_count=16 94 20 29 51
internal_value=0.000102747 -0.00378424 0.00156369 0.00568584
internal_weight=22.8449 15.3677 5.6718 7.47716
internal_count=210 143 49 67
is_linear=0
shrinkage=0.03


Tree=24
num_leaves=5
num_cat=0
split_feature=6 5 3 2
split_gain=1.00125 0.449635 0.411243 0.358031
threshold=-0.3765182186235127 0.48180497255408516 0.019959292276891145 -0.72446247363268879
decision_type=2 2 2 2
left_child=-1 3 -3 -2
right_child=1 2 -4 -5
leaf_value=0.0056260415916633937 -0.0084743259557120299 0.005287677522837677 -0.0025071220007250867 0.0002339529136324134
leaf_weight=7.4612778984010246 4.4315307661890984 1.4136392138898362 4.2585301660001278 5.2818020693957788
leaf_count=67 41 20 29 53
internal_value=0.000125412 -0.00370757 0.0015699 -0.00602244
internal_weight=22.8468 15.3855 5.67217 9.71333
internal_count=210 143 49 94
is_linear=0
shrinkage=0.03


Tree=25
num_leaves=5
num_cat=0
split_feature=3 3 5 6
split_gain=0.980334 1.05319 0.934337 0.872366
threshold=0.019959292276891145 -0.04659023865248297 -0.54623446754151561 0.68044965786901324
decision_type=2 2 2 2
left_child=1 -1 -3 -2
right_child=3 2 -4 -5
leaf_value=-0.0044102700417706997 0.002250235557114069 -0.0023060093615054123 0.010170581241775008 -0.0092425232065121952
leaf_weight=2.5759374946355811 4.9380657374858838 3.2678977549076071 8.1726095043122786 3.8849815018475056
leaf_count=16 42 41 82 29
internal_value=0.000123288 0.00411247 0.0071934 -0.00503203
internal_weight=22.8395 14.0164 11.4405 8.82305
internal_count=210 139 123 71
is_linear=0
shrinkage=0.03


Tree=26
num_leaves=5
num_cat=0
split_feature=6 3 3 6
split_gain=0.968702 0.451768 1.43518 0.351039
threshold=-0.3765182186235127 -0.018034986804514493 0.019959292276891145 -0.85304869341710476
decision_type=2 2 2 2
left_child=3 -2 -3 -1
right_child=1 2 -4 -5
leaf_value=-0.0013684589088209962 -0.0075520791979819752 0.0076226539674725995 -0.0051980207702178897 0.0073124156881611358
leaf_weight=2.037316158413887 3.1048304922878769 3.5375291556119874 8.7473986782133561 5.3945390656590488
leaf_count=16 28 46 69 51
internal_value=8.75189e-05 -0.0036718 0.000257687 0.00551282
internal_weight=22.8216 15.3898 12.2849 7.43186
internal_count=210 143 115 67
is_linear=0
shrinkage=0.03


Tree=27
num_leaves=5
num_cat=0
split_feature=6 3 3 6
split_gain=0.945427 0.450275 1.40575 0.345513
threshold=-0.3765182186235127 -0.018034986804514493 0.019959292276891145 -0.85304869341710476
decision_type=2 2 2 2
left_child=3 -2 -3 -1
right_child=1 2 -4 -5
leaf_value=-0.0013613887014518931 -0.0074943568735707103 0.007568183598780579 -0.0051215350981397871 0.0072435166298212813
leaf_weight=2.0383774787187576 3.1117972582578686 3.5282132513821081 8.7608290985226613 5.3778457418084171
leaf_count=16 28 46 69 51
internal_value=9.2514e-05 -0.00362054 0.000282639 0.00545473
internal_weight=22.8171 15.4008 12.289 7.41622
internal_count=210 143 115 67
is_linear=0
shrinkage=0.03


Tree=28
num_leaves=5
num_cat=0
split_feature=6 3 3 6
split_gain=0.922716 0.448709 1.37698 0.340081
threshold=-0.3765182186235127 -0.018034986804514493 0.019959292276891145 -0.85304869341710476
decision_type=2 2 2 2
left_child=3 -2 -3 -1
right_child=1 2 -4 -5
leaf_value=-0.0013543527643029656 -0.0074370546586623714 0.0075142202762937572 -0.0050461965006785899 0.0071753853063908539
leaf_weight=2.0394322350621223 3.1186462119221714 3.518900308758016 8.7739766314625722 5.3612449131906059
leaf_count=16 28 46 69 51
internal_value=9.7523e-05 -0.00356993 0.00030713 0.00539733
internal_weight=22.8122 15.4115 12.2929 7.40068
internal_count=210 143 115 67
is_linear=0
shrinkage=0.03


Tree=29
num_leaves=5
num_cat=0
split_feature=6 4 6 3
split_gain=0.900554 0.447549 0.334742 0.326659
threshold=-0.3765182186235127 0.066023593998785449 -0.85304869341710476 0.019959292276891145
decision_type=2 2 2 2
left_child=2 3 -1 -2
right_child=1 -3 -4 -5
leaf_value=-0.0013473508891382038 0.00023590403472808195 0.0028951948864245143 0.0071080103684408825 -0.0072490158311245608
leaf_weight=2.0404804460704327 6.6349704116582835 1.3629708439111716 5.3447380512952831 7.4238760620355606
leaf_count=16 74 6 51 63
internal_value=0.000102543 -0.00351996 0.00534062 -0.00508676
internal_weight=22.807 15.4218 7.38522 14.0588
internal_count=210 143 67 137
is_linear=0
shrinkage=0.03


Tree=30
num_leaves=5
num_cat=0
split_feature=6 3 5 3
split_gain=0.883076 0.878838 0.742808 0.331979
threshold=0.68044965786901324 -0.04659023865248297 -0.54623446754151561 0.024164742784633885
decision_type=2 2 2 2
left_child=1 -1 -3 -2
right_child=3 2 -4 -5
leaf_value=-0.0043837304377888249 0.0013200630776800475 -0.0023856149845220614 0.0081133102556170296 -0.0076017094024745319
leaf_weight=2.5762982219457671 1.6691155731677998 3.2522189319133803 11.858095560222859 3.4496270567178726
leaf_count=16 18 41 109 26
internal_value=0.000114601 0.00327218 0.00580346 -0.00574361
internal_weight=22.8054 17.6866 15.1103 5.11874
internal_count=210 166 150 44
is_linear=0
shrinkage=0.03


Tree=31
num_leaves=5
num_cat=0
split_feature=6 3 3 6
split_gain=0.877655 0.453439 1.32894 0.331252
threshold=-0.3765182186235127 -0.018034986804514493 0.019959292276891145 -0.85304869341710476
decision_type=2 2 2 2
left_child=3 -2 -3 -1
right_child=1 2 -4 -5
leaf_value=-0.0013594348686105607 -0.0073896216456946868 0.0074295665754716281 -0.0049121147295093197 0.0070172306521796689
leaf_weight=2.0385550633072853 3.1240118518471744 3.5038497298955873 8.7960235290229303 5.3220475614070919
leaf_count=16 28 46 69 51
internal_value=6.62129e-05 -0.00349994 0.000358725 0.00525055
internal_weight=22.7845 15.4239 12.2999 7.3606
internal_count=210 143 115 67
is_linear=0
shrinkage=0.03


Tree=32
num_leaves=5
num_cat=0
split_feature=6 3 3 6
split_gain=0.856591 0.451603 1.30187 0.326077
threshold=-0.3765182186235127 -0.018034986804514493 0.019959292276891145 -0.85304869341710476
decision_type=2 2 2 2
left_child=3 -2 -3 -1
right_child=1 2 -4 -5
leaf_value=-0.0013524089600800398 -0.0073330886744692727 0.0073768890627367387 -0.0048399170541682489 0.0069516058741887063
leaf_weight=2.0396077744662762 3.1306459568440941 3.4945534840226129 8.8084003664553148 5.3057694956660297
leaf_count=16 28 46 69 51
internal_value=7.15623e-05 -0.003451 0.000381865 0.00519546
internal_weight=22.779 15.4336 12.303 7.34538
internal_count=210 143 115 67
is_linear=0
shrinkage=0.03


Tree=33
num_leaves=5
num_cat=0
split_feature=6 3 5 3
split_gain=0.848011 0.854865 0.73594 0.316842
threshold=0.68044965786901324 -0.04659023865248297 -0.54623446754151561 0.024164742784633885
decision_type=2 2 2 2
left_child=1 -1 -3 -2
right_child=3 2 -4 -5
leaf_value=-0.0043449512959417898 0.0012812663837215702 -0.0024113606112804165 0.0080030285792276924 -0.0074589433278602875
leaf_weight=2.5795271024107977 1.6630040332674969 3.2461969256401106 11.818744167685503 3.4657192565500736
leaf_count=16 18 41 109 26
internal_value=7.69111e-05 0.0031839 0.0056922 -0.00565128
internal_weight=22.7732 17.6445 15.0649 5.12872
internal_count=210 166 150 44
is_linear=0
shrinkage=0.03


Tree=34
num_leaves=5
num_cat=0
split_feature=6 3 3 6
split_gain=0.836638 0.443259 1.27401 0.322676
threshold=-0.3765182186235127 -0.018034986804514493 0.019959292276891145 -0.85304869341710476
decision_type=2 2 2 2
left_child=3 -2 -3 -1
right_child=1 2 -4 -5
leaf_value=-0.0013640799148393033 -0.0072843084303295166 0.0072959202832029767 -0.004792065740381617 0.0068633426839492173
leaf_weight=2.0377160608768463 3.1360210590064552 3.4798149913549379 8.8153825625777227 5.2833706401288536
leaf_count=16 28 46 69 51
internal_value=2.96431e-05 -0.0034408 0.000367034 0.00510791
internal_weight=22.7523 15.4312 12.2952 7.32109
internal_count=210 143 115 67
is_linear=0
shrinkage=0.03


Tree=35
num_leaves=5
num_cat=0
split_feature=6 3 5 3
split_gain=0.81897 0.833556 0.723745 0.307423
threshold=0.68044965786901324 -0.04659023865248297 -0.54623446754151561 0.024164742784633885
decision_type=2 2 2 2
left_child=1 -1 -3 -2
right_child=3 2 -4 -5
leaf_value=-0.0043114534225360745 0.0012595830880864837 -0.0024144143106089922 0.0078902925742835757 -0.0073581258605903838
leaf_weight=2.5830111056566283 1.6595995500683773 3.244655549526219 11.782309494912619 3.4768324755132198
leaf_count=16 18 41 109 26
internal_value=3.5474e-05 0.00310176 0.0055896 -0.0055811
internal_weight=22.7464 17.61 15.027 5.13643
internal_count=210 166 150 44
is_linear=0
shrinkage=0.03


Tree=36
num_leaves=5
num_cat=0
split_feature=6 4 6 2
split_gain=0.817114 0.44207 0.319289 0.307552
threshold=-0.3765182186235127 0.066023593998785449 -0.85304869341710476 -0.51516634453162247
decision_type=2 2 2 2
left_child=2 3 -1 -2
right_child=1 -3 -4 -5
leaf_value=-0.0013753025390593472 -0.0069949033535533197 0.0029075059400507594 0.0067767445005161835 0.0003097382166079346
leaf_weight=2.035862535238266 7.9074562340974808 1.3636124581098563 5.2611818015575436 6.1574436649680102
leaf_count=16 73 6 51 64
internal_value=-1.06461e-05 -0.00342987 0.00502214 -0.00499717
internal_weight=22.7256 15.4285 7.29704 14.0649
internal_count=210 143 67 137
is_linear=0
shrinkage=0.03


Tree=37
num_leaves=5
num_cat=0
split_feature=6 3 3 6
split_gain=0.795207 0.44279 1.24233 0.314338
threshold=-0.3765182186235127 -0.018034986804514493 0.019959292276891145 -0.85304869341710476
decision_type=2 2 2 2
left_child=3 -2 -3 -1
right_child=1 2 -4 -5
leaf_value=-0.0013682005085435135 -0.0072123525729426239 0.0072407627696009624 -0.0046981048770167568 0.0067137597585687527
leaf_weight=2.0369294546544552 3.1437149979174164 3.4693019725382284 8.8294182494282705 5.2452776096761253
leaf_count=16 28 46 69 51
internal_value=4.66102e-06 -0.00336963 0.000406545 0.00496952
internal_weight=22.7246 15.4424 12.2987 7.28221
internal_count=210 143 115 67
is_linear=0
shrinkage=0.03


Tree=38
num_leaves=5
num_cat=0
split_feature=6 3 5 3
split_gain=0.782878 0.814066 0.715549 0.300061
threshold=0.68044965786901324 -0.04659023865248297 -0.54623446754151561 0.024164742784633885
decision_type=2 2 2 2
left_child=1 -1 -3 -2
right_child=3 2 -4 -5
leaf_value=-0.0042847949266274776 0.0012566450353143194 -0.002430790453776054 0.0077872008901282526 -0.007228943565924021
leaf_weight=2.5846066176891371 1.6585984304547299 3.239690344780688 11.744980648159975 3.4906377792358398
leaf_count=16 18 41 109 26
internal_value=1.08447e-05 0.00301884 0.00548935 -0.0054704
internal_weight=22.7185 17.5693 14.9847 5.14924
internal_count=210 166 150 44
is_linear=0
shrinkage=0.03


Tree=39
num_leaves=5
num_cat=0
split_feature=6 4 6 2
split_gain=0.776675 0.435149 0.311037 0.2971
threshold=-0.3765182186235127 0.066023593998785449 -0.85304869341710476 -0.51516634453162247
decision_type=2 2 2 2
left_child=2 3 -1 -2
right_child=1 -3 -4 -5
leaf_value=-0.00137903351378664 -0.0068813844086131858 0.0029046176749733124 0.0066295269386768925 0.0003020503246625109
leaf_weight=2.0351082347333431 7.9226189777255058 1.3629496842622764 5.2233939468860653 6.1535919792950118
leaf_count=16 73 6 51 64
internal_value=-3.42876e-05 -0.00335892 0.00488612 -0.00491993
internal_weight=22.6977 15.4392 7.2585 14.0762
internal_count=210 143 67 137
is_linear=0
shrinkage=0.03


Tree=40
num_leaves=5
num_cat=0
split_feature=6 3 3 6
split_gain=0.755806 0.442133 1.21154 0.306235
threshold=-0.3765182186235127 -0.018034986804514493 0.019959292276891145 -0.85304869341710476
decision_type=2 2 2 2
left_child=3 -2 -3 -1
right_child=1 2 -4 -5
leaf_value=-0.0013719138099069059 -0.007140981945584708 0.007186235292025488 -0.0046060917935916495 0.0065681459322851354
leaf_weight=2.0361783988773823 3.1511702612042454 3.4587818980216936 8.842708155512808 5.2077317647635963
leaf_count=16 28 46 69 51
internal_value=-1.87034e-05 -0.00329968 0.000445115 0.00483498
internal_weight=22.6966 15.4527 12.3015 7.24391
internal_count=210 143 115 67
is_linear=0
shrinkage=0.03


Tree=41
num_leaves=5
num_cat=0
split_feature=6 3 5 3
split_gain=0.74841 0.795038 0.707306 0.292859
threshold=0.68044965786901324 -0.04659023865248297 -0.54623446754151561 0.024164742784633885
decision_type=2 2 2 2
left_child=1 -1 -3 -2
right_child=3 2 -4 -5
leaf_value=-0.004257722999441934 0.0012535376977267829 -0.0024458929733422795 0.0076862669406129536 -0.0071020698870425947
leaf_weight=2.5861445292830512 1.6575469858944405 3.2348189726471945 11.707889351993794 3.5038270466029644
leaf_count=16 18 41 109 26
internal_value=-1.21928e-05 0.00293849 0.00539162 -0.00536178
internal_weight=22.6902 17.5289 14.9427 5.16137
internal_count=210 166 150 44
is_linear=0
shrinkage=0.03


Tree=42
num_leaves=5
num_cat=0
split_feature=6 3 3 6
split_gain=0.738218 0.434071 1.18587 0.303018
threshold=-0.3765182186235127 -0.018034986804514493 0.019959292276891145 -0.85304869341710476
decision_type=2 2 2 2
left_child=3 -2 -3 -1
right_child=1 2 -4 -5
leaf_value=-0.0013823694817175043 -0.007092756949123518 0.0071086500954559914 -0.0045607193568652938 0.0064862017562371723
leaf_weight=2.034388642758131 3.156154070049527 3.4441798776388124 8.8485003598034364 5.1861615069210556
leaf_count=16 28 46 69 51
internal_value=-5.63713e-05 -0.00328919 0.00043096 0.00475389
internal_weight=22.6694 15.4488 12.2927 7.22055
internal_count=210 143 115 67
is_linear=0
shrinkage=0.03


Tree=43
num_leaves=5
num_cat=0
split_feature=6 3 5 3
split_gain=0.722725 0.775207 0.695458 0.284162
threshold=0.68044965786901324 -0.04659023865248297 -0.54623446754151561 0.024164742784633885
decision_type=2 2 2 2
left_child=1 -1 -3 -2
right_child=3 2 -4 -5
leaf_value=-0.0042241098710900727 0.0012324335573915351 -0.0024470103186317875 0.0075793221073111681 -0.0070060372907685582
leaf_weight=2.5894176736474082 1.6541519798338402 3.233417790383105 11.672271665185685 3.5136952549219131
leaf_count=16 18 41 109 26
internal_value=-4.94368e-05 0.00286232 0.00529513 -0.00529505
internal_weight=22.663 17.4951 14.9057 5.16785
internal_count=210 166 150 44
is_linear=0
shrinkage=0.03


Tree=44
num_leaves=5
num_cat=0
split_feature=6 4 6 2
split_gain=0.721011 0.428782 0.299816 0.28519
threshold=-0.3765182186235127 0.066023593998785449 -0.85304869341710476 -0.51516634453162247
decision_type=2 2 2 2
left_child=2 3 -1 -2
right_child=1 -3 -4 -5
leaf_value=-0.0013924097580248003 -0.0067553253441026868 0.0029086615958090686 0.0064057829248699025 0.00029128957059350763
leaf_weight=2.0326355509459972 7.9359017908573151 1.3626871258020408 5.1648152731359032 6.1461304873228038
leaf_count=16 73 6 51 64
internal_value=-9.25577e-05 -0.00327806 0.00467442 -0.00483596
internal_weight=22.6422 15.4447 7.19745 14.082
internal_count=210 143 67 137
is_linear=0
shrinkage=0.03


Tree=45
num_leaves=5
num_cat=0
split_feature=6 3 3 6
split_gain=0.701559 0.433383 1.15657 0.295221
threshold=-0.3765182186235127 -0.018034986804514493 0.019959292276891145 -0.85304869341710476
decision_type=2 2 2 2
left_child=3 -2 -3 -1
right_child=1 2 -4 -5
leaf_value=-0.0013852270104833203 -0.0070221162072036667 0.0070559049567235858 -0.004470957210578109 0.0063468219528851708
leaf_weight=2.0337173864245415 3.163242161273959 3.4337427280843213 8.8607530035078508 5.1495424620807198
leaf_count=16 28 46 69 51
internal_value=-7.62907e-05 -0.00321993 0.000469246 0.00462555
internal_weight=22.641 15.4577 12.2945 7.18326
internal_count=210 143 115 67
is_linear=0
shrinkage=0.03


Tree=46
num_leaves=5
num_cat=0
split_feature=6 3 5 3
split_gain=0.690907 0.75713 0.687306 0.27734
threshold=0.68044965786901324 -0.04659023865248297 -0.54623446754151561 0.024164742784633885
decision_type=2 2 2 2
left_child=1 -1 -3 -2
right_child=3 2 -4 -5
leaf_value=-0.004196515917910832 0.0012294384412078858 -0.0024601567304025052 0.007482737168814326 -0.0068826596697959923
leaf_weight=2.5908398181200072 1.6530713774263848 3.2287002950906798 11.635855700820679 3.5259057395160198
leaf_count=16 18 41 109 26
internal_value=-6.90801e-05 0.00278681 0.00520221 -0.00518925
internal_weight=22.6344 17.4554 14.8646 5.17898
internal_count=210 166 150 44
is_linear=0
shrinkage=0.03


Tree=47
num_leaves=5
num_cat=0
split_feature=6 3 3 6
split_gain=0.685234 0.425558 1.13222 0.292102
threshold=-0.3765182186235127 -0.018034986804514493 0.019959292276891145 -0.85304869341710476
decision_type=2 2 2 2
left_child=3 -2 -3 -1
right_child=1 2 -4 -5
leaf_value=-0.0013949147563133216 -0.0069742581088729442 0.0069805563564304604 -0.004426928599418717 0.0062685665357309003
leaf_weight=2.0319939889013767 3.1679804958403137 3.4192514680325941 8.8658646419644338 5.1285194531083134
leaf_count=16 28 46 69 51
internal_value=-0.000111314 -0.00320907 0.00045573 0.00454826
internal_weight=22.6136 15.4531 12.2851 7.16051
internal_count=210 143 115 67
is_linear=0
shrinkage=0.03


Tree=48
num_leaves=5
num_cat=0
split_feature=6 3 3 6
split_gain=0.668724 0.423543 1.10944 0.287643
threshold=-0.3765182186235127 -0.018034986804514493 0.019959292276891145 -0.85304869341710476
decision_type=2 2 2 2
left_child=3 -2 -3 -1
right_child=1 2 -4 -5
leaf_value=-0.0013877204437089967 -0.0069208363870161107 0.0069319986600615792 -0.0043620241197044832 0.0062110767721409148
leaf_weight=2.0330777354538441 3.1737633012235191 3.410093348473306 8.8764820136129838 5.1134952828288105
leaf_count=16 28 46 69 51
internal_value=-0.000103716 -0.00316392 0.000476479 0.00450076
internal_weight=22.6069 15.4603 12.2866 7.14657
internal_count=210 143 115 67
is_linear=0
shrinkage=0.03


Tree=49
num_leaves=5
num_cat=0
split_feature=6 3 5 3
split_gain=0.663865 0.736491 0.68023 0.264689
threshold=0.68044965786901324 -0.04659023865248297 -0.54623446754151561 0.024164742784633885
decision_type=2 2 2 2
left_child=1 -1 -3 -2
right_child=3 2 -4 -5
leaf_value=-0.0041564459785475199 0.001193401408623412 -0.0024785492943900003 0.0073857764152350409 -0.0067535908951722222
leaf_weight=2.5934606641531035 1.646998208016156 3.2231441922485873 11.597894933074707 3.5385055206716061
leaf_count=16 18 41 109 26
internal_value=-9.61661e-05 0.00271385 0.00510627 -0.00510579
internal_weight=22.6 17.4145 14.821 5.1855
internal_count=210 166 150 44
is_linear=0
shrinkage=0.03


Tree=50
num_leaves=5
num_cat=0
split_feature=6 4 6 2
split_gain=0.653177 0.421499 0.284605 0.275862
threshold=-0.3765182186235127 0.066023593998785449 -0.85304869341710476 -0.51516634453162247
decision_type=2 2 2 2
left_child=2 3 -1 -2
right_child=1 -3 -4 -5
leaf_value=-0.0013970713328762879 -0.0065994885986237518 0.0029275392231436943 0.0061349242878985504 0.00030557951660469272
leaf_weight=2.0313828252255917 7.9505944401025772 1.3640379607677466 5.0928028561174896 6.1404557824134791
leaf_count=16 73 6 51 64
internal_value=-0.000137492 -0.00315316 0.00442558 -0.00471264
internal_weight=22.5793 15.4551 7.12419 14.0911
internal_count=210 143 67 137
is_linear=0
shrinkage=0.03


Tree=51
num_leaves=5
num_cat=0
split_feature=6 3 5 3
split_gain=0.637793 0.721061 0.667666 0.262649
threshold=0.68044965786901324 -0.04659023865248297 -0.54623446754151561 0.024164742784633885
decision_type=2 2 2 2
left_child=1 -1 -3 -2
right_child=3 2 -4 -5
leaf_value=-0.0041350423489085481 0.0012058463256146956 -0.0024715361892428526 0.0072866900780014718 -0.0066699010134228937
leaf_weight=2.5952557772398039 1.6485773772001255 3.2228015922009989 11.565042972564692 3.5462787449359894
leaf_count=16 18 41 109 26
internal_value=-0.000120655 0.00264306 0.00502089 -0.00502183
internal_weight=22.578 17.3831 14.7878 5.19486
internal_count=210 166 150 44
is_linear=0
shrinkage=0.03


Tree=52
num_leaves=5
num_cat=0
split_feature=6 3 3 6
split_gain=0.636008 0.41717 1.08126 0.281582
threshold=-0.3765182186235127 -0.018034986804514493 0.019959292276891145 -0.85304869341710476
decision_type=2 2 2 2
left_child=3 -2 -3 -1
right_child=1 2 -4 -5
leaf_value=-0.0014060335096997016 -0.0068570135409923346 0.0068561270372793767 -0.0042970466915547619 0.0060601624657563406
leaf_weight=2.029723409563303 3.1791890449821976 3.3945064209401563 8.8815412223339063 5.0723395012319115
leaf_count=16 28 46 69 51
internal_value=-0.00016106 -0.00312982 0.000480317 0.00435191
internal_weight=22.5573 15.4552 12.276 7.10206
internal_count=210 143 115 67
is_linear=0
shrinkage=0.03


Tree=53
num_leaves=5
num_cat=0
split_feature=6 3 3 6
split_gain=0.62066 0.415122 1.05959 0.277313
threshold=-0.3765182186235127 -0.018034986804514493 0.019959292276891145 -0.85304869341710476
decision_type=2 2 2 2
left_child=3 -2 -3 -1
right_child=1 2 -4 -5
leaf_value=-0.0013987873446824966 -0.0068044844133010587 0.0068086966818960313 -0.004234096786262331 0.0060048954164317577
leaf_weight=2.0308165773749352 3.1847338750958469 3.3854075148701623 8.8916962593793851 5.0577107332646873
leaf_count=16 28 46 69 51
internal_value=-0.00015287 -0.00308569 0.00050042 0.00430648
internal_weight=22.5504 15.4618 12.2771 7.08853
internal_count=210 143 115 67
is_linear=0
shrinkage=0.03


Tree=54
num_leaves=5
num_cat=0
split_feature=6 3 5 3
split_gain=0.612923 0.701413 0.660641 0.250662
threshold=0.68044965786901324 -0.04659023865248297 -0.54623446754151561 0.024164742784633885
decision_type=2 2 2 2
left_child=1 -1 -3 -2
right_child=3 2 -4 -5
leaf_value=-0.0040947357326620928 0.0011705553026884702 -0.0024880239126286647 0.0071936647211119911 -0.006544699245371384
leaf_weight=2.5976948514580771 1.6425277926027764 3.2173788174986884 11.527722842991347 3.557911928743124
leaf_count=16 18 41 109 26
internal_value=-0.000144743 0.00257449 0.00492938 -0.00494093
internal_weight=22.5432 17.3428 14.7451 5.20044
internal_count=210 166 150 44
is_linear=0
shrinkage=0.03


Tree=55
num_leaves=5
num_cat=0
split_feature=6 4 6 2
split_gain=0.606237 0.415088 0.27437 0.265228
threshold=-0.3765182186235127 0.066023593998785449 -0.85304869341710476 -0.51516634453162247
decision_type=2 2 2 2
left_child=2 3 -1 -2
right_child=1 -3 -4 -5
leaf_value=-0.0014074344459879436 -0.0064789707081075272 0.0029303820303756352 0.0059321232965664052 0.0002974012044245098
leaf_weight=2.0291840061545372 7.9604541622102261 1.3634361773729331 5.0375827178359058 6.1319683529436553
leaf_count=16 73 6 51 64
internal_value=-0.000184299 -0.00307467 0.00423481 -0.00463082
internal_weight=22.5226 15.4559 7.06677 14.0924
internal_count=210 143 67 137
is_linear=0
shrinkage=0.03


Tree=56
num_leaves=5
num_cat=0
split_feature=6 3 3 3
split_gain=0.589714 0.414203 1.03367 0.275947
threshold=-0.3765182186235127 -0.018034986804514493 0.019959292276891145 -0.026281570895989644
decision_type=2 2 2 2
left_child=3 -2 -3 -1
right_child=1 2 -4 -5
leaf_value=0.0061108617604396119 -0.0067360259266431959 0.0067595394438297483 -0.0041504101005923897 -0.00118399113724125
leaf_weight=4.1875468380749226 3.1909489706158665 3.3751597143709615 8.9016605541110021 2.8659351095557239
leaf_count=34 28 46 69 33
internal_value=-0.000166947 -0.00301928 0.000536893 0.00419064
internal_weight=22.5213 15.4678 12.2768 7.05348
internal_count=210 143 115 67
is_linear=0
shrinkage=0.03


Tree=57
num_leaves=5
num_cat=0
split_feature=6 3 5 3
split_gain=0.586804 0.688184 0.650841 0.244653
threshold=0.68044965786901324 -0.04659023865248297 -0.54623446754151561 0.024164742784633885
decision_type=2 2 2 2
left_child=1 -1 -3 -2
right_child=3 2 -4 -5
leaf_value=-0.0040764813450178041 0.0011678011770248596 -0.0024861816079551078 0.0071095550203641791 -0.0064291094628940839
leaf_weight=2.5974313318729445 1.6413875855505455 3.2152164056897208 11.495207916945214 3.5681135803461075
leaf_count=16 18 41 109 26
internal_value=-0.000154481 0.00251256 0.00485487 -0.00484145
internal_weight=22.5174 17.3079 14.7104 5.2095
internal_count=210 166 150 44
is_linear=0
shrinkage=0.03


Tree=58
num_leaves=5
num_cat=0
split_feature=6 4 3 2
split_gain=0.577261 0.408458 0.275063 0.256542
threshold=-0.3765182186235127 0.066023593998785449 -0.026281570895989644 -0.51516634453162247
decision_type=2 2 2 2
left_child=2 3 -1 -2
right_child=1 -3 -4 -5
leaf_value=0.0060526527217323774 -0.0063746268421262008 0.0029264222749663927 -0.0012024494588836528 0.00029186574432653355
leaf_weight=4.1734067909419537 7.9715682715177536 1.3624846935272223 2.8620477877557304 6.1272592283785308
leaf_count=34 73 6 33 64
internal_value=-0.000193338 -0.00300863 0.00412791 -0.00455852
internal_weight=22.4968 15.4613 7.03545 14.0988
internal_count=210 143 67 137
is_linear=0
shrinkage=0.03


Tree=59
num_leaves=5
num_cat=0
split_feature=6 3 5 3
split_gain=0.564334 0.676826 0.637113 0.242752
threshold=0.68044965786901324 -0.04659023865248297 -0.54623446754151561 0.024164742784633885
decision_type=2 2 2 2
left_child=1 -1 -3 -2
right_child=3 2 -4 -5
leaf_value=-0.0040650747659136989 0.0011797708265884289 -0.0024671722692371726 0.0070199192690363959 -0.006349141158143101
leaf_weight=2.5977125391364142 1.6428938731551159 3.2171871364116713 11.465901974588627 3.5749009102582932
leaf_count=16 18 41 109 26
internal_value=-0.000171818 0.00245114 0.00478383 -0.00476107
internal_weight=22.4986 17.2808 14.6831 5.21779
internal_count=210 166 150 44
is_linear=0
shrinkage=0.03


Tree=60
num_leaves=5
num_cat=0
split_feature=6 3 3 5
split_gain=0.563245 0.407932 1.00774 0.275673
threshold=-0.3765182186235127 -0.018034986804514493 0.019959292276891145 -0.3146478884058197
decision_type=2 2 2 2
left_child=3 -2 -3 -1
right_child=1 2 -4 -5
leaf_value=-0.00065479548804207855 -0.0066729785658441393 0.0066870654375585526 -0.0040888488746894025 0.0066152906292304362
leaf_weight=5.0658188387751579 3.195776846259835 3.3597854226827577 8.9048742242157441 1.951814960688355
leaf_count=50 28 46 69 17
internal_value=-0.000209891 -0.00298567 0.000540704 0.00406635
internal_weight=22.4781 15.4604 12.2647 7.01763
internal_count=210 143 115 67
is_linear=0
shrinkage=0.03


Tree=61
num_leaves=5
num_cat=0
split_feature=6 3 3 6
split_gain=0.554043 0.405771 0.987669 0.274787
threshold=-0.3765182186235127 -0.018034986804514493 0.019959292276891145 -0.85304869341710476
decision_type=2 2 2 2
left_child=3 -2 -3 -1
right_child=1 2 -4 -5
leaf_value=-0.0014731601816409385 -0.0066218599342243124 0.0066411574908663449 -0.004029029430847428 0.0057766802356152801
leaf_weight=2.0185144208371639 3.2009522467851665 3.3507823757827238 8.9143012911081296 4.9943708255887058
leaf_count=16 28 46 69 51
internal_value=-0.00018609 -0.00294339 0.000559547 0.00405061
internal_weight=22.4789 15.466 12.2651 7.01289
internal_count=210 143 115 67
is_linear=0
shrinkage=0.03


Tree=62
num_leaves=5
num_cat=0
split_feature=6 3 5 6
split_gain=0.545132 0.658905 0.62591 0.242991
threshold=0.68044965786901324 -0.04659023865248297 -0.54623446754151561 0.80325166278210236
decision_type=2 2 2 2
left_child=1 -1 -3 -2
right_child=3 2 -4 -5
leaf_value=-0.0040165637948784763 -0.0065045812885799817 -0.002457815034565481 0.0069352758939759057 0.00095851705679969015
leaf_weight=2.6013512611389205 2.7939121648669234 3.2165502272546336 11.431470479816193 2.4280613176524639
leaf_count=16 20 41 109 24
internal_value=-0.000177736 0.00240502 0.00471232 -0.00468445
internal_weight=22.4713 17.2494 14.648 5.22197
internal_count=210 166 150 44
is_linear=0
shrinkage=0.03


Tree=63
num_leaves=5
num_cat=0
split_feature=6 4 3 2
split_gain=0.541999 0.401822 0.278898 0.247468
threshold=-0.3765182186235127 0.066023593998785449 -0.026281570895989644 -0.51516634453162247
decision_type=2 2 2 2
left_child=2 3 -1 -2
right_child=1 -3 -4 -5
leaf_value=0.005943441876661037 -0.0062649749307972643 0.0029243093563106619 -0.001275912879586488 0.00028604150595914471
leaf_weight=4.1454182118177414 7.9786615036427975 1.361277490854264 2.8465135060250786 6.1188822463154757
leaf_count=34 73 6 33 64
internal_value=-0.000219405 -0.00293813 0.00398315 -0.00448283
internal_weight=22.4508 15.4588 6.99193 14.0975
internal_count=210 143 67 137
is_linear=0
shrinkage=0.03


Tree=64
num_leaves=5
num_cat=0
split_feature=1 1 4 3
split_gain=0.537494 0.602912 0.628241 0.476025
threshold=0.041224399262750684 0.0022981219455279205 -0.028614971394707141 0.027633428395196755
decision_type=2 2 2 2
left_child=1 2 -1 -3
right_child=-2 3 -4 -5
leaf_value=-0.0059077984952834797 -0.0055332761020753128 0.0080691457397288543 0.0024617617053058817 -0.001967038511945021
leaf_weight=4.680615451186898 1.990653708577155 5.063531205058097 9.3123465068638343 1.4052782729268072
leaf_count=44 15 52 89 10
internal_value=-0.000197832 0.0019673 -0.0016333 0.00601836
internal_weight=22.4524 20.4618 13.993 6.46881
internal_count=210 195 133 62
is_linear=0
shrinkage=0.03


Tree=65
num_leaves=5
num_cat=0
split_feature=6 4 5 4
split_gain=0.531256 0.395644 0.27781 0.399374
threshold=-0.3765182186235127 0.066023593998785449 -0.3146478884058197 -0.048055306236855659
decision_type=2 2 2 2
left_child=2 -2 3 -1
right_child=1 -3 -4 -5
leaf_value=0.0037840995995284559 -0.0044423043987705576 0.0029055197379698515 0.0065161686353034784 -0.0038637811635483291
leaf_weight=1.2494868189096444 14.103071235120293 1.3591061681509025 1.9300257042050386 3.8013576120138173
leaf_count=10 137 6 17 40
internal_value=-0.000218452 -0.00290898 0.00394455 -0.000714661
internal_weight=22.443 15.4622 6.98087 5.05084
internal_count=210 143 67 50
is_linear=0
shrinkage=0.03


Tree=66
num_leaves=5
num_cat=0
split_feature=1 1 3 3
split_gain=0.533417 0.586453 0.627733 0.467078
threshold=0.041224399262750684 0.0022981219455279205 -0.039059436034713353 0.027633428395196755
decision_type=2 2 2 2
left_child=1 2 -1 -3
right_child=-2 3 -4 -5
leaf_value=-0.0067703922211534663 -0.0054866838015114588 0.0080079476780136188 0.0019141834497670182 -0.0019429443656730216
leaf_weight=1.8622732236981416 1.9964884258806694 5.0486798286437979 12.143095903098585 1.407530579715967
leaf_count=15 15 52 118 10
internal_value=-0.000166442 0.00198343 -0.00157991 0.00597615
internal_weight=22.4581 20.4616 14.0054 6.45621
internal_count=210 195 133 62
is_linear=0
shrinkage=0.03


Tree=67
num_leaves=5
num_cat=0
split_feature=6 3 5 6
split_gain=0.5278 0.644684 0.605905 0.24172
threshold=0.68044965786901324 -0.04659023865248297 -0.54623446754151561 0.80325166278210236
decision_type=2 2 2 2
left_child=1 -1 -3 -2
right_child=3 2 -4 -5
leaf_value=-0.0039892181716009141 -0.0064471273392251094 -0.0024141447082052497 0.0068307668458925689 0.00096925092285243743
leaf_weight=2.6006843671202704 2.7981976121664038 3.2219163253903433 11.3930316530168 2.4286453053355217
leaf_count=16 20 41 109 24
internal_value=-0.000200996 0.00234954 0.00463991 -0.00462769
internal_weight=22.4425 17.2156 14.6149 5.22684
internal_count=210 166 150 44
is_linear=0
shrinkage=0.03


Tree=68
num_leaves=5
num_cat=0
split_feature=6 4 3 2
split_gain=0.521636 0.389493 0.277028 0.245767
threshold=-0.3765182186235127 0.066023593998785449 -0.026281570895989644 -0.51516634453162247
decision_type=2 2 2 2
left_child=2 3 -1 -2
right_child=1 -3 -4 -5
leaf_value=0.0058577890901354993 -0.0061968404396583526 0.0028768288416978188 -0.001300577974889998 0.00030449844088566283
leaf_weight=4.1235498040914536 7.9840370565652847 1.3553010225296027 2.8407614715397385 6.1183628626167739
leaf_count=34 73 6 33 64
internal_value=-0.000241705 -0.00290163 0.00389243 -0.00442015
internal_weight=22.422 15.4577 6.96431 14.1024
internal_count=210 143 67 137
is_linear=0
shrinkage=0.03


Tree=69
num_leaves=5
num_cat=0
split_feature=1 1 3 3
split_gain=0.522949 0.580413 0.613503 0.460107
threshold=0.041224399262750684 0.0022981219455279205 -0.039059436034713353 0.027633428395196755
decision_type=2 2 2 2
left_child=1 2 -1 -3
right_child=-2 3 -4 -5
leaf_value=-0.006726547986718498 -0.0054746512102803978 0.0079280108551271662 0.0018667195393042566 -0.0019355466425381937
leaf_weight=1.8658966459333921 1.9972520992159832 5.0277143381535998 12.124898720532657 1.4077903367578981
leaf_count=15 15 52 118 10
internal_value=-0.00022011 0.00192413 -0.00160543 0.00590548
internal_weight=22.4236 20.4263 13.9908 6.4355
internal_count=210 195 133 62
is_linear=0
shrinkage=0.03


Tree=70
num_leaves=5
num_cat=0
split_feature=1 1 4 3
split_gain=0.512368 0.573475 0.607316 0.453853
threshold=0.041224399262750684 0.0022981219455279205 -0.028614971394707141 0.027633428395196755
decision_type=2 2 2 2
left_child=1 2 -1 -3
right_child=-2 3 -4 -5
leaf_value=-0.0058154875656008962 -0.0054455453707492061 0.0078569559496473231 0.00241548601699026 -0.0019282655010380073
leaf_weight=4.6899276524782207 2.0010802894830695 5.0116658061742774 9.2970050908625144 1.4084632210433481
leaf_count=44 15 52 89 10
internal_value=-0.000253715 0.00187884 -0.00161827 0.00584328
internal_weight=22.4081 20.4071 13.9869 6.42013
internal_count=210 195 133 62
is_linear=0
shrinkage=0.03


Tree=71
num_leaves=5
num_cat=0
split_feature=6 4 5 4
split_gain=0.511662 0.384582 0.275855 0.394191
threshold=-0.3765182186235127 0.066023593998785449 -0.3146478884058197 -0.048055306236855659
decision_type=2 2 2 2
left_child=2 -2 3 -1
right_child=1 -3 -4 -5
leaf_value=0.0037379287347837171 -0.0044055903984523389 0.002851959778035526 0.0064066580195308908 -0.0038659391818737293
leaf_weight=1.2415486723184579 14.099976342171427 1.3523668050765998 1.9058299362659479 3.798997893929482
leaf_count=10 137 6 17 40
internal_value=-0.000273083 -0.00289946 0.00383271 -0.00075303
internal_weight=22.3987 15.4523 6.94638 5.04055
internal_count=210 143 67 50
is_linear=0
shrinkage=0.03


Tree=72
num_leaves=5
num_cat=0
split_feature=6 3 5 6
split_gain=0.511276 0.630896 0.586558 0.240471
threshold=0.68044965786901324 -0.04659023865248297 -0.54623446754151561 0.80325166278210236
decision_type=2 2 2 2
left_child=1 -1 -3 -2
right_child=3 2 -4 -5
leaf_value=-0.0039610649700100881 -0.0063897234929353054 -0.0023703054240714451 0.0067299249301025002 0.00098021420448233415
leaf_weight=2.5997684672474906 2.8023128546774378 3.2271540723741099 11.355152327567334 2.4291831627488136
leaf_count=16 20 41 109 24
internal_value=-0.000220966 0.00229775 0.00457102 -0.00457079
internal_weight=22.4136 17.1821 14.5823 5.2315
internal_count=210 166 150 44
is_linear=0
shrinkage=0.03


Tree=73
num_leaves=5
num_cat=0
split_feature=1 1 3 3
split_gain=0.505282 0.560026 0.597696 0.446919
threshold=0.041224399262750684 0.0022981219455279205 -0.039059436034713353 0.027633428395196755
decision_type=2 2 2 2
left_child=1 2 -1 -3
right_child=-2 3 -4 -5
leaf_value=-0.0066454692493529725 -0.0054133601295724733 0.007783834915137568 0.0018372033592952419 -0.0019181104836037285
leaf_weight=1.8737815245986009 2.0041955150663844 4.9925234876573077 12.113678786903622 1.4090542830526827
leaf_count=15 15 52 118 10
internal_value=-0.000260766 0.00186041 -0.00159581 0.00578088
internal_weight=22.3932 20.389 13.9875 6.40158
internal_count=210 195 133 62
is_linear=0
shrinkage=0.03


Tree=74
num_leaves=5
num_cat=0
split_feature=6 4 3 2
split_gain=0.502413 0.378516 0.276058 0.245905
threshold=-0.3765182186235127 0.066023593998785449 -0.026281570895989644 -0.51516634453162247
decision_type=2 2 2 2
left_child=2 3 -1 -2
right_child=1 -3 -4 -5
leaf_value=0.0057608049166174985 -0.0061601098923721748 0.002824073557185254 -0.0013372016223997204 0.00032113061307273319
leaf_weight=4.097909152507782 7.9831640906631947 1.3485768288373954 2.8322339765727547 6.1159975565969908
leaf_count=34 73 6 33 64
internal_value=-0.000293339 -0.00289038 0.00378355 -0.00438202
internal_weight=22.3779 15.4477 6.93014 14.0992
internal_count=210 143 67 137
is_linear=0
shrinkage=0.03


Tree=75
num_leaves=5
num_cat=0
split_feature=1 2 4 5
split_gain=0.498888 0.552641 0.542543 0.384643
threshold=0.041224399262750684 -0.76339525539787234 -0.028614971394707141 0.51029032177824762
decision_type=2 2 2 2
left_child=1 3 -3 -1
right_child=-2 2 -4 -5
leaf_value=-0.004232270810015479 -0.0053873504239452261 -0.0022290643464086689 0.0075801790904118614 0.0026924571781764004
leaf_weight=8.4669103436172026 2.007447473704814 2.0572435893118382 6.4840968772768974 3.3637366890907296
leaf_count=75 15 25 72 23
internal_value=-0.000271406 0.00184052 0.00528959 -0.00193195
internal_weight=22.3794 20.372 8.54134 11.8306
internal_count=210 195 97 98
is_linear=0
shrinkage=0.03


Tree=76
num_leaves=5
num_cat=0
split_feature=6 4 6 2
split_gain=0.495258 0.373078 0.271464 0.231714
threshold=-0.3765182186235127 0.066023593998785449 -0.85304869341710476 -1.3595676051226568
decision_type=2 2 2 2
left_child=2 3 -1 -2
right_child=1 -3 -4 -5
leaf_value=-0.0015558752180616731 -0.0069473166306326939 0.002809331212383452 0.0055250040804148259 -0.00048499564190807845
leaf_weight=2.0038469731807709 3.6319964714348325 1.3465925604105002 4.9213749468326595 10.471440292894835
leaf_count=16 29 6 51 108
internal_value=-0.0002778 -0.00285886 0.00376741 -0.00434106
internal_weight=22.3753 15.45 6.92522 14.1034
internal_count=210 143 67 137
is_linear=0
shrinkage=0.03


Tree=77
num_leaves=5
num_cat=0
split_feature=1 1 3 3
split_gain=0.493851 0.553896 0.588848 0.43775
threshold=0.041224399262750684 0.0022981219455279205 -0.039059436034713353 0.027633428395196755
decision_type=2 2 2 2
left_child=1 2 -1 -3
right_child=-2 3 -4 -5
leaf_value=-0.0066099263796591855 -0.0053633415464531065 0.0077160126532592995 0.0018133891956886332 -0.0018939864492364088
leaf_weight=1.8756756111979509 2.0101296268403521 4.9726609252393237 12.099979970604183 1.4106964506208894
leaf_count=15 15 52 118 10
internal_value=-0.000275521 0.00182799 -0.00160252 0.0057325
internal_weight=22.3691 20.359 13.9757 6.38336
internal_count=210 195 133 62
is_linear=0
shrinkage=0.03


Tree=78
num_leaves=5
num_cat=0
split_feature=6 3 5 6
split_gain=0.486325 0.604941 0.572694 0.239616
threshold=0.68044965786901324 -0.04659023865248297 -0.54623446754151561 0.80325166278210236
decision_type=2 2 2 2
left_child=1 -1 -3 -2
right_child=3 2 -4 -5
leaf_value=-0.0039197569560341363 -0.0063469795990123735 -0.0023847544624572125 0.0065707038277519484 0.00098908266770292275
leaf_weight=2.5998837500810668 2.8039187192916861 3.2227007560432002 11.298285622149701 2.4290587306022644
leaf_count=16 20 41 109 24
internal_value=-0.000307521 0.00217631 0.00442119 -0.00452786
internal_weight=22.3538 17.1209 14.521 5.23298
internal_count=210 166 150 44
is_linear=0
shrinkage=0.03


Tree=79
num_leaves=5
num_cat=0
split_feature=3 3 5 6
split_gain=0.486432 0.687709 0.704258 0.59384
threshold=0.019959292276891145 -0.04659023865248297 -0.54623446754151561 0.68044965786901324
decision_type=2 2 2 2
left_child=1 -1 -3 -2
right_child=3 2 -4 -5
leaf_value=-0.0038945108806802318 0.0020247994504391876 -0.0023668179532419327 0.0080991076168868553 -0.0073109480715834851
leaf_weight=2.6030123904347411 4.8937585540115816 3.2254509367048732 7.5316940024495151 4.0799995996057987
leaf_count=16 42 41 82 29
internal_value=-0.000345612 0.00263724 0.00533257 -0.00383589
internal_weight=22.3339 13.3602 10.7571 8.97376
internal_count=210 139 123 71
is_linear=0
shrinkage=0.03


Tree=80
num_leaves=5
num_cat=0
split_feature=6 4 3 2
split_gain=0.481902 0.371673 0.279914 0.226436
threshold=-0.3765182186235127 0.066023593998785449 -0.026281570895989644 -0.51516634453162247
decision_type=2 2 2 2
left_child=2 3 -1 -2
right_child=1 -3 -4 -5
leaf_value=0.005666313390741611 -0.0060666348507438135 0.0027866611377993403 -0.0014083654920490044 0.00024608575584729507
leaf_weight=4.0716042295098305 7.9875114969909191 1.3429422974586493 2.816598359495404 6.0962606035172904
leaf_count=34 73 6 33 64
internal_value=-0.000367323 -0.00289277 0.00365247 -0.00436653
internal_weight=22.3149 15.4267 6.8882 14.0838
internal_count=210 143 67 137
is_linear=0
shrinkage=0.03


Tree=81
num_leaves=5
num_cat=0
split_feature=1 1 4 3
split_gain=0.483338 0.545703 0.578395 0.427947
threshold=0.041224399262750684 0.0022981219455279205 -0.028614971394707141 0.027633428395196755
decision_type=2 2 2 2
left_child=1 2 -1 -3
right_child=-2 3 -4 -5
leaf_value=-0.0057129322849843898 -0.005362351953924282 0.0076119614218620995 0.002330976573343772 -0.0018790273541422213
leaf_weight=4.6948742642998722 2.0082943029701701 4.9434898346662512 9.2586910277605075 1.4111612811684606
leaf_count=44 15 52 89 10
internal_value=-0.000344857 0.00175689 -0.00163062 0.00564411
internal_weight=22.3165 20.3082 13.9536 6.35465
internal_count=210 195 133 62
is_linear=0
shrinkage=0.03


Tree=82
num_leaves=5
num_cat=0
split_feature=1 1 3 3
split_gain=0.475532 0.53598 0.568541 0.422174
threshold=0.041224399262750684 0.0022981219455279205 -0.039059436034713353 0.027633428395196755
decision_type=2 2 2 2
left_child=1 2 -1 -3
right_child=-2 3 -4 -5
leaf_value=-0.0065318905445891293 -0.0053337978725121228 0.0075444253336389988 0.0017538125309756079 -0.0018719505110433399
leaf_weight=1.882254328578713 2.0119533203542224 4.9278646744787684 12.07334726676345 1.4117961190640924
leaf_count=15 15 52 118 10
internal_value=-0.000362475 0.00172828 -0.00162388 0.00558517
internal_weight=22.3072 20.2953 13.9556 6.33966
internal_count=210 195 133 62
is_linear=0
shrinkage=0.03


Tree=83
num_leaves=5
num_cat=0
split_feature=6 4 3 2
split_gain=0.472704 0.366821 0.277446 0.223256
threshold=-0.3765182186235127 0.066023593998785449 -0.026281570895989644 -0.51516634453162247
decision_type=2 2 2 2
left_child=2 3 -1 -2
right_child=1 -3 -4 -5
leaf_value=0.0056104490798338765 -0.0060365677124593767 0.002762985566850566 -0.0014165834404208269 0.00023967035428498331
leaf_weight=4.0568069666624069 7.9887429252266884 1.340050324797631 2.8142659328877953 6.0923350006341899
leaf_count=34 73 6 33 64
internal_value=-0.000392927 -0.0028874 0.00359862 -0.0043492
internal_weight=22.2922 15.4211 6.87107 14.0811
internal_count=210 143 67 137
is_linear=0
shrinkage=0.03


Tree=84
num_leaves=5
num_cat=0
split_feature=1 1 4 3
split_gain=0.469696 0.528243 0.56627 0.414478
threshold=0.041224399262750684 0.0022981219455279205 -0.028614971394707141 0.027633428395196755
decision_type=2 2 2 2
left_child=1 2 -1 -3
right_child=-2 3 -4 -5
leaf_value=-0.0056521546811826541 -0.005307682824330643 0.0074853491081959865 0.0023069059961201934 -0.0018511630286515101
leaf_weight=4.7010463662445572 2.0151509121060363 4.9122868739068499 9.2517803348600882 1.4135271757841108
leaf_count=44 15 52 89 10
internal_value=-0.000370281 0.00171127 -0.00161486 0.00554308
internal_weight=22.2938 20.2786 13.9528 6.32581
internal_count=210 195 133 62
is_linear=0
shrinkage=0.03


Tree=85
num_leaves=5
num_cat=0
split_feature=3 3 5 6
split_gain=0.464621 0.67107 0.679621 0.580148
threshold=0.019959292276891145 -0.04659023865248297 -0.54623446754151561 0.68044965786901324
decision_type=2 2 2 2
left_child=1 -1 -3 -2
right_child=3 2 -4 -5
leaf_value=-0.0038794434493131173 0.0020055389302400268 -0.0023280629514630816 0.0079518269409110682 -0.0072193766680277906
leaf_weight=2.5984379202127448 4.8892601840198022 3.2287237755954257 7.4812237061560181 4.0868232548236847
leaf_count=16 42 41 82 29
internal_value=-0.000387234 0.00254567 0.00522504 -0.00378566
internal_weight=22.2845 13.3084 10.7099 8.97608
internal_count=210 139 123 71
is_linear=0
shrinkage=0.03


Tree=86
num_leaves=5
num_cat=0
split_feature=1 2 4 5
split_gain=0.461105 0.519409 0.514992 0.382219
threshold=0.041224399262750684 -0.76339525539787234 -0.028614971394707141 0.51029032177824762
decision_type=2 2 2 2
left_child=1 3 -3 -1
right_child=-2 2 -4 -5
leaf_value=-0.0042430585547925913 -0.0052907274398670753 -0.002212277462420969 0.0072947000326931593 0.0026703912869244627
leaf_weight=8.4364593625068682 2.0161755532026282 2.0566266849637032 6.4023413881659508 3.3539905510842809
leaf_count=75 15 25 72 23
internal_value=-0.000407969 0.00166651 0.00503699 -0.00195345
internal_weight=22.2656 20.2494 8.45897 11.7904
internal_count=210 195 97 98
is_linear=0
shrinkage=0.03


Tree=87
num_leaves=5
num_cat=0
split_feature=6 4 3 2
split_gain=0.464858 0.363016 0.276241 0.209092
threshold=-0.3765182186235127 0.066023593998785449 -0.026281570895989644 -0.51516634453162247
decision_type=2 2 2 2
left_child=2 3 -1 -2
right_child=1 -3 -4 -5
leaf_value=0.0055680892546443204 -0.0059634259290430791 0.0027451740180228332 -0.0014278585090043868 0.00018453247251541243
leaf_weight=4.0441069751977921 7.9922439195215702 1.3371937572956092 2.8110249526798752 6.0770903602242434
leaf_count=34 73 6 33 64
internal_value=-0.000412241 -0.00288139 0.0035542 -0.00433451
internal_weight=22.2617 15.4065 6.85513 14.0693
internal_count=210 143 67 137
is_linear=0
shrinkage=0.03


Tree=88
num_leaves=5
num_cat=0
split_feature=1 1 3 3
split_gain=0.459178 0.516307 0.557726 0.405488
threshold=0.041224399262750684 0.0022981219455279205 -0.039059436034713353 0.027633428395196755
decision_type=2 2 2 2
left_child=1 2 -1 -3
right_child=-2 3 -4 -5
leaf_value=-0.0064659934789095819 -0.0052645991303638916 0.0073966523400067676 0.0017403768514464462 -0.001833772266093555
leaf_weight=1.8862853609025503 2.0193351283669463 4.8865730278193942 12.056812241673471 1.4141666032373903
leaf_count=15 15 52 118 10
internal_value=-0.000389504 0.00167672 -0.0016067 0.00547091
internal_weight=22.2632 20.2438 13.9431 6.30074
internal_count=210 195 133 62
is_linear=0
shrinkage=0.03


Tree=89
num_leaves=5
num_cat=0
split_feature=6 4 5 4
split_gain=0.453326 0.357926 0.274712 0.394081
threshold=-0.3765182186235127 0.066023593998785449 -0.3146478884058197 -0.048055306236855659
decision_type=2 2 2 2
left_child=2 -2 3 -1
right_child=1 -3 -4 -5
leaf_value=0.0036657844890419554 -0.0042976216647012382 0.0027297729508003396 0.0061111142883680854 -0.0039568292390562152
leaf_weight=1.2281853109598153 14.073111452162262 1.3352860063314445 1.8375520296394849 3.7740889340639119
leaf_count=10 137 6 17 40
internal_value=-0.000419104 -0.00285395 0.00350354 -0.000889306
internal_weight=22.2482 15.4084 6.83983 5.00227
internal_count=210 143 67 50
is_linear=0
shrinkage=0.03


Tree=90
num_leaves=5
num_cat=0
split_feature=1 1 3 3
split_gain=0.454425 0.505204 0.554787 0.397917
threshold=0.041224399262750684 0.0022981219455279205 -0.039059436034713353 0.027633428395196755
decision_type=2 2 2 2
left_child=1 2 -1 -3
right_child=-2 3 -4 -5
leaf_value=-0.0064220830399892405 -0.0052191918350583035 0.0073435432204390187 0.0017560708662633451 -0.0018106461243634392
leaf_weight=1.8900185711681867 2.0246341899037352 4.8727757893502703 12.059087693691255 1.4161839932203291
leaf_count=15 15 52 118 10
internal_value=-0.00036674 0.0016842 -0.00157089 0.00543609
internal_weight=22.2627 20.2381 13.9491 6.28896
internal_count=210 195 133 62
is_linear=0
shrinkage=0.03


Tree=91
num_leaves=5
num_cat=0
split_feature=3 3 5 6
split_gain=0.447357 0.65059 0.660188 0.564865
threshold=0.019959292276891145 -0.04659023865248297 -0.54623446754151561 0.68044965786901324
decision_type=2 2 2 2
left_child=1 -1 -3 -2
right_child=3 2 -4 -5
leaf_value=-0.0038276746822145462 0.0019851616747220409 -0.0022983212453593772 0.0078310096196794084 -0.0071134652868054407
leaf_weight=2.5988356173038474 4.8840693421661836 3.2314971052110186 7.4390488080680397 4.0941833332180977
leaf_count=16 42 41 82 29
internal_value=-0.000396318 0.00248958 0.00513557 -0.00372591
internal_weight=22.2476 13.2694 10.6705 8.97825
internal_count=210 139 123 71
is_linear=0
shrinkage=0.03


Tree=92
num_leaves=5
num_cat=0
split_feature=1 2 4 5
split_gain=0.444281 0.497414 0.503752 0.377183
threshold=0.041224399262750684 -0.76339525539787234 -0.028614971394707141 0.51029032177824762
decision_type=2 2 2 2
left_child=1 3 -3 -1
right_child=-2 2 -4 -5
leaf_value=-0.004194085678045959 -0.0052024860792489842 -0.0022061492229039177 0.0071752148817336749 0.002667887779172077
leaf_weight=8.4316507242620009 2.0255490392446509 2.0556097701191902 6.3654415868222713 3.3505133539438257
leaf_count=75 15 25 72 23
internal_value=-0.000416396 0.00162707 0.00493072 -0.00191378
internal_weight=22.2288 20.2032 8.42105 11.7822
internal_count=210 195 97 98
is_linear=0
shrinkage=0.03


Tree=93
num_leaves=5
num_cat=0
split_feature=6 3 4 2
split_gain=0.445583 0.459466 0.353341 0.206419
threshold=-0.3765182186235127 -0.018034986804514493 0.066023593998785449 -1.3595676051226568
decision_type=2 2 2 2
left_child=1 -1 3 -2
right_child=2 -3 -4 -5
leaf_value=0.0058326231715060267 -0.0067332246120571327 -0.0028108888638738727 0.0027139643056130185 -0.00053231912201100824
leaf_weight=5.4827957935631275 3.6406226120889196 1.3436994180083299 1.3326372951269156 10.424947801977391
leaf_count=48 29 19 6 108
internal_value=-0.000420242 0.00347187 -0.00283333 -0.00426825
internal_weight=22.2247 6.8265 15.3982 14.0656
internal_count=210 67 143 137
is_linear=0
shrinkage=0.03


Tree=94
num_leaves=5
num_cat=0
split_feature=1 1 3 3
split_gain=0.439317 0.498955 0.53972 0.388395
threshold=0.041224399262750684 0.0022981219455279205 -0.039059436034713353 0.027633428395196755
decision_type=2 2 2 2
left_child=1 2 -1 -3
right_child=-2 3 -4 -5
leaf_value=-0.0063762458759262864 -0.0051786332333501736 0.007243886685595404 0.0017005459349455538 -0.001793179841038177
leaf_weight=1.8931843228638197 2.0280611403286448 4.8444513231515876 12.034462951123716 1.4166919253766534
leaf_count=15 15 52 118 10
internal_value=-0.000421917 0.00161305 -0.0016033 0.00535383
internal_weight=22.2169 20.1888 13.9276 6.26114
internal_count=210 195 133 62
is_linear=0
shrinkage=0.03


Tree=95
num_leaves=5
num_cat=0
split_feature=6 3 4 2
split_gain=0.434537 0.452801 0.349919 0.201893
threshold=-0.3765182186235127 -0.018034986804514493 0.066023593998785449 -1.3595676051226568
decision_type=2 2 2 2
left_child=1 -1 3 -2
right_child=2 -3 -4 -5
leaf_value=0.0057607763584143256 -0.0066909157892884154 -0.0028062156947391524 0.0026988529634339128 -0.00054027795687732285
leaf_weight=5.4620150849223137 3.6437868811190137 1.3442439362406755 1.3307441771030433 10.421230550855393
leaf_count=48 29 19 6 108
internal_value=-0.000450398 0.0034058 -0.00282498 -0.00425192
internal_weight=22.202 6.80626 15.3958 14.065
internal_count=210 67 143 137
is_linear=0
shrinkage=0.03


Tree=96
num_leaves=5
num_cat=0
split_feature=1 1 4 3
split_gain=0.430916 0.49391 0.537268 0.38042
threshold=0.041224399262750684 0.0022981219455279205 -0.028614971394707141 0.027633428395196755
decision_type=2 2 2 2
left_child=1 2 -1 -3
right_child=-2 3 -4 -5
leaf_value=-0.0055368336167549489 -0.0051547636474745043 0.0071748560627584064 0.0022258508683812286 -0.0017726134640538905
leaf_weight=4.7064487785100964 2.0305555574595919 4.8264510147273532 9.2125706635415572 1.4182396605610845
leaf_count=44 15 52 89 10
internal_value=-0.000451633 0.0015739 -0.00161641 0.0053025
internal_weight=22.1943 20.1637 13.919 6.24469
internal_count=210 195 133 62
is_linear=0
shrinkage=0.03


Tree=97
num_leaves=5
num_cat=0
split_feature=4 4 1 1
split_gain=0.431801 0.59507 0.633212 0.517144
threshold=0.024424807073003877 -0.028614971394707141 0.042897459480365059 0.0022981219455279205
decision_type=2 2 2 2
left_child=1 3 -3 -1
right_child=-2 2 -4 -5
leaf_value=-0.0054804924754672238 -0.0037445594404703136 0.0081336892915878905 -0.0028442516480216519 0.0032800937215549633
leaf_weight=4.7148632779717445 8.8236155547201616 5.778697434812786 0.97864794731140126 1.889240827411413
leaf_count=44 72 70 7 17
internal_value=-0.000466677 0.00237426 0.00579525 -0.00250823
internal_weight=22.1851 13.3614 6.75735 6.6041
internal_count=210 138 77 61
is_linear=0
shrinkage=0.03


Tree=98
num_leaves=5
num_cat=0
split_feature=1 2 4 5
split_gain=0.42399 0.475795 0.482797 0.377282
threshold=0.041224399262750684 -0.76339525539787234 -0.028614971394707141 0.51029032177824762
decision_type=2 2 2 2
left_child=1 3 -3 -1
right_child=-2 2 -4 -5
leaf_value=-0.0041820796172217624 -0.0051204737977020567 -0.002168765535262625 0.0070040722620277902 0.002677478843565664
leaf_weight=8.4190568104386347 2.0342386625707141 2.0592664405703545 6.3187349513173103 3.3501465432345876
leaf_count=75 15 25 72 23
internal_value=-0.000458723 0.00155433 0.00479616 -0.0018965
internal_weight=22.1814 20.1472 8.378 11.7692
internal_count=210 195 97 98
is_linear=0
shrinkage=0.03


Tree=99
num_leaves=5
num_cat=0
split_feature=3 3 5 6
split_gain=0.426551 0.627843 0.631958 0.542148
threshold=0.019959292276891145 -0.04659023865248297 -0.54623446754151561 0.68044965786901324
decision_type=2 2 2 2
left_child=1 -1 -3 -2
right_child=3 2 -4 -5
leaf_value=-0.0037944800222675275 0.0019266345174174704 -0.002255629122619964 0.0076498806740468578 -0.007004750665505116
leaf_weight=2.5952416509389868 4.8721070997416955 3.235324475914239 7.3742030709981945 4.1005421988666058
leaf_count=16 42 41 82 29
internal_value=-0.000461611 0.00238159 0.00500043 -0.00369572
internal_weight=22.1774 13.2048 10.6095 8.97265
internal_count=210 139 123 71
is_linear=0
shrinkage=0.03


Tree=100
num_leaves=5
num_cat=0
split_feature=6 3 4 2
split_gain=0.422642 0.448546 0.348271 0.191602
threshold=-0.3765182186235127 -0.018034986804514493 0.066023593998785449 -1.3595676051226568
decision_type=2 2 2 2
left_child=1 -1 3 -2
right_child=2 -3 -4 -5
leaf_value=0.0056942141850526993 -0.0066201070147098463 -0.0028150585056020703 0.0026944004319421531 -0.00056927283790548643
leaf_weight=5.438309870660305 3.646307099610568 1.3418624550104166 1.3294901847839362 10.402821604162449
leaf_count=48 29 19 6 108
internal_value=-0.000480353 0.00333614 -0.00281452 -0.00423944
internal_weight=22.1588 6.78017 15.3786 14.0491
internal_count=210 67 143 137
is_linear=0
shrinkage=0.03


Tree=101
num_leaves=5
num_cat=0
split_feature=1 1 3 3
split_gain=0.418596 0.475123 0.526218 0.369477
threshold=0.041224399262750684 0.0022981219455279205 -0.039059436034713353 0.027633428395196755
decision_type=2 2 2 2
left_child=1 2 -1 -3
right_child=-2 3 -4 -5
leaf_value=-0.0063041556697488706 -0.0051074753412146002 0.0070460774277097023 0.0016738423960635785 -0.0017561970916980371
leaf_weight=1.8973727822303796 2.0341584645211688 4.7897433415055266 12.011368945240976 1.4185075126588342
leaf_count=15 15 52 118 10
internal_value=-0.00048107 0.00152728 -0.00159604 0.0051922
internal_weight=22.1512 20.117 13.9087 6.20825
internal_count=210 195 133 62
is_linear=0
shrinkage=0.03


Tree=102
num_leaves=5
num_cat=0
split_feature=4 4 1 1
split_gain=0.412713 0.568953 0.615213 0.505161
threshold=0.024424807073003877 -0.028614971394707141 0.042897459480365059 0.0022981219455279205
decision_type=2 2 2 2
left_child=1 3 -3 -1
right_child=-2 2 -4 -5
leaf_value=-0.0054085113102143485 -0.0037009516351313113 0.0079684312343266273 -0.0028231604125927528 0.0032482562985659798
leaf_weight=4.7214679606258869 8.8213727474212629 5.7304207347333449 0.98085494339466084 1.8824031166732309
leaf_count=44 72 70 7 17
internal_value=-0.000508302 0.00228701 0.00564565 -0.00247076
internal_weight=22.1365 13.3151 6.71128 6.60387
internal_count=210 138 77 61
is_linear=0
shrinkage=0.03


Tree=103
num_leaves=5
num_cat=0
split_feature=1 1 3 3
split_gain=0.410179 0.460219 0.520551 0.362698
threshold=0.041224399262750684 0.0022981219455279205 -0.039059436034713353 0.027633428395196755
decision_type=2 2 2 2
left_child=1 2 -1 -3
right_child=-2 3 -4 -5
leaf_value=-0.006258399468763211 -0.0050734331316548038 0.0069521770776645678 0.0016735151404395484 -0.0017504473828560269
leaf_weight=1.9013605006039167 2.03774420171976 4.766045853495597 12.008772268891336 1.4189082048833368
leaf_count=15 15 52 118 10
internal_value=-0.000499681 0.00149581 -0.00157471 0.0051077
internal_weight=22.1328 20.0951 13.9101 6.18495
internal_count=210 195 133 62
is_linear=0
shrinkage=0.03


Tree=104
num_leaves=5
num_cat=0
split_feature=6 3 4 2
split_gain=0.407843 0.442681 0.346237 0.190597
threshold=-0.3765182186235127 -0.018034986804514493 0.066023593998785449 -0.51516634453162247
decision_type=2 2 2 2
left_child=1 -1 3 -2
right_child=2 -3 -4 -5
leaf_value=0.0056039088668056181 -0.0057792754615659716 -0.0028262943455519603 0.0026864015016047345 0.00014565561902956644
leaf_weight=5.4091205261647701 7.9924169108271599 1.3391934074461485 1.3284827619791038 6.0490171946585143
leaf_count=48 73 19 6 64
internal_value=-0.000526469 0.00324232 -0.00280697 -0.00422793
internal_weight=22.1182 6.74831 15.3699 14.0414
internal_count=210 67 143 137
is_linear=0
shrinkage=0.03


Tree=105
num_leaves=5
num_cat=0
split_feature=1 1 3 3
split_gain=0.404819 0.454234 0.515708 0.355832
threshold=0.041224399262750684 0.0022981219455279205 -0.039059436034713353 0.027633428395196755
decision_type=2 2 2 2
left_child=1 2 -1 -3
right_child=-2 3 -4 -5
leaf_value=-0.0062319787735954082 -0.0050519789617309609 0.0068952889826647172 0.001663892270744777 -0.0017304885338796311
leaf_weight=1.9025744162499929 2.0399297364056102 4.7500691302120677 12.001675527542831 1.420403581112623
leaf_count=15 15 52 118 10
internal_value=-0.000512244 0.00147549 -0.00157161 0.00506745
internal_weight=22.1147 20.0747 13.9042 6.17047
internal_count=210 195 133 62
is_linear=0
shrinkage=0.03


Tree=106
num_leaves=5
num_cat=0
split_feature=1 2 4 5
split_gain=0.396595 0.452628 0.465984 0.380663
threshold=0.041224399262750684 -0.76339525539787234 -0.028614971394707141 0.51029032177824762
decision_type=2 2 2 2
left_child=1 3 -3 -1
right_child=-2 2 -4 -5
leaf_value=-0.0042022383893448182 -0.0050249359489181848 -0.0021643626269578849 0.0068081495510163674 0.0026899979230331598
leaf_weight=8.391469959169628 2.0431497506797305 2.0574795082211494 6.2600292153656483 3.3479802608489999
leaf_count=75 15 25 72 23
internal_value=-0.000538671 0.00143809 0.00461875 -0.00190342
internal_weight=22.1001 20.057 8.31751 11.7395
internal_count=210 195 97 98
is_linear=0
shrinkage=0.03


Tree=107
num_leaves=5
num_cat=0
split_feature=4 4 1 1
split_gain=0.400922 0.545871 0.593412 0.488339
threshold=0.024424807073003877 -0.028614971394707141 0.042897459480365059 0.0022981219455279205
decision_type=2 2 2 2
left_child=1 3 -3 -1
right_child=-2 2 -4 -5
leaf_value=-0.0053119604743772659 -0.0036779348169130128 0.0078176910959594434 -0.002775041062283642 0.0031990241828829587
leaf_weight=4.7307908311486244 8.819283861666916 5.6867239736020583 0.98655475676059712 1.8729416802525518
leaf_count=44 72 70 7 17
internal_value=-0.000540182 0.00222873 0.00552656 -0.00242521
internal_weight=22.0963 13.277 6.67328 6.60373
internal_count=210 138 77 61
is_linear=0
shrinkage=0.03


Tree=108
num_leaves=5
num_cat=0
split_feature=6 3 4 2
split_gain=0.39561 0.438483 0.342295 0.185698
threshold=-0.3765182186235127 -0.018034986804514493 0.066023593998785449 -1.3595676051226568
decision_type=2 2 2 2
left_child=1 -1 3 -2
right_child=2 -3 -4 -5
leaf_value=0.0055487647122513884 -0.0065326617812406758 -0.0028291125676665795 0.0026792693839683152 -0.00056588745300197377
leaf_weight=5.3897140696644783 3.6495453789830217 1.3379650302231336 1.3273294568061835 10.387982875108714
leaf_count=48 29 19 6 108
internal_value=-0.000530923 0.00318738 -0.00277377 -0.0041895
internal_weight=22.0925 6.72768 15.3649 14.0375
internal_count=210 67 143 137
is_linear=0
shrinkage=0.03


Tree=109
num_leaves=5
num_cat=0
split_feature=1 1 3 3
split_gain=0.392647 0.441445 0.508134 0.348366
threshold=0.041224399262750684 0.0022981219455279205 -0.039059436034713353 0.027633428395196755
decision_type=2 2 2 2
left_child=1 2 -1 -3
right_child=-2 3 -4 -5
leaf_value=-0.0061862305881454846 -0.0049946954201164169 0.0067992619933269077 0.0016518855711280546 -0.0017209280084354171
leaf_weight=1.9051902070641542 2.0457303561270228 4.7228925600647917 11.990840531885626 1.4204199053347109
leaf_count=15 15 52 118 10
internal_value=-0.00053095 0.00143576 -0.00156185 0.00498355
internal_weight=22.0851 20.0393 13.896 6.14331
internal_count=210 195 133 62
is_linear=0
shrinkage=0.03


Tree=110
num_leaves=5
num_cat=0
split_feature=6 3 5 6
split_gain=0.38913 0.51111 0.485644 0.247022
threshold=0.68044965786901324 -0.04659023865248297 -0.54623446754151561 0.80325166278210236
decision_type=2 2 2 2
left_child=1 -1 -3 -2
right_child=3 2 -4 -5
leaf_value=-0.003743896386004782 -0.0061519188994770086 -0.0022726520554978971 0.0059126633144464657 0.0011071623033884505
leaf_weight=2.5875565260648772 2.8012114167213431 3.2279871813952967 11.026885159313673 2.4269601479172707
leaf_count=16 20 41 109 24
internal_value=-0.000556821 0.00175602 0.00388632 -0.00426797
internal_weight=22.0706 16.8424 14.2549 5.22817
internal_count=210 166 150 44
is_linear=0
shrinkage=0.03


Tree=111
num_leaves=5
num_cat=0
split_feature=6 3 4 3
split_gain=0.386607 0.431986 0.339388 0.18052
threshold=-0.3765182186235127 -0.018034986804514493 0.066023593998785449 0.019959292276891145
decision_type=2 2 2 2
left_child=1 -1 3 -2
right_child=2 -3 -4 -5
leaf_value=0.0054678437049013734 3.7572402404989978e-05 -0.0028305209851850338 0.0026548540116657533 -0.0057726947268190486
leaf_weight=5.3645414300262928 6.4500769600272143 1.3372789062559629 1.3237062394618995 7.5766943842172623
leaf_count=48 74 19 6 63
internal_value=-0.000588523 0.00310867 -0.00279222 -0.00419727
internal_weight=22.0523 6.70182 15.3505 14.0268
internal_count=210 67 143 137
is_linear=0
shrinkage=0.03


Tree=112
num_leaves=5
num_cat=0
split_feature=1 1 3 3
split_gain=0.383551 0.436332 0.49813 0.340951
threshold=0.041224399262750684 0.0022981219455279205 -0.039059436034713353 0.027633428395196755
decision_type=2 2 2 2
left_child=1 2 -1 -3
right_child=-2 3 -4 -5
leaf_value=-0.0061537494741094462 -0.0049765300254898904 0.0067205636612633077 0.0016142098477144608 -0.0017048039849236587
leaf_weight=1.9073032103478933 2.0461805202066889 4.7006274461746207 11.973006870597603 1.4213332682847974
leaf_count=15 15 52 118 10
internal_value=-0.000575015 0.00138389 -0.00158313 0.00492033
internal_weight=22.0485 20.0023 13.8803 6.12196
internal_count=210 195 133 62
is_linear=0
shrinkage=0.03


Tree=113
num_leaves=5
num_cat=0
split_feature=1 2 4 5
split_gain=0.375745 0.435802 0.452244 0.381735
threshold=0.041224399262750684 -0.76339525539787234 -0.028614971394707141 0.51029032177824762
decision_type=2 2 2 2
left_child=1 3 -3 -1
right_child=-2 2 -4 -5
leaf_value=-0.0042142980587425499 -0.0049498730303239487 -0.0021560401613313425 0.0066562056178432671 0.0026910791611920617
leaf_weight=8.3702852129936236 2.0492910631000987 2.0566533766686916 6.2135265544056892 3.3444213867187509
leaf_count=75 15 25 72 23
internal_value=-0.000600093 0.00134798 0.00448413 -0.00191147
internal_weight=22.0342 19.9849 8.27018 11.7147
internal_count=210 195 97 98
is_linear=0
shrinkage=0.03


Tree=114
num_leaves=5
num_cat=0
split_feature=4 4 1 1
split_gain=0.379664 0.526276 0.5723 0.47339
threshold=0.024424807073003877 -0.028614971394707141 0.042897459480365059 0.0022981219455279205
decision_type=2 2 2 2
left_child=1 3 -3 -1
right_child=-2 2 -4 -5
leaf_value=-0.0052532828020000139 -0.0036376429283860078 0.0076433517982077885 -0.002738799387982385 0.003137765936890084
leaf_weight=4.7326573878526688 8.8145844899117929 5.6325978823006171 0.99041493982076634 1.8602728843688963
leaf_count=44 72 70 7 17
internal_value=-0.000600549 0.00211944 0.00537718 -0.00242152
internal_weight=22.0305 13.2159 6.62301 6.59293
internal_count=210 138 77 61
is_linear=0
shrinkage=0.03


Tree=115
num_leaves=5
num_cat=0
split_feature=6 3 4 2
split_gain=0.375244 0.427985 0.335508 0.177446
threshold=-0.3765182186235127 -0.018034986804514493 0.066023593998785449 -1.3595676051226568
decision_type=2 2 2 2
left_child=1 -1 3 -2
right_child=2 -3 -4 -5
leaf_value=0.0054164925204208455 -0.0064520578421868296 -0.0028324872218778159 0.0026479099314805107 -0.00058026811124030949
leaf_weight=5.3458600640296936 3.6517844945192346 1.3361266553401971 1.3225552588701255 10.370477009564633
leaf_count=48 29 19 6 108
internal_value=-0.000590444 0.00305787 -0.0027588 -0.00415874
internal_weight=22.0268 6.68199 15.3448 14.0223
internal_count=210 67 143 137
is_linear=0
shrinkage=0.03


Tree=116
num_leaves=5
num_cat=0
split_feature=1 1 3 3
split_gain=0.372289 0.423959 0.491068 0.33385
threshold=0.041224399262750684 0.0022981219455279205 -0.039059436034713353 0.027633428395196755
decision_type=2 2 2 2
left_child=1 2 -1 -3
right_child=-2 3 -4 -5
leaf_value=-0.0061079682465407115 -0.0049197617044203076 0.0066287648555993558 0.0016046733204646648 -0.0016950538617728566
leaf_weight=1.9097336865961576 2.0517555885016909 4.6742116659879676 11.962560873478653 1.4212883748114107
leaf_count=15 15 52 118 10
internal_value=-0.000589674 0.00134847 -0.00157092 0.00484062
internal_weight=22.0196 19.9678 13.8723 6.0955
internal_count=210 195 133 62
is_linear=0
shrinkage=0.03


Tree=117
num_leaves=5
num_cat=0
split_feature=6 3 5 6
split_gain=0.366616 0.491691 0.472333 0.245208
threshold=0.68044965786901324 -0.04659023865248297 -0.54623446754151561 0.80325166278210236
decision_type=2 2 2 2
left_child=1 -1 -3 -2
right_child=3 2 -4 -5
leaf_value=-0.0037121013880174838 -0.0060833748396439844 -0.002273000955336345 0.005774712857680931 0.0011200013292303678
leaf_weight=2.5835913643240973 2.8030503131449214 3.2254043668508574 10.967722587287421 2.4255715683102608
leaf_count=16 20 41 109 24
internal_value=-0.000614255 0.00165478 0.00376228 -0.00420058
internal_weight=22.0053 16.7767 14.1931 5.22862
internal_count=210 166 150 44
is_linear=0
shrinkage=0.03


Tree=118
num_leaves=5
num_cat=0
split_feature=6 3 4 6
split_gain=0.366654 0.421697 0.332582 0.178376
threshold=-0.3765182186235127 -0.018034986804514493 0.066023593998785449 0.92352533490301114
decision_type=2 2 2 2
left_child=1 -1 3 -2
right_child=2 -3 -4 -5
leaf_value=0.0053388192385910504 -0.0049714157341290014 -0.0028333396077626165 0.0026241271705492717 0.0011561298395845088
leaf_weight=5.3213736154139042 12.737309109419579 1.3355111740529562 1.3189711123704917 1.2742549814283854
leaf_count=48 125 19 6 12
internal_value=-0.000644597 0.00298259 -0.00277529 -0.00416475
internal_weight=21.9874 6.65688 15.3305 14.0116
internal_count=210 67 143 137
is_linear=0
shrinkage=0.03


Tree=119
num_leaves=5
num_cat=0
split_feature=1 2 4 5
split_gain=0.365496 0.418945 0.438019 0.380016
threshold=0.041224399262750684 -0.76339525539787234 -0.028614971394707141 0.51029032177824762
decision_type=2 2 2 2
left_child=1 3 -3 -1
right_child=-2 2 -4 -5
leaf_value=-0.0041826239982540297 -0.0048971898199925284 -0.002126869380993132 0.0065407035562737607 0.002701108289093142
leaf_weight=8.359163027256729 2.0526615977287284 2.0581964515149593 6.1781172901391983 3.3426660634577283
leaf_count=75 15 25 72 23
internal_value=-0.000612789 0.00131673 0.00439618 -0.0018777
internal_weight=21.9908 19.9381 8.23631 11.7018
internal_count=210 195 97 98
is_linear=0
shrinkage=0.03


Tree=120
num_leaves=5
num_cat=0
split_feature=4 4 1 1
split_gain=0.363773 0.505819 0.557097 0.461533
threshold=0.024424807073003877 -0.028614971394707141 0.042897459480365059 0.0022981219455279205
decision_type=2 2 2 2
left_child=1 3 -3 -1
right_child=-2 2 -4 -5
leaf_value=-0.0051799930913730341 -0.0035792798934387278 0.0075119047251220143 -0.0027141013290670184 0.0031043525301465802
leaf_weight=4.7359929606318474 8.8150559999048692 5.5908148773014563 0.99295223504304875 1.8522930480539797
leaf_count=44 72 70 7 17
internal_value=-0.000612818 0.00206033 0.00526302 -0.00238353
internal_weight=21.9871 13.1721 6.58377 6.58829
internal_count=210 138 77 61
is_linear=0
shrinkage=0.03


Tree=121
num_leaves=5
num_cat=0
split_feature=1 1 3 3
split_gain=0.361617 0.409602 0.481048 0.329269
threshold=0.041224399262750684 0.0022981219455279205 -0.039059436034713353 0.027633428395196755
decision_type=2 2 2 2
left_child=1 2 -1 -3
right_child=-2 3 -4 -5
leaf_value=-0.0060401131724128069 -0.0048642957772863779 0.0065397413649917737 0.0015928290696960576 -0.0016996484352625972
leaf_weight=1.913539726287129 2.0558543130755416 4.6468500159680834 11.946957286447288 1.4200596399605272
leaf_count=15 15 52 118 10
internal_value=-0.000602443 0.00131569 -0.00155074 0.00475365
internal_weight=21.9833 19.9274 13.8605 6.06691
internal_count=210 195 133 62
is_linear=0
shrinkage=0.03


Tree=122
num_leaves=5
num_cat=0
split_feature=3 3 5 6
split_gain=0.357931 0.553911 0.575806 0.496595
threshold=0.019959292276891145 -0.04659023865248297 -0.54623446754151561 0.68044965786901324
decision_type=2 2 2 2
left_child=1 -1 -3 -2
right_child=3 2 -4 -5
leaf_value=-0.0036652155268852037 0.0018470827321290474 -0.0022364299202590658 0.0071480015004210407 -0.0067029980453658993
leaf_weight=2.5833199173212043 4.8522817082703096 3.2283738292753688 7.1886714473366764 4.1164674274623394
leaf_count=16 42 41 82 29
internal_value=-0.000626527 0.00205039 0.00456875 -0.0035421
internal_weight=21.9691 13.0004 10.417 8.96875
internal_count=210 139 123 71
is_linear=0
shrinkage=0.03


Tree=123
num_leaves=5
num_cat=0
split_feature=1 1 3 3
split_gain=0.353725 0.403133 0.470475 0.322484
threshold=0.041224399262750684 0.0022981219455279205 -0.039059436034713353 0.027633428395196755
decision_type=2 2 2 2
left_child=1 2 -1 -3
right_child=-2 3 -4 -5
leaf_value=-0.0059962340311916903 -0.0048479973767158154 0.0064605778852745745 0.0015580891485073307 -0.0016864037437285071
leaf_weight=1.9170610047876859 2.0563975460827342 4.6250746399164191 11.932055134326221 1.4206673614680765
leaf_count=15 15 52 118 10
internal_value=-0.000641859 0.00126915 -0.00156339 0.00468826
internal_weight=21.9513 19.8949 13.8491 6.04574
internal_count=210 195 133 62
is_linear=0
shrinkage=0.03


Tree=124
num_leaves=5
num_cat=0
split_feature=6 3 4 6
split_gain=0.350551 0.416964 0.328497 0.177855
threshold=-0.3765182186235127 -0.018034986804514493 0.066023593998785449 0.92352533490301114
decision_type=2 2 2 2
left_child=1 -1 3 -2
right_child=2 -3 -4 -5
leaf_value=0.0052585321687931806 -0.0049338998734791062 -0.0028473071231806917 0.0026161560351406358 0.0011640542917526234
leaf_weight=5.2910563163459301 12.724015980958933 1.3318440131843114 1.3171957284212119 1.2731786035001285
leaf_count=48 125 19 6 12
internal_value=-0.000665198 0.0028962 -0.00274104 -0.00412529
internal_weight=21.9373 6.6229 15.3144 13.9972
internal_count=210 67 143 137
is_linear=0
shrinkage=0.03


Tree=125
num_leaves=5
num_cat=0
split_feature=1 2 4 5
split_gain=0.349538 0.404266 0.423322 0.378705
threshold=0.041224399262750684 -0.76339525539787234 -0.028614971394707141 0.51029032177824762
decision_type=2 2 2 2
left_child=1 3 -3 -1
right_child=-2 2 -4 -5
leaf_value=-0.0041682994244370795 -0.0048142688966610631 -0.0020977899446576911 0.00641607777616138 0.0027025564978534504
leaf_weight=8.3441467843949813 2.0593609735369673 2.0597896426916122 6.1377999372780323 3.3395525589585313
leaf_count=75 15 25 72 23
internal_value=-0.000633285 0.00126599 0.00429961 -0.00186375
internal_weight=21.9406 19.8813 8.19759 11.6837
internal_count=210 195 97 98
is_linear=0
shrinkage=0.03


Tree=126
num_leaves=5
num_cat=0
split_feature=4 4 1 1
split_gain=0.349379 0.481861 0.537512 0.446396
threshold=0.024424807073003877 -0.028614971394707141 0.042897459480365059 0.0022981219455279205
decision_type=2 2 2 2
left_child=1 3 -3 -1
right_child=-2 2 -4 -5
leaf_value=-0.0050827121812986042 -0.0035324999823184034 0.0073563888802215252 -0.0026748548229924333 0.0030620688962979094
leaf_weight=4.7431981340050697 8.8117550872266275 5.5419298224151152 0.99702292680740345 1.8430701345205305
leaf_count=44 72 70 7 17
internal_value=-0.000632703 0.0019998 0.00513437 -0.00233152
internal_weight=21.937 13.1252 6.53895 6.58627
internal_count=210 138 77 61
is_linear=0
shrinkage=0.03


Tree=127
num_leaves=5
num_cat=0
split_feature=1 1 3 3
split_gain=0.345956 0.388338 0.467282 0.316873
threshold=0.041224399262750684 0.0022981219455279205 -0.039059436034713353 0.027633428395196755
decision_type=2 2 2 2
left_child=1 2 -1 -3
right_child=-2 3 -4 -5
leaf_value=-0.0059432589690072901 -0.0047818573718525466 0.0063850826036379966 0.0015779391598296532 -0.0016789218870893676
leaf_weight=1.9194867163896585 2.062399733811616 4.602108556777238 11.92824310436845 1.4207959622144697
leaf_count=15 15 52 118 10
internal_value=-0.000621889 0.00126619 -0.00151961 0.0046222
internal_weight=21.933 19.8706 13.8477 6.0229
internal_count=210 195 133 62
is_linear=0
shrinkage=0.03


Tree=128
num_leaves=5
num_cat=0
split_feature=6 3 5 6
split_gain=0.345091 0.46009 0.44408 0.238924
threshold=0.68044965786901324 -0.04659023865248297 -0.54623446754151561 0.80325166278210236
decision_type=2 2 2 2
left_child=1 -1 -3 -2
right_child=3 2 -4 -5
leaf_value=-0.0036047135396635129 -0.0059752561327330884 -0.00221200417549024 0.0055866254564135905 0.0011174460192686661
leaf_weight=2.5826135650277182 2.8049022592604151 3.2291322983801409 10.881945397704834 2.4203991964459419
leaf_count=16 20 41 109 24
internal_value=-0.000645179 0.0015749 0.00362475 -0.00411377
internal_weight=21.919 16.6937 14.1111 5.2253
internal_count=210 166 150 44
is_linear=0
shrinkage=0.03


Tree=129
num_leaves=5
num_cat=0
split_feature=3 3 5 6
split_gain=0.342403 0.524823 0.5494 0.473921
threshold=0.019959292276891145 -0.04659023865248297 -0.54623446754151561 0.68044965786901324
decision_type=2 2 2 2
left_child=1 -1 -3 -2
right_child=3 2 -4 -5
leaf_value=-0.0035817830209223731 0.0017830473265251455 -0.0021953916801628909 0.0069634297402700702 -0.0065900329440352623
leaf_weight=2.5851540192961684 4.8398438617587072 3.2315926291048518 7.1226249597966698 4.1222263686358929
leaf_count=16 42 41 82 29
internal_value=-0.000673932 0.00196633 0.00443071 -0.00351258
internal_weight=21.9014 12.9394 10.3542 8.96207
internal_count=210 139 123 71
is_linear=0
shrinkage=0.03


Tree=130
num_leaves=5
num_cat=0
split_feature=1 2 4 5
split_gain=0.336402 0.386274 0.407664 0.374272
threshold=0.041224399262750684 -0.76339525539787234 -0.028614971394707141 0.51029032177824762
decision_type=2 2 2 2
left_child=1 3 -3 -1
right_child=-2 2 -4 -5
leaf_value=-0.0041420083566571231 -0.0047766894458141492 -0.0020744138329220532 0.0062626968309212232 0.0026892769442305973
leaf_weight=8.3354213088750857 2.0607058443129054 2.0615652948617935 6.0920978374779224 3.3340463787317285
leaf_count=75 15 25 72 23
internal_value=-0.000688045 0.00119614 0.00417322 -0.00184991
internal_weight=21.8838 19.8231 8.15366 11.6695
internal_count=210 195 97 98
is_linear=0
shrinkage=0.03


Tree=131
num_leaves=5
num_cat=0
split_feature=6 3 4 6
split_gain=0.339756 0.413654 0.324312 0.177075
threshold=-0.3765182186235127 -0.018034986804514493 0.066023593998785449 0.92352533490301114
decision_type=2 2 2 2
left_child=1 -1 3 -2
right_child=2 -3 -4 -5
leaf_value=0.0052003376099748876 -0.0049093246069148158 -0.0028587402683142036 0.0025997920902902294 0.0011662521444963699
leaf_weight=5.2655281834304333 12.701319236308331 1.3284373544156576 1.3134595751762397 1.2715323939919478
leaf_count=48 125 19 6 12
internal_value=-0.000686607 0.00283241 -0.0027244 -0.00410058
internal_weight=21.8803 6.59397 15.2863 13.9729
internal_count=210 67 143 137
is_linear=0
shrinkage=0.03


Tree=132
num_leaves=5
num_cat=0
split_feature=1 1 3 3
split_gain=0.335626 0.381087 0.452811 0.31184
threshold=0.041224399262750684 0.0022981219455279205 -0.039059436034713353 0.027633428395196755
decision_type=2 2 2 2
left_child=1 2 -1 -3
right_child=-2 3 -4 -5
leaf_value=-0.0058768886682826127 -0.0047432899519335801 0.0063082693699319835 0.0015343223864862617 -0.0016756401214506208
leaf_weight=1.9229090325534368 2.0635271258652201 4.5764893330633631 11.900827415287496 1.4198529273271558
leaf_count=15 15 52 118 10
internal_value=-0.000654588 0.00121898 -0.00153069 0.00455209
internal_weight=21.8836 19.8201 13.8237 5.99634
internal_count=210 195 133 62
is_linear=0
shrinkage=0.03


Tree=133
num_leaves=5
num_cat=0
split_feature=4 4 1 4
split_gain=0.334877 0.454891 0.519331 0.438401
threshold=0.024424807073003877 -0.028614971394707141 0.042897459480365059 -0.048055306236855659
decision_type=2 2 2 2
left_child=1 3 -3 -1
right_child=-2 2 -4 -5
leaf_value=0.0029703969676157884 -0.0035043691839475814 0.0071814960532001699 -0.0026500001078031028 -0.0050779251927833505
leaf_weight=2.0803621411323547 8.8014762885868532 5.4863173998892325 0.99931142479181279 4.5022921748459339
leaf_count=16 72 70 7 45
internal_value=-0.000677088 0.00192076 0.00497808 -0.00227696
internal_weight=21.8698 13.0683 6.48563 6.58265
internal_count=210 138 77 61
is_linear=0
shrinkage=0.03


Tree=134
num_leaves=5
num_cat=0
split_feature=3 3 5 6
split_gain=0.328219 0.511833 0.53125 0.465142
threshold=0.019959292276891145 -0.04659023865248297 -0.54623446754151561 0.68044965786901324
decision_type=2 2 2 2
left_child=1 -1 -3 -2
right_child=3 2 -4 -5
leaf_value=-0.0035469728859634465 0.0017842312931873471 -0.0021534482384712446 0.0068593926621612388 -0.0064966483487376115
leaf_weight=2.5834929421544066 4.8383275084197503 3.2351374328136435 7.0836508050560978 4.1267230771481991
leaf_count=16 42 41 82 29
internal_value=-0.000666901 0.00192334 0.00436455 -0.00344325
internal_weight=21.8673 12.9023 10.3188 8.96505
internal_count=210 139 123 71
is_linear=0
shrinkage=0.03


Tree=135
num_leaves=5
num_cat=0
split_feature=1 2 4 5
split_gain=0.327559 0.371342 0.395932 0.372169
threshold=0.041224399262750684 -0.76339525539787234 -0.028614971394707141 0.51029032177824762
decision_type=2 2 2 2
left_child=1 3 -3 -1
right_child=-2 2 -4 -5
leaf_value=-0.0041020689435743761 -0.0047129209838799356 -0.0020470729907142147 0.0061668643366653937 0.0027019631537372885
leaf_weight=8.3283825591206568 2.0653829202055922 2.0633367747068405 6.0600022971630096 3.3326625004410753
leaf_count=75 15 25 72 23
internal_value=-0.000680627 0.00118134 0.00410219 -0.00180785
internal_weight=21.8498 19.7844 8.12334 11.661
internal_count=210 195 97 98
is_linear=0
shrinkage=0.03


Tree=136
num_leaves=5
num_cat=0
split_feature=4 4 1 4
split_gain=0.325406 0.431878 0.508945 0.432955
threshold=0.024424807073003877 -0.028614971394707141 0.042897459480365059 -0.048055306236855659
decision_type=2 2 2 2
left_child=1 3 -3 -1
right_child=-2 2 -4 -5
leaf_value=0.0029789917302084907 -0.0034632765308480443 0.0070646431282282022 -0.002642422785606923 -0.0050028309795712364
leaf_weight=2.0816156193614006 8.7999300733208639 5.4522850029170531 0.99986857920885075 4.5124329850077629
leaf_count=16 72 70 7 45
internal_value=-0.000678983 0.00188692 0.00486858 -0.00220635
internal_weight=21.8461 13.0462 6.45215 6.59405
internal_count=210 138 77 61
is_linear=0
shrinkage=0.03


Tree=137
num_leaves=5
num_cat=0
split_feature=1 1 3 3
split_gain=0.323116 0.366342 0.446664 0.305086
threshold=0.041224399262750684 0.0022981219455279205 -0.039059436034713353 0.027633428395196755
decision_type=2 2 2 2
left_child=1 2 -1 -3
right_child=-2 3 -4 -5
leaf_value=-0.0058279881025664858 -0.0046735302347936979 0.0062017581630045993 0.0015313828891261056 -0.0016720738546786816
leaf_weight=1.9258138202130819 2.0695446766912928 4.5439211390912524 11.885568279772999 1.4187545217573641
leaf_count=15 15 52 118 10
internal_value=-0.000668606 0.00117943 -0.00151139 0.00445445
internal_weight=21.8436 19.7741 13.8114 5.96268
internal_count=210 195 133 62
is_linear=0
shrinkage=0.03


Tree=138
num_leaves=5
num_cat=0
split_feature=6 3 4 6
split_gain=0.322865 0.408385 0.320948 0.176415
threshold=-0.3765182186235127 -0.018034986804514493 0.066023593998785449 0.92352533490301114
decision_type=2 2 2 2
left_child=1 -1 3 -2
right_child=2 -3 -4 -5
leaf_value=0.0051220730091134413 -0.0048597130218867709 -0.0028681172497182043 0.0026036217956145083 0.0011769466288688269
leaf_weight=5.2341930381953716 12.68690381944179 1.3249778449535394 1.3131564706563956 1.2706144936382777
leaf_count=48 125 19 6 12
internal_value=-0.000690624 0.0027507 -0.00267234 -0.00404829
internal_weight=21.8298 6.55917 15.2707 13.9575
internal_count=210 67 143 137
is_linear=0
shrinkage=0.03


Tree=139
num_leaves=5
num_cat=0
split_feature=1 1 3 3
split_gain=0.319404 0.359773 0.444105 0.299964
threshold=0.041224399262750684 0.0022981219455279205 -0.039059436034713353 0.027633428395196755
decision_type=2 2 2 2
left_child=1 2 -1 -3
right_child=-2 3 -4 -5
leaf_value=-0.0057978346887633935 -0.0046406687653853494 0.0061568661376219559 0.0015374216908791622 -0.0016551789951085871
leaf_weight=1.9268549159169222 2.0721891783177844 4.5307635962963095 11.882999770343305 1.4202744998037813
leaf_count=15 15 52 118 10
internal_value=-0.000658692 0.00117788 -0.00149125 0.00442362
internal_weight=21.8331 19.7609 13.8099 5.95104
internal_count=210 195 133 62
is_linear=0
shrinkage=0.03


Tree=140
num_leaves=5
num_cat=0
split_feature=6 3 5 6
split_gain=0.316151 0.426587 0.407925 0.233764
threshold=0.68044965786901324 -0.04659023865248297 -0.54623446754151561 0.80325166278210236
decision_type=2 2 2 2
left_child=1 -1 -3 -2
right_child=3 2 -4 -5
leaf_value=-0.0034986998980418363 -0.0058377293275524052 -0.0021235928887344854 0.0053494066877760177 0.0011332851568508593
leaf_weight=2.5813388451933905 2.806509416550397 3.2364675216376826 10.780121136456723 2.4148654229938984
leaf_count=16 20 41 109 24
internal_value=-0.000680632 0.00146756 0.00345813 -0.00398725
internal_weight=21.8193 16.5979 14.0166 5.22137
internal_count=210 166 150 44
is_linear=0
shrinkage=0.03


Tree=141
num_leaves=5
num_cat=0
split_feature=3 3 5 6
split_gain=0.314133 0.487413 0.506261 0.444157
threshold=0.019959292276891145 -0.04659023865248297 -0.54623446754151561 0.68044965786901324
decision_type=2 2 2 2
left_child=1 -1 -3 -2
right_child=3 2 -4 -5
leaf_value=-0.0034764987009587023 0.0017242024629803205 -0.002107639664622075 0.0066877499484834547 -0.0063865159933113808
leaf_weight=2.5837137326598159 4.8263424858450872 3.2387937232851973 7.0219478271901634 4.1314305253326893
leaf_count=16 42 41 82 29
internal_value=-0.000707445 0.00184678 0.0042415 -0.00341216
internal_weight=21.8022 12.8445 10.2607 8.95777
internal_count=210 139 123 71
is_linear=0
shrinkage=0.03


Tree=142
num_leaves=5
num_cat=0
split_feature=1 2 4 5
split_gain=0.310709 0.357956 0.382342 0.370083
threshold=0.041224399262750684 -0.76339525539787234 -0.028614971394707141 0.51029032177824762
decision_type=2 2 2 2
left_child=1 3 -3 -1
right_child=-2 2 -4 -5
leaf_value=-0.0040963300099091556 -0.0046352243139896393 -0.0020251711441149544 0.0060325990491851399 0.0026922322947686675
leaf_weight=8.3091167509555834 2.0703830495476714 2.0636345110833645 6.0153173170983791 3.3264619335532197
leaf_count=75 15 25 72 23
internal_value=-0.000720094 0.00111261 0.00399266 -0.00180824
internal_weight=21.7849 19.7145 8.07895 11.6356
internal_count=210 195 97 98
is_linear=0
shrinkage=0.03


Tree=143
num_leaves=5
num_cat=0
split_feature=6 3 4 6
split_gain=0.312504 0.40323 0.316015 0.175603
threshold=-0.3765182186235127 -0.018034986804514493 0.066023593998785449 0.92352533490301114
decision_type=2 2 2 2
left_child=1 -1 3 -2
right_child=2 -3 -4 -5
leaf_value=0.005054193203104157 -0.0048355918886489211 -0.0028716853738298314 0.0025807594808231775 0.0011787226878587542
leaf_weight=5.2089202851057053 12.671183764934534 1.3234163224697137 1.3087859898805625 1.2690826356410987
leaf_count=48 125 19 6 12
internal_value=-0.000717674 0.00268271 -0.00265991 -0.00402441
internal_weight=21.7814 6.53234 15.2491 13.9403
internal_count=210 67 143 137
is_linear=0
shrinkage=0.03


Tree=144
num_leaves=5
num_cat=0
split_feature=1 1 3 3
split_gain=0.310225 0.352963 0.430787 0.29534
threshold=0.041224399262750684 0.0022981219455279205 -0.039059436034713353 0.027633428395196755
decision_type=2 2 2 2
left_child=1 2 -1 -3
right_child=-2 3 -4 -5
leaf_value=-0.005732855410521989 -0.0046025296997627809 0.0060859091521227125 0.0014981373812061475 -0.001651634441926759
leaf_weight=1.9297926574945474 2.0729476138949385 4.5063952319324008 11.856197252869608 1.4193020686507223
leaf_count=15 15 52 118 10
internal_value=-0.000685558 0.00113679 -0.00149871 0.00435925
internal_weight=21.7846 19.7117 13.786 5.9257
internal_count=210 195 133 62
is_linear=0
shrinkage=0.03


Tree=145
num_leaves=5
num_cat=0
split_feature=4 4 1 4
split_gain=0.308332 0.410161 0.488403 0.427881
threshold=0.024424807073003877 -0.028614971394707141 0.042897459480365059 -0.048055306236855659
decision_type=2 2 2 2
left_child=1 3 -3 -1
right_child=-2 2 -4 -5
leaf_value=0.0029759880372452279 -0.0034072954494997897 0.0068941226866758984 -0.0025998215612648323 -0.004954011965491811
leaf_weight=2.073887512087822 8.7914271578192693 5.393366429954769 1.0038890838623045 4.5084650330245495
leaf_count=16 72 70 7 45
internal_value=-0.000706798 0.00180909 0.00472735 -0.00216757
internal_weight=21.771 12.9796 6.39726 6.58235
internal_count=210 138 77 61
is_linear=0
shrinkage=0.03


Tree=146
num_leaves=5
num_cat=0
split_feature=1 2 4 5
split_gain=0.303185 0.346412 0.372063 0.366897
threshold=0.041224399262750684 -0.76339525539787234 -0.028614971394707141 0.51029032177824762
decision_type=2 2 2 2
left_child=1 3 -3 -1
right_child=-2 2 -4 -5
leaf_value=-0.00405231583217989 -0.0045638736145774015 -0.0019942822548545958 0.0059587841656042187 0.0026992069518582389
leaf_weight=8.3074918985366839 2.0768854618072501 2.066171932965517 5.9918499179184437 3.3261281251907358
leaf_count=75 15 25 72 23
internal_value=-0.000695862 0.00111179 0.00394443 -0.00176659
internal_weight=21.7685 19.6916 8.05802 11.6336
internal_count=210 195 97 98
is_linear=0
shrinkage=0.03


Tree=147
num_leaves=5
num_cat=0
split_feature=3 3 5 6
split_gain=0.305931 0.475353 0.487286 0.432314
threshold=0.019959292276891145 -0.04659023865248297 -0.54623446754151561 0.68044965786901324
decision_type=2 2 2 2
left_child=1 -1 -3 -2
right_child=3 2 -4 -5
leaf_value=-0.003429953647201796 0.0017042882776017439 -0.0020506966974419717 0.0065959464715103144 -0.0062965759607630564
leaf_weight=2.5822711810469618 4.8201809823513013 3.2439857982099047 6.9843408726155785 4.134097408503294
leaf_count=16 42 41 82 29
internal_value=-0.000693431 0.00182861 0.00419552 -0.00336275
internal_weight=21.7649 12.8106 10.2283 8.95428
internal_count=210 139 123 71
is_linear=0
shrinkage=0.03


Tree=148
num_leaves=5
num_cat=0
split_feature=4 4 1 4
split_gain=0.299871 0.389224 0.478753 0.422505
threshold=0.024424807073003877 -0.028614971394707141 0.042897459480365059 -0.048055306236855659
decision_type=2 2 2 2
left_child=1 3 -3 -1
right_child=-2 2 -4 -5
leaf_value=0.0029841497241430526 -0.0033668750741043013 0.006783658414611175 -0.0025922537381663897 -0.0048803746289875528
leaf_weight=2.0750370100140572 8.7893790751695615 5.3606659695506114 1.0044133514165876 4.5181026048958302
leaf_count=16 72 70 7 45
internal_value=-0.000705763 0.00177955 0.00462419 -0.00209846
internal_weight=21.7476 12.9582 6.36508 6.59314
internal_count=210 138 77 61
is_linear=0
shrinkage=0.03


Tree=149
num_leaves=5
num_cat=0
split_feature=1 1 3 3
split_gain=0.298994 0.339289 0.425296 0.289073
threshold=0.041224399262750684 0.0022981219455279205 -0.039059436034713353 0.027633428395196755
decision_type=2 2 2 2
left_child=1 2 -1 -3
right_child=-2 3 -4 -5
leaf_value=-0.0056850967477330367 -0.004534368187686883 0.0059862115821078749 0.0014978237194450722 -0.0016477445304270485
leaf_weight=1.9322798736393476 2.0783906467258921 4.4751493968069544 11.841045118868353 1.4181330390274522
leaf_count=15 15 52 118 10
internal_value=-0.000694688 0.00110276 -0.00147738 0.00426829
internal_weight=21.745 19.6666 13.7733 5.89328
internal_count=210 195 133 62
is_linear=0
shrinkage=0.03


Tree=150
num_leaves=5
num_cat=0
split_feature=6 3 4 6
split_gain=0.297041 0.398239 0.312447 0.174808
threshold=-0.3765182186235127 -0.018034986804514493 0.066023593998785449 0.92352533490301114
decision_type=2 2 2 2
left_child=1 -1 3 -2
right_child=2 -3 -4 -5
leaf_value=0.004982731177051238 -0.0047833186316269816 -0.0028791302024521975 0.0025842240751294378 0.0011894079696768351
leaf_weight=5.1789479106664658 12.65599643439054 1.3201124034822012 1.308398678898812 1.2680256441235549
leaf_count=48 125 19 6 12
internal_value=-0.000715523 0.00260867 -0.00260558 -0.00396959
internal_weight=21.7315 6.49906 15.2324 13.924
internal_count=210 67 143 137
is_linear=0
shrinkage=0.03


Tree=151
num_leaves=5
num_cat=0
split_feature=1 1 3 3
split_gain=0.29567 0.33323 0.422928 0.284277
threshold=0.041224399262750684 0.0022981219455279205 -0.039059436034713353 0.027633428395196755
decision_type=2 2 2 2
left_child=1 2 -1 -3
right_child=-2 3 -4 -5
leaf_value=-0.0056556256507833726 -0.0045022285294339165 0.005943844923870293 0.0015042463200493812 -0.0016311576316033716
leaf_weight=1.9331114590168024 2.0807838588953009 4.4625643640756598 11.838545583188536 1.4196051321923731
leaf_count=15 15 52 118 10
internal_value=-0.000683577 0.00110264 -0.00145714 0.00423973
internal_weight=21.7346 19.6538 13.7717 5.88217
internal_count=210 195 133 62
is_linear=0
shrinkage=0.03


Tree=152
num_leaves=5
num_cat=0
split_feature=6 0 4 6
split_gain=0.290286 0.398188 0.399507 0.228789
threshold=0.68044965786901324 1.0000000180025095e-35 -0.048055306236855659 0.80325166278210236
decision_type=2 2 2 2
left_child=1 2 -1 -2
right_child=3 -3 -4 -5
leaf_value=0.0029592671604530048 -0.0057024370933717507 0.0042972530939822196 -0.0044762024260462698 0.0011497062062315007
leaf_weight=2.0672054514288938 2.8069784790277472 7.6511945053935042 6.7866471596062201 2.4090460501611233
leaf_count=16 20 75 75 24
internal_value=-0.000704356 0.00137413 -0.00209137 -0.003862
internal_weight=21.7211 16.505 8.85385 5.21602
internal_count=210 166 91 44
is_linear=0
shrinkage=0.03


Tree=153
num_leaves=5
num_cat=0
split_feature=3 3 5 6
split_gain=0.291557 0.460515 0.469418 0.418979
threshold=0.019959292276891145 -0.04659023865248297 -0.54623446754151561 0.68044965786901324
decision_type=2 2 2 2
left_child=1 -1 -3 -2
right_child=3 2 -4 -5
leaf_value=-0.0033912569440045577 0.0016839084586918577 -0.002013529744045259 0.006474387126442111 -0.0061885938827089355
leaf_weight=2.5784526765346518 4.8154873922467214 3.2460744902491561 6.9401474855840233 4.138802919536829
leaf_count=16 42 41 82 29
internal_value=-0.000699974 0.00177244 0.004112 -0.00330012
internal_weight=21.719 12.7647 10.1862 8.95429
internal_count=210 139 123 71
is_linear=0
shrinkage=0.03


Tree=154
num_leaves=5
num_cat=0
split_feature=1 2 5 4
split_gain=0.290914 0.33172 0.36378 0.358573
threshold=0.041224399262750684 -0.76339525539787234 0.51029032177824762 -0.028614971394707141
decision_type=2 2 2 2
left_child=1 2 -1 -3
right_child=-2 3 -4 -5
leaf_value=-0.0040225762365436657 -0.0044937816545945319 -0.0019651524353490315 0.0026984417778895169 0.0058357878742943178
leaf_weight=8.2899190783500689 2.0790444277226916 2.06698177754879 3.3191833831369886 5.9466665498912334
leaf_count=75 15 25 23 72
internal_value=-0.000711765 0.00107068 -0.00174147 0.00384974
internal_weight=21.7018 19.6228 11.6091 8.01365
internal_count=210 195 98 97
is_linear=0
shrinkage=0.03


Tree=155
num_leaves=5
num_cat=0
split_feature=4 4 1 4
split_gain=0.290912 0.368483 0.464068 0.411717
threshold=0.024424807073003877 -0.028614971394707141 0.042897459480365059 -0.048055306236855659
decision_type=2 2 2 2
left_child=1 3 -3 -1
right_child=-2 2 -4 -5
leaf_value=0.0029673239572840324 -0.0033271009525893888 0.0066548632896264283 -0.0025626448065818996 -0.0047865149630662964
leaf_weight=2.0683275535702705 8.7799845747649652 5.3175016641616839 1.0069992840290067 4.5253628566861153
leaf_count=16 72 70 7 45
internal_value=-0.000708851 0.00174593 0.00451645 -0.00203181
internal_weight=21.6982 12.9182 6.3245 6.59369
internal_count=210 138 77 61
is_linear=0
shrinkage=0.03


Tree=156
num_leaves=5
num_cat=0
split_feature=1 1 3 3
split_gain=0.287212 0.322659 0.4146 0.279659
threshold=0.041224399262750684 0.0022981219455279205 -0.039059436034713353 0.027633428395196755
decision_type=2 2 2 2
left_child=1 2 -1 -3
right_child=-2 3 -4 -5
leaf_value=-0.0055983831039095712 -0.0044559671205388358 0.0058628666870382713 0.0014910508342186881 -0.0016307707349350496
leaf_weight=1.9365197569131876 2.0827420242130747 4.4367002472281447 11.821336638182403 1.418188691139221
leaf_count=15 15 52 118 10
internal_value=-0.000697537 0.00107155 -0.00144325 0.00416402
internal_weight=21.6955 19.6127 13.7579 5.85489
internal_count=210 195 133 62
is_linear=0
shrinkage=0.03


Tree=157
num_leaves=5
num_cat=0
split_feature=6 3 4 6
split_gain=0.286021 0.392851 0.307247 0.173476
threshold=-0.3765182186235127 -0.018034986804514493 0.066023593998785449 0.92352533490301114
decision_type=2 2 2 2
left_child=1 -1 3 -2
right_child=2 -3 -4 -5
leaf_value=0.0049226768557250221 -0.0047389480001093767 -0.0028762681038130211 0.0025698591123203907 0.0011936701657479399
leaf_weight=5.1532032042741776 12.638282213360066 1.3191269449889684 1.3051225692033774 1.2663200423121459
leaf_count=48 125 19 6 12
internal_value=-0.000717861 0.00255201 -0.00256968 -0.00392533
internal_weight=21.6821 6.47233 15.2097 13.9046
internal_count=210 67 143 137
is_linear=0
shrinkage=0.03


Tree=158
num_leaves=5
num_cat=0
split_feature=1 2 5 4
split_gain=0.28406 0.321083 0.360506 0.34906
threshold=0.041224399262750684 -0.76339525539787234 0.51029032177824762 -0.028614971394707141
decision_type=2 2 2 2
left_child=1 2 -1 -3
right_child=-2 3 -4 -5
leaf_value=-0.003978612776684781 -0.0044242791798979894 -0.0019351868721311138 0.0027047180262638037 0.0057662860628323364
leaf_weight=8.287921544164421 2.0849878005683413 2.0692838132381439 3.3187074624001989 5.9241720736026773
leaf_count=75 15 25 23 72
internal_value=-0.00068605 0.00107195 -0.00170027 0.00380511
internal_weight=21.6851 19.6001 11.6066 7.99346
internal_count=210 195 98 97
is_linear=0
shrinkage=0.03


Tree=159
num_leaves=5
num_cat=0
split_feature=4 4 1 4
split_gain=0.28454 0.354428 0.451609 0.404807
threshold=0.024424807073003877 -0.028614971394707141 0.042897459480365059 -0.048055306236855659
decision_type=2 2 2 2
left_child=1 3 -3 -1
right_child=-2 2 -4 -5
leaf_value=0.002963294178051861 -0.0032749664889241761 0.0065695152008125183 -0.0025256762940109394 -0.0047150808892291842
leaf_weight=2.0648017898201942 8.78278925642371 5.2903517149388808 1.0107589662075041 4.5326297245919704
leaf_count=16 72 70 7 45
internal_value=-0.000683159 0.00174114 0.00445617 -0.00197446
internal_weight=21.6813 12.8985 6.30111 6.59743
internal_count=210 138 77 61
is_linear=0
shrinkage=0.03


end of trees

feature_importances:
Column_3=192
Column_6=154
Column_1=90
Column_4=85
Column_5=73
Column_2=45
Column_0=1

parameters:
[boosting: gbdt]
[objective: binary]
[metric: binary_logloss]
[tree_learner: serial]
[device_type: cpu]
[data_sample_strategy: bagging]
[data: ]
[valid: ]
[num_iterations: 160]
[learning_rate: 0.03]
[num_leaves: 5]
[num_threads: 4]
[seed: 20260725]
[deterministic: 1]
[force_col_wise: 1]
[force_row_wise: 0]
[histogram_pool_size: -1]
[max_depth: 3]
[min_data_in_leaf: 12]
[min_sum_hessian_in_leaf: 0.001]
[bagging_fraction: 1]
[pos_bagging_fraction: 1]
[neg_bagging_fraction: 1]
[bagging_freq: 0]
[bagging_seed: 21817]
[bagging_by_query: 0]
[feature_fraction: 1]
[feature_fraction_bynode: 1]
[feature_fraction_seed: 22070]
[extra_trees: 0]
[extra_seed: 28444]
[early_stopping_round: 0]
[early_stopping_min_delta: 0]
[first_metric_only: 0]
[max_delta_step: 0]
[lambda_l1: 0]
[lambda_l2: 10]
[linear_lambda: 0]
[min_gain_to_split: 0]
[drop_rate: 0.1]
[max_drop: 50]
[skip_drop: 0.5]
[xgboost_dart_mode: 0]
[uniform_drop: 0]
[drop_seed: 12683]
[top_rate: 0.2]
[other_rate: 0.1]
[min_data_per_group: 100]
[max_cat_threshold: 32]
[cat_l2: 10]
[cat_smooth: 10]
[max_cat_to_onehot: 4]
[top_k: 20]
[monotone_constraints: ]
[monotone_constraints_method: basic]
[monotone_penalty: 0]
[feature_contri: ]
[forcedsplits_filename: ]
[refit_decay_rate: 0.9]
[cegb_tradeoff: 1]
[cegb_penalty_split: 0]
[cegb_penalty_feature_lazy: ]
[cegb_penalty_feature_coupled: ]
[path_smooth: 0]
[interaction_constraints: ]
[verbosity: -1]
[saved_feature_importance_type: 0]
[use_quantized_grad: 0]
[num_grad_quant_bins: 4]
[quant_train_renew_leaf: 0]
[stochastic_rounding: 1]
[linear_tree: 0]
[max_bin: 31]
[max_bin_by_feature: ]
[min_data_in_bin: 3]
[bin_construct_sample_cnt: 200000]
[data_random_seed: 4449]
[is_enable_sparse: 1]
[enable_bundle: 1]
[use_missing: 1]
[zero_as_missing: 0]
[feature_pre_filter: 1]
[pre_partition: 0]
[two_round: 0]
[header: 0]
[label_column: ]
[weight_column: ]
[group_column: ]
[ignore_column: ]
[categorical_feature: ]
[forcedbins_filename: ]
[precise_float_parser: 0]
[parser_config_file: ]
[objective_seed: 26564]
[num_class: 1]
[is_unbalance: 0]
[scale_pos_weight: 1]
[sigmoid: 1]
[boost_from_average: 1]
[reg_sqrt: 0]
[alpha: 0.9]
[fair_c: 1]
[poisson_max_delta_step: 0.7]
[tweedie_variance_power: 1.5]
[lambdarank_truncation_level: 30]
[lambdarank_norm: 1]
[label_gain: ]
[lambdarank_position_bias_regularization: 0]
[eval_at: ]
[multi_error_top_k: 1]
[auc_mu_weights: ]
[num_machines: 1]
[local_listen_port: 12400]
[time_out: 120]
[machine_list_filename: ]
[machines: ]
[gpu_platform_id: -1]
[gpu_device_id: -1]
[gpu_device_id_list: ]
[gpu_use_dp: 0]
[num_gpu: 1]

end of parameters

pandas_categorical:null
