tree
version=v4
num_class=1
num_tree_per_iteration=1
label_index=0
max_feature_idx=11
objective=binary sigmoid:1
feature_names=Column_0 Column_1 Column_2 Column_3 Column_4 Column_5 Column_6 Column_7 Column_8 Column_9 Column_10 Column_11
feature_infos=[-1:1] [0:0.049724579425338811] [-6.5644750209736094:3.5533095058261588] [-0.1594845880090473:0.12089014455228318] [-0.13498430415068019:0.15578744757213814] [-0.93675889328063244:0.93193443992065905] [-1:1] [0:1] [0:1] [0:0.76897470039946803] [0:0.64259485924112592] [0:1]
tree_sizes=661 678 680 680 677 680 677 676 680 678 680 679 681 678 680 681 683 683 685 680 682 681 684 684 681 676 683 680 680 682 685 679 685 683 682 683 682 686 684 683 684 681 682 681 681 681 684 682 684 683 682 683 681 681 682 685 682 685 685 683 684 681 680 679 683 687 681 686 681 686 685 684 685 682 683 679 684 686 684 684 684 684 684 682 686 685 685 685 684 686 684 686 687 685 685 681 687 678 688 682 689 685 686 680 681 685 687 683 684 683 682 678 685 686 682 685 687 688 681 688 681 686 680 686 686 687 683 684 686 686 687 687 683 685 688 686 682 685 682 688 686 681 686 687 687 685 680 684 687 686 686 687 686 681 687 686 684 688 685 683

Tree=0
num_leaves=5
num_cat=0
split_feature=5 3 5 6
split_gain=6.01695 1.3704 0.458138 0.300926
threshold=0.25519208118562647 -0.039059436034713353 -0.72690019074459011 -0.46328340176312882
decision_type=2 2 2 2
left_child=1 3 -3 -1
right_child=-2 2 -4 -5
leaf_value=-0.45206119303837838 -0.4665934414818243 -0.45468459520383925 -0.43996243856191997 -0.45915843601309458
leaf_weight=2.1576020121574406 9.7626542672514898 1.4766707494854916 9.5053255818784255 1.5637665987014759
leaf_count=13 85 21 79 11
internal_value=-0.454255 -0.444385 -0.441203 -0.456443
internal_weight=24.466 14.7034 10.982 3.72137
internal_count=209 124 100 24
is_linear=0
shrinkage=1


Tree=1
num_leaves=5
num_cat=0
split_feature=5 3 5 6
split_gain=5.83368 1.33707 0.445267 0.298199
threshold=0.25519208118562647 -0.039059436034713353 -0.72690019074459011 -0.46328340176312882
decision_type=2 2 2 2
left_child=1 3 -3 -1
right_child=-2 2 -4 -5
leaf_value=0.0021822066584270602 -0.012172332652376482 -0.00042767007031066143 0.014061977379138618 -0.0048840084626269094
leaf_weight=2.1586569473147397 9.7354424744844419 1.476529125124215 9.535248242318632 1.5620465353131283
leaf_count=13 85 21 79 11
internal_value=-1.06404e-05 0.00969816 0.0128402 -0.00218184
internal_weight=24.4679 14.7325 11.0118 3.7207
internal_count=209 124 100 24
is_linear=0
shrinkage=0.03


Tree=2
num_leaves=5
num_cat=0
split_feature=5 3 5 6
split_gain=5.65609 1.30468 0.432804 0.295497
threshold=0.25519208118562647 -0.039059436034713353 -0.72690019074459011 -0.46328340176312882
decision_type=2 2 2 2
left_child=1 3 -3 -1
right_child=-2 2 -4 -5
leaf_value=0.002170394718456055 -0.012009157407462371 -0.00042602475541363903 0.013835485124219485 -0.0048649517971253078
leaf_weight=2.1597017310559754 9.7079843431711179 1.4763879366219033 9.5638704039156455 1.5603173188865174
leaf_count=13 85 21 79 11
internal_value=-2.14373e-05 0.00952887 0.0126323 -0.00217558
internal_weight=24.4683 14.7603 11.0403 3.72002
internal_count=209 124 100 24
is_linear=0
shrinkage=0.03


Tree=3
num_leaves=5
num_cat=0
split_feature=5 3 5 6
split_gain=5.48401 1.2732 0.420734 0.292821
threshold=0.25519208118562647 -0.039059436034713353 -0.72690019074459011 -0.46328340176312882
decision_type=2 2 2 2
left_child=1 3 -3 -1
right_child=-2 2 -4 -5
leaf_value=0.0021586435630353926 -0.011848580900465635 -0.00042438549844232691 0.013613248666213267 -0.0048459926182672303
leaf_weight=2.1607365086674695 9.6803063750267011 1.4762472137808789 9.5912313796579856 1.5585791952908028
leaf_count=13 85 21 79 11
internal_value=-3.23742e-05 0.00936256 0.0124282 -0.00216936
internal_weight=24.4671 14.7868 11.0675 3.71932
internal_count=209 124 100 24
is_linear=0
shrinkage=0.03


Tree=4
num_leaves=5
num_cat=0
split_feature=5 3 3 6
split_gain=5.31726 1.2426 0.422357 0.29017
threshold=0.25519208118562647 -0.039059436034713353 0.031559053166336261 -0.46328340176312882
decision_type=2 2 2 2
left_child=1 3 -3 -1
right_child=-2 2 -4 -5
leaf_value=0.0021469533845598098 -0.011690548076185789 0.013362791125978763 -0.00055449696204985756 -0.0048271299329445015
leaf_weight=2.1617613956332211 9.6524326652288419 9.7716366685926932 1.321837194263934 1.5568324588239182
leaf_count=13 85 91 9 11
internal_value=-4.34354e-05 0.00919918 0.0122278 -0.00216317
internal_weight=24.4645 14.8121 11.0935 3.71859
internal_count=209 124 100 24
is_linear=0
shrinkage=0.03


Tree=5
num_leaves=5
num_cat=0
split_feature=5 3 5 6
split_gain=5.15459 1.21246 0.416967 0.287544
threshold=0.25519208118562647 -0.039059436034713353 -0.72690019074459011 -0.46328340176312882
decision_type=2 2 2 2
left_child=1 3 -3 -1
right_child=-2 2 -4 -5
leaf_value=0.0021353235877806581 -0.011535001600821881 -0.00047421276725098546 0.013212185177247352 -0.0048083629873913137
leaf_weight=2.1627763919532303 9.6243879050016385 1.4804712310433377 9.6386913470923918 1.5550773441791523
leaf_count=13 85 21 79 11
internal_value=-5.60351e-05 0.00903636 0.0120282 -0.00215701
internal_weight=24.4614 14.837 11.1192 3.71785
internal_count=209 124 100 24
is_linear=0
shrinkage=0.03


Tree=6
num_leaves=5
num_cat=0
split_feature=5 3 3 2
split_gain=4.99789 1.1835 0.419766 0.292809
threshold=0.25519208118562647 -0.039059436034713353 0.027633428395196755 -1.8318301012320173
decision_type=2 2 2 2
left_child=1 -1 -3 -2
right_child=3 2 -4 -5
leaf_value=-0.0021508872700261826 -0.00024497419894331659 0.013033108537353181 -0.0005006348794979633 -0.012732315979572894
leaf_weight=3.7170956134796134 2.3153833001852036 9.6407539211213606 1.5022184252738942 7.2808103933930379
leaf_count=24 16 88 12 69
internal_value=-6.74464e-05 0.0088784 0.0118347 -0.0113819
internal_weight=24.4563 14.8601 11.143 9.59619
internal_count=209 124 100 85
is_linear=0
shrinkage=0.03


Tree=7
num_leaves=5
num_cat=0
split_feature=5 3 5 2
split_gain=4.8604 1.15149 0.413086 0.285781
threshold=0.25519208118562647 -0.039059436034713353 -0.72690019074459011 -1.8318301012320173
decision_type=2 2 2 2
left_child=1 -1 -3 -2
right_child=3 2 -4 -5
leaf_value=-0.0021336868343662411 -0.0002435953453903012 -0.00052268282121059042 0.012827767314159941 -0.012589177032467978
leaf_weight=3.715289380401372 2.3152375891804695 1.48446974903345 9.6817495338618773 7.2567479908466321
leaf_count=24 16 21 79 69
internal_value=-8.82974e-05 0.00872962 0.0116445 -0.0112532
internal_weight=24.4535 14.8815 11.1662 9.57199
internal_count=209 124 100 85
is_linear=0
shrinkage=0.03


Tree=8
num_leaves=5
num_cat=0
split_feature=5 3 4 6
split_gain=4.72679 1.12039 0.416482 0.286439
threshold=0.25519208118562647 -0.039059436034713353 0.020633256105168089 -0.46328340176312882
decision_type=2 2 2 2
left_child=1 3 -3 -1
right_child=-2 2 -4 -5
leaf_value=0.0021469660399831133 -0.011126443035576077 0.012596407659734238 -0.00065540463545407266 -0.0047730731238015429
leaf_weight=2.1617602929472928 9.5475903749465925 9.8617424480617064 1.3262390866875637 1.5517301075160492
leaf_count=13 85 89 11 11
internal_value=-0.000109094 0.00858331 0.0114576 -0.00211663
internal_weight=24.4491 14.9015 11.188 3.71349
internal_count=209 124 100 24
is_linear=0
shrinkage=0.03


Tree=9
num_leaves=5
num_cat=0
split_feature=5 3 3 2
split_gain=4.58223 1.09349 0.41096 0.290243
threshold=0.25519208118562647 -0.039059436034713353 0.027633428395196755 -1.8318301012320173
decision_type=2 2 2 2
left_child=1 -1 -3 -2
right_child=3 2 -4 -5
leaf_value=-0.0021107088172106457 -0.00017966284793759327 0.012463639669190937 -0.00056569103822556291 -0.012323828658517305
leaf_weight=3.7127270922064772 2.3084087111055851 9.7027469128370303 1.5068510621786106 7.2106914632022363
leaf_count=24 16 88 12 69
internal_value=-0.000121886 0.0084308 0.0112712 -0.0109797
internal_weight=24.4414 14.9223 11.2096 9.5191
internal_count=209 124 100 85
is_linear=0
shrinkage=0.03


Tree=10
num_leaves=5
num_cat=0
split_feature=5 1 3 2
split_gain=4.45636 1.07353 0.791442 0.283463
threshold=0.25519208118562647 0.041224399262750684 -0.039059436034713353 -1.8318301012320173
decision_type=2 2 2 2
left_child=1 2 -1 -2
right_child=3 -3 -4 -5
leaf_value=-0.00089997111369176375 -0.00017865351258872532 -0.0031193943369907059 0.012789168446264361 -0.012186581797366284
leaf_weight=3.1591902747750273 2.3082998096942902 1.8095910847187031 9.9720193706452864 7.186134707182644
leaf_count=21 16 12 91 69
internal_value=-0.00014216 0.00828938 0.0105305 -0.0108564
internal_weight=24.4352 14.9408 13.1312 9.49443
internal_count=209 124 112 85
is_linear=0
shrinkage=0.03


Tree=11
num_leaves=5
num_cat=0
split_feature=5 1 3 2
split_gain=4.3293 1.04969 0.768917 0.27686
threshold=0.25519208118562647 0.041224399262750684 -0.039059436034713353 -1.8318301012320173
decision_type=2 2 2 2
left_child=1 2 -1 -2
right_child=3 -3 -4 -5
leaf_value=-0.00089353403121525897 -0.0001776504343697938 -0.0031053319800865911 0.012584080862166882 -0.012051290542576788
leaf_weight=3.1585408300161353 2.3081914894282818 1.8085531294345845 9.9931508824229258 7.1614404805004579
leaf_count=21 16 12 91 69
internal_value=-0.000169496 0.00813968 0.0103594 -0.0107349
internal_weight=24.4299 14.9602 13.1517 9.46963
internal_count=209 124 112 85
is_linear=0
shrinkage=0.03


Tree=12
num_leaves=5
num_cat=0
split_feature=5 1 3 2
split_gain=4.20599 1.02645 0.747091 0.270429
threshold=0.25519208118562647 0.041224399262750684 -0.039059436034713353 -1.8318301012320173
decision_type=2 2 2 2
left_child=1 2 -1 -2
right_child=3 -3 -4 -5
leaf_value=-0.00088714344656779139 -0.00017665215857891545 -0.0030913403986185849 0.012382770742343983 -0.01191791423897379
leaf_weight=3.1578950099647036 2.3080839030444622 1.8075120374560345 10.013209175318481 7.1366254277527315
leaf_count=21 16 12 91 69
internal_value=-0.000196439 0.00799264 0.0101914 -0.0106151
internal_weight=24.4233 14.9786 13.1711 9.44471
internal_count=209 124 112 85
is_linear=0
shrinkage=0.03


Tree=13
num_leaves=5
num_cat=0
split_feature=5 1 3 2
split_gain=4.08631 1.00379 0.72594 0.264166
threshold=0.25519208118562647 0.041224399262750684 -0.039059436034713353 -1.8318301012320173
decision_type=2 2 2 2
left_child=1 2 -1 -2
right_child=3 -3 -4 -5
leaf_value=-0.00088079980231770135 -0.00017566005148274947 -0.0030774198933561634 0.012185146721570186 -0.011786416100048332
leaf_weight=3.1572527289390555 2.3079767748713493 1.8064678460359562 10.032230526208879 7.1117046773433668
leaf_count=21 16 12 91 69
internal_value=-0.000222991 0.0078482 0.0100264 -0.010497
internal_weight=24.4156 14.996 13.1895 9.41968
internal_count=209 124 112 85
is_linear=0
shrinkage=0.03


Tree=14
num_leaves=5
num_cat=0
split_feature=5 1 3 2
split_gain=3.97015 0.981684 0.70544 0.258064
threshold=0.25519208118562647 0.041224399262750684 -0.039059436034713353 -1.8318301012320173
decision_type=2 2 2 2
left_child=1 2 -1 -2
right_child=3 -3 -4 -5
leaf_value=-0.00087450198968150501 -0.00017467325806368281 -0.0030635697403206602 0.011991125190941008 -0.011656757856456023
leaf_weight=3.1566139794886103 2.307870227843523 1.8054207488894451 10.050248496234419 7.0866925939917547
leaf_count=21 16 12 91 69
internal_value=-0.00024915 0.00770633 0.0098643 -0.0103805
internal_weight=24.4068 15.0123 13.2069 9.39456
internal_count=209 124 112 85
is_linear=0
shrinkage=0.03


Tree=15
num_leaves=5
num_cat=0
split_feature=5 1 3 2
split_gain=3.85741 0.960125 0.685569 0.25212
threshold=0.25519208118562647 0.041224399262750684 -0.039059436034713353 -1.8318301012320173
decision_type=2 2 2 2
left_child=1 2 -1 -2
right_child=3 -3 -4 -5
leaf_value=-0.00086825013564732301 -0.00017369217986944942 -0.0030497894987086926 0.011800620029486461 -0.011528903460883713
leaf_weight=3.1559788174927226 2.3077641390264034 1.8043708726763714 10.06729742139578 7.0616038404405099
leaf_count=21 16 12 91 69
internal_value=-0.000274917 0.00756695 0.00970509 -0.0102657
internal_weight=24.397 15.0276 13.2233 9.36937
internal_count=209 124 112 85
is_linear=0
shrinkage=0.03


Tree=16
num_leaves=5
num_cat=0
split_feature=5 1 3 2
split_gain=3.74798 0.939095 0.666305 0.246328
threshold=0.25519208118562647 0.041224399262750684 -0.039059436034713353 -1.8318301012320173
decision_type=2 2 2 2
left_child=1 2 -1 -2
right_child=3 -3 -4 -5
leaf_value=-0.0008620434881413914 -0.00017271679512800169 -0.0030360789559494457 0.011613549095750726 -0.011402816264456373
leaf_weight=3.1553472317755213 2.3076587840914726 1.8033181950449932 10.083410080522301 7.0364518091082555
leaf_count=21 16 12 91 69
internal_value=-0.000300292 0.00743003 0.00954867 -0.0101524
internal_weight=24.3862 15.0421 13.2388 9.34411
internal_count=209 124 112 85
is_linear=0
shrinkage=0.03


Tree=17
num_leaves=5
num_cat=0
split_feature=6 2 1 5
split_gain=3.66318 0.838558 0.431503 0.364427
threshold=-0.46328340176312882 -0.40109651693224796 0.032556248843112652 -0.076226391087837561
decision_type=2 2 2 2
left_child=2 -2 -1 -3
right_child=1 3 -4 -5
leaf_value=0.011770795262997855 -0.010314799381486089 0.0044350236225639507 -0.00085195163552605419 -0.0026967134243957619
leaf_weight=6.3613203763961819 10.254477348178629 2.0595808736979961 1.3685712218284605 4.3304537087678883
leaf_count=51 88 22 8 40
internal_value=-0.000325277 -0.00728411 0.0103159 0.000905392
internal_weight=24.3744 16.6445 7.72989 6.39003
internal_count=209 150 59 62
is_linear=0
shrinkage=0.03


Tree=18
num_leaves=5
num_cat=0
split_feature=4 3 5 4
split_gain=3.58001 0.623749 0.440661 0.416288
threshold=0.020633256105168089 -0.039059436034713353 -0.72690019074459011 0.033894520272437341
decision_type=2 2 2 2
left_child=1 -1 -3 -2
right_child=3 2 -4 -5
leaf_value=-0.0012601699210375459 -0.012219512185826382 -0.00096472955107028717 0.010904550968429655 -0.00073022983642339159
leaf_weight=3.4725116565823546 4.8672109134495241 1.5158306472003449 9.321551978588106 5.1799178086221218
leaf_count=23 49 21 79 37
internal_value=-0.000295409 0.00751157 0.00957813 -0.00961509
internal_weight=24.357 14.3099 10.8374 10.0471
internal_count=209 123 100 86
is_linear=0
shrinkage=0.03


Tree=19
num_leaves=5
num_cat=0
split_feature=6 2 1 1
split_gain=3.51858 0.818371 0.425748 0.357346
threshold=-0.46328340176312882 -0.40109651693224796 0.032556248843112652 0.041224399262750684
decision_type=2 2 2 2
left_child=2 -2 -1 -3
right_child=1 3 -4 -5
leaf_value=0.011547095609972406 -0.010152566911995354 0.0036200587138550244 -0.00087295470332593829 -0.0034899194465443377
leaf_weight=6.3764711171388653 10.219562612473968 5.0572539903223488 1.3697181344032285 1.3282064422965048
leaf_count=51 88 53 8 9
internal_value=-0.000324047 -0.00715304 0.0100966 0.000913836
internal_weight=24.3512 16.605 7.74619 6.38546
internal_count=209 150 59 62
is_linear=0
shrinkage=0.03


Tree=20
num_leaves=5
num_cat=0
split_feature=5 1 3 2
split_gain=3.44617 0.897017 0.645554 0.26268
threshold=0.25519208118562647 0.041224399262750684 -0.039059436034713353 -1.8318301012320173
decision_type=2 2 2 2
left_child=1 2 -1 -2
right_child=3 -3 -4 -5
leaf_value=-0.00091216580378154354 -4.7085553194256314e-05 -0.0030294044490608149 0.01121610637931449 -0.011071644351758926
leaf_weight=3.1596914604306212 2.2938072457909584 1.8022174835205067 10.113388653844597 6.9681773260235769
leaf_count=21 16 12 91 69
internal_value=-0.000308938 0.0070921 0.00917756 -0.00978323
internal_weight=24.3373 15.0753 13.2731 9.26198
internal_count=209 124 112 85
is_linear=0
shrinkage=0.03


Tree=21
num_leaves=5
num_cat=0
split_feature=6 2 1 1
split_gain=3.38457 0.788784 0.412339 0.349411
threshold=-0.46328340176312882 -0.40109651693224796 0.032556248843112652 0.041224399262750684
decision_type=2 2 2 2
left_child=2 -2 -1 -3
right_child=1 3 -4 -5
leaf_value=0.011309816531026144 -0.0099868800705369583 0.003570176801951235 -0.00086949832055832458 -0.003459256096143819
leaf_weight=6.3915746770799187 10.179770369082693 5.0579228624701473 1.3692710250616071 1.3250519558787344
leaf_count=51 88 53 8 9
internal_value=-0.000333579 -0.00703804 0.00988129 0.000890143
internal_weight=24.3236 16.5627 7.76085 6.38297
internal_count=209 150 59 62
is_linear=0
shrinkage=0.03


Tree=22
num_leaves=5
num_cat=0
split_feature=6 2 1 5
split_gain=3.29765 0.763522 0.404302 0.348861
threshold=-0.46328340176312882 -0.40109651693224796 0.032556248843112652 -0.076226391087837561
decision_type=2 2 2 2
left_child=2 -2 -1 -3
right_child=1 3 -4 -5
leaf_value=0.011171066531545098 -0.0098490041155528171 0.004323191706504928 -0.00086637301428360201 -0.0026523339857480971
leaf_weight=6.4008949548006084 10.153004262596372 2.0653959065675735 1.3690598607063291 4.3203336670994732
leaf_count=51 88 22 8 40
internal_value=-0.000318947 -0.00694488 0.00975611 0.000865309
internal_weight=24.3087 16.5387 7.76995 6.38573
internal_count=209 150 59 62
is_linear=0
shrinkage=0.03


Tree=23
num_leaves=5
num_cat=0
split_feature=4 3 4 2
split_gain=3.22811 0.603201 0.46895 0.790661
threshold=0.020633256105168089 -0.039059436034713353 0.033894520272437341 -0.76004378426692998
decision_type=2 2 2 2
left_child=1 -1 -2 -4
right_child=2 -3 3 -5
leaf_value=-0.0013349486062779498 -0.011901595065128256 0.0091536569253517774 -0.0051560567425346579 0.0055334392608545309
leaf_weight=3.4786257185041896 4.8102259859442693 10.865385245531799 3.6395205147564411 1.4952167049050329
leaf_count=23 49 100 21 16
internal_value=-0.000291116 0.00710652 -0.00917442 -0.000443883
internal_weight=24.289 14.344 9.94496 5.13474
internal_count=209 123 86 37
is_linear=0
shrinkage=0.03


Tree=24
num_leaves=5
num_cat=0
split_feature=6 2 1 1
split_gain=3.16655 0.738289 0.397988 0.341798
threshold=-0.46328340176312882 -0.40109651693224796 0.032556248843112652 0.041224399262750684
decision_type=2 2 2 2
left_child=2 -2 -1 -3
right_child=1 3 -4 -5
leaf_value=0.010959197393695493 -0.009677762991408264 0.003514043789551904 -0.00088314172621038484 -0.0034357194549922174
leaf_weight=6.4128228388726738 10.113671462982897 5.0608715601265404 1.3699241727590559 1.3219757378101347
leaf_count=51 88 53 8 9
internal_value=-0.000315054 -0.00681712 0.00955027 0.000856105
internal_weight=24.2793 16.4965 7.78275 6.38285
internal_count=209 150 59 62
is_linear=0
shrinkage=0.03


Tree=25
num_leaves=5
num_cat=0
split_feature=5 1 2 2
split_gain=3.10419 0.84561 0.725421 0.291714
threshold=0.25519208118562647 0.041224399262750684 -3.266704011181377 -1.8318301012320173
decision_type=2 2 2 2
left_child=1 2 -1 -2
right_child=3 -3 -4 -5
leaf_value=-0.0023355764367707301 0.00014536255008125933 -0.0030083942035780118 0.010340637442574251 -0.010690573458444076
leaf_weight=1.0853802785277356 2.2715967558324337 1.799939639866351 12.220988243818285 6.885125666856764
leaf_count=5 16 12 107 69
internal_value=-0.000301733 0.00670706 0.00874819 -0.00932977
internal_weight=24.263 15.1063 13.3064 9.15672
internal_count=209 124 112 85
is_linear=0
shrinkage=0.03


Tree=26
num_leaves=5
num_cat=0
split_feature=6 2 1 5
split_gain=3.04385 0.709459 0.386692 0.333279
threshold=-0.46328340176312882 -0.40109651693224796 0.032556248843112652 -0.076226391087837561
decision_type=2 2 2 2
left_child=2 -2 -1 -3
right_child=1 3 -4 -5
leaf_value=0.01072191216614923 -0.0095257799264423532 0.0042080135619743299 -0.00088614858997565016 -0.0026075259957280524
leaf_weight=6.4263614788651493 10.074853375554088 2.0713478326797485 1.3700327128171919 4.3099479265511009
leaf_count=51 88 22 8 40
internal_value=-0.000341561 -0.00671851 0.00933034 0.000823063
internal_weight=24.2525 16.4561 7.79639 6.3813
internal_count=209 150 59 62
is_linear=0
shrinkage=0.03


Tree=27
num_leaves=5
num_cat=0
split_feature=6 2 1 1
split_gain=2.95966 0.694117 0.37926 0.333167
threshold=-0.46328340176312882 -0.40109651693224796 0.032556248843112652 0.041224399262750684
decision_type=2 2 2 2
left_child=2 -2 -1 -3
right_child=1 3 -4 -5
leaf_value=0.010591318311151903 -0.0093950316501096986 0.003457289959168921 -0.00088296210139923248 -0.0034026954539178112
leaf_weight=6.4336231648921993 10.048182301223282 5.0612899251282188 1.369820177555084 1.3183609470725057
leaf_count=51 88 53 8 9
internal_value=-0.000314928 -0.00661405 0.00921252 0.000827753
internal_weight=24.2313 16.4278 7.80344 6.37965
internal_count=209 150 59 62
is_linear=0
shrinkage=0.03


Tree=28
num_leaves=5
num_cat=0
split_feature=5 3 5 2
split_gain=2.8986 0.842789 0.463136 0.304324
threshold=0.25519208118562647 -0.039059436034713353 -0.72690019074459011 -1.8318301012320173
decision_type=2 2 2 2
left_child=1 -1 -3 -2
right_child=3 2 -4 -5
leaf_value=-0.0022302652151317414 0.0002495969004073821 -0.0011574134508295681 0.010377314943844772 -0.010444303934778276
leaf_weight=3.7199083194136611 2.2591100931167603 1.5254397429525841 9.8798419795930403 6.829476881772278
leaf_count=24 16 21 79 69
internal_value=-0.000302559 0.00646207 0.00901458 -0.00904794
internal_weight=24.2138 15.1252 11.4053 9.08859
internal_count=209 124 100 85
is_linear=0
shrinkage=0.03


Tree=29
num_leaves=5
num_cat=0
split_feature=6 2 1 1
split_gain=2.84604 0.667907 0.374067 0.329535
threshold=-0.46328340176312882 -0.40109651693224796 0.032556248843112652 0.041224399262750684
decision_type=2 2 2 2
left_child=2 -2 -1 -3
right_child=1 3 -4 -5
leaf_value=0.010392755382315245 -0.0092368774304942142 0.0034257506348950775 -0.00090146133977564023 -0.0033949780169959852
leaf_weight=6.4419174976646927 10.00751290097833 5.0600722022354576 1.3707142919301984 1.3166937157511709
leaf_count=51 88 53 8 9
internal_value=-0.000321908 -0.00650519 0.00901757 0.000804318
internal_weight=24.1969 16.3843 7.81263 6.37677
internal_count=209 150 59 62
is_linear=0
shrinkage=0.03


Tree=30
num_leaves=5
num_cat=0
split_feature=4 3 4 2
split_gain=2.78487 0.586001 0.540462 0.738043
threshold=0.020633256105168089 -0.039059436034713353 0.033894520272437341 -0.76004378426692998
decision_type=2 2 2 2
left_child=1 -1 -2 -4
right_child=2 -3 3 -5
leaf_value=-0.0014762115133287502 -0.011506212870409045 0.008595977382762035 -0.0047648184936252167 0.005566602432532354
leaf_weight=3.4892506077885619 4.7322594746947271 10.890301622450353 3.5782171115279198 1.4887564107775686
leaf_count=23 49 100 21 16
internal_value=-0.000310056 0.00654891 -0.00859917 -4.94061e-05
internal_weight=24.1788 14.3796 9.79923 5.06697
internal_count=209 123 86 37
is_linear=0
shrinkage=0.03


Tree=31
num_leaves=5
num_cat=0
split_feature=6 2 1 1
split_gain=2.73908 0.638877 0.368157 0.322549
threshold=-0.46328340176312882 -0.40109651693224796 0.032556248843112652 0.041224399262750684
decision_type=2 2 2 2
left_child=2 -2 -1 -3
right_child=1 3 -4 -5
leaf_value=0.01019780021839946 -0.009077496967989122 0.0033698937063579102 -0.00091665852294284614 -0.0033751818333054178
leaf_weight=6.4495817907154587 9.96817243099213 5.0634057708084557 1.3714256286621092 1.3139730021357534
leaf_count=51 88 53 8 9
internal_value=-0.000332484 -0.00640281 0.00882811 0.000767849
internal_weight=24.1666 16.3456 7.82101 6.37738
internal_count=209 150 59 62
is_linear=0
shrinkage=0.03


Tree=32
num_leaves=5
num_cat=0
split_feature=6 2 1 5
split_gain=2.66929 0.618194 0.361187 0.322094
threshold=-0.46328340176312882 -0.40109651693224796 0.032556248843112652 -0.076226391087837561
decision_type=2 2 2 2
left_child=2 -2 -1 -3
right_child=1 3 -4 -5
leaf_value=0.010074409893758981 -0.0089535784038796886 0.0040913832748824376 -0.00091335955674151442 -0.0026016639416727967
leaf_weight=6.4551118612289455 9.9417516514658963 2.0763349458575249 1.3712109029293058 4.3033970594406101
leaf_count=51 88 22 8 40
internal_value=-0.000321081 -0.00632008 0.00871686 0.000744596
internal_weight=24.1478 16.3215 7.82632 6.37973
internal_count=209 150 59 62
is_linear=0
shrinkage=0.03


Tree=33
num_leaves=5
num_cat=0
split_feature=5 3 5 2
split_gain=2.61303 0.808752 0.457748 0.327192
threshold=0.25519208118562647 -0.039059436034713353 -0.72690019074459011 -1.8318301012320173
decision_type=2 2 2 2
left_child=1 -1 -3 -2
right_child=3 2 -4 -5
leaf_value=-0.0022748820093145307 0.00042454122746475467 -0.0012227422849339928 0.010006440391408683 -0.010095537512967661
leaf_weight=3.7208015993237487 2.2373189628124237 1.5275530256330956 9.8921998366713542 6.7467602454125863
leaf_count=24 16 21 79 69
internal_value=-0.000296871 0.00611529 0.00863478 -0.00863209
internal_weight=24.1246 15.1406 11.4198 8.98408
internal_count=209 124 100 85
is_linear=0
shrinkage=0.03


Tree=34
num_leaves=5
num_cat=0
split_feature=6 2 1 1
split_gain=2.56135 0.601632 0.356185 0.318973
threshold=-0.46328340176312882 -0.40109651693224796 0.032556248843112652 0.041224399262750684
decision_type=2 2 2 2
left_child=2 -2 -1 -3
right_child=1 3 -4 -5
leaf_value=0.0098865269467613148 -0.0088042546677481598 0.0033424966802537547 -0.00093087635447554665 -0.0033642808681566033
leaf_weight=6.460675951093438 9.9014744944870507 5.0606203153729412 1.371979162096977 1.3117674142122266
leaf_count=51 88 53 8 9
internal_value=-0.000316084 -0.00620135 0.00853227 0.000750294
internal_weight=24.1065 16.2739 7.83266 6.37239
internal_count=209 150 59 62
is_linear=0
shrinkage=0.03


Tree=35
num_leaves=5
num_cat=0
split_feature=4 4 2 3
split_gain=2.51031 0.583763 0.700841 0.563905
threshold=0.020633256105168089 0.033894520272437341 -0.76004378426692998 -0.039059436034713353
decision_type=2 2 2 2
left_child=3 -2 -3 -1
right_child=1 2 -4 -5
leaf_value=-0.0015318203743428281 -0.011228912014191909 -0.004498318590637632 0.0055796052584117855 0.0082213125931974787
leaf_weight=3.4912688620388499 4.6751961670815927 3.5345995426177979 1.485572464764118 10.900320399552585
leaf_count=23 49 21 16 100
internal_value=-0.000305765 -0.00820419 0.000213181 0.00619729
internal_weight=24.087 9.69537 5.02017 14.3916
internal_count=209 86 37 123
is_linear=0
shrinkage=0.03


Tree=36
num_leaves=5
num_cat=0
split_feature=6 2 1 1
split_gain=2.4654 0.575351 0.350512 0.312273
threshold=-0.46328340176312882 -0.40109651693224796 0.032556248843112652 0.041224399262750684
decision_type=2 2 2 2
left_child=2 -2 -1 -3
right_child=1 3 -4 -5
leaf_value=0.0097024162963005138 -0.0086530875290235509 0.0032884615764134221 -0.00094505808181515635 -0.0033448203099106389
leaf_weight=6.4657574519515064 9.8624128066003358 5.0635155290365192 1.3725787103176115 1.3089886829257009
leaf_count=51 88 53 8 9
internal_value=-0.000327296 -0.00610492 0.00835335 0.000715178
internal_weight=24.0733 16.2349 7.83834 6.3725
internal_count=209 150 59 62
is_linear=0
shrinkage=0.03


Tree=37
num_leaves=5
num_cat=0
split_feature=6 2 3 3
split_gain=2.40568 0.662638 0.351754 0.304378
threshold=-0.18853398853398576 -0.40109651693224796 -0.027212201131748159 -0.039059436034713353
decision_type=2 2 2 2
left_child=2 -2 3 -1
right_child=1 -3 -4 -5
leaf_value=0.00014487409656270534 -0.0095858156560646984 0.0010317266419466922 -4.3175669088874074e-05 0.011217118826547964
leaf_weight=3.0098640322685242 8.2912985086441022 4.9499721489846698 4.6211413629353064 3.1809161230921745
leaf_count=19 76 46 46 22
internal_value=-0.000317366 -0.00688055 0.00716442 0.00924827
internal_weight=24.0532 13.2413 10.8119 6.19078
internal_count=209 122 87 41
is_linear=0
shrinkage=0.03


Tree=38
num_leaves=5
num_cat=0
split_feature=4 4 2 3
split_gain=2.36141 0.60601 0.674559 0.547149
threshold=0.020633256105168089 0.033894520272437341 -0.76004378426692998 -0.039059436034713353
decision_type=2 2 2 2
left_child=3 -2 -3 -1
right_child=1 2 -4 -5
leaf_value=-0.0015432349966057318 -0.011054769434029565 -0.0043297498305985118 0.0055661887294827656 0.0080140639558379367
leaf_weight=3.4908517003059378 4.6393610350787622 3.5068679936230183 1.4864321760833261 10.906029265373947
leaf_count=23 49 21 16 100
internal_value=-0.000283805 -0.00796532 0.000363782 0.00601399
internal_weight=24.0295 9.63266 4.9933 14.3969
internal_count=209 86 37 123
is_linear=0
shrinkage=0.03


Tree=39
num_leaves=5
num_cat=0
split_feature=6 2 1 5
split_gain=2.3323 0.536101 0.344886 0.306962
threshold=-0.46328340176312882 -0.40109651693224796 0.032556248843112652 -0.076226391087837561
decision_type=2 2 2 2
left_child=2 -2 -1 -3
right_child=1 3 -4 -5
leaf_value=0.0094757144538266981 -0.0084040340845082471 0.0039530766635108381 -0.00096855632250144653 -0.0025754100803482343
leaf_weight=6.4704425670206573 9.7976610511541402 2.0813079103827477 1.3734838515520094 4.2921972237527344
leaf_count=51 88 22 8 40
internal_value=-0.000305065 -0.00593898 0.008129 0.000668767
internal_weight=24.0151 16.1712 7.84393 6.37351
internal_count=209 150 59 62
is_linear=0
shrinkage=0.03


Tree=40
num_leaves=5
num_cat=0
split_feature=5 3 5 2
split_gain=2.26802 0.753986 0.45391 0.357231
threshold=0.25519208118562647 -0.039059436034713353 -0.72690019074459011 -1.8318301012320173
decision_type=2 2 2 2
left_child=1 -1 -3 -2
right_child=3 2 -4 -5
leaf_value=-0.0022945905437596055 0.00066455792116651988 -0.0013249590215718399 0.0095246973911730873 -0.0096505085862127731
leaf_weight=3.7180535793304434 2.2057924196124077 1.5304157286882389 9.9013326205313223 6.6349924243986589
leaf_count=24 16 21 79 69
internal_value=-0.000283171 0.00567796 0.00813171 -0.00809014
internal_weight=23.9906 15.1498 11.4317 8.84078
internal_count=209 124 100 85
is_linear=0
shrinkage=0.03


Tree=41
num_leaves=5
num_cat=0
split_feature=6 2 1 1
split_gain=2.23814 0.522043 0.340013 0.305755
threshold=-0.46328340176312882 -0.40109651693224796 0.032556248843112652 0.041224399262750684
decision_type=2 2 2 2
left_child=2 -2 -1 -3
right_child=1 3 -4 -5
leaf_value=0.0093003998662061684 -0.0082657203092342587 0.0032323217843768502 -0.00098479228606917482 -0.0033289403610254342
leaf_weight=6.473013240844014 9.7581772990524804 5.0605514906346771 1.3740729540586469 1.3053196072578428
leaf_count=51 88 53 8 9
internal_value=-0.000302175 -0.00582872 0.00795673 0.00067493
internal_weight=23.9711 16.124 7.84709 6.36587
internal_count=209 150 59 62
is_linear=0
shrinkage=0.03


Tree=42
num_leaves=5
num_cat=0
split_feature=6 2 3 3
split_gain=2.182 0.611389 0.378886 0.29797
threshold=-0.18853398853398576 -0.40109651693224796 -0.027212201131748159 -0.039059436034713353
decision_type=2 2 2 2
left_child=2 -2 3 -1
right_child=1 -3 -4 -5
leaf_value=0.0001078879571871446 -0.0091816166311371409 0.0010066324088997063 -0.00024532612868555465 0.010935472810439885
leaf_weight=3.0111560970544815 8.1892201863229257 4.9435294903814784 4.6224690824747103 3.1839061193168163
leaf_count=19 76 46 46 22
internal_value=-0.000293815 -0.00656921 0.00682063 0.00898891
internal_weight=23.9503 13.1327 10.8175 6.19506
internal_count=209 122 87 41
is_linear=0
shrinkage=0.03


Tree=43
num_leaves=5
num_cat=0
split_feature=6 2 1 1
split_gain=2.14399 0.492094 0.333668 0.301206
threshold=-0.46328340176312882 -0.40109651693224796 0.032556248843112652 0.041224399262750684
decision_type=2 2 2 2
left_child=2 -2 -1 -3
right_child=1 3 -4 -5
leaf_value=0.0091445522462674251 -0.0080575109589004195 0.0031887278398821215 -0.00099051944243729018 -0.0033205486814984375
leaf_weight=6.475872494280341 9.707127913832668 5.064529221504924 1.3741505071520803 1.3044965639710424
leaf_count=51 88 53 8 9
internal_value=-0.000262119 -0.00568684 0.00780941 0.000641428
internal_weight=23.9262 16.0762 7.85002 6.36903
internal_count=209 150 59 62
is_linear=0
shrinkage=0.03


Tree=44
num_leaves=5
num_cat=0
split_feature=5 3 5 2
split_gain=2.09359 0.732828 0.444842 0.37258
threshold=0.25519208118562647 -0.039059436034713353 -0.72690019074459011 -1.8318301012320173
decision_type=2 2 2 2
left_child=1 -1 -3 -2
right_child=3 2 -4 -5
leaf_value=-0.0023214758055303459 0.00079987584443524365 -0.001349258198542126 0.0092834769277495045 -0.0093991824458847899
leaf_weight=3.7174006402492514 2.1873913258314133 1.5298843979835499 9.901073135435583 6.5693407505750638
leaf_count=24 16 21 79 69
internal_value=-0.000254832 0.00546158 0.00789486 -0.00778333
internal_weight=23.9051 15.1484 11.431 8.75673
internal_count=209 124 100 85
is_linear=0
shrinkage=0.03


Tree=45
num_leaves=5
num_cat=0
split_feature=6 2 1 1
split_gain=2.0625 0.473416 0.328916 0.297978
threshold=-0.46328340176312882 -0.40109651693224796 0.032556248843112652 0.041224399262750684
decision_type=2 2 2 2
left_child=2 -2 -1 -3
right_child=1 3 -4 -5
leaf_value=0.0089759321126140889 -0.0079259209848658013 0.0031602523794518459 -0.0010061015455272923 -0.0033129086509327225
leaf_weight=6.4769280478358295 9.668317217379812 5.0625235699117157 1.3746615126729009 1.3026852384209631
leaf_count=51 88 53 8 9
internal_value=-0.000273902 -0.00559789 0.00764367 0.000620622
internal_weight=23.8851 16.0335 7.85159 6.36521
internal_count=209 150 59 62
is_linear=0
shrinkage=0.03


Tree=46
num_leaves=5
num_cat=0
split_feature=6 2 3 3
split_gain=2.01716 0.564162 0.391665 0.297828
threshold=-0.18853398853398576 -0.40109651693224796 -0.027212201131748159 -0.039059436034713353
decision_type=2 2 2 2
left_child=2 -2 3 -1
right_child=1 -3 -4 -5
leaf_value=6.1017080001143455e-05 -0.008840824122413455 0.00096092219013643526 -0.00037564228525394637 0.010720863979284883
leaf_weight=3.0131166763603687 8.1026996523141843 4.9426138103008261 4.6213323362171668 3.1839784197509289
leaf_count=19 76 46 46 22
internal_value=-0.000266917 -0.00632164 0.00656367 0.0087755
internal_weight=23.8637 13.0453 10.8184 6.1971
internal_count=209 122 87 41
is_linear=0
shrinkage=0.03


Tree=47
num_leaves=5
num_cat=0
split_feature=4 4 2 3
split_gain=1.98033 0.682884 0.613021 0.506968
threshold=0.020633256105168089 0.033894520272437341 -0.76004378426692998 -0.039059436034713353
decision_type=2 2 2 2
left_child=3 -2 -3 -1
right_child=1 2 -4 -5
leaf_value=-0.001592367299512551 -0.010643357801707342 -0.0038720040790817594 0.005605649263064936 0.0074592883454420479
leaf_weight=3.489363405853509 4.5445956997573358 3.4255784973502159 1.4783160947263239 10.901535440236332
leaf_count=23 49 21 16 100
internal_value=-0.000236803 -0.00732416 0.000829281 0.0055115
internal_weight=23.8394 9.44849 4.90389 14.3909
internal_count=209 86 37 123
is_linear=0
shrinkage=0.03


Tree=48
num_leaves=5
num_cat=0
split_feature=6 2 1 5
split_gain=1.95181 0.440875 0.323417 0.29397
threshold=-0.46328340176312882 -0.40109651693224796 0.032556248843112652 -0.076226391087837561
decision_type=2 2 2 2
left_child=2 -2 -1 -3
right_child=1 3 -4 -5
leaf_value=0.0087690050872050382 -0.0076994430476474383 0.0038155510779985923 -0.0010270734122001205 -0.0025669364425133243
leaf_weight=6.4772754162549999 9.6053571775555611 2.0850790217518806 1.3752658218145368 4.2803400680422756
leaf_count=51 88 22 8 40
internal_value=-0.000256916 -0.00544827 0.00743906 0.000577713
internal_weight=23.8233 15.9708 7.85254 6.36542
internal_count=209 150 59 62
is_linear=0
shrinkage=0.03


Tree=49
num_leaves=5
num_cat=0
split_feature=6 2 3 3
split_gain=1.8989 0.538239 0.400178 0.292753
threshold=-0.18853398853398576 -0.40109651693224796 -0.027212201131748159 -0.039059436034713353
decision_type=2 2 2 2
left_child=2 -2 3 -1
right_child=1 -3 -4 -5
leaf_value=4.303375919175229e-05 -0.0085999985615563459 0.00095606996830574238 -0.00046829721473978222 0.010551572031700871
leaf_weight=3.0135608427226543 8.0405900254845601 4.938957914710044 4.6210667081177252 3.1836685016751289
leaf_count=19 76 46 46 22
internal_value=-0.00023803 -0.00613008 0.00638003 0.00862298
internal_weight=23.7978 12.9795 10.8183 6.19723
internal_count=209 122 87 41
is_linear=0
shrinkage=0.03


Tree=50
num_leaves=5
num_cat=0
split_feature=6 4 2 5
split_gain=1.86548 0.423494 0.591881 0.584059
threshold=-0.46328340176312882 0.033894520272437341 -0.76004378426692998 -0.076226391087837561
decision_type=2 2 2 2
left_child=-1 3 -3 -2
right_child=1 2 -4 -5
leaf_value=0.0073017090060832502 0.0008078531339071308 -0.0037254865431478861 0.00560591434380009 -0.0098575736233394006
leaf_weight=7.8532136417925384 4.4543869011104107 3.3992863185703754 1.477891232818364 6.5886014290153962
leaf_count=59 43 21 16 70
internal_value=-0.000209104 -0.00530171 0.00096962 -0.00721601
internal_weight=23.7734 15.9202 4.87718 11.043
internal_count=209 150 37 113
is_linear=0
shrinkage=0.03


Tree=51
num_leaves=5
num_cat=0
split_feature=4 4 2 3
split_gain=1.82348 0.693564 0.585368 0.495818
threshold=0.020633256105168089 0.033894520272437341 -0.76004378426692998 -0.039059436034713353
decision_type=2 2 2 2
left_child=3 -2 -3 -1
right_child=1 2 -4 -5
leaf_value=-0.0016323772586719373 -0.010398257235945429 -0.0036985052207703204 0.005583169039841655 0.007242005337728525
leaf_weight=3.4905686900019637 4.4909547977149469 3.3943888805806637 1.4801004379987714 10.896394666284325
leaf_count=23 49 21 16 100
internal_value=-0.000201895 -0.00702925 0.000978597 0.00530243
internal_weight=23.7524 9.36544 4.87449 14.387
internal_count=209 86 37 123
is_linear=0
shrinkage=0.03


Tree=52
num_leaves=5
num_cat=0
split_feature=6 2 1 1
split_gain=1.79325 0.419319 0.319331 0.289049
threshold=-0.46328340176312882 -0.40109651693224796 0.032556248843112652 0.041224399262750684
decision_type=2 2 2 2
left_child=2 -2 -1 -3
right_child=1 3 -4 -5
leaf_value=0.0084818228784662129 -0.0074227862561098059 0.0031089994132140809 -0.0010734885332701531 -0.0032673863925939614
leaf_weight=6.47724620997906 9.5263646319508553 5.0591236539185021 1.3772821947932241 1.2957374751567838
leaf_count=51 88 53 8 9
internal_value=-0.000221873 -0.00521725 0.00714349 0.000606014
internal_weight=23.7358 15.8812 7.85453 6.35486
internal_count=209 150 59 62
is_linear=0
shrinkage=0.03


Tree=53
num_leaves=5
num_cat=0
split_feature=5 3 5 2
split_gain=1.75168 0.680855 0.440401 0.402934
threshold=0.25519208118562647 -0.039059436034713353 -0.72690019074459011 -1.8318301012320173
decision_type=2 2 2 2
left_child=1 -1 -3 -2
right_child=3 2 -4 -5
leaf_value=-0.0023573332861297658 0.0010865963467427296 -0.0014627718999184892 0.0087862598368579521 -0.0088916395418983767
leaf_weight=3.713924851268529 2.1463525295257568 1.5310853719711293 9.892026651650669 6.4305349327623826
leaf_count=24 16 21 79 69
internal_value=-0.000216983 0.00499585 0.00737097 -0.00715385
internal_weight=23.7139 15.137 11.4231 8.57689
internal_count=209 124 100 85
is_linear=0
shrinkage=0.03


Tree=54
num_leaves=5
num_cat=0
split_feature=6 4 2 5
split_gain=1.7253 0.431162 0.569348 0.546648
threshold=-0.46328340176312882 0.033894520272437341 -0.76004378426692998 -0.076226391087837561
decision_type=2 2 2 2
left_child=-1 3 -3 -2
right_child=1 2 -4 -5
leaf_value=0.0069909446125171965 0.00074315376661299572 -0.0035948100045932797 0.0055736558539763283 -0.0096427136442758191
leaf_weight=7.853117439895871 4.4551080949604511 3.3742174506187439 1.479287989437579 6.5314126424491388
leaf_count=59 43 21 16 70
internal_value=-0.000235992 -0.00513782 0.00107071 -0.00708385
internal_weight=23.6931 15.84 4.85351 10.9865
internal_count=209 150 37 113
is_linear=0
shrinkage=0.03


Tree=55
num_leaves=5
num_cat=0
split_feature=6 4 2 5
split_gain=1.67901 0.425514 0.563107 0.535275
threshold=-0.46328340176312882 0.033894520272437341 -0.76004378426692998 -0.076226391087837561
decision_type=2 2 2 2
left_child=-1 3 -3 -2
right_child=1 2 -4 -5
leaf_value=0.006898018524060588 0.00073625705148369115 -0.0035688967491217644 0.0055510458451837269 -0.0095407988432520043
leaf_weight=7.8548304475843933 4.4556013830006123 3.3694380074739456 1.481452427804469 6.5102859251201135
leaf_count=59 43 21 16 70
internal_value=-0.000228543 -0.00506873 0.00107872 -0.00700558
internal_weight=23.6716 15.8168 4.85089 10.9659
internal_count=209 150 37 113
is_linear=0
shrinkage=0.03


Tree=56
num_leaves=5
num_cat=0
split_feature=4 4 2 3
split_gain=1.64202 0.686009 0.556936 0.479203
threshold=0.020633256105168089 0.033894520272437341 -0.76004378426692998 -0.039059436034713353
decision_type=2 2 2 2
left_child=3 -2 -3 -1
right_child=1 2 -4 -5
leaf_value=-0.0016879388283831201 -0.010093389858588217 -0.0035431924294709802 0.0055285128465592725 0.006929635947398525
leaf_weight=3.4926255717873564 4.4206333458423597 3.3646816536784172 1.4835910052061079 10.888370636850597
leaf_count=23 49 21 16 100
internal_value=-0.000221262 -0.0067165 0.00108656 0.00500283
internal_weight=23.6499 9.26891 4.84827 14.381
internal_count=209 86 37 123
is_linear=0
shrinkage=0.03


Tree=57
num_leaves=5
num_cat=0
split_feature=6 4 2 5
split_gain=1.61413 0.420493 0.550835 0.508587
threshold=-0.46328340176312882 0.033894520272437341 -0.76004378426692998 -0.076226391087837561
decision_type=2 2 2 2
left_child=-1 3 -3 -2
right_child=1 2 -4 -5
leaf_value=0.0067489607474364045 0.0006839273621520646 -0.0035176961130090568 0.0055060574177179106 -0.0093915420882479499
leaf_weight=7.8545509576797512 4.4580266438424587 3.3599485829472542 1.4857038520276535 6.4742070212960225
leaf_count=59 43 21 16 70
internal_value=-0.000240411 -0.0049882 0.00109424 -0.00691899
internal_weight=23.6324 15.7779 4.84565 10.9322
internal_count=209 150 37 113
is_linear=0
shrinkage=0.03


Tree=58
num_leaves=5
num_cat=0
split_feature=6 4 2 5
split_gain=1.57089 0.415004 0.544801 0.498043
threshold=-0.46328340176312882 0.033894520272437341 -0.76004378426692998 -0.076226391087837561
decision_type=2 2 2 2
left_child=-1 3 -3 -2
right_child=1 2 -4 -5
leaf_value=0.0066594423197075241 0.00067757965303613828 -0.0034924054030089241 0.0054836792177911384 -0.0092928310829876824
leaf_weight=7.8557349555194405 4.4584713019430637 3.3552389480173588 1.4877911135554303 6.4532287120819074
leaf_count=59 43 21 16 70
internal_value=-0.00023319 -0.0049213 0.00110176 -0.00684307
internal_weight=23.6105 15.7547 4.84303 10.9117
internal_count=209 150 37 113
is_linear=0
shrinkage=0.03


Tree=59
num_leaves=5
num_cat=0
split_feature=4 4 2 3
split_gain=1.53871 0.666373 0.538836 0.473196
threshold=0.020633256105168089 0.033894520272437341 -0.76004378426692998 -0.039059436034713353
decision_type=2 2 2 2
left_child=3 -2 -3 -1
right_child=1 2 -4 -5
leaf_value=-0.0017340052040212771 -0.0098680338789377021 -0.0034673183472754853 0.0054613783734376985 0.0067590356279273013
leaf_weight=3.4951954893767825 4.369880445301531 3.3505526557564735 1.48985293880105 10.882875710725786
leaf_count=23 49 21 16 100
internal_value=-0.000226129 -0.00652477 0.00110912 0.00483005
internal_weight=23.5884 9.21029 4.84041 14.3781
internal_count=209 86 37 123
is_linear=0
shrinkage=0.03


Tree=60
num_leaves=5
num_cat=0
split_feature=6 4 2 5
split_gain=1.51034 0.410083 0.532937 0.473085
threshold=-0.46328340176312882 0.033894520272437341 -0.76004378426692998 -0.076226391087837561
decision_type=2 2 2 2
left_child=-1 3 -3 -2
right_child=1 2 -4 -5
leaf_value=0.0065156529913015966 0.0006270853273498189 -0.0034424332597012054 0.0054391549920878943 -0.0091483340053732255
leaf_weight=7.8546036593616035 4.460683461278677 3.3458897285163403 1.4918893985450257 6.4174015931785089
leaf_count=59 43 21 16 70
internal_value=-0.000245024 -0.0048437 0.00111633 -0.00675942
internal_weight=23.5705 15.7159 4.83778 10.8781
internal_count=209 150 37 113
is_linear=0
shrinkage=0.03


Tree=61
num_leaves=5
num_cat=0
split_feature=5 1 5 2
split_gain=1.47581 0.642228 0.64504 0.409448
threshold=0.25519208118562647 0.041224399262750684 -0.60169370657788823 -1.8318301012320173
decision_type=2 2 2 2
left_child=1 2 -1 -2
right_child=3 -3 -4 -5
leaf_value=-0.0015865106985514289 0.0012623187316837413 -0.0031403845640805236 0.0088241615448079336 -0.0084356280687705003
leaf_weight=3.7190669178962699 2.1197761707007885 1.7974875196814526 9.6102637760341185 6.3015535548329336
leaf_count=38 16 12 74 69
internal_value=-0.00023801 0.00454614 0.00648448 -0.00663442
internal_weight=23.5481 15.1268 13.3293 8.42133
internal_count=209 124 112 85
is_linear=0
shrinkage=0.03


Tree=62
num_leaves=5
num_cat=0
split_feature=6 4 2 5
split_gain=1.4492 0.41013 0.52541 0.45293
threshold=-0.46328340176312882 0.033894520272437341 -0.76004378426692998 -0.076226391087837561
decision_type=2 2 2 2
left_child=-1 3 -3 -2
right_child=1 2 -4 -5
leaf_value=0.0063663281651968814 0.00058640122644332987 -0.0033969291273210343 0.005428686579748522 -0.0090264510765116837
leaf_weight=7.8540213257074383 4.4628933593630791 3.3361413814127445 1.4914129115641106 6.3850253261625749
leaf_count=59 43 21 16 70
internal_value=-0.000258628 -0.00476471 0.001152 -0.00668736
internal_weight=23.5295 15.6755 4.82755 10.8479
internal_count=209 150 37 113
is_linear=0
shrinkage=0.03


Tree=63
num_leaves=5
num_cat=0
split_feature=6 2 1 3
split_gain=1.41046 0.411675 0.318246 0.28517
threshold=-0.46328340176312882 -0.40109651693224796 0.032556248843112652 -0.027212201131748159
decision_type=2 2 2 2
left_child=2 -2 3 -1
right_child=1 -3 -4 -5
leaf_value=0.0093617444577933674 -0.006918877295156666 0.0008172722843570806 -0.0012655538813076909 -0.00036728415902826544
leaf_weight=4.0091488994657984 9.3545486032962799 6.2980261594057056 1.385883182287216 2.4594049192965066
leaf_count=27 88 62 8 24
internal_value=-0.00025151 -0.00470096 0.00628216 0.0076858
internal_weight=23.507 15.6526 7.85444 6.46855
internal_count=209 150 59 51
is_linear=0
shrinkage=0.03


Tree=64
num_leaves=5
num_cat=0
split_feature=4 4 2 3
split_gain=1.38895 0.658556 0.51337 0.472186
threshold=0.020633256105168089 0.033894520272437341 -0.76004378426692998 -0.039059436034713353
decision_type=2 2 2 2
left_child=3 -2 -3 -1
right_child=1 2 -4 -5
leaf_value=-0.0018353519620652953 -0.0095830920143947229 -0.0033231557160715683 0.0054118545781416099 0.0065268256113653784
leaf_weight=3.500486444681882 4.3006679415702802 3.3221678733825684 1.4926994517445562 10.86907682567835
leaf_count=23 49 21 16 100
internal_value=-0.000229617 -0.00623155 0.00120995 0.00457253
internal_weight=23.4851 9.11554 4.81487 14.3696
internal_count=209 86 37 123
is_linear=0
shrinkage=0.03


Tree=65
num_leaves=5
num_cat=0
split_feature=6 4 2 5
split_gain=1.36175 0.410449 0.507773 0.434249
threshold=-0.46328340176312882 0.033894520272437341 -0.76004378426692998 -0.076226391087837561
decision_type=2 2 2 2
left_child=-1 3 -3 -2
right_child=1 2 -4 -5
leaf_value=0.0061708027068985488 0.00056924738740311278 -0.0032994307619712165 0.0053898278728778384 -0.0088556881282743343
leaf_weight=7.8518627062439945 4.4618651606142521 3.3176480792462826 1.4946733266115177 6.3407461754977685
leaf_count=59 43 21 16 70
internal_value=-0.000248073 -0.00462474 0.00121613 -0.00656053
internal_weight=23.4668 15.6149 4.81232 10.8026
internal_count=209 150 37 113
is_linear=0
shrinkage=0.03


Tree=66
num_leaves=5
num_cat=0
split_feature=5 3 5 2
split_gain=1.32785 0.632883 0.4309 0.411773
threshold=0.25519208118562647 -0.039059436034713353 -0.72690019074459011 -1.8318301012320173
decision_type=2 2 2 2
left_child=1 -1 -3 -2
right_child=3 2 -4 -5
leaf_value=-0.0025106542793046885 0.0013645444057910541 -0.0016165073799237165 0.008102207487600566 -0.0081655824574202087
leaf_weight=3.7169414684176436 2.1039255894720554 1.5333968847990025 9.8673137575387972 6.2225955165922624
leaf_count=24 16 21 79 69
internal_value=-0.000241113 0.00429526 0.00665049 -0.00632693
internal_weight=23.4442 15.1177 11.4007 8.32652
internal_count=209 124 100 85
is_linear=0
shrinkage=0.03


Tree=67
num_leaves=5
num_cat=0
split_feature=6 4 2 5
split_gain=1.30791 0.410378 0.500715 0.415993
threshold=-0.46328340176312882 0.033894520272437341 -0.76004378426692998 -0.076226391087837561
decision_type=2 2 2 2
left_child=-1 3 -3 -2
right_child=1 2 -4 -5
leaf_value=0.0060339978703637864 0.00053116372738218939 -0.0032561954997981737 0.005379787007218334 -0.0087408434402866768
leaf_weight=7.8485216312110451 4.4627904780209064 3.3082158006727695 1.4941707476973523 6.3090515248477441
leaf_count=59 43 21 16 70
internal_value=-0.000259487 -0.00455031 0.00124994 -0.00649306
internal_weight=23.4228 15.5742 4.80239 10.7718
internal_count=209 150 37 113
is_linear=0
shrinkage=0.03


Tree=68
num_leaves=5
num_cat=0
split_feature=4 4 2 3
split_gain=1.27387 0.642156 0.495266 0.453852
threshold=0.020633256105168089 0.033894520272437341 -0.76004378426692998 -0.039059436034713353
decision_type=2 2 2 2
left_child=3 -2 -3 -1
right_child=1 2 -4 -5
leaf_value=-0.0018553926516012931 -0.0093394529049412867 -0.0032330092861666791 0.0053578924442462504 0.006281632995080999
leaf_weight=3.5004620216786853 4.2403484098613244 3.3037669658660889 1.4961034357547758 10.859352499246599
leaf_count=23 49 21 16 100
internal_value=-0.000252432 -0.00600904 0.00125567 0.0043507
internal_weight=23.4 9.04022 4.79987 14.3598
internal_count=209 86 37 123
is_linear=0
shrinkage=0.03


Tree=69
num_leaves=5
num_cat=0
split_feature=6 4 2 5
split_gain=1.25777 0.405246 0.489878 0.394936
threshold=-0.46328340176312882 0.033894520272437341 -0.76004378426692998 -0.076226391087837561
decision_type=2 2 2 2
left_child=-1 3 -3 -2
right_child=1 2 -4 -5
leaf_value=0.0059042166674257209 0.00048563843438831139 -0.0032100073839021288 0.0053360749493822478 -0.008606856542169708
leaf_weight=7.8454069197177914 4.4644596502184868 3.2993415594100952 1.4980116672813881 6.2740924321114999
leaf_count=59 43 21 16 70
internal_value=-0.000270147 -0.00447922 0.00126126 -0.00641531
internal_weight=23.3813 15.5359 4.79735 10.7386
internal_count=209 150 37 113
is_linear=0
shrinkage=0.03


Tree=70
num_leaves=5
num_cat=0
split_feature=6 4 2 5
split_gain=1.22419 0.399979 0.48455 0.386847
threshold=-0.46328340176312882 0.033894520272437341 -0.76004378426692998 -0.076226391087837561
decision_type=2 2 2 2
left_child=-1 3 -3 -2
right_child=1 2 -4 -5
leaf_value=0.0058264803759473984 0.00048113165554116712 -0.0031871877998497548 0.0053143349148869808 -0.0085180329523644079
leaf_weight=7.8450025692582157 4.464752659201622 3.2949395626783371 1.4998955130577076 6.2539136819541437
leaf_count=59 43 21 16 70
internal_value=-0.000263127 -0.00441927 0.00126671 -0.00634654
internal_weight=23.3585 15.5135 4.79484 10.7187
internal_count=209 150 37 113
is_linear=0
shrinkage=0.03


Tree=71
num_leaves=5
num_cat=0
split_feature=4 4 2 3
split_gain=1.19485 0.623961 0.479281 0.447413
threshold=0.020633256105168089 0.033894520272437341 -0.76004378426692998 -0.039059436034713353
decision_type=2 2 2 2
left_child=3 -2 -3 -1
right_child=1 2 -4 -5
leaf_value=-0.0018923165481633092 -0.0091385522822033764 -0.0031645486759805845 0.0052926722044571752 0.006133342817158334
leaf_weight=3.5018153041601172 4.1914577111601812 3.2905610054731369 1.501755181699991 10.850069355219604
leaf_count=23 49 21 16 100
internal_value=-0.000256244 -0.00584041 0.00127204 0.00420218
internal_weight=23.3357 8.98377 4.79232 14.3519
internal_count=209 86 37 123
is_linear=0
shrinkage=0.03


Tree=72
num_leaves=5
num_cat=0
split_feature=6 2 1 3
split_gain=1.17736 0.396038 0.316119 0.327473
threshold=-0.46328340176312882 -0.40109651693224796 0.032556248843112652 -0.027212201131748159
decision_type=2 2 2 2
left_child=2 -2 3 -1
right_child=1 -3 -4 -5
leaf_value=0.0089891057203548078 -0.0065504640789897546 0.00092659458327709425 -0.0014027581330845265 -0.00065590927876338627
leaf_weight=4.0014146640896788 9.2198024839162827 6.255617551505563 1.3900941237807272 2.4498036913573777
leaf_count=27 88 62 8 24
internal_value=-0.000273723 -0.00435071 0.00570119 0.00715414
internal_weight=23.3167 15.4754 7.84131 6.45122
internal_count=209 150 59 51
is_linear=0
shrinkage=0.03


Tree=73
num_leaves=5
num_cat=0
split_feature=6 4 2 2
split_gain=1.15024 0.39966 0.468268 0.374482
threshold=-0.46328340176312882 0.033894520272437341 -0.76004378426692998 -0.043183763978578239
decision_type=2 2 2 2
left_child=-1 3 -3 -2
right_child=1 2 -4 -5
leaf_value=0.0056469087032216675 -0.0078694994609342685 -0.0030956563553066301 0.0052756324636944046 0.0011169701990818065
leaf_weight=7.8406303822994259 8.1436003893613798 3.2771672271192074 1.5029673129320134 2.5309166684746733
leaf_count=59 95 21 16 18
internal_value=-0.000253973 -0.00429 0.00132501 -0.00622914
internal_weight=23.2953 15.4547 4.78013 10.6745
internal_count=209 150 37 113
is_linear=0
shrinkage=0.03


Tree=74
num_leaves=5
num_cat=0
split_feature=4 4 2 3
split_gain=1.13489 0.621796 0.463188 0.44156
threshold=0.020633256105168089 0.033894520272437341 -0.76004378426692998 -0.039059436034713353
decision_type=2 2 2 2
left_child=3 -2 -3 -1
right_child=1 2 -4 -5
leaf_value=-0.0019112447027638461 -0.0090010459204984093 -0.003073740020131545 0.005254111530385702 0.0060308090518698572
leaf_weight=3.4996546804904929 4.1556048691272718 3.2728845588862896 1.5047829598188398 10.840272188186647
leaf_count=23 49 21 16 100
internal_value=-0.000236908 -0.00569184 0.00132971 0.00410365
internal_weight=23.2732 8.93327 4.77767 14.3399
internal_count=209 86 37 123
is_linear=0
shrinkage=0.03


Tree=75
num_leaves=5
num_cat=0
split_feature=5 1 5 2
split_gain=1.10852 0.587894 0.645475 0.418143
threshold=0.25519208118562647 0.041224399262750684 -0.60169370657788823 -1.8318301012320173
decision_type=2 2 2 2
left_child=1 2 -1 -2
right_child=3 -3 -4 -5
leaf_value=-0.001851573743541875 0.0015448943270775493 -0.0032070923518039644 0.0082169462311577467 -0.0077523760451721881
leaf_weight=3.71505557373166 2.0749460123479366 1.7932688891887654 9.5773710384964961 6.093587424606083
leaf_count=38 16 12 74 69
internal_value=-0.000254384 0.00389264 0.00581613 -0.00584026
internal_weight=23.2542 15.0857 13.2924 8.16853
internal_count=209 124 112 85
is_linear=0
shrinkage=0.03


Tree=76
num_leaves=5
num_cat=0
split_feature=6 4 2 2
split_gain=1.08739 0.397515 0.45685 0.36535
threshold=-0.46328340176312882 0.033894520272437341 -0.76004378426692998 -0.043183763978578239
decision_type=2 2 2 2
left_child=-1 3 -3 -2
right_child=1 2 -4 -5
leaf_value=0.0054687178371147374 -0.0077651374378807916 -0.0030346387726859145 0.0052434149937352695 0.0011074115696752271
leaf_weight=7.8339078575372723 8.1058717146515828 3.2640654779970646 1.5042485333979119 2.5272303931415072
leaf_count=59 95 21 16 18
internal_value=-0.000274505 -0.00419866 0.00135898 -0.00614167
internal_weight=23.2353 15.4014 4.76831 10.6331
internal_count=209 150 37 113
is_linear=0
shrinkage=0.03


Tree=77
num_leaves=5
num_cat=0
split_feature=4 4 2 3
split_gain=1.06892 0.613367 0.451904 0.431428
threshold=0.020633256105168089 0.033894520272437341 -0.76004378426692998 -0.039059436034713353
decision_type=2 2 2 2
left_child=3 -2 -3 -1
right_child=1 2 -4 -5
leaf_value=-0.0019315377014384857 -0.0088565853329657714 -0.0030132074621489358 0.0052220286362807634 0.0058767898819076349
leaf_weight=3.4993323162198058 4.1165054589509946 3.2598519437015057 1.5060238800942896 10.831485912203791
leaf_count=23 49 21 16 100
internal_value=-0.000257311 -0.00555512 0.00136329 0.00395991
internal_weight=23.2132 8.88238 4.76588 14.3308
internal_count=209 86 37 123
is_linear=0
shrinkage=0.03


Tree=78
num_leaves=5
num_cat=0
split_feature=6 3 2 3
split_gain=1.04932 0.50425 0.459808 0.309305
threshold=-0.18853398853398576 -0.027212201131748159 -0.40109651693224796 -0.039059436034713353
decision_type=2 2 2 2
left_child=1 3 -2 -1
right_child=2 -3 -4 -5
leaf_value=-0.00032143415487697843 -0.0071019816850700817 -0.0015102809602338702 0.0012954663519653771 0.0093363763890908121
leaf_weight=3.0280327722430229 7.5847986564040184 4.5935616008937377 4.8356179967522603 3.1520700454711914
leaf_count=19 76 46 46 22
internal_value=-0.000274243 0.00464842 -0.00471302 0.0073303
internal_weight=23.1941 10.7737 12.4204 6.1801
internal_count=209 87 122 41
is_linear=0
shrinkage=0.03


Tree=79
num_leaves=5
num_cat=0
split_feature=6 3 2 3
split_gain=1.02887 0.496436 0.449511 0.304969
threshold=-0.18853398853398576 -0.027212201131748159 -0.40109651693224796 -0.039059436034713353
decision_type=2 2 2 2
left_child=1 3 -2 -1
right_child=2 -3 -4 -5
leaf_value=-0.000319196845254738 -0.0070191097168252814 -0.0014960294720254461 0.0012826798902469633 0.0092709824217460362
leaf_weight=3.0278708711266518 7.5625222288072109 4.5934622660279292 4.8369709961116296 3.1496471352875233
leaf_count=19 76 46 46 22
internal_value=-0.000250908 0.00461795 -0.00465377 0.00727872
internal_weight=23.1705 10.771 12.3995 6.17752
internal_count=209 87 122 41
is_linear=0
shrinkage=0.03


Tree=80
num_leaves=5
num_cat=0
split_feature=6 3 2 1
split_gain=1.00885 0.48875 0.439453 0.304654
threshold=-0.18853398853398576 -0.027212201131748159 -0.40109651693224796 0.0010862915025356969
decision_type=2 2 2 2
left_child=1 -1 -2 -4
right_child=2 -3 3 -5
leaf_value=0.0072275928554594799 -0.0069372970679882533 -0.0014819134623665765 0.0041868884895529179 -0.002574514988991135
leaf_weight=6.1748212166130543 7.5404237732291222 4.5933590084314364 2.2447244487702829 2.5935831852257252
leaf_count=41 76 46 27 19
internal_value=-0.000228054 0.00458774 -0.00459535 0.00127002
internal_weight=23.1469 10.7682 12.3787 4.83831
internal_count=209 87 122 46
is_linear=0
shrinkage=0.03


Tree=81
num_leaves=5
num_cat=0
split_feature=4 4 2 3
split_gain=0.98668 0.629924 0.428299 0.421591
threshold=0.020633256105168089 0.033894520272437341 -0.76004378426692998 -0.039059436034713353
decision_type=2 2 2 2
left_child=3 -2 -3 -1
right_child=1 2 -4 -5
leaf_value=-0.0019493241026657948 -0.0087065257578779129 -0.0028438040045683853 0.0052104920749754804 0.0057309425219836292
leaf_weight=3.4994305223226538 4.0756059996783716 3.2261990495026112 1.5061012022197244 10.819570522755386
leaf_count=23 49 21 16 100
internal_value=-0.000217615 -0.00532807 0.00151638 0.00382421
internal_weight=23.1269 8.80791 4.7323 14.319
internal_count=209 86 37 123
is_linear=0
shrinkage=0.03


Tree=82
num_leaves=5
num_cat=0
split_feature=6 4 2 2
split_gain=0.974598 0.409343 0.42369 0.34817
threshold=-0.46328340176312882 0.033894520272437341 -0.76004378426692998 -0.043183763978578239
decision_type=2 2 2 2
left_child=-1 3 -3 -2
right_child=1 2 -4 -5
leaf_value=0.0051946242608163504 -0.0075610203009874241 -0.0028238611175921344 0.0051892366149507195 0.0010894412172288755
leaf_weight=7.8203898966312435 8.0340281017124635 3.2221970446407795 1.5078366398811329 2.5233821198344222
leaf_count=59 95 21 16 18
internal_value=-0.000234467 -0.0039677 0.00151929 -0.00596924
internal_weight=23.1078 15.2874 4.73003 10.5574
internal_count=209 150 37 113
is_linear=0
shrinkage=0.03


Tree=83
num_leaves=5
num_cat=0
split_feature=5 1 5 2
split_gain=0.952132 0.566421 0.644835 0.427804
threshold=0.25519208118562647 0.041224399262750684 -0.4143068517003855 -1.8318301012320173
decision_type=2 2 2 2
left_child=1 2 -1 -2
right_child=3 -3 -4 -5
leaf_value=-0.00084305021233414313 0.0017248389516016532 -0.0032411989261857906 0.0089405299538915205 -0.0074190383189679156
leaf_weight=7.2258786968886843 2.0454567894339561 1.7929792776703823 6.0354385189712074 5.98613468185067
leaf_count=64 16 12 48 69
internal_value=-0.000217786 0.00361693 0.00553894 -0.00542522
internal_weight=23.0859 15.0543 13.2613 8.03159
internal_count=209 124 112 85
is_linear=0
shrinkage=0.03


Tree=84
num_leaves=5
num_cat=0
split_feature=6 3 2 3
split_gain=0.937828 0.482261 0.423319 0.307371
threshold=-0.18853398853398576 -0.027212201131748159 -0.40109651693224796 -0.039059436034713353
decision_type=2 2 2 2
left_child=1 3 -2 -1
right_child=2 -3 -4 -5
leaf_value=-0.00038403815724143695 -0.0067502252426379526 -0.0015320642888452861 0.0012779931873049453 0.009067657538289418
leaf_weight=3.0311733894050121 7.4797698296606541 4.5880762897431868 4.8287167102098447 3.1403452679514885
leaf_count=19 76 46 46 22
internal_value=-0.00021905 0.00442195 -0.00443963 0.00705856
internal_weight=23.0681 10.7596 12.3085 6.17152
internal_count=209 87 122 41
is_linear=0
shrinkage=0.03


Tree=85
num_leaves=5
num_cat=0
split_feature=6 4 2 5
split_gain=0.921059 0.411618 0.412106 0.338314
threshold=-0.46328340176312882 0.033894520272437341 -0.76004378426692998 -0.076226391087837561
decision_type=2 2 2 2
left_child=-1 3 -3 -2
right_child=1 2 -4 -5
leaf_value=0.0050718585652457229 0.00047545161766345033 -0.0027418810630500802 0.0051811211883034634 -0.0079143452918459256
leaf_weight=7.814594358205798 4.4519096314907074 3.2044955231249332 1.506678495556115 6.0671402513980848
leaf_count=59 43 21 16 70
internal_value=-0.000197437 -0.00383973 0.00159147 -0.00586234
internal_weight=23.0448 15.2302 4.71117 10.519
internal_count=209 150 37 113
is_linear=0
shrinkage=0.03


Tree=86
num_leaves=5
num_cat=0
split_feature=4 4 3 3
split_gain=0.903945 0.621992 0.410856 0.53819
threshold=0.020633256105168089 0.033894520272437341 -0.039059436034713353 -0.027212201131748159
decision_type=2 2 2 2
left_child=2 -2 -1 -4
right_child=1 -3 3 -5
leaf_value=-0.0019711598189538623 -0.0084877553281220829 0.0015936814815253003 0.00903201043829761 -0.00051225618962826556
leaf_weight=3.4978766329586497 4.0151916183531267 4.7089904882013798 3.787423785775899 7.0128393843770054
leaf_count=23 49 37 30 70
internal_value=-0.000191062 -0.00510121 0.00367134 0.00556787
internal_weight=23.0223 8.72418 14.2981 10.8003
internal_count=209 86 123 100
is_linear=0
shrinkage=0.03


Tree=87
num_leaves=5
num_cat=0
split_feature=4 4 2 3
split_gain=0.889667 0.611903 0.408556 0.404457
threshold=0.020633256105168089 0.033894520272437341 -0.76004378426692998 -0.039059436034713353
decision_type=2 2 2 2
left_child=3 -2 -3 -1
right_child=1 2 -4 -5
leaf_value=-0.0019560194738451084 -0.0084247511799736691 -0.0027338604247869034 0.0051534960593349879 0.0055244476981988165
leaf_weight=3.4966271184384814 3.998893339186905 3.2028709352016449 1.5088948421180246 10.79756858199835
leaf_count=23 49 21 16 100
internal_value=-0.000188625 -0.00506241 0.00157807 0.00364266
internal_weight=23.0049 8.71066 4.71177 14.2942
internal_count=209 86 37 123
is_linear=0
shrinkage=0.03


Tree=88
num_leaves=5
num_cat=0
split_feature=3 3 4 2
split_gain=0.878522 0.826594 0.393086 0.404174
threshold=-0.027212201131748159 -0.039059436034713353 0.033894520272437341 -0.76004378426692998
decision_type=2 2 2 2
left_child=1 -1 -2 -4
right_child=2 -3 3 -5
leaf_value=-0.0025576381355272328 -0.0056684564729908068 0.0089147510234597188 -0.0027147723638388721 0.0051324717171645929
leaf_weight=3.703408844769001 10.78948303312063 3.7833448946476009 3.1989992633461952 1.5105623491108406
leaf_count=24 118 30 21 16
internal_value=-0.000205306 0.00502247 -0.0037099 0.00158029
internal_weight=22.9858 7.48675 15.499 4.70956
internal_count=209 54 155 37
is_linear=0
shrinkage=0.03


Tree=89
num_leaves=5
num_cat=0
split_feature=6 4 2 2
split_gain=0.867334 0.395688 0.39984 0.341255
threshold=-0.46328340176312882 0.033894520272437341 -0.76004378426692998 -0.043183763978578239
decision_type=2 2 2 2
left_child=-1 3 -3 -2
right_child=1 2 -4 -5
leaf_value=0.0049370356774300931 -0.0073053212836601761 -0.0026958309523519692 0.0051115238070851988 0.0011427201752390417
leaf_weight=7.8025876916945007 7.9457433111965656 3.1951500959694386 1.5122071206569661 2.5106561519205552
leaf_count=59 95 21 16 18
internal_value=-0.000171029 -0.00371686 0.00158241 -0.00570986
internal_weight=22.9663 15.1638 4.70736 10.4564
internal_count=209 150 37 113
is_linear=0
shrinkage=0.03


Tree=90
num_leaves=5
num_cat=0
split_feature=4 4 2 3
split_gain=0.855197 0.597856 0.395553 0.39286
threshold=0.020633256105168089 0.033894520272437341 -0.76004378426692998 -0.039059436034713353
decision_type=2 2 2 2
left_child=3 -2 -3 -1
right_child=1 2 -4 -5
leaf_value=-0.001927133015227331 -0.008284196757721218 -0.0026770357938171122 0.0050906525008611999 0.0054481030421738392
leaf_weight=3.4923408888280383 3.9611155800521356 3.1913231573998928 1.5138293355703352 10.786082632839681
leaf_count=23 49 21 16 100
internal_value=-0.000155235 -0.00494782 0.00158443 0.00359345
internal_weight=22.9447 8.66627 4.70515 14.2784
internal_count=209 86 37 123
is_linear=0
shrinkage=0.03


Tree=91
num_leaves=5
num_cat=0
split_feature=3 3 4 2
split_gain=0.845414 0.803923 0.38453 0.391314
threshold=-0.027212201131748159 -0.039059436034713353 0.033894520272437341 -0.76004378426692998
decision_type=2 2 2 2
left_child=1 -1 -2 -4
right_child=2 -3 3 -5
leaf_value=-0.002525356420105106 -0.0055661284351152408 0.0087894252391103028 -0.0026583848607641251 0.0050698581019410962
leaf_weight=3.6983031742274761 10.747995141893623 3.7764447443187263 3.1875182576477528 1.5154291428625573
leaf_count=24 118 30 21 16
internal_value=-0.000172145 0.00494965 -0.00362116 0.00158635
internal_weight=22.9257 7.47475 15.4509 4.70295
internal_count=209 54 155 37
is_linear=0
shrinkage=0.03


Tree=92
num_leaves=5
num_cat=0
split_feature=4 4 2 3
split_gain=0.829201 0.587749 0.387121 0.380745
threshold=0.020633256105168089 0.033894520272437341 -0.76004378426692998 -0.039059436034713353
decision_type=2 2 2 2
left_child=3 -2 -3 -1
right_child=1 2 -4 -5
leaf_value=-0.0018929744678987072 -0.0081836107227332561 -0.0026398768239028164 0.0050491402154636284 0.0053729118422397686
leaf_weight=3.4894765317440024 3.9345801919698697 3.1837355904281139 1.5170066505670545 10.781421873718502
leaf_count=23 49 21 16 100
internal_value=-0.000138762 -0.00486644 0.00158819 0.00354834
internal_weight=22.9062 8.63532 4.70074 14.2709
internal_count=209 86 37 123
is_linear=0
shrinkage=0.03


Tree=93
num_leaves=5
num_cat=0
split_feature=3 3 4 2
split_gain=0.82157 0.781805 0.378706 0.382974
threshold=-0.027212201131748159 -0.039059436034713353 0.033894520272437341 -0.76004378426692998
decision_type=2 2 2 2
left_child=1 -1 -2 -4
right_child=2 -3 3 -5
leaf_value=-0.0024874262703887917 -0.0054968782108548893 0.0086760048727750391 -0.0026215110720737632 0.0050284987247801831
leaf_weight=3.6945270970463753 10.72244683280587 3.7717213891446617 3.1799749694764614 1.5185620449483384
leaf_count=24 118 30 21 16
internal_value=-0.000155676 0.00489054 -0.00356159 0.00158993
internal_weight=22.8872 7.46625 15.421 4.69854
internal_count=209 54 155 37
is_linear=0
shrinkage=0.03


Tree=94
num_leaves=5
num_cat=0
split_feature=6 3 2 1
split_gain=0.808385 0.452561 0.403983 0.287007
threshold=-0.18853398853398576 -0.027212201131748159 -0.40109651693224796 0.0010862915025356969
decision_type=2 2 2 2
left_child=1 -1 -2 -4
right_child=2 -3 3 -5
leaf_value=0.0067366221595373298 -0.0063717181939714346 -0.0015370547852373308 0.0041562391335256479 -0.0024370748368951864
leaf_weight=6.1383419595658779 7.3520350158214569 4.580130800604822 2.2320850454270822 2.565123550593853
leaf_count=41 76 46 27 19
internal_value=-0.000122841 0.00416572 -0.00407892 0.00136629
internal_weight=22.8677 10.7185 12.1492 4.79721
internal_count=209 87 122 46
is_linear=0
shrinkage=0.03


Tree=95
num_leaves=5
num_cat=0
split_feature=6 4 2 2
split_gain=0.789212 0.38498 0.373276 0.336663
threshold=-0.46328340176312882 0.033894520272437341 -0.76004378426692998 -0.043183763978578239
decision_type=2 2 2 2
left_child=-1 3 -3 -2
right_child=1 2 -4 -5
leaf_value=0.004745770979607539 -0.0071065354857151762 -0.0025590411140570027 0.005008119542155509 0.0011893172679760407
leaf_weight=7.786046955734494 7.874717403203249 3.1671319343149662 1.5197770334780205 2.500587619841097
leaf_count=59 95 21 16 18
internal_value=-0.000114297 -0.00351776 0.00163392 -0.00550471
internal_weight=22.8483 15.0622 4.68691 10.3753
internal_count=209 150 37 113
is_linear=0
shrinkage=0.03


Tree=96
num_leaves=5
num_cat=0
split_feature=4 4 3 3
split_gain=0.781171 0.579723 0.375857 0.477534
threshold=0.020633256105168089 0.033894520272437341 -0.039059436034713353 -0.027212201131748159
decision_type=2 2 2 2
left_child=2 -2 -1 -4
right_child=1 -3 3 -5
leaf_value=-0.0019060949096952053 -0.0080220888726639499 0.0016351477380108757 0.0085554433064238787 -0.00046386085754584425
leaf_weight=3.487917684018611 3.8898123838007432 4.6847561188042164 3.7629974186420432 7.0014268457889584
leaf_count=23 49 37 30 70
internal_value=-9.9326e-05 -0.00470609 0.00346989 0.00529089
internal_weight=22.8269 8.57457 14.2523 10.7644
internal_count=209 86 123 100
is_linear=0
shrinkage=0.03


Tree=97
num_leaves=5
num_cat=0
split_feature=5 1 5 2
split_gain=0.769527 0.527976 0.663151 0.43194
threshold=0.25519208118562647 0.041224399262750684 -0.4143068517003855 -1.8318301012320173
decision_type=2 2 2 2
left_child=1 2 -1 -2
right_child=3 -3 -4 -5
leaf_value=-0.0010560166162491076 0.0019513972835990192 -0.0032106868654858726 0.0086844068926999144 -0.0069320021274432873
leaf_weight=7.1934510245919228 2.0063619129359722 1.784948132932185 6.0055497922003287 5.8191372044384471
leaf_count=64 16 12 48 69
internal_value=-9.82873e-05 0.00332231 0.00520894 -0.0048374
internal_weight=22.8094 14.9839 13.199 7.8255
internal_count=209 124 112 85
is_linear=0
shrinkage=0.03


Tree=98
num_leaves=5
num_cat=0
split_feature=4 4 3 3
split_gain=0.756044 0.570963 0.369679 0.469866
threshold=0.020633256105168089 0.033894520272437341 -0.039059436034713353 -0.027212201131748159
decision_type=2 2 2 2
left_child=2 -2 -1 -4
right_child=1 -3 3 -5
leaf_value=-0.0019043055933178339 -0.0079361252057401806 0.0016373100126246389 0.0084609095810984011 -0.00047238608635721379
leaf_weight=3.4874962344765654 3.8648048378527147 4.6817787028849125 3.7585400752723208 6.9998524785041836
leaf_count=23 49 37 30 70
internal_value=-0.00010061 -0.00463666 0.00341068 0.00522099
internal_weight=22.7925 8.54658 14.2459 10.7584
internal_count=209 86 123 100
is_linear=0
shrinkage=0.03


Tree=99
num_leaves=5
num_cat=0
split_feature=6 3 2 1
split_gain=0.745723 0.43052 0.396452 0.281598
threshold=-0.18853398853398576 -0.027212201131748159 -0.40109651693224796 0.0010862915025356969
decision_type=2 2 2 2
left_child=1 -1 -2 -4
right_child=2 -3 3 -5
leaf_value=0.0065282774583870886 -0.0062021119900065513 -0.0015218539019674193 0.0041587768948408797 -0.0023863236042725501
leaf_weight=6.1265456415712833 7.2928617522120476 4.5744739174842852 2.2264828868210298 2.5546545386314392
leaf_count=41 76 46 27 19
internal_value=-9.96544e-05 0.00401422 -0.0039125 0.00141314
internal_weight=22.775 10.701 12.074 4.78114
internal_count=209 87 122 46
is_linear=0
shrinkage=0.03


Tree=100
num_leaves=5
num_cat=0
split_feature=4 4 3 3
split_gain=0.729219 0.567051 0.369716 0.452912
threshold=0.020633256105168089 0.033894520272437341 -0.039059436034713353 -0.027212201131748159
decision_type=2 2 2 2
left_child=2 -2 -1 -4
right_child=1 -3 3 -5
leaf_value=-0.0019297622746115141 -0.0078530428565988276 0.0016622604814265632 0.0083531594812835466 -0.00044319306599794098
leaf_weight=3.4888281226158133 3.8416958823800069 4.6754217334091663 3.751855242997407 6.9979046843946007
leaf_count=23 49 37 30 70
internal_value=-9.15017e-05 -0.00455282 0.00335448 0.00517298
internal_weight=22.7557 8.51712 14.2386 10.7498
internal_count=209 86 123 100
is_linear=0
shrinkage=0.03


Tree=101
num_leaves=5
num_cat=0
split_feature=6 4 2 2
split_gain=0.718658 0.369418 0.365535 0.331345
threshold=-0.46328340176312882 0.033894520272437341 -0.76004378426692998 -0.043183763978578239
decision_type=2 2 2 2
left_child=-1 3 -3 -2
right_child=1 2 -4 -5
leaf_value=0.0045423675827137586 -0.0069199991694180018 -0.0025200194511913279 0.004975492366767721 0.0012290475506344168
leaf_weight=7.7683374322950867 7.8024834394454956 3.1579460091888905 1.520352967083453 2.4891641400754434
leaf_count=59 95 21 16 18
internal_value=-9.07783e-05 -0.00335132 0.00164605 -0.00531467
internal_weight=22.7383 14.9699 4.6783 10.2916
internal_count=209 150 37 113
is_linear=0
shrinkage=0.03


Tree=102
num_leaves=5
num_cat=0
split_feature=4 4 3 3
split_gain=0.712212 0.554543 0.364776 0.442915
threshold=0.020633256105168089 0.033894520272437341 -0.039059436034713353 -0.027212201131748159
decision_type=2 2 2 2
left_child=2 -2 -1 -4
right_child=1 -3 3 -5
leaf_value=-0.001919966985766883 -0.0077621958363882802 0.0016470732325728089 0.0082785949575048621 -0.00043106795607226935
leaf_weight=3.4861281774938098 3.8160233311355096 4.676157534122467 3.7457466833293429 6.9931723251938847
leaf_count=23 49 37 30 70
internal_value=-7.61873e-05 -0.00449217 0.0033262 0.00513384
internal_weight=22.7172 8.49218 14.225 10.7389
internal_count=209 86 123 100
is_linear=0
shrinkage=0.03


Tree=103
num_leaves=5
num_cat=0
split_feature=4 4 5 2
split_gain=0.701326 0.545707 0.363791 0.362497
threshold=0.020633256105168089 0.033894520272437341 -0.3146478884058197 -0.76004378426692998
decision_type=2 2 2 2
left_child=2 -2 -1 -3
right_child=1 3 -4 -5
leaf_value=-0.00068920783158761382 -0.0077064759753169444 -0.0025139743429730913 0.00624347790782001 0.0049484163824032442
leaf_weight=9.2873440049588663 3.8008375354111177 3.1566951647400856 4.9326518066227463 1.5223074220120905
leaf_count=82 49 21 41 16
internal_value=-7.57052e-05 -0.00445968 0.00330052 0.00163101
internal_weight=22.6998 8.47984 14.22 4.679
internal_count=209 86 123 37
is_linear=0
shrinkage=0.03


Tree=104
num_leaves=5
num_cat=0
split_feature=5 1 5 2
split_gain=0.690266 0.506471 0.653392 0.423968
threshold=0.25519208118562647 0.041224399262750684 -0.4143068517003855 -1.8318301012320173
decision_type=2 2 2 2
left_child=1 2 -1 -2
right_child=3 -3 -4 -5
leaf_value=-0.0011209520346035422 0.0020107670705631769 -0.0031896047052031103 0.0084867271075493439 -0.0066933680257208533
leaf_weight=7.1792473718523979 1.9951873049139974 1.7807111591100682 5.9929188601672667 5.7369171269237986
leaf_count=64 16 12 48 69
internal_value=-7.0945e-05 0.00316174 0.00502631 -0.00458002
internal_weight=22.685 14.9529 13.1722 7.7321
internal_count=209 124 112 85
is_linear=0
shrinkage=0.03


Tree=105
num_leaves=5
num_cat=0
split_feature=6 3 2 1
split_gain=0.681193 0.407811 0.386368 0.275935
threshold=-0.18853398853398576 -0.027212201131748159 -0.40109651693224796 0.0010862915025356969
decision_type=2 2 2 2
left_child=1 -1 -2 -4
right_child=2 -3 3 -5
leaf_value=0.0063063699237672971 -0.0060130450746414387 -0.0015067145513145835 0.0041572704472011028 -0.0023363258144293909
leaf_weight=6.113657008856535 7.224477507174015 4.5683092251420039 2.2199526578187925 2.5418554581701756
leaf_count=41 76 46 27 19
internal_value=-7.35691e-05 0.00385207 -0.00373286 0.00145645
internal_weight=22.6683 10.682 11.9863 4.76181
internal_count=209 87 122 46
is_linear=0
shrinkage=0.03


Tree=106
num_leaves=5
num_cat=0
split_feature=6 3 2 1
split_gain=0.663532 0.399093 0.379142 0.272755
threshold=-0.18853398853398576 -0.027212201131748159 -0.40109651693224796 0.0010862915025356969
decision_type=2 2 2 2
left_child=1 -1 -2 -4
right_child=2 -3 3 -5
leaf_value=0.0062346471562205229 -0.0059441431825943743 -0.0014925493631465217 0.0041339862930341075 -0.0023223806816614128
leaf_weight=6.1135094538331032 7.205181535333395 4.5682222507894057 2.2217792086303216 2.5404729656875134
leaf_count=41 76 46 27 19
internal_value=-6.58789e-05 0.00380617 -0.00368132 0.00144971
internal_weight=22.6492 10.6817 11.9674 4.76225
internal_count=209 87 122 46
is_linear=0
shrinkage=0.03


Tree=107
num_leaves=5
num_cat=0
split_feature=6 4 2 2
split_gain=0.648601 0.367131 0.34745 0.322752
threshold=-0.46328340176312882 0.033894520272437341 -0.76004378426692998 -0.043183763978578239
decision_type=2 2 2 2
left_child=-1 3 -3 -2
right_child=1 2 -4 -5
leaf_value=0.0043351364653768871 -0.0067489992740010973 -0.0024025243908689527 0.0049352409156414399 0.001244478488432904
leaf_weight=7.7562555521726635 7.7392434626817703 3.1323882080614567 1.5210939832031716 2.48114440217614
leaf_count=59 95 21 16 18
internal_value=-5.83921e-05 -0.00317124 0.00172713 -0.0051527
internal_weight=22.6301 14.8739 4.65348 10.2204
internal_count=209 150 37 113
is_linear=0
shrinkage=0.03


Tree=108
num_leaves=5
num_cat=0
split_feature=4 4 3 3
split_gain=0.643501 0.546751 0.370464 0.4204
threshold=0.020633256105168089 0.033894520272437341 -0.039059436034713353 -0.027212201131748159
decision_type=2 2 2 2
left_child=2 -2 -1 -4
right_child=1 -3 3 -5
leaf_value=-0.0020132340675139979 -0.0075440406780917036 0.001727394650744442 0.0080924958621592363 -0.00040956275049876977
leaf_weight=3.4898896925151339 3.7519809789955598 4.6514413133263588 3.7301046550273886 6.9860073998570469
leaf_count=23 49 37 30 70
internal_value=-4.419e-05 -0.00426207 0.00318085 0.00502768
internal_weight=22.6094 8.40342 14.206 10.7161
internal_count=209 86 123 100
is_linear=0
shrinkage=0.03


Tree=109
num_leaves=5
num_cat=0
split_feature=4 4 3 3
split_gain=0.633789 0.538078 0.36475 0.413395
threshold=0.020633256105168089 0.033894520272437341 -0.039059436034713353 -0.027212201131748159
decision_type=2 2 2 2
left_child=2 -2 -1 -4
right_child=1 -3 3 -5
leaf_value=-0.00199779627461364 -0.00749046982343327 0.0017105889437770156 0.0080288437417310003 -0.0004045137512268011
leaf_weight=3.4886445775628081 3.7371922470629197 4.6544262245297432 3.7262244224548331 6.9858329072594669
leaf_count=23 49 37 30 70
internal_value=-4.42798e-05 -0.00423184 0.0031564 0.00498911
internal_weight=22.5923 8.39162 14.2007 10.7121
internal_count=209 86 123 100
is_linear=0
shrinkage=0.03


Tree=110
num_leaves=5
num_cat=0
split_feature=4 4 5 2
split_gain=0.624249 0.529555 0.36183 0.345553
threshold=0.020633256105168089 0.033894520272437341 -0.3146478884058197 -0.76004378426692998
decision_type=2 2 2 2
left_child=2 -2 -1 -3
right_child=1 3 -4 -5
leaf_value=-0.00077460048828413574 -0.007437414694224845 -0.0024096615273953995 0.0060790811173729838 0.004901026970961812
leaf_weight=9.2731832116842252 3.7224939353764039 3.1338800117373466 4.9221463464200523 1.5234986059367654
leaf_count=82 49 21 41 16
internal_value=-4.4426e-05 -0.00420194 0.00313217 0.00169394
internal_weight=22.5752 8.37987 14.1953 4.65738
internal_count=209 86 123 37
is_linear=0
shrinkage=0.03


Tree=111
num_leaves=5
num_cat=0
split_feature=5 1 5 2
split_gain=0.61474 0.486926 0.6448 0.420408
threshold=0.25519208118562647 0.041224399262750684 -0.4143068517003855 -1.8318301012320173
decision_type=2 2 2 2
left_child=1 2 -1 -2
right_child=3 -3 -4 -5
leaf_value=-0.0011866782178576601 0.0020946123332343611 -0.0031752444552200685 0.0082980231451458449 -0.0064651511316035975
leaf_weight=7.1662425845861435 1.9799590632319448 1.777558185160159 5.9798157215118426 5.6570382043719283
leaf_count=64 16 12 48 69
internal_value=-3.98733e-05 0.00300251 0.00484878 -0.00431659
internal_weight=22.5606 14.9236 13.1461 7.637
internal_count=209 124 112 85
is_linear=0
shrinkage=0.03


Tree=112
num_leaves=5
num_cat=0
split_feature=6 3 2 3
split_gain=0.606669 0.37813 0.369452 0.269971
threshold=-0.18853398853398576 -0.027212201131748159 -0.40109651693224796 -0.039059436034713353
decision_type=2 2 2 2
left_child=1 3 -2 -1
right_child=2 -3 -4 -5
leaf_value=-0.0005178806990686971 -0.0057667952997093614 -0.0014765418655406834 0.0014888600052933038 0.0079414394268911524
leaf_weight=3.034493338316679 7.1397943384945393 4.5621146596968192 4.7432510033249837 3.0645415559411049
leaf_count=19 76 46 46 22
internal_value=-4.27624e-05 0.00365417 -0.00351373 0.00602527
internal_weight=22.5442 10.6611 11.883 6.09903
internal_count=209 87 122 41
is_linear=0
shrinkage=0.03


Tree=113
num_leaves=5
num_cat=0
split_feature=6 3 2 1
split_gain=0.595194 0.372367 0.361407 0.267697
threshold=-0.18853398853398576 -0.027212201131748159 -0.40109651693224796 0.0010862915025356969
decision_type=2 2 2 2
left_child=1 -1 -2 -4
right_child=2 -3 3 -5
leaf_value=0.0059845862466964663 -0.0057009931577936789 -0.0014626737962391955 0.0041223847182689597 -0.0022843524817079052
leaf_weight=6.094431035220623 7.1212413385510445 4.5620223470032233 2.2159734033048135 2.5288030728697777
leaf_count=41 76 46 27 19
internal_value=-2.61456e-05 0.00363175 -0.00346974 0.00147433
internal_weight=22.5225 10.6565 11.866 4.74478
internal_count=209 87 122 46
is_linear=0
shrinkage=0.03


Tree=114
num_leaves=5
num_cat=0
split_feature=5 1 5 2
split_gain=0.583717 0.561474 0.583114 0.523316
threshold=0.45704360185119947 0.041224399262750684 -0.4143068517003855 -1.8318301012320173
decision_type=2 2 2 2
left_child=1 2 -1 -2
right_child=3 -3 -4 -5
leaf_value=-0.001206877724692785 0.0025330426500230043 -0.0036937745589114149 0.0075577547897184051 -0.0072735349096748328
leaf_weight=7.1617446318268803 1.4660228118300436 1.9540873244404782 8.0281333066523093 3.8938090018928042
leaf_count=64 10 13 75 47
internal_value=-1.93454e-05 0.00262984 0.00458677 -0.00468841
internal_weight=22.5038 17.144 15.1899 5.35983
internal_count=209 152 139 57
is_linear=0
shrinkage=0.03


Tree=115
num_leaves=5
num_cat=0
split_feature=6 4 2 2
split_gain=0.58149 0.360428 0.331926 0.312252
threshold=-0.46328340176312882 0.033894520272437341 -0.76004378426692998 -0.043183763978578239
decision_type=2 2 2 2
left_child=-1 3 -3 -2
right_child=1 2 -4 -5
leaf_value=0.0041177719450981422 -0.0065678598373427877 -0.002306164638042946 0.0048912723558987457 0.0012531834326839041
leaf_weight=7.7337375842034843 7.6625058762729168 3.1102113053202629 1.5206586495041836 2.4701873324811441
leaf_count=59 95 21 16 18
internal_value=-3.80822e-05 -0.0029988 0.00178502 -0.00498579
internal_weight=22.4973 14.7636 4.63087 10.1327
internal_count=209 150 37 113
is_linear=0
shrinkage=0.03


Tree=116
num_leaves=5
num_cat=0
split_feature=4 4 3 3
split_gain=0.569154 0.529285 0.360863 0.394639
threshold=0.020633256105168089 0.033894520272437341 -0.039059436034713353 -0.027212201131748159
decision_type=2 2 2 2
left_child=2 -2 -1 -4
right_child=1 -3 3 -5
leaf_value=-0.0020514919187992059 -0.0072772147903300442 0.0017846997077799851 0.0078205669529519128 -0.00040800502000119115
leaf_weight=3.4890845976769915 3.671648941934107 4.6289014145731926 3.7072372809052458 6.9801600500941303
leaf_count=23 49 37 30 70
internal_value=-2.41925e-05 -0.0040099 0.00300282 0.00484693
internal_weight=22.477 8.30055 14.1765 10.6874
internal_count=209 86 123 100
is_linear=0
shrinkage=0.03


Tree=117
num_leaves=5
num_cat=0
split_feature=4 4 3 3
split_gain=0.560721 0.520942 0.355323 0.388094
threshold=0.020633256105168089 0.033894520272437341 -0.039059436034713353 -0.027212201131748159
decision_type=2 2 2 2
left_child=2 -2 -1 -4
right_child=1 -3 3 -5
leaf_value=-0.0020357640397226521 -0.0072262416784875478 0.0017673810683071268 0.007759522380978069 -0.00040297738318615631
leaf_weight=3.4878364466130725 3.6573766097426397 4.6319788470864296 3.7030437961220732 6.9799865856766727
leaf_count=23 49 37 30 70
internal_value=-2.47303e-05 -0.00398216 0.00297997 0.00481006
internal_weight=22.4602 8.28936 14.1709 10.683
internal_count=209 86 123 100
is_linear=0
shrinkage=0.03


Tree=118
num_leaves=5
num_cat=0
split_feature=5 1 5 2
split_gain=0.556399 0.548175 0.574875 0.513722
threshold=0.45704360185119947 0.041224399262750684 -0.4143068517003855 -1.8318301012320173
decision_type=2 2 2 2
left_child=1 2 -1 -2
right_child=3 -3 -4 -5
leaf_value=-0.001225605423093676 0.002528679150532823 -0.0036699620407216306 0.007457956704809191 -0.0071660029584663925
leaf_weight=7.1506935246288803 1.4663408771157262 1.9496159255504597 8.0175282619893569 3.8592295795679084
leaf_count=64 10 13 75 47
internal_value=-2.53135e-05 0.00256286 0.00450385 -0.00458845
internal_weight=22.4434 17.1178 15.1682 5.32557
internal_count=209 152 139 57
is_linear=0
shrinkage=0.03


Tree=119
num_leaves=5
num_cat=0
split_feature=6 3 2 3
split_gain=0.552326 0.353238 0.352666 0.263826
threshold=-0.18853398853398576 -0.027212201131748159 -0.40109651693224796 -0.039059436034713353
decision_type=2 2 2 2
left_child=1 3 -2 -1
right_child=2 -3 -4 -5
leaf_value=-0.00055983331253326026 -0.0055791155834783003 -0.0014490967399205629 0.0014879810281352608 0.0076900256374221442
leaf_weight=3.0356345139443874 7.0715944580733776 4.5562410317361373 4.7312270998954755 3.0421127490699291
leaf_count=19 76 46 46 22
internal_value=-4.38272e-05 0.00348469 -0.00336308 0.00578417
internal_weight=22.4368 10.634 11.8028 6.07775
internal_count=209 87 122 41
is_linear=0
shrinkage=0.03


Tree=120
num_leaves=5
num_cat=0
split_feature=6 4 2 2
split_gain=0.542541 0.349453 0.32612 0.304536
threshold=-0.46328340176312882 0.033894520272437341 -0.76004378426692998 -0.043183763978578239
decision_type=2 2 2 2
left_child=-1 3 -3 -2
right_child=1 2 -4 -5
leaf_value=0.0039851061824873 -0.006434379472913236 -0.002279026484291818 0.004860109796029034 0.0012586419015391773
leaf_weight=7.7152870558202293 7.6113719753921032 3.1036272570490837 1.5210784450173367 2.4640464633703214
leaf_count=59 95 21 16 18
internal_value=-2.78567e-05 -0.00289473 0.00178672 -0.00486319
internal_weight=22.4154 14.7001 4.62471 10.0754
internal_count=209 150 37 113
is_linear=0
shrinkage=0.03


Tree=121
num_leaves=5
num_cat=0
split_feature=4 4 3 3
split_gain=0.533587 0.513068 0.346992 0.374386
threshold=0.020633256105168089 0.033894520272437341 -0.039059436034713353 -0.027212201131748159
decision_type=2 2 2 2
left_child=2 -2 -1 -4
right_child=1 -3 3 -5
leaf_value=-0.0020267119729088338 -0.0071177924278917693 0.0017862864352475056 0.0076270266232410172 -0.00039452405377309627
leaf_weight=3.4845238961279383 3.6231656260788423 4.622737891972065 3.6897929050028315 6.9751899205148247
leaf_count=23 49 37 30 70
internal_value=-1.42125e-05 -0.00388287 0.0029146 0.00472854
internal_weight=22.3954 8.2459 14.1495 10.665
internal_count=209 86 123 100
is_linear=0
shrinkage=0.03


Tree=122
num_leaves=5
num_cat=0
split_feature=5 1 5 2
split_gain=0.52761 0.538363 0.56606 0.510509
threshold=0.45704360185119947 0.041224399262750684 -0.4143068517003855 -1.7392955238089474
decision_type=2 2 2 2
left_child=1 2 -1 -2
right_child=3 -3 -4 -5
leaf_value=-0.0012356780577012141 0.0024448949004930742 -0.0036571672115693356 0.0073690475552564399 -0.0071592938908906292
leaf_weight=7.1393927596509483 1.738440193235874 1.9472918063402165 8.0054181851446646 3.5481857247650614
leaf_count=64 13 13 75 44
internal_value=-1.4992e-05 0.00250297 0.00443447 -0.00446771
internal_weight=22.3787 17.0921 15.1448 5.28663
internal_count=209 152 139 57
is_linear=0
shrinkage=0.03


Tree=123
num_leaves=5
num_cat=0
split_feature=6 2 3 1
split_gain=0.524676 0.342943 0.342391 0.259005
threshold=-0.18853398853398576 -0.40109651693224796 -0.027212201131748159 0.0010862915025356969
decision_type=2 2 2 2
left_child=2 -2 -1 -3
right_child=1 3 -4 -5
leaf_value=0.005671322646358422 -0.0054702598165146084 0.0040795045113260521 -0.0014399527274576165 -0.002232845864030547
leaf_weight=6.0630969740450382 7.0331066958606243 2.2131012678146345 4.5520690008997935 2.5119586884975433
leaf_count=41 76 27 46 19
internal_value=-3.53587e-05 -0.00327644 0.00340258 0.00148632
internal_weight=22.3733 11.7582 10.6152 4.72506
internal_count=209 122 87 46
is_linear=0
shrinkage=0.03


Tree=124
num_leaves=5
num_cat=0
split_feature=6 4 2 4
split_gain=0.511929 0.300661 0.319778 0.313303
threshold=-0.62622549019607932 0.033894520272437341 -0.76004378426692998 0.020633256105168089
decision_type=2 2 2 2
left_child=-1 3 -3 -2
right_child=1 2 -4 -5
leaf_value=0.0043803031022775878 9.4613392956761311e-05 -0.0022442750173407048 0.0048333457901402303 -0.0070385679996870041
leaf_weight=5.2271737530827549 8.9126800447702426 3.0955171883106232 1.5211056135594834 3.5985191054642192
leaf_count=38 85 21 16 49
internal_value=-2.8729e-05 -0.00249298 0.00179902 -0.00417235
internal_weight=22.355 17.1278 4.61662 12.5112
internal_count=209 171 37 134
is_linear=0
shrinkage=0.03


Tree=125
num_leaves=5
num_cat=0
split_feature=6 4 2 4
split_gain=0.501445 0.297975 0.316404 0.308739
threshold=-0.62622549019607932 0.033894520272437341 -0.76004378426692998 0.020633256105168089
decision_type=2 2 2 2
left_child=-1 3 -3 -2
right_child=1 2 -4 -5
leaf_value=0.0043356198253467898 9.3275640265413405e-05 -0.002228922034027836 0.0048136505759944458 -0.0069898841573712567
leaf_weight=5.2256977781653431 8.9127530604600924 3.0922647900879383 1.5224048867821682 3.5847317166626445
leaf_count=38 85 21 16 49
internal_value=-2.76942e-05 -0.00246784 0.00179841 -0.00414231
internal_weight=22.3379 17.1122 4.61467 12.4975
internal_count=209 171 37 134
is_linear=0
shrinkage=0.03


Tree=126
num_leaves=5
num_cat=0
split_feature=5 1 5 2
split_gain=0.492971 0.522238 0.565313 0.508303
threshold=0.45704360185119947 0.041224399262750684 -0.4143068517003855 -1.7392955238089474
decision_type=2 2 2 2
left_child=1 2 -1 -2
right_child=3 -3 -4 -5
leaf_value=-0.0012903537281770531 0.0024862952048827882 -0.0036337426316717428 0.0072642595011820936 -0.0070492924623675327
leaf_weight=7.1365743912756479 1.7308467775583265 1.9425840601325024 7.9974626414477843 3.5132991075515738
leaf_count=64 13 13 75 44
internal_value=-2.67051e-05 0.00240908 0.00432187 -0.00433562
internal_weight=22.3208 17.0766 15.134 5.24415
internal_count=209 152 139 57
is_linear=0
shrinkage=0.03


Tree=127
num_leaves=5
num_cat=0
split_feature=6 4 2 4
split_gain=0.491417 0.295898 0.313896 0.299008
threshold=-0.62622549019607932 0.033894520272437341 -0.76004378426692998 0.020633256105168089
decision_type=2 2 2 2
left_child=-1 3 -3 -2
right_child=1 2 -4 -5
leaf_value=0.004277461101490008 6.6289313437810336e-05 -0.0022200470503529984 0.0047952181967911402 -0.0069334359739891809
leaf_weight=5.2227010205388096 8.9137515537440795 3.0895996056497097 1.5221791379153717 3.5670789219439021
leaf_count=38 85 21 16 49
internal_value=-4.6614e-05 -0.002459 0.00179252 -0.00412853
internal_weight=22.3153 17.0926 4.61178 12.4808
internal_count=209 171 37 134
is_linear=0
shrinkage=0.03


Tree=128
num_leaves=5
num_cat=0
split_feature=6 4 2 4
split_gain=0.481361 0.293252 0.310587 0.294708
threshold=-0.62622549019607932 0.033894520272437341 -0.76004378426692998 0.020633256105168089
decision_type=2 2 2 2
left_child=-1 3 -3 -2
right_child=1 2 -4 -5
leaf_value=0.0042338704140772142 6.535218237933381e-05 -0.002204877113076804 0.0047756843486517139 -0.0068857430638192153
leaf_weight=5.2211573086679008 8.9138021878898162 3.0863807760179043 1.5234367549419392 3.5535007789731017
leaf_count=38 85 21 16 49
internal_value=-4.54211e-05 -0.00243421 0.00179184 -0.00409884
internal_weight=22.2983 17.0771 4.60982 12.4673
internal_count=209 171 37 134
is_linear=0
shrinkage=0.03


Tree=129
num_leaves=5
num_cat=0
split_feature=6 2 3 3
split_gain=0.471846 0.334318 0.334037 0.27363
threshold=-0.18853398853398576 -0.49199573217246434 -0.027212201131748159 -0.039059436034713353
decision_type=2 2 2 2
left_child=2 -2 3 -1
right_child=1 -3 -4 -5
leaf_value=-0.00068907779377725428 -0.0053593531165673268 0.0014647468682989463 -0.0014888471631583854 0.0074459271844599549
leaf_weight=3.0397860780358315 6.7217544205486774 4.956120163202284 4.5465146265923995 3.0171308852732182
leaf_count=19 71 51 46 22
internal_value=-4.42737e-05 -0.0031235 0.00321702 0.00547672
internal_weight=22.2813 11.6779 10.6034 6.05692
internal_count=209 122 87 41
is_linear=0
shrinkage=0.03


Tree=130
num_leaves=5
num_cat=0
split_feature=6 4 2 4
split_gain=0.466537 0.295081 0.303097 0.288342
threshold=-0.62622549019607932 0.033894520272437341 -0.76004378426692998 0.020633256105168089
decision_type=2 2 2 2
left_child=-1 3 -3 -2
right_child=1 2 -4 -5
leaf_value=0.0041790606880902081 5.9462098043698934e-05 -0.0021532598652419356 0.0047582689847021136 -0.0068246335415995943
leaf_weight=5.2169815376400974 8.9094063006341475 3.0753950327634811 1.5242005512118328 3.5351973101496688
leaf_count=38 85 21 16 49
internal_value=-3.02269e-05 -0.00238749 0.00182748 -0.00406549
internal_weight=22.2612 17.0442 4.5996 12.4446
internal_count=209 171 37 134
is_linear=0
shrinkage=0.03


Tree=131
num_leaves=5
num_cat=0
split_feature=6 4 2 4
split_gain=0.456995 0.292426 0.299909 0.284225
threshold=-0.62622549019607932 0.033894520272437341 -0.76004378426692998 0.020633256105168089
decision_type=2 2 2 2
left_child=-1 3 -3 -2
right_child=1 2 -4 -5
leaf_value=0.0041365205399143904 5.8621465911508348e-05 -0.0021385863938871287 0.0047388799106112909 -0.0067779527948246005
leaf_weight=5.2153793014585998 8.9094514809548873 3.0722627304494381 1.5254203602671612 3.5218319445848456
leaf_count=38 85 21 16 49
internal_value=-2.92048e-05 -0.00236341 0.00182641 -0.00403641
internal_weight=22.2443 17.029 4.59768 12.4313
internal_count=209 171 37 134
is_linear=0
shrinkage=0.03


Tree=132
num_leaves=5
num_cat=0
split_feature=5 2 1 5
split_gain=0.450808 0.507613 0.504342 0.570351
threshold=0.45704360185119947 -1.7392955238089474 0.041224399262750684 -0.4143068517003855
decision_type=2 2 2 2
left_child=2 -2 3 -1
right_child=1 -3 -4 -5
leaf_value=-0.0013714233529842211 0.0025527578218148368 -0.0069103198294852746 -0.0036088556219907942 0.0071644425114453982
leaf_weight=7.1301850713789499 1.7184599786996839 3.4660328030586234 1.9356136992573727 7.9772829897701758
leaf_count=64 13 44 13 75
internal_value=-2.82254e-05 -0.0041582 0.00230116 0.00419415
internal_weight=22.2276 5.18449 17.0431 15.1075
internal_count=209 57 152 139
is_linear=0
shrinkage=0.03


Tree=133
num_leaves=5
num_cat=0
split_feature=6 4 2 4
split_gain=0.447989 0.290301 0.297614 0.275335
threshold=-0.62622549019607932 0.033894520272437341 -0.76004378426692998 0.020633256105168089
decision_type=2 2 2 2
left_child=-1 3 -3 -2
right_child=1 2 -4 -5
leaf_value=0.0040813582074908997 3.3147598782139702e-05 -0.0021307987911702783 0.0047206877903080442 -0.0067240746736739812
leaf_weight=5.2121936157345798 8.9102892875671404 3.0698041841387749 1.5251030735671509 3.5047661960124961
leaf_count=38 85 21 16 49
internal_value=-4.76853e-05 -0.00235554 0.00181963 -0.0040232
internal_weight=22.2222 17.01 4.59491 12.4151
internal_count=209 171 37 134
is_linear=0
shrinkage=0.03


Tree=134
num_leaves=5
num_cat=0
split_feature=3 3 4 2
split_gain=0.440121 0.677204 0.321973 0.294486
threshold=-0.027212201131748159 -0.039059436034713353 0.033894520272437341 -0.76004378426692998
decision_type=2 2 2 2
left_child=1 -1 -2 -4
right_child=2 -3 3 -5
leaf_value=-0.0027273672563282942 -0.0044908535414569292 0.0073430550444203166 -0.0021162942671387182 0.0047014589480921616
leaf_weight=3.6805642768740654 10.271150190383194 3.6607437953352955 3.0667035318911076 1.5262825936079014
leaf_count=24 118 30 21 16
internal_value=-4.65058e-05 0.00363292 -0.00259399 0.0018185
internal_weight=22.2054 7.34131 14.8641 4.59299
internal_count=209 54 155 37
is_linear=0
shrinkage=0.03


Tree=135
num_leaves=5
num_cat=0
split_feature=6 4 2 4
split_gain=0.43611 0.284808 0.291392 0.271683
threshold=-0.62622549019607932 0.033894520272437341 -0.76004378426692998 0.020633256105168089
decision_type=2 2 2 2
left_child=-1 3 -3 -2
right_child=1 2 -4 -5
leaf_value=0.0040474405315015505 4.9243592250516922e-05 -0.0021018967061907996 0.0046823035838216192 -0.0066485064761200455
leaf_weight=5.2081070691347149 8.9047217816114443 3.0636218152940273 1.5274433754384507 3.4829812683165065
leaf_count=38 85 21 16 49
internal_value=-1.98912e-05 -0.0023053 0.00181732 -0.00396248
internal_weight=22.1869 16.9788 4.59107 12.3877
internal_count=209 171 37 134
is_linear=0
shrinkage=0.03


Tree=136
num_leaves=5
num_cat=0
split_feature=5 2 1 5
split_gain=0.428598 0.503984 0.490416 0.563213
threshold=0.45704360185119947 -1.7392955238089474 0.041224399262750684 -0.4143068517003855
decision_type=2 2 2 2
left_child=2 -2 3 -1
right_child=1 -3 -4 -5
leaf_value=-0.0013877115055646828 0.0025782051321674893 -0.0068188225094897902 -0.0035707590297245355 0.0070774609057685216
leaf_weight=7.1250530593097245 1.7135445103049276 3.4350690506398669 1.929700769484042 7.9669404253363627
leaf_count=64 13 44 13 75
internal_value=-1.90807e-05 -0.00405393 0.00224996 0.00412066
internal_weight=22.1703 5.14861 17.0217 15.092
internal_count=209 57 152 139
is_linear=0
shrinkage=0.03


Tree=137
num_leaves=5
num_cat=0
split_feature=6 4 2 4
split_gain=0.427603 0.282723 0.289204 0.264928
threshold=-0.62622549019607932 0.033894520272437341 -0.76004378426692998 0.024424807073003877
decision_type=2 2 2 2
left_child=-1 3 -3 -2
right_child=1 2 -4 -5
leaf_value=0.0039936603386603138 -0.00011392181520924208 -0.0020945937259351016 0.0046643482863443133 -0.006818806745170213
leaf_weight=5.2048265561461475 9.7425431720912474 3.0612448640167713 1.5270497053861607 2.6291853189468375
leaf_count=38 99 21 16 35
internal_value=-3.83647e-05 -0.0022981 0.00181023 -0.00394985
internal_weight=22.1648 16.96 4.58829 12.3717
internal_count=209 171 37 134
is_linear=0
shrinkage=0.03


Tree=138
num_leaves=5
num_cat=0
split_feature=6 4 2 4
split_gain=0.419403 0.280552 0.286168 0.262144
threshold=-0.62622549019607932 0.033894520272437341 -0.76004378426692998 0.024424807073003877
decision_type=2 2 2 2
left_child=-1 3 -3 -2
right_child=1 2 -4 -5
leaf_value=0.0039530955793071658 -0.00011223605983330445 -0.0020803592441119342 0.0046453522458694725 -0.006781806161342733
leaf_weight=5.203128848224881 9.7424059845507163 3.0581938661634922 1.5281712785363186 2.6189372427761546
leaf_count=38 99 21 16 35
internal_value=-4.0711e-05 -0.0022788 0.001809 -0.0039262
internal_weight=22.1508 16.9477 4.58637 12.3613
internal_count=209 171 37 134
is_linear=0
shrinkage=0.03


Tree=139
num_leaves=5
num_cat=0
split_feature=3 3 4 2
split_gain=0.414115 0.669814 0.311761 0.290107
threshold=-0.027212201131748159 -0.039059436034713353 0.033894520272437341 -0.043183763978578239
decision_type=2 2 2 2
left_child=1 -1 3 -2
right_child=2 -3 -4 -5
leaf_value=-0.0027536017874703047 -0.0060247283548363608 0.0072351864633745655 0.0018077085761719638 0.0012451176734847181
leaf_weight=3.6778476126492023 7.3974637724459171 3.6498069986701038 4.5844362676143637 2.8273102901875955
leaf_count=24 97 30 37 21
internal_value=-4.30508e-05 0.0035259 -0.00251838 -0.0043928
internal_weight=22.1369 7.32765 14.8092 10.2248
internal_count=209 54 155 118
is_linear=0
shrinkage=0.03


Tree=140
num_leaves=5
num_cat=0
split_feature=6 4 2 4
split_gain=0.410292 0.273966 0.284058 0.259899
threshold=-0.62622549019607932 0.033894520272437341 -0.76004378426692998 0.024424807073003877
decision_type=2 2 2 2
left_child=-1 3 -3 -2
right_child=1 2 -4 -5
leaf_value=0.0039194923490018033 -9.5131318973091505e-05 -0.0020785068951341863 0.0046190640994199913 -0.0067215938293147095
leaf_weight=5.199436321854594 9.7344852201640624 3.0577965974807739 1.5297002531588066 2.6015001721680155
leaf_count=38 99 21 16 35
internal_value=-2.76984e-05 -0.00224577 0.00179028 -0.00387624
internal_weight=22.1229 16.9235 4.5875 12.336
internal_count=209 171 37 134
is_linear=0
shrinkage=0.03


Tree=141
num_leaves=5
num_cat=0
split_feature=5 2 1 5
split_gain=0.403499 0.499252 0.478062 0.556149
threshold=0.45704360185119947 -1.7392955238089474 0.041224399262750684 -0.4143068517003855
decision_type=2 2 2 2
left_child=2 -2 3 -1
right_child=1 -3 -4 -5
leaf_value=-0.0014129877627269123 0.0025994444590951332 -0.0067235017186424093 -0.0035530065678309993 0.0069754632705708152
leaf_weight=7.1188173703849351 1.7091797627508638 3.4009134359657756 1.924474425613879 7.9556475356221217
leaf_count=64 13 44 13 75
internal_value=-3.02456e-05 -0.0039486 0.00217388 0.00403041
internal_weight=22.109 5.11009 16.9989 15.0745
internal_count=209 57 152 139
is_linear=0
shrinkage=0.03


Tree=142
num_leaves=5
num_cat=0
split_feature=6 4 2 4
split_gain=0.402884 0.272312 0.281959 0.252593
threshold=-0.62622549019607932 0.033894520272437341 -0.76004378426692998 0.024424807073003877
decision_type=2 2 2 2
left_child=-1 3 -3 -2
right_child=1 2 -4 -5
leaf_value=0.0038676277159392937 -0.00011721072023333937 -0.0020715556926657152 0.004601400366811074 -0.0066767505576326497
leaf_weight=5.1960525214672115 9.7353196814656275 3.0554760731756687 1.529226318001746 2.5874588079750529
leaf_count=38 99 21 16 35
internal_value=-4.91659e-05 -0.00224291 0.00178306 -0.00386854
internal_weight=22.1035 16.9075 4.5847 12.3228
internal_count=209 171 37 134
is_linear=0
shrinkage=0.03


Tree=143
num_leaves=5
num_cat=0
split_feature=3 3 4 2
split_gain=0.396164 0.661033 0.301967 0.284197
threshold=-0.027212201131748159 -0.039059436034713353 0.033894520272437341 -0.043183763978578239
decision_type=2 2 2 2
left_child=1 -1 3 -2
right_child=2 -3 -4 -5
leaf_value=-0.0027643649441784273 -0.0059406130694876292 0.0071411600803146132 0.0017818365422945385 0.0012424417196449
leaf_weight=3.6751436926424503 7.3673711158335209 3.6403004825115231 4.5827423594892016 2.8241183385252935
leaf_count=24 97 30 37 21
internal_value=-5.14517e-05 0.00344227 -0.00247255 -0.00432061
internal_weight=22.0897 7.31544 14.7742 10.1915
internal_count=209 54 155 118
is_linear=0
shrinkage=0.03


Tree=144
num_leaves=5
num_cat=0
split_feature=6 4 2 4
split_gain=0.394197 0.265944 0.279871 0.250504
threshold=-0.62622549019607932 0.033894520272437341 -0.76004378426692998 0.024424807073003877
decision_type=2 2 2 2
left_child=-1 3 -3 -2
right_child=1 2 -4 -5
leaf_value=0.0038351027647250458 -0.00010019322077491603 -0.0020695885667713376 0.0045754070516429305 -0.0066180022601181722
leaf_weight=5.1923042871058014 9.727374769747259 3.055054035037756 1.5306908600032318 2.5703381225466719
leaf_count=38 99 21 16 35
internal_value=-3.62895e-05 -0.00221058 0.00176467 -0.00381954
internal_weight=22.0758 16.8835 4.58574 12.2977
internal_count=209 171 37 134
is_linear=0
shrinkage=0.03


Tree=145
num_leaves=5
num_cat=0
split_feature=6 4 2 4
split_gain=0.386685 0.263943 0.276934 0.247903
threshold=-0.62622549019607932 0.033894520272437341 -0.76004378426692998 0.024424807073003877
decision_type=2 2 2 2
left_child=-1 3 -3 -2
right_child=1 2 -4 -5
leaf_value=0.0037962277605023595 -9.8711631496944727e-05 -0.0020555414823096971 0.0045567709167811119 -0.0065826703766259671
leaf_weight=5.190541788935664 9.7272542230784911 3.0520383343100548 1.5317246466875065 2.5604336671531192
leaf_count=38 99 21 16 35
internal_value=-3.87788e-05 -0.00219229 0.0017635 -0.0037971
internal_weight=22.062 16.8715 4.58376 12.2877
internal_count=209 171 37 134
is_linear=0
shrinkage=0.03


Tree=146
num_leaves=5
num_cat=0
split_feature=5 2 1 5
split_gain=0.379998 0.494645 0.466181 0.54889
threshold=0.45704360185119947 -1.7392955238089474 0.041224399262750684 -0.4143068517003855
decision_type=2 2 2 2
left_child=2 -2 3 -1
right_child=1 -3 -4 -5
leaf_value=-0.0014361311461304677 0.0026199850494662189 -0.0066316020268614101 -0.0035355238846395414 0.006875610889868768
leaf_weight=7.1124928072094953 1.7049276158213613 3.367554757744073 1.9192824512720097 7.9440091364085692
leaf_count=64 13 44 13 75
internal_value=-4.12576e-05 -0.00384685 0.00210038 0.0039431
internal_weight=22.0483 5.07248 16.9758 15.0565
internal_count=209 57 152 139
is_linear=0
shrinkage=0.03


Tree=147
num_leaves=5
num_cat=0
split_feature=6 4 2 4
split_gain=0.379788 0.262341 0.27492 0.240999
threshold=-0.62622549019607932 0.033894520272437341 -0.76004378426692998 0.024424807073003877
decision_type=2 2 2 2
left_child=-1 3 -3 -2
right_child=1 2 -4 -5
leaf_value=0.003746204186038435 -0.00012010444005040912 -0.0020489296178114922 0.004539400047564951 -0.0065393694829130487
leaf_weight=5.1870702877640751 9.7279750704765338 3.0497729852795601 1.5311735086143006 2.5467430502176276
leaf_count=38 99 21 16 35
internal_value=-5.982e-05 -0.00218988 0.00175616 -0.00378982
internal_weight=22.0427 16.8557 4.58095 12.2747
internal_count=209 171 37 134
is_linear=0
shrinkage=0.03


Tree=148
num_leaves=5
num_cat=0
split_feature=3 3 4 2
split_gain=0.375427 0.653577 0.291322 0.278341
threshold=-0.027212201131748159 -0.039059436034713353 0.033894520272437341 -0.043183763978578239
decision_type=2 2 2 2
left_child=1 -1 3 -2
right_child=2 -3 -4 -5
leaf_value=-0.0027871923015602941 -0.0058481657415591238 0.0070391082255646682 0.0017549490268608213 0.0012434646831299399
leaf_weight=3.6720321252942085 7.3292043395340443 3.6291959099471596 4.5789575539529315 2.819651432335375
leaf_count=24 97 30 37 21
internal_value=-6.2042e-05 0.00334258 -0.00241906 -0.00423862
internal_weight=22.029 7.30123 14.7278 10.1489
internal_count=209 54 155 118
is_linear=0
shrinkage=0.03


Tree=149
num_leaves=5
num_cat=0
split_feature=6 2 3 3
split_gain=0.372014 0.316191 0.295001 0.274101
threshold=-0.18853398853398576 -0.49199573217246434 -0.027212201131748159 -0.039059436034713353
decision_type=2 2 2 2
left_child=2 -2 3 -1
right_child=1 -3 -4 -5
leaf_value=-0.00083535938994781312 -0.005014234636257559 0.0015489524296226959 -0.0014808035931735152 0.0070146862700924935
leaf_weight=3.0406845025718212 6.578720461577177 4.8936292901635152 4.5339222662150878 2.968241274356842
leaf_count=19 71 51 46 22
internal_value=-4.70861e-05 -0.00279709 0.00285027 0.00500187
internal_weight=22.0152 11.4723 10.5428 6.00893
internal_count=209 122 87 41
is_linear=0
shrinkage=0.03


Tree=150
num_leaves=5
num_cat=0
split_feature=6 4 2 4
split_gain=0.367842 0.260062 0.269135 0.237928
threshold=-0.62622549019607932 0.033894520272437341 -0.76004378426692998 0.024424807073003877
decision_type=2 2 2 2
left_child=-1 3 -3 -2
right_child=1 2 -4 -5
leaf_value=0.0037056449489447944 -0.0001053849916443657 -0.0020129545018118364 0.0045152270096162116 -0.0064730983497232513
leaf_weight=5.180530413985255 9.7147192806005496 3.0420328937470913 1.5321178920567025 2.5266259536147109
leaf_count=38 99 21 16 35
internal_value=-3.41589e-05 -0.00213856 0.00177143 -0.00373915
internal_weight=21.996 16.8155 4.57415 12.2413
internal_count=209 171 37 134
is_linear=0
shrinkage=0.03


Tree=151
num_leaves=5
num_cat=0
split_feature=6 4 2 4
split_gain=0.360855 0.258104 0.266316 0.235503
threshold=-0.62622549019607932 0.033894520272437341 -0.76004378426692998 0.024424807073003877
decision_type=2 2 2 2
left_child=-1 3 -3 -2
right_child=1 2 -4 -5
leaf_value=0.0036681500022647754 -0.00010382781538280726 -0.001999326352173736 0.0044968452432931419 -0.0064389605208158831
leaf_weight=5.1787257231771973 9.7145929373800772 3.0390945300459862 1.5330916494131077 2.5169833637773982
leaf_count=38 99 21 16 35
internal_value=-3.6655e-05 -0.00212098 0.00177002 -0.00371738
internal_weight=21.9825 16.8038 4.57219 12.2316
internal_count=209 171 37 134
is_linear=0
shrinkage=0.03


Tree=152
num_leaves=5
num_cat=0
split_feature=6 4 2 4
split_gain=0.354008 0.256161 0.263528 0.233108
threshold=-0.62622549019607932 0.033894520272437341 -0.76004378426692998 0.024424807073003877
decision_type=2 2 2 2
left_child=-1 3 -3 -2
right_child=1 2 -4 -5
leaf_value=0.0036310461274652473 -0.00010229356835506493 -0.0019857980531802163 0.0044785351338933041 -0.0064050965016948149
leaf_weight=5.1769075877964523 9.714468467980625 3.036174189299345 1.5340484119951714 2.5073969587683669
leaf_count=38 99 21 16 35
internal_value=-3.91399e-05 -0.00210358 0.00176857 -0.00369581
internal_weight=21.969 16.7921 4.57022 12.2219
internal_count=209 171 37 134
is_linear=0
shrinkage=0.03


Tree=153
num_leaves=5
num_cat=0
split_feature=5 2 1 5
split_gain=0.349219 0.49297 0.452905 0.546172
threshold=0.45704360185119947 -1.7392955238089474 0.041224399262750684 -0.4143068517003855
decision_type=2 2 2 2
left_child=2 -2 3 -1
right_child=1 -3 -4 -5
leaf_value=-0.0014820325752858685 0.0026735190830347406 -0.0065141447545310595 -0.0035185406396137939 0.0067772252804412124
leaf_weight=7.1018526963889634 1.6946215108036993 3.3239011839032164 1.9132407829165448 7.9219332225620764
leaf_count=64 13 44 13 75
internal_value=-4.16132e-05 -0.0036973 0.00201204 0.00384096
internal_weight=21.9555 5.01852 16.937 15.0238
internal_count=209 57 152 139
is_linear=0
shrinkage=0.03


Tree=154
num_leaves=5
num_cat=0
split_feature=6 4 2 4
split_gain=0.347818 0.254564 0.26168 0.226694
threshold=-0.62622549019607932 0.033894520272437341 -0.76004378426692998 0.024424807073003877
decision_type=2 2 2 2
left_child=-1 3 -3 -2
right_child=1 2 -4 -5
leaf_value=0.0035834575842923493 -0.00012286039207717899 -0.0019800166834394914 0.004461478596287643 -0.0063637721390549839
leaf_weight=5.1733400635421303 9.7150802575051802 3.0340729169547558 1.5334096588194359 2.4941789433360091
leaf_count=38 99 21 16 35
internal_value=-5.98093e-05 -0.00210197 0.00176066 -0.00368911
internal_weight=21.9501 16.7767 4.56748 12.2093
internal_count=209 171 37 134
is_linear=0
shrinkage=0.03


Tree=155
num_leaves=5
num_cat=0
split_feature=3 3 4 2
split_gain=0.344495 0.641215 0.282364 0.270616
threshold=-0.027212201131748159 -0.039059436034713353 0.033894520272437341 -0.043183763978578239
decision_type=2 2 2 2
left_child=1 -1 3 -2
right_child=2 -3 -4 -5
leaf_value=-0.0028136097896198139 -0.005722766535256529 0.0068888804214247206 0.0017591701651428736 0.0012455342545809993
leaf_weight=3.6677513159811497 7.277642659842968 3.61128066107631 4.5655120536684981 2.8144851885735971
leaf_count=24 97 30 37 21
internal_value=-6.20307e-05 0.00320103 -0.00232349 -0.00412674
internal_weight=21.9367 7.27903 14.6576 10.0921
internal_count=209 54 155 118
is_linear=0
shrinkage=0.03


Tree=156
num_leaves=5
num_cat=0
split_feature=6 4 2 4
split_gain=0.340496 0.248625 0.259773 0.22501
threshold=-0.62622549019607932 0.033894520272437341 -0.76004378426692998 0.024424807073003877
decision_type=2 2 2 2
left_child=-1 3 -3 -2
right_child=1 2 -4 -5
leaf_value=0.00355447174207226 -0.00010612407953668568 -0.0019785236417582731 0.004436163438035534 -0.0063091416995544394
leaf_weight=5.1694827154278782 9.7071071974933165 3.0337504297494888 1.5346912629902352 2.4779716506600371
leaf_count=38 99 21 16 35
internal_value=-4.74579e-05 -0.00207204 0.00174227 -0.00364284
internal_weight=21.923 16.7535 4.56844 12.1851
internal_count=209 171 37 134
is_linear=0
shrinkage=0.03


Tree=157
num_leaves=5
num_cat=0
split_feature=6 4 2 4
split_gain=0.334059 0.246771 0.257055 0.222757
threshold=-0.62622549019607932 0.033894520272437341 -0.76004378426692998 0.024424807073003877
decision_type=2 2 2 2
left_child=-1 3 -3 -2
right_child=1 2 -4 -5
leaf_value=0.0035185680193286269 -0.00010455666340712605 -0.0019651500999417547 0.0044181069265988391 -0.0062763289082107526
leaf_weight=5.167634271085265 9.7069802358746546 3.0308601818978786 1.5355899818241585 2.4686199165880671
leaf_count=38 99 21 16 35
internal_value=-4.98729e-05 -0.00205518 0.00174084 -0.00362189
internal_weight=21.9097 16.7421 4.56645 12.1756
internal_count=209 171 37 134
is_linear=0
shrinkage=0.03


Tree=158
num_leaves=5
num_cat=0
split_feature=3 3 4 2
split_gain=0.330579 0.6335 0.27357 0.264952
threshold=-0.027212201131748159 -0.039059436034713353 0.033894520272437341 -0.043183763978578239
decision_type=2 2 2 2
left_child=1 -1 3 -2
right_child=2 -3 -4 -5
leaf_value=-0.0028157588497797498 -0.0056352633339892691 0.0068180384174034332 0.0017393628333641832 0.0012443046301963141
leaf_weight=3.6652313880622387 7.2508709914982319 3.6033642701804665 4.5644602030515662 2.8124871626496297
leaf_count=24 97 30 37 21
internal_value=-5.22761e-05 0.00314271 -0.00227132 -0.0040507
internal_weight=21.8964 7.2686 14.6278 10.0634
internal_count=209 54 155 118
is_linear=0
shrinkage=0.03


Tree=159
num_leaves=5
num_cat=0
split_feature=5 2 1 5
split_gain=0.330081 0.48728 0.443955 0.535779
threshold=0.45704360185119947 -1.7392955238089474 0.041224399262750684 -0.4143068517003855
decision_type=2 2 2 2
left_child=2 -2 3 -1
right_child=1 -3 -4 -5
leaf_value=-0.0014836685139918669 0.0026887310580349616 -0.0064215717420353273 -0.0035035624376054952 0.0066893479589252361
leaf_weight=7.0915511846542394 1.6910278759896753 3.2885305117815724 1.9078958705067623 7.9038025625050086
leaf_count=64 13 44 13 75
internal_value=-3.80365e-05 -0.00359818 0.00195837 0.00377696
internal_weight=21.8828 4.97956 16.9032 14.9954
internal_count=209 57 152 139
is_linear=0
shrinkage=0.03


end of trees

feature_importances:
Column_2=152
Column_4=133
Column_3=114
Column_5=90
Column_6=87
Column_1=64

parameters:
[boosting: gbdt]
[objective: binary]
[metric: binary_logloss]
[tree_learner: serial]
[device_type: cpu]
[data_sample_strategy: bagging]
[data: ]
[valid: ]
[num_iterations: 160]
[learning_rate: 0.03]
[num_leaves: 5]
[num_threads: 4]
[seed: 20260725]
[deterministic: 1]
[force_col_wise: 1]
[force_row_wise: 0]
[histogram_pool_size: -1]
[max_depth: 3]
[min_data_in_leaf: 12]
[min_sum_hessian_in_leaf: 0.001]
[bagging_fraction: 1]
[pos_bagging_fraction: 1]
[neg_bagging_fraction: 1]
[bagging_freq: 0]
[bagging_seed: 21817]
[bagging_by_query: 0]
[feature_fraction: 1]
[feature_fraction_bynode: 1]
[feature_fraction_seed: 22070]
[extra_trees: 0]
[extra_seed: 28444]
[early_stopping_round: 0]
[early_stopping_min_delta: 0]
[first_metric_only: 0]
[max_delta_step: 0]
[lambda_l1: 0]
[lambda_l2: 10]
[linear_lambda: 0]
[min_gain_to_split: 0]
[drop_rate: 0.1]
[max_drop: 50]
[skip_drop: 0.5]
[xgboost_dart_mode: 0]
[uniform_drop: 0]
[drop_seed: 12683]
[top_rate: 0.2]
[other_rate: 0.1]
[min_data_per_group: 100]
[max_cat_threshold: 32]
[cat_l2: 10]
[cat_smooth: 10]
[max_cat_to_onehot: 4]
[top_k: 20]
[monotone_constraints: ]
[monotone_constraints_method: basic]
[monotone_penalty: 0]
[feature_contri: ]
[forcedsplits_filename: ]
[refit_decay_rate: 0.9]
[cegb_tradeoff: 1]
[cegb_penalty_split: 0]
[cegb_penalty_feature_lazy: ]
[cegb_penalty_feature_coupled: ]
[path_smooth: 0]
[interaction_constraints: ]
[verbosity: -1]
[saved_feature_importance_type: 0]
[use_quantized_grad: 0]
[num_grad_quant_bins: 4]
[quant_train_renew_leaf: 0]
[stochastic_rounding: 1]
[linear_tree: 0]
[max_bin: 31]
[max_bin_by_feature: ]
[min_data_in_bin: 3]
[bin_construct_sample_cnt: 200000]
[data_random_seed: 4449]
[is_enable_sparse: 1]
[enable_bundle: 1]
[use_missing: 1]
[zero_as_missing: 0]
[feature_pre_filter: 1]
[pre_partition: 0]
[two_round: 0]
[header: 0]
[label_column: ]
[weight_column: ]
[group_column: ]
[ignore_column: ]
[categorical_feature: ]
[forcedbins_filename: ]
[precise_float_parser: 0]
[parser_config_file: ]
[objective_seed: 26564]
[num_class: 1]
[is_unbalance: 0]
[scale_pos_weight: 1]
[sigmoid: 1]
[boost_from_average: 1]
[reg_sqrt: 0]
[alpha: 0.9]
[fair_c: 1]
[poisson_max_delta_step: 0.7]
[tweedie_variance_power: 1.5]
[lambdarank_truncation_level: 30]
[lambdarank_norm: 1]
[label_gain: ]
[lambdarank_position_bias_regularization: 0]
[eval_at: ]
[multi_error_top_k: 1]
[auc_mu_weights: ]
[num_machines: 1]
[local_listen_port: 12400]
[time_out: 120]
[machine_list_filename: ]
[machines: ]
[gpu_platform_id: -1]
[gpu_device_id: -1]
[gpu_device_id_list: ]
[gpu_use_dp: 0]
[num_gpu: 1]

end of parameters

pandas_categorical:null
