tree
version=v4
num_class=1
num_tree_per_iteration=1
label_index=0
max_feature_idx=18
objective=binary sigmoid:1
feature_names=Column_0 Column_1 Column_2 Column_3 Column_4 Column_5 Column_6 Column_7 Column_8 Column_9 Column_10 Column_11 Column_12 Column_13 Column_14 Column_15 Column_16 Column_17 Column_18
feature_infos=[-1:1] [0:0.049724579425338811] [-6.5644750209736094:3.5533095058261588] [-0.1594845880090473:0.12089014455228318] [-0.13498430415068019:0.15578744757213814] [-0.93675889328063244:0.93193443992065905] [-1:1] [0:1] [0:1] [0:0.76897470039946803] [0:0.64259485924112592] [-0.75784916777075229:0.91581793543725698] [-1.6584505911716183:1.3021443071567942] [7.1927892746015409e-05:0.9677204418031331] [-3.3938033244962891:3.1371353158049651] [-1.450862322171024:1.661272285901422] [-0.62818084384598238:1.4691283195050333] [0.16666666666666666:0.77777777777777779] [0:1]
tree_sizes=662 677 675 677 673 672 670 674 675 671 672 676 678 676 678 686 679 684 678 682 677 676 681 677 681 679 680 680 678 681 677 681 681 676 676 680 678 685 678 678 677 681 683 682 673 681 686 679 682 674 683 680 676 681 675 685 680 680 678 682 684 680 680 680 682 681 678 678 676 686 680 680 680 675 684 676 683 679 677 679 677 683 681 684 678 678 682 681 681 678 680 684 682 683 677 688 682 680 681 679 682 681 681 681 680 681 683 684 682 679 579 684 579 682 681 579 680 689 576 684 680 581 679 689 579 683 687 579 685 683 679 686 683 684 685 682 685 680 681 683 685 684 684 681 689 680 684 678 581 684 677 688 680 683 681 684 677 688 680 689

Tree=0
num_leaves=5
num_cat=0
split_feature=5 15 1 17
split_gain=6.01695 1.62494 0.993243 0.737142
threshold=0.25519208118562647 0.54685671081041953 0.041224399262750684 0.58333333333333348
decision_type=2 2 2 2
left_child=1 2 -1 -2
right_child=3 -3 -4 -5
leaf_value=-0.43926110056135825 -0.46849370808141827 -0.45745497528800416 -0.45610785299908846 -0.45314336049123183
leaf_weight=10.423791043460371 8.0405315533280355 2.9335469566285601 1.3460269421339024 1.7221227139234532
leaf_count=94 70 21 9 15
internal_value=-0.454255 -0.444385 -0.441154 -0.466593
internal_weight=24.466 14.7034 11.7698 9.76265
internal_count=209 124 103 85
is_linear=0
shrinkage=1


Tree=1
num_leaves=5
num_cat=0
split_feature=5 15 1 17
split_gain=5.83164 1.58092 0.969036 0.722522
threshold=0.25519208118562647 0.54685671081041953 0.041224399262750684 0.58333333333333348
decision_type=2 2 2 2
left_child=1 2 -1 -2
right_child=3 -3 -4 -5
leaf_value=0.014739387274071866 -0.014068565674453156 -0.0031784540643452395 -0.0018460782760370163 0.0011069714942685679
leaf_weight=10.458191569894554 8.0146223157644254 2.9314445964992037 1.3454691320657719 1.7225498780608166
leaf_count=94 70 21 9 15
internal_value=-2.81034e-05 0.00968238 0.0128692 -0.0121833
internal_weight=24.4723 14.7351 11.8037 9.73717
internal_count=209 124 103 85
is_linear=0
shrinkage=0.03


Tree=2
num_leaves=5
num_cat=0
split_feature=5 15 1 17
split_gain=5.6522 1.53822 0.945529 0.708248
threshold=0.25519208118562647 0.54685671081041953 0.041224399262750684 0.58333333333333348
decision_type=2 2 2 2
left_child=1 2 -1 -2
right_child=3 -3 -4 -5
leaf_value=0.014489734789048187 -0.013901374592022933 -0.0031573590038908848 -0.0018396022504993145 0.001102051246075353
leaf_weight=10.491022489964964 7.9883504547178728 2.9293435476720324 1.3449113219976414 1.7229742482304571
leaf_count=94 70 21 9 15
internal_value=-5.58843e-05 0.00949785 0.0126415 -0.0120308
internal_weight=24.4766 14.7653 11.8359 9.71132
internal_count=209 124 103 85
is_linear=0
shrinkage=0.03


Tree=3
num_leaves=5
num_cat=0
split_feature=5 15 1 17
split_gain=5.47841 1.49678 0.922696 0.694309
threshold=0.25519208118562647 0.54685671081041953 0.041224399262750684 0.58333333333333348
decision_type=2 2 2 2
left_child=1 2 -1 -2
right_child=3 -3 -4 -5
leaf_value=0.014245081478362714 -0.013736796625125811 -0.0031364156785484969 -0.0018331514263525142 0.0010971519821612874
leaf_weight=10.522332314401867 7.9617451392114145 2.9272441193461409 1.3443535864353169 1.7233957797288892
leaf_count=94 70 21 9 15
internal_value=-8.33354e-05 0.00931684 0.0124183 -0.0118808
internal_weight=24.4791 14.7939 11.8667 9.68514
internal_count=209 124 103 85
is_linear=0
shrinkage=0.03


Tree=4
num_leaves=5
num_cat=0
split_feature=5 15 1 17
split_gain=5.3101 1.45656 0.900513 0.680697
threshold=0.25519208118562647 0.54685671081041953 0.041224399262750684 0.58333333333333348
decision_type=2 2 2 2
left_child=1 2 -1 -2
right_child=3 -3 -4 -5
leaf_value=0.014005293763075861 -0.013574773948116915 -0.0031156223035958852 -0.0018267253835526636 0.001092273806930724
leaf_weight=10.552168391644956 7.9348330833017808 2.9251463785767546 1.3437958657741536 1.7238145172595976
leaf_count=94 70 21 9 15
internal_value=-0.000110453 0.00913929 0.0121994 -0.011733
internal_weight=24.4798 14.8211 11.896 9.65865
internal_count=209 124 103 85
is_linear=0
shrinkage=0.03


Tree=5
num_leaves=5
num_cat=0
split_feature=5 15 17 17
split_gain=5.1471 1.41753 0.9066 0.667401
threshold=0.25519208118562647 0.54685671081041953 0.5277777777777779 0.58333333333333348
decision_type=2 2 2 2
left_child=1 2 -1 -2
right_child=3 -3 -4 -5
leaf_value=0.01551737454236867 -0.013415246522008142 -0.0030949782699416064 0.00048260349723525385 0.0010874163528162863
leaf_weight=6.4515052288770693 7.9076406471431238 2.9230504631996146 5.4723119176924229 1.7242306619882581
leaf_count=54 70 21 49 15
internal_value=-0.000137235 0.0089651 0.0119847 -0.0115876
internal_weight=24.4787 14.8469 11.9238 9.63187
internal_count=209 124 103 85
is_linear=0
shrinkage=0.03


Tree=6
num_leaves=5
num_cat=0
split_feature=5 15 17 17
split_gain=5.01406 1.38818 0.883233 0.654412
threshold=0.25519208118562647 0.54685671081041953 0.5277777777777779 0.58333333333333348
decision_type=2 2 2 2
left_child=1 2 -1 -2
right_child=3 -3 -4 -5
leaf_value=0.01531695945000011 -0.013258158623739309 -0.0030744827511177703 0.00047746687280652889 0.001082580209008
leaf_weight=6.470398850739004 7.8801925778388959 2.9209567718207827 5.4728236645460129 1.7246439680457113
leaf_count=54 70 21 49 15
internal_value=-0.000128423 0.00884561 0.0118335 -0.0114444
internal_weight=24.469 14.8642 11.9432 9.60484
internal_count=209 124 103 85
is_linear=0
shrinkage=0.03


Tree=7
num_leaves=5
num_cat=0
split_feature=5 15 1 17
split_gain=4.88458 1.3595 0.87312 0.641721
threshold=0.25519208118562647 0.54685671081041953 0.041224399262750684 0.58333333333333348
decision_type=2 2 2 2
left_child=1 2 -1 -2
right_child=3 -3 -4 -5
leaf_value=0.013477496413836923 -0.013103455525933679 -0.0030541336405356802 -0.0018700303252951814 0.0010777643249160647
leaf_weight=10.614251349121334 7.8525133170187456 2.9188652709126464 1.3474419638514508 1.7250546030700205
leaf_count=94 70 21 9 15
internal_value=-0.000120154 0.0087278 0.0116844 -0.0113034
internal_weight=24.4581 14.8806 11.9617 9.57757
internal_count=209 124 103 85
is_linear=0
shrinkage=0.03


Tree=8
num_leaves=5
num_cat=0
split_feature=5 15 17 17
split_gain=4.73479 1.32321 0.889196 0.62932
threshold=0.25519208118562647 0.54685671081041953 0.5277777777777779 0.58333333333333348
decision_type=2 2 2 2
left_child=1 2 -1 -2
right_child=3 -3 -4 -5
leaf_value=0.014965004650578042 -0.01295108439882982 -0.0030339303113491086 0.00035128935177423779 0.0010729696101240296
leaf_weight=6.5016736686229724 7.8246253505349141 2.9167761765420428 5.4847927764058113 1.7254625670611856
leaf_count=54 70 21 49 15
internal_value=-0.000147112 0.00856108 0.0114792 -0.0111645
internal_weight=24.4533 14.9032 11.9865 9.55009
internal_count=209 124 103 85
is_linear=0
shrinkage=0.03


Tree=9
num_leaves=5
num_cat=0
split_feature=5 15 17 17
split_gain=4.61272 1.29597 0.866532 0.617201
threshold=0.25519208118562647 0.54685671081041953 0.5277777777777779 0.58333333333333348
decision_type=2 2 2 2
left_child=1 2 -1 -2
right_child=3 -3 -4 -5
leaf_value=0.014773257833949794 -0.012800994324151401 -0.0030138713397089654 0.0003475481979201611 0.0010681951482465488
leaf_weight=6.5180213972926158 7.7965507172048074 2.914689637720584 5.4851547740399837 1.7258678153157232
leaf_count=54 70 21 49 15
internal_value=-0.0001395 0.0084471 0.011335 -0.0110277
internal_weight=24.4403 14.9179 12.0032 9.52242
internal_count=209 124 103 85
is_linear=0
shrinkage=0.03


Tree=10
num_leaves=5
num_cat=0
split_feature=5 15 1 17
split_gain=4.4939 1.26933 0.846536 0.605355
threshold=0.25519208118562647 0.54685671081041953 0.041224399262750684 0.58333333333333348
decision_type=2 2 2 2
left_child=1 2 -1 -2
right_child=3 -3 -4 -5
leaf_value=0.012974021782435931 -0.012653135955254245 -0.0029939558867235548 -0.0019112472052747788 0.0010634413842420586
leaf_weight=10.668331880122425 7.7683105841279012 2.912605892866849 1.3506826162338246 1.7262704260647295
leaf_count=94 70 21 9 15
internal_value=-0.00013237 0.0083347 0.0111929 -0.010893
internal_weight=24.4262 14.9316 12.019 9.49458
internal_count=209 124 103 85
is_linear=0
shrinkage=0.03


Tree=11
num_leaves=5
num_cat=0
split_feature=5 3 13 17
split_gain=4.35622 1.25558 1.17605 0.593776
threshold=0.25519208118562647 -0.039059436034713353 0.79491277500152491 0.58333333333333348
decision_type=2 2 2 2
left_child=1 -1 -3 -2
right_child=3 2 -4 -5
leaf_value=-0.002582556784296993 -0.012507460464440841 0.013924134319793951 -0.0022034763439179495 0.0010587081973985211
leaf_weight=3.7531295493245116 7.7399251945316774 9.1127435751259345 2.0855857804417601 1.7266704104840753
leaf_count=24 70 80 20 15
internal_value=-0.000159405 0.00817507 0.011298 -0.0107603
internal_weight=24.4181 14.9515 11.1983 9.4666
internal_count=209 124 100 85
is_linear=0
shrinkage=0.03


Tree=12
num_leaves=5
num_cat=0
split_feature=5 3 13 17
split_gain=4.2297 1.22186 1.14816 0.582455
threshold=0.25519208118562647 -0.039059436034713353 0.79491277500152491 0.58333333333333348
decision_type=2 2 2 2
left_child=1 -1 -3 -2
right_child=3 2 -4 -5
leaf_value=-0.0025617800865756187 -0.012363922368291765 0.013709263660807417 -0.0021922171026614689 0.0010539953476841292
leaf_weight=3.7511932589113703 7.7114137783646566 9.1343076452612895 2.0847814343869677 1.7270678356289861
leaf_count=24 70 80 20 15
internal_value=-0.000175101 0.00803344 0.0111138 -0.0106295
internal_weight=24.4088 14.9703 11.2191 9.43848
internal_count=209 124 100 85
is_linear=0
shrinkage=0.03


Tree=13
num_leaves=5
num_cat=0
split_feature=5 15 17 17
split_gain=4.10696 1.20633 0.920385 0.571386
threshold=0.25519208118562647 0.54685671081041953 0.47222222222222227 0.58333333333333348
decision_type=2 2 2 2
left_child=1 2 -1 -2
right_child=3 -3 -4 -5
leaf_value=0.015071722197583617 -0.012222476388396608 -0.0030097783797736382 0.0008273896514796867 0.0010493027255894592
leaf_weight=4.7141024842858332 7.6827943883836252 2.9140984639525405 7.3597854524850845 1.727462589740753
leaf_count=40 70 21 63 15
internal_value=-0.000190716 0.00789426 0.0106973 -0.0105007
internal_weight=24.3982 14.988 12.0739 9.41026
internal_count=209 124 103 85
is_linear=0
shrinkage=0.03


Tree=14
num_leaves=5
num_cat=0
split_feature=5 15 17 17
split_gain=4.01029 1.18489 0.902666 0.560562
threshold=0.25519208118562647 0.54685671081041953 0.47222222222222227 0.58333333333333348
decision_type=2 2 2 2
left_child=1 2 -1 -2
right_child=3 -3 -4 -5
leaf_value=0.014916917645745223 -0.012083079961861795 -0.0029898928366005029 0.00081681705522923585 0.0010446305406333573
leaf_weight=4.7237637527287024 7.6540847532451135 2.9120156429707995 7.3608089163899422 1.7278548292815683
leaf_count=40 70 21 63 15
internal_value=-0.000170345 0.0078094 0.0105872 -0.0103738
internal_weight=24.3785 14.9966 12.0846 9.38194
internal_count=209 124 103 85
is_linear=0
shrinkage=0.03


Tree=15
num_leaves=5
num_cat=0
split_feature=6 17 15 2
split_gain=3.94432 0.941179 0.501665 0.43531
threshold=-0.46328340176312882 0.41666666666666669 -0.036099892709313894 -1.0000000180025095e-35
decision_type=2 2 2 2
left_child=-1 2 -2 -3
right_child=1 3 -4 -5
leaf_value=0.010872589306981727 0.0055306439795843095 -0.011290746339433952 -0.0034338426775198001 0.00054419993631219248
leaf_weight=7.6799427382648018 2.3804889731109147 10.661695417016746 1.4256790094077612 2.2103180810809091
leaf_count=59 25 99 11 15
internal_value=-0.000150656 -0.00739942 0.00211776 -0.0099091
internal_weight=24.3581 16.6782 3.80617 12.872
internal_count=209 150 36 114
is_linear=0
shrinkage=0.03


Tree=16
num_leaves=5
num_cat=0
split_feature=5 3 13 17
split_gain=3.84224 1.18154 1.12511 0.557332
threshold=0.25519208118562647 -0.039059436034713353 0.79491277500152491 0.58333333333333348
decision_type=2 2 2 2
left_child=1 -1 -3 -2
right_child=3 2 -4 -5
leaf_value=-0.0026157110783474693 -0.011860305357002273 0.013298211463871378 -0.0022526937089918492 0.0010865919889952403
leaf_weight=3.7538135945796958 7.6070935390889627 9.1703509204089659 2.0883275195956221 1.7242974378168581
leaf_count=24 70 80 20 15
internal_value=-0.000127007 0.00766513 0.0107109 -0.0101434
internal_weight=24.3439 15.0125 11.2587 9.33139
internal_count=209 124 100 85
is_linear=0
shrinkage=0.03


Tree=17
num_leaves=5
num_cat=0
split_feature=6 17 15 12
split_gain=3.78565 0.91828 0.494676 0.447793
threshold=-0.46328340176312882 0.41666666666666669 -0.036099892709313894 0.71045354934653082
decision_type=2 2 2 2
left_child=-1 2 -2 -3
right_child=1 3 -4 -5
leaf_value=0.010641736372432776 0.0054980668220918809 -0.011595086374114737 -0.0034066631720433773 -5.333141691819253e-05
leaf_weight=7.7007597312331226 2.3806722499430184 9.1234437935054284 1.4219870120286966 3.7041287869215003
leaf_count=59 25 83 11 31
internal_value=-0.000143984 -0.00725904 0.00211256 -0.00974562
internal_weight=24.331 16.6302 3.80266 12.8276
internal_count=209 150 36 114
is_linear=0
shrinkage=0.03


Tree=18
num_leaves=5
num_cat=0
split_feature=4 13 16 17
split_gain=3.70722 1.1657 0.771795 0.701145
threshold=0.020633256105168089 0.5227217026615697 -0.11395723081868554 0.47222222222222227
decision_type=2 2 2 2
left_child=1 -1 -2 -3
right_child=2 3 -4 -5
leaf_value=0.012506969782064063 0.001219917918077468 0.0045580186660073513 -0.012158432584817268 -0.0049313537033410021
leaf_weight=6.0573517419397858 2.8444084189832211 3.4135436750948411 7.1970256902277452 4.808204535394907
leaf_count=46 31 30 55 47
internal_value=-0.000130425 0.00778215 -0.00965099 -0.00065226
internal_weight=24.3205 14.2791 10.0414 8.22175
internal_count=209 123 86 77
is_linear=0
shrinkage=0.03


Tree=19
num_leaves=5
num_cat=0
split_feature=6 17 2 12
split_gain=3.63708 0.893451 0.490415 0.448764
threshold=-0.46328340176312882 0.41666666666666669 -0.71567444349447784 0.71045354934653082
decision_type=2 2 2 2
left_child=-1 2 -2 -3
right_child=1 3 -4 -5
leaf_value=0.010439252945067069 -0.0032166461093834403 -0.011419807163341227 0.0056434221314851183 -7.8168207934208773e-09
leaf_weight=7.7185062058270004 1.8798070810735228 9.0911670252680761 1.9203936830163026 3.696724794805049
leaf_count=59 14 83 22 31
internal_value=-0.000116331 -0.0071069 0.00210567 -0.00956725
internal_weight=24.3066 16.5881 3.8002 12.7879
internal_count=209 150 36 114
is_linear=0
shrinkage=0.03


Tree=20
num_leaves=5
num_cat=0
split_feature=4 13 16 17
split_gain=3.57056 1.14644 0.763976 0.685202
threshold=0.020633256105168089 0.5227217026615697 -0.11395723081868554 0.47222222222222227
decision_type=2 2 2 2
left_child=1 -1 -2 -3
right_child=2 3 -4 -5
leaf_value=0.012335770195833722 0.00125572400757279 0.0044833571374786616 -0.011970391925101187 -0.0048994900336631307
leaf_weight=6.070460811257365 2.8396948799490929 3.418049927800892 7.1617504581809026 4.8043078631162643
leaf_count=46 31 30 55 47
internal_value=-0.000100422 0.00765106 -0.0094648 -0.000679146
internal_weight=24.2943 14.2928 10.0014 8.22236
internal_count=209 123 86 77
is_linear=0
shrinkage=0.03


Tree=21
num_leaves=5
num_cat=0
split_feature=5 3 13 17
split_gain=3.49874 1.15259 1.09111 0.562414
threshold=0.25519208118562647 -0.039059436034713353 0.79491277500152491 0.58333333333333348
decision_type=2 2 2 2
left_child=1 -1 -3 -2
right_child=3 2 -4 -5
leaf_value=-0.0026867605526055857 -0.011447863278461878 0.01290947390057319 -0.0022765243546531777 0.001207305807412046
leaf_weight=3.7584827318787566 7.5161619558930379 9.201586566865446 2.0896061435341826 1.7136163786053655
leaf_count=24 70 80 20 15
internal_value=-8.71181e-05 0.00732123 0.0103498 -0.0096923
internal_weight=24.2795 15.0497 11.2912 9.22978
internal_count=209 124 100 85
is_linear=0
shrinkage=0.03


Tree=22
num_leaves=5
num_cat=0
split_feature=6 17 15 12
split_gain=3.45279 0.871894 0.481015 0.456666
threshold=-0.46328340176312882 0.41666666666666669 -0.036099892709313894 0.71045354934653082
decision_type=2 2 2 2
left_child=-1 2 -2 -3
right_child=1 3 -4 -5
leaf_value=0.010164266959773446 0.0054449721743191192 -0.011244991724846424 -0.0033461997120593804 8.021323858614517e-05
leaf_weight=7.7400548197329071 2.378581710159779 9.0499999634921533 1.4128009416162992 3.6831749305129042
leaf_count=59 25 83 11 31
internal_value=-0.00010487 -0.0069335 0.0021181 -0.00937482
internal_weight=24.2646 16.5246 3.79138 12.7332
internal_count=209 150 36 114
is_linear=0
shrinkage=0.03


Tree=23
num_leaves=5
num_cat=0
split_feature=4 13 2 16
split_gain=3.3654 1.12793 1.15908 0.75843
threshold=0.020633256105168089 0.5227217026615697 -1.0705918629200584 -0.11395723081868554
decision_type=2 2 2 2
left_child=1 -1 -3 -2
right_child=3 2 -4 -5
leaf_value=0.012069449356908065 0.0013215911345242463 0.0059278995932252592 -0.0062686288043877518 -0.011721085712767466
leaf_weight=6.0880122520029571 2.8292176760733128 3.3794874250888816 4.8462131246924391 7.1091406606137735
leaf_count=46 31 27 50 55
internal_value=-9.23277e-05 0.00742052 -0.000754602 -0.00920751
internal_weight=24.2521 14.3137 8.2257 9.93836
internal_count=209 123 77 86
is_linear=0
shrinkage=0.03


Tree=24
num_leaves=5
num_cat=0
split_feature=6 17 14 12
split_gain=3.30673 0.855582 0.677854 0.456956
threshold=-0.46328340176312882 0.41666666666666669 1.0704344835507738 0.71045354934653082
decision_type=2 2 2 2
left_child=-1 2 -2 -3
right_child=1 3 -4 -5
leaf_value=0.0099560541654168007 0.0061938078780175588 -0.011079174720209863 -0.0041616193873960754 0.00013019088172082986
leaf_weight=7.7562562339007881 2.4040405303239853 9.0172212608158571 1.3830364942550657 3.6757241934537879
leaf_count=59 27 83 9 31
internal_value=-7.81637e-05 -0.00677712 0.00213652 -0.00920615
internal_weight=24.2363 16.48 3.78708 12.6929
internal_count=209 150 36 114
is_linear=0
shrinkage=0.03


Tree=25
num_leaves=5
num_cat=0
split_feature=5 3 13 17
split_gain=3.24641 1.1239 1.06821 0.560301
threshold=0.25519208118562647 -0.039059436034713353 0.79491277500152491 0.58333333333333348
decision_type=2 2 2 2
left_child=1 -1 -3 -2
right_child=3 2 -4 -5
leaf_value=-0.0027288491064814111 -0.011128629640342218 0.012602361873607543 -0.0023067945516773913 0.0012820373964290319
leaf_weight=3.7596233896911135 7.4421549737453443 9.2224534377455729 2.0910607464611521 1.7066067941486833
leaf_count=24 70 80 20 15
internal_value=-6.69218e-05 0.00705172 0.0100573 -0.00935303
internal_weight=24.2219 15.0731 11.3135 9.14876
internal_count=209 124 100 85
is_linear=0
shrinkage=0.03


Tree=26
num_leaves=5
num_cat=0
split_feature=6 17 14 12
split_gain=3.17866 0.835829 0.663053 0.452157
threshold=-0.46328340176312882 0.41666666666666669 1.0704344835507738 0.71045354934653082
decision_type=2 2 2 2
left_child=-1 2 -2 -3
right_child=1 3 -4 -5
leaf_value=0.0097456462651315454 0.0061343775754556266 -0.010934430663926331 -0.0041116232508653537 0.00015619715461657815
leaf_weight=7.7710884176194694 2.4058516994118722 8.9828883223235589 1.3760939575731752 3.6697185710072509
leaf_count=59 27 83 9 31
internal_value=-8.51672e-05 -0.00666188 0.002128 -0.0090688
internal_weight=24.2056 16.4346 3.78195 12.6526
internal_count=209 150 36 114
is_linear=0
shrinkage=0.03


Tree=27
num_leaves=5
num_cat=0
split_feature=4 13 2 16
split_gain=3.11799 1.12377 1.12819 0.755547
threshold=0.020633256105168089 0.5227217026615697 -1.0705918629200584 -0.11395723081868554
decision_type=2 2 2 2
left_child=1 -1 -3 -2
right_child=3 2 -4 -5
leaf_value=0.011789423615399777 0.0014192914542840633 0.0057609463283350365 -0.0062790294629705761 -0.011412370364761332
leaf_weight=6.1029187552630928 2.8139537051320076 3.3880860134959212 4.8430620953440657 7.0423523820936662
leaf_count=46 31 27 50 55
internal_value=-7.41364e-05 0.00714111 -0.000881567 -0.00887914
internal_weight=24.1904 14.3341 8.23115 9.85631
internal_count=209 123 77 86
is_linear=0
shrinkage=0.03


Tree=28
num_leaves=5
num_cat=0
split_feature=5 17 6 16
split_gain=3.05033 1.14115 0.695771 0.663029
threshold=0.25519208118562647 0.47222222222222227 -0.22492575917233906 0.30282441975108032
decision_type=2 2 2 2
left_child=1 3 -3 -1
right_child=-2 2 -4 -5
leaf_value=0.01415860250488234 -0.0090867852600461981 0.0037123621408652815 -0.0055685688926347546 -0.00097526672562061288
leaf_weight=3.8354601413011578 9.0827281437814218 6.306776985526084 3.2318052463233462 1.7164869941771028
leaf_count=33 85 48 29 14
internal_value=-6.09286e-05 0.00682802 -0.0006728 0.0118612
internal_weight=24.1733 15.0905 9.53858 5.55195
internal_count=209 124 77 47
is_linear=0
shrinkage=0.03


Tree=29
num_leaves=5
num_cat=0
split_feature=6 17 14 12
split_gain=2.99062 0.806427 0.641547 0.46532
threshold=-0.46328340176312882 0.41666666666666669 1.0704344835507738 0.71045354934653082
decision_type=2 2 2 2
left_child=-1 2 -2 -3
right_child=1 3 -4 -5
leaf_value=0.0094742344412625766 0.0060591338876562094 -0.010719369430035005 -0.0040297729970672517 0.00027101899115198312
leaf_weight=7.7887801639735725 2.407982923090461 8.9351580403745157 1.3646317347884176 3.6533321365714064
leaf_count=59 27 83 9 31
internal_value=-3.96143e-05 -0.00644464 0.00213356 -0.00882187
internal_weight=24.1499 16.3611 3.77261 12.5885
internal_count=209 150 36 114
is_linear=0
shrinkage=0.03


Tree=30
num_leaves=5
num_cat=0
split_feature=4 13 2 16
split_gain=2.93821 1.12029 1.10231 0.747234
threshold=0.020633256105168089 0.5227217026615697 -1.0705918629200584 -0.11395723081868554
decision_type=2 2 2 2
left_child=1 -1 -3 -2
right_child=3 2 -4 -5
leaf_value=0.011603586648941493 0.001483711651655774 0.0056349410529324684 -0.0062722496056550267 -0.011147411854794887
leaf_weight=6.1114739365875748 2.8036122843623161 3.3935961276292792 4.8393070735037318 6.9855974055826646
leaf_count=46 31 27 50 55
internal_value=-2.9338e-05 0.00695632 -0.000965492 -0.00860815
internal_weight=24.1336 14.3444 8.2329 9.78921
internal_count=209 123 77 86
is_linear=0
shrinkage=0.03


Tree=31
num_leaves=5
num_cat=0
split_feature=5 17 6 16
split_gain=2.88164 1.13492 0.659703 0.655161
threshold=0.25519208118562647 0.47222222222222227 -0.22492575917233906 0.30282441975108032
decision_type=2 2 2 2
left_child=1 3 -3 -1
right_child=-2 2 -4 -5
leaf_value=0.013972430334128079 -0.0088216434297470406 0.0035540758773119235 -0.0054898554054880738 -0.00099088409998398163
leaf_weight=3.8411240205168751 9.017270088195799 6.3164939060807219 3.2240180224180213 1.7166985645890234
leaf_count=33 85 48 29 14
internal_value=-1.72125e-05 0.00666085 -0.000747569 0.0116844
internal_weight=24.1156 15.0983 9.54051 5.55782
internal_count=209 124 77 47
is_linear=0
shrinkage=0.03


Tree=32
num_leaves=5
num_cat=0
split_feature=6 17 14 12
split_gain=2.81379 0.777941 0.620902 0.477096
threshold=-0.46328340176312882 0.41666666666666669 1.0704344835507738 0.71045354934653082
decision_type=2 2 2 2
left_child=-1 2 -2 -3
right_child=1 3 -4 -5
leaf_value=0.0092108454518735373 0.0059848611114645426 -0.01051071391561525 -0.0039506224249209517 0.00038136290802752714
leaf_weight=7.8042463511228588 2.4097196497023137 8.8872365318238717 1.3532187193632124 3.6371469721198073
leaf_count=59 27 83 9 31
internal_value=2.71891e-06 -0.00623492 0.00213749 -0.00858259
internal_weight=24.0916 16.2873 3.76294 12.5244
internal_count=209 150 36 114
is_linear=0
shrinkage=0.03


Tree=33
num_leaves=5
num_cat=0
split_feature=5 17 13 16
split_gain=2.77216 1.11569 0.666209 0.648867
threshold=0.25519208118562647 0.47222222222222227 0.5227217026615697 0.30282441975108032
decision_type=2 2 2 2
left_child=1 3 -3 -1
right_child=-2 2 -4 -5
leaf_value=0.013813169061958164 -0.0086445421378255147 0.0039044709368597536 -0.0051382981392202815 -0.00100542859771601
leaf_weight=3.8457536436617401 8.9729462489485723 5.1210051365196687 4.4173851497471333 1.7172534354031084
leaf_count=33 85 35 42 14
internal_value=1.23008e-05 0.00655069 -0.000769833 0.011532
internal_weight=24.0743 15.1014 9.53839 5.56301
internal_count=209 124 77 47
is_linear=0
shrinkage=0.03


Tree=34
num_leaves=5
num_cat=0
split_feature=4 13 2 16
split_gain=2.72453 1.10705 1.07588 0.741089
threshold=0.020633256105168089 0.5227217026615697 -1.0705918629200584 -0.11395723081868554
decision_type=2 2 2 2
left_child=1 -1 -3 -2
right_child=3 2 -4 -5
leaf_value=0.011365684898707698 0.0015800983842082751 0.0055084167112601119 -0.0062629414890147958 -0.010823222677842578
leaf_weight=6.1204364821314838 2.787118211388588 3.3967471010982981 4.8331681303679934 6.9117534011602384
leaf_count=46 31 27 50 55
internal_value=3.76113e-05 0.00673975 -0.00104797 -0.0082662
internal_weight=24.0492 14.3504 8.22992 9.69887
internal_count=209 123 77 86
is_linear=0
shrinkage=0.03


Tree=35
num_leaves=5
num_cat=0
split_feature=6 17 14 12
split_gain=2.6679 0.752725 0.601077 0.484568
threshold=-0.46328340176312882 0.41666666666666669 1.0704344835507738 0.71045354934653082
decision_type=2 2 2 2
left_child=-1 2 -2 -3
right_child=1 3 -4 -5
leaf_value=0.0089958297191964874 0.0059115811716919237 -0.010321356623484164 -0.0038740384966306921 0.00047172814922167574
leaf_weight=7.8142026029527214 2.411070715636018 8.8408786840736848 1.3418680950999258 3.6222860664129248
leaf_count=59 27 83 9 31
internal_value=4.83786e-05 -0.00604999 0.00213992 -0.00837092
internal_weight=24.0303 16.2161 3.75294 12.4632
internal_count=209 150 36 114
is_linear=0
shrinkage=0.03


Tree=36
num_leaves=5
num_cat=0
split_feature=5 17 13 16
split_gain=2.62224 1.10566 0.642038 0.641004
threshold=0.25519208118562647 0.47222222222222227 0.5227217026615697 0.30282441975108032
decision_type=2 2 2 2
left_child=1 3 -3 -1
right_child=-2 2 -4 -5
leaf_value=0.013634036001571851 -0.0083933655296709805 0.0037851168255637548 -0.0050982663590482796 -0.0010198294932281088
leaf_weight=3.8493551127612617 8.9082896225154382 5.1257755830883962 4.4117393046617508 1.7172104232013223
leaf_count=33 85 35 42 14
internal_value=5.72381e-05 0.0063994 -0.000830303 0.0113624
internal_weight=24.0124 15.1041 9.53751 5.56657
internal_count=209 124 77 47
is_linear=0
shrinkage=0.03


Tree=37
num_leaves=5
num_cat=0
split_feature=12 3 16 13
split_gain=2.58111 1.23394 0.937777 0.793143
threshold=1.0000000180025095e-35 -0.039059436034713353 -0.28094098227085623 0.79491277500152491
decision_type=2 2 2 2
left_child=1 -1 -2 -3
right_child=2 3 -4 -5
leaf_value=-0.0028931808320056943 0.002987742015388868 0.012949237304511875 -0.0098751502837482776 -0.0014864319716997724
leaf_weight=3.7617012076079837 1.7832365594804276 6.8929357863962668 9.6083844117820245 1.9405509196221826
leaf_count=24 19 61 87 18
internal_value=8.10978e-05 0.00713368 -0.00740619 0.0106726
internal_weight=23.9868 12.5952 11.3916 8.83349
internal_count=209 103 106 79
is_linear=0
shrinkage=0.03


Tree=38
num_leaves=5
num_cat=0
split_feature=6 2 17 1
split_gain=2.52404 0.736046 0.497876 0.450018
threshold=-0.46328340176312882 -0.40109651693224796 0.47222222222222227 0.032556248843112652
decision_type=2 2 2 2
left_child=3 -2 -3 -1
right_child=1 2 -4 -5
leaf_value=0.010351592716885174 -0.0087854256694348369 0.0051493474313272442 -0.0032128248569929531 -0.001207188584710035
leaf_weight=6.4404278546571758 9.8662110194563901 2.6375268660485718 3.637364350259304 1.3820848390460012
leaf_count=51 88 27 35 8
internal_value=9.33859e-05 -0.00586328 0.00130634 0.0087779
internal_weight=23.9636 16.1411 6.27489 7.82251
internal_count=209 150 62 59
is_linear=0
shrinkage=0.03


Tree=39
num_leaves=5
num_cat=0
split_feature=4 13 2 16
split_gain=2.47707 1.08963 1.03916 0.729777
threshold=0.020633256105168089 0.5227217026615697 -1.0705918629200584 -0.11395723081868554
decision_type=2 2 2 2
left_child=1 -1 -3 -2
right_child=3 2 -4 -5
leaf_value=0.011072332441213478 0.0016857001766689688 0.0053406455106761348 -0.0062389714061219306 -0.010429627031693889
leaf_weight=6.1286740005016354 2.7691917978227139 3.4007071517407885 4.8244222477078429 6.8199535608291608
leaf_count=46 31 27 50 55
internal_value=0.000110789 0.00647379 -0.00114791 -0.00785643
internal_weight=23.9429 14.3538 8.22513 9.58915
internal_count=209 123 77 86
is_linear=0
shrinkage=0.03


Tree=40
num_leaves=5
num_cat=0
split_feature=4 13 2 16
split_gain=2.41986 1.06216 1.02132 0.716096
threshold=0.020633256105168089 0.5227217026615697 -1.0705918629200584 -0.11395723081868554
decision_type=2 2 2 2
left_child=1 -1 -3 -2
right_child=3 2 -4 -5
leaf_value=0.010941160299026181 0.0016745445174512371 0.0052991272807716237 -0.0061803115190973198 -0.010318581130623106
leaf_weight=6.1358637884259251 2.7706100083887577 3.4028475582599631 4.8191006593406192 6.7945497855544073
leaf_count=46 31 27 50 55
internal_value=0.000120002 0.00640377 -0.00112849 -0.00776436
internal_weight=23.923 14.3578 8.22195 9.56516
internal_count=209 123 77 86
is_linear=0
shrinkage=0.03


Tree=41
num_leaves=5
num_cat=0
split_feature=6 2 13 13
split_gain=2.38108 0.795905 0.636636 0.572051
threshold=-0.18853398853398576 -0.40109651693224796 0.5227217026615697 0.71084635712486033
decision_type=2 2 2 2
left_child=2 -2 -1 -4
right_child=1 -3 3 -5
leaf_value=0.011146645514997283 -0.0095456111088883695 0.0015762512960184587 -0.0047788570933850099 0.0040129001481519471
leaf_weight=3.9422530680894869 8.2574719339609128 4.863380402326583 2.2723064199090004 4.5670993030071259
leaf_count=27 76 46 22 38
internal_value=0.000128833 -0.00652443 0.00746899 -1.13593e-05
internal_weight=23.9025 13.1209 10.7817 6.83941
internal_count=209 122 87 60
is_linear=0
shrinkage=0.03


Tree=42
num_leaves=5
num_cat=0
split_feature=12 3 16 13
split_gain=2.33559 1.20333 0.881215 0.760097
threshold=1.0000000180025095e-35 -0.039059436034713353 -0.28094098227085623 0.79491277500152491
decision_type=2 2 2 2
left_child=1 -1 -2 -3
right_child=2 3 -4 -5
leaf_value=-0.0029508713814079151 0.0029492918886998851 0.012579616258530013 -0.00944571051204229 -0.0014821608902569827
leaf_weight=3.7609646953642359 1.784130174666642 6.9040099233388919 9.4950732663273794 1.9377097450196741
leaf_count=24 19 61 87 18
internal_value=0.000146259 0.00682864 -0.00702047 0.0103468
internal_weight=23.8819 12.6027 11.2792 8.84172
internal_count=209 103 106 79
is_linear=0
shrinkage=0.03


Tree=43
num_leaves=5
num_cat=0
split_feature=6 17 14 12
split_gain=2.29471 0.714986 0.558729 0.549135
threshold=-0.46328340176312882 0.41666666666666669 1.0704344835507738 0.71045354934653082
decision_type=2 2 2 2
left_child=-1 2 -2 -3
right_child=1 3 -4 -5
leaf_value=0.0084104948856492234 0.0058153909308684857 -0.0099728116994332785 -0.0036653828518728631 0.00084671636077400048
leaf_weight=7.8340691588819054 2.4084248021245034 8.7398418337106687 1.3097161836922167 3.5655677691102019
leaf_count=59 27 83 9 31
internal_value=0.00015642 -0.00556025 0.00223831 -0.00786369
internal_weight=23.8576 16.0236 3.71814 12.3054
internal_count=209 150 36 114
is_linear=0
shrinkage=0.03


Tree=44
num_leaves=5
num_cat=0
split_feature=5 17 16 13
split_gain=2.2411 1.1305 0.62492 0.596647
threshold=0.25519208118562647 0.47222222222222227 0.30282441975108032 0.5227217026615697
decision_type=2 2 2 2
left_child=1 2 -1 -3
right_child=-2 3 -4 -5
leaf_value=0.013280932772139245 -0.0077266684955911444 0.0034664219095605128 -0.0010472695821957122 -0.0051261374112027283
leaf_weight=3.8517772480845478 8.7310197725892049 5.1318506821989995 1.7156827151775358 4.4079951755702496
leaf_count=33 85 35 14 42
internal_value=0.00016439 0.00598595 0.0110291 -0.0010954
internal_weight=23.8383 15.1073 5.56746 9.53985
internal_count=209 124 47 77
is_linear=0
shrinkage=0.03


Tree=45
num_leaves=5
num_cat=0
split_feature=6 2 17 1
split_gain=2.20976 0.691074 0.477001 0.443233
threshold=-0.46328340176312882 -0.40109651693224796 0.47222222222222227 0.032556248843112652
decision_type=2 2 2 2
left_child=3 -2 -3 -1
right_child=1 2 -4 -5
leaf_value=0.0098632733530683928 -0.0083021778837476402 0.0051134413153211492 -0.003092090254059379 -0.0012934030722297888
leaf_weight=6.4549459330737617 9.7296847365796566 2.6280345134437058 3.6166957169771194 1.3829294443130491
leaf_count=51 88 27 35 8
internal_value=0.000184732 -0.00544115 0.00138314 0.00827323
internal_weight=23.8123 15.9744 6.24473 7.83788
internal_count=209 150 62 59
is_linear=0
shrinkage=0.03


Tree=46
num_leaves=5
num_cat=0
split_feature=12 3 16 13
split_gain=2.16184 1.17326 0.847927 0.737569
threshold=1.0000000180025095e-35 -0.039059436034713353 -0.28094098227085623 0.79491277500152491
decision_type=2 2 2 2
left_child=1 -1 -2 -3
right_child=2 3 -4 -5
leaf_value=-0.0029733293155806838 0.0029481497259517546 0.012302619937222344 -0.0091374659996257702 -0.0014856456221719865
leaf_weight=3.7581270784139624 1.7818684503436077 6.9068778380751628 9.4096321649849397 1.9341534525156019
leaf_count=24 19 61 87 18
internal_value=0.000199504 0.00660916 -0.00673006 0.0100986
internal_weight=23.7907 12.5992 11.1915 8.84103
internal_count=209 103 106 79
is_linear=0
shrinkage=0.03


Tree=47
num_leaves=5
num_cat=0
split_feature=6 2 13 13
split_gain=2.11532 0.75202 0.643901 0.560062
threshold=-0.18853398853398576 -0.40109651693224796 0.5227217026615697 0.71084635712486033
decision_type=2 2 2 2
left_child=2 -2 -1 -4
right_child=1 -3 3 -5
leaf_value=0.010796682389752316 -0.0090814725502249543 0.0016333634771607676 -0.0048371018014169015 0.0038638035200512263
leaf_weight=3.9455007575452345 8.137002117931841 4.8432444781064978 2.2715045921504498 4.568448182195425
leaf_count=27 76 46 22 38
internal_value=0.000208199 -0.00611248 0.00709613 -0.000182239
internal_weight=23.7657 12.9802 10.7855 6.83995
internal_count=209 122 87 60
is_linear=0
shrinkage=0.03


Tree=48
num_leaves=5
num_cat=0
split_feature=6 17 12 14
split_gain=2.07033 0.677576 0.571754 0.536118
threshold=-0.46328340176312882 0.41666666666666669 0.71045354934653082 1.0704344835507738
decision_type=2 2 2 2
left_child=-1 3 -3 -2
right_child=1 2 -4 -5
leaf_value=0.0080359570566214782 0.0057383854943550226 -0.0096902535971412906 0.0010415391771782284 -0.0035671347266028131
leaf_weight=7.8437491953372982 2.4063887596130367 8.6650896742939931 3.5357773452997199 1.2934698686003683
leaf_count=59 27 83 31 9
internal_value=0.000223074 -0.00524557 -0.00751193 0.00225603
internal_weight=23.7445 15.9007 12.2009 3.69986
internal_count=209 150 114 36
is_linear=0
shrinkage=0.03


Tree=49
num_leaves=5
num_cat=0
split_feature=4 13 2 4
split_gain=2.0379 1.03386 0.97688 0.728868
threshold=0.020633256105168089 0.5227217026615697 -1.0705918629200584 0.033894520272437341
decision_type=2 2 2 2
left_child=1 -1 -3 -2
right_child=3 2 -4 -5
leaf_value=0.010453054935158811 -0.010531247405875112 0.0050646349483332133 -0.006183085556861998 0.0010626521115338057
leaf_weight=6.1376202069222954 4.5303470827639085 3.4043740704655638 4.8084410391747943 4.8436174094676971
leaf_count=46 49 27 50 37
internal_value=0.000230241 0.00595529 -0.00129983 -0.0070842
internal_weight=23.7244 14.3504 8.21282 9.37396
internal_count=209 123 77 86
is_linear=0
shrinkage=0.03


Tree=50
num_leaves=5
num_cat=0
split_feature=12 3 16 13
split_gain=2.00636 1.14678 0.820193 0.712391
threshold=1.0000000180025095e-35 -0.039059436034713353 -0.28094098227085623 0.79491277500152491
decision_type=2 2 2 2
left_child=1 -1 -2 -3
right_child=2 3 -4 -5
leaf_value=-0.0030062595841197138 0.0029495811848371583 0.01202287102735437 -0.0088717115229768866 -0.0014800783537784739
leaf_weight=3.7553187906742087 1.7803824245929707 6.9082168191671389 9.335031080991028 1.930665537714958
leaf_count=24 19 61 87 18
internal_value=0.000222112 0.00638548 -0.00647809 0.0098534
internal_weight=23.7096 12.5942 11.1154 8.83888
internal_count=209 103 106 79
is_linear=0
shrinkage=0.03


Tree=51
num_leaves=5
num_cat=0
split_feature=6 2 13 13
split_gain=1.95794 0.736129 0.631794 0.549209
threshold=-0.18853398853398576 -0.40109651693224796 0.5227217026615697 0.71084635712486033
decision_type=2 2 2 2
left_child=2 -2 -1 -4
right_child=1 -3 3 -5
leaf_value=0.010511784376427817 -0.0088340801949572233 0.0016938074445824161 -0.0048406857666972395 0.0037777515932571181
leaf_weight=3.9474581591784972 8.0704069137573224 4.8279170952737323 2.2689358182251453 4.5692792981863022
leaf_count=27 76 46 22 38
internal_value=0.00022984 -0.00587466 0.00684422 -0.000258397
internal_weight=23.684 12.8983 10.7857 6.83822
internal_count=209 122 87 60
is_linear=0
shrinkage=0.03


Tree=52
num_leaves=5
num_cat=0
split_feature=5 17 16 17
split_gain=1.91965 1.14643 0.612755 0.596053
threshold=0.25519208118562647 0.47222222222222227 0.30282441975108032 0.58333333333333348
decision_type=2 2 2 2
left_child=1 2 -1 -2
right_child=3 -3 -4 -5
leaf_value=0.012946224177175437 -0.009195351317256269 -0.0013362291489440992 -0.0010833305464708989 0.0020161385150737478
leaf_weight=3.84983563423157 6.9382500201463682 9.5335616245865804 1.7143460996448991 1.6263218112289903
leaf_count=33 70 77 14 15
internal_value=0.000243547 0.00559856 0.0107049 -0.00712717
internal_weight=23.6623 15.0977 5.56418 8.56457
internal_count=209 124 47 85
is_linear=0
shrinkage=0.03


Tree=53
num_leaves=5
num_cat=0
split_feature=6 16 17 1
split_gain=1.89649 0.666215 0.865689 0.43947
threshold=-0.46328340176312882 -0.05358855858058257 0.47222222222222227 0.032556248843112652
decision_type=2 2 2 2
left_child=3 2 -2 -1
right_child=1 -3 -4 -5
leaf_value=0.0093458073140309499 0.0065454602919308618 -0.0077904337010142382 -0.0045203385664676562 -0.001405499961193393
leaf_weight=6.4627174250781563 2.9136149957776079 9.8235014453530276 3.0513342842459679 1.3839120939373968
leaf_count=51 29 84 37 8
internal_value=0.000266172 -0.00499854 0.00159907 0.00772456
internal_weight=23.6351 15.7885 5.96495 7.84663
internal_count=209 150 66 59
is_linear=0
shrinkage=0.03


Tree=54
num_leaves=5
num_cat=0
split_feature=4 13 2 4
split_gain=1.85889 1.01053 0.944406 0.747258
threshold=0.020633256105168089 0.5227217026615697 -1.0705918629200584 0.033894520272437341
decision_type=2 2 2 2
left_child=1 -1 -3 -2
right_child=3 2 -4 -5
leaf_value=0.010183422570141626 -0.010270901393294826 0.0049245494775870093 -0.0061461412213975651 0.0012562860206065981
leaf_weight=6.1364921368658569 4.4720143154263479 3.405224345624446 4.7995787858963004 4.8009673468768597
leaf_count=46 49 27 50 37
internal_value=0.000277642 0.00572603 -0.00137028 -0.0067476
internal_weight=23.6143 14.3413 8.2048 9.27298
internal_count=209 123 77 86
is_linear=0
shrinkage=0.03


Tree=55
num_leaves=5
num_cat=0
split_feature=12 3 16 13
split_gain=1.83393 1.1131 0.777197 0.686453
threshold=1.0000000180025095e-35 -0.039059436034713353 -0.28094098227085623 0.79491277500152491
decision_type=2 2 2 2
left_child=1 -1 -2 -3
right_child=2 3 -4 -5
leaf_value=-0.0030293430477803763 0.002918525595121603 0.011713574125993827 -0.0085304330381978741 -0.0014787608796160434
leaf_weight=3.7504708617925635 1.7793852426111687 6.9064475558698195 9.2356756068766099 1.9268705956637857
leaf_count=24 19 61 87 18
internal_value=0.000268844 0.00614348 -0.00617225 0.00957866
internal_weight=23.5988 12.5838 11.0151 8.83332
internal_count=209 103 106 79
is_linear=0
shrinkage=0.03


Tree=56
num_leaves=5
num_cat=0
split_feature=6 2 13 13
split_gain=1.79471 0.715234 0.623609 0.535202
threshold=-0.18853398853398576 -0.40109651693224796 0.5227217026615697 0.71084635712486033
decision_type=2 2 2 2
left_child=2 -2 -1 -4
right_child=1 -3 3 -5
leaf_value=0.010237637086708253 -0.0085450900304148564 0.0017564528991546331 -0.0048387017617071053 0.0036730673230482109
leaf_weight=3.9454987570643443 7.9874252527952194 4.8066200874745828 2.264957208186388 4.5681698024272919
leaf_count=27 76 46 22 38
internal_value=0.000275084 -0.00560221 0.00659006 -0.000346733
internal_weight=23.5727 12.794 10.7786 6.83313
internal_count=209 122 87 60
is_linear=0
shrinkage=0.03


Tree=57
num_leaves=5
num_cat=0
split_feature=6 16 17 1
split_gain=1.75518 0.644695 0.85466 0.430972
threshold=-0.46328340176312882 -0.05358855858058257 0.47222222222222227 0.032556248843112652
decision_type=2 2 2 2
left_child=3 2 -2 -1
right_child=1 -3 -4 -5
leaf_value=0.009071860625135186 0.0065342832144637264 -0.0075611745614088555 -0.0044704339192230538 -0.0014398073874003451
leaf_weight=6.4639457315206554 2.9075939171016225 9.7554175928235018 3.0406088568270206 1.3831111565232275
leaf_count=51 29 84 37 8
internal_value=0.000287317 -0.00479814 0.00163308 0.00745048
internal_weight=23.5507 15.7036 5.9482 7.84706
internal_count=209 150 66 59
is_linear=0
shrinkage=0.03


Tree=58
num_leaves=5
num_cat=0
split_feature=5 17 16 17
split_gain=1.72362 1.14597 0.595286 0.593385
threshold=0.25519208118562647 0.47222222222222227 0.30282441975108032 0.58333333333333348
decision_type=2 2 2 2
left_child=1 2 -1 -2
right_child=3 -3 -4 -5
leaf_value=0.012687473761804407 -0.0088457552194831091 -0.0014738104120730349 -0.0010858584343441842 0.0021303278980166454
leaf_weight=3.8469220697879818 6.8380151316523534 9.521456450223921 1.7111288979649542 1.6119582429528234
leaf_count=33 70 77 14 15
internal_value=0.000297864 0.00535078 0.0104747 -0.00673213
internal_weight=23.5295 15.0795 5.55805 8.44997
internal_count=209 124 47 85
is_linear=0
shrinkage=0.03


Tree=59
num_leaves=5
num_cat=0
split_feature=6 2 13 13
split_gain=1.69698 0.696802 0.627165 0.521989
threshold=-0.18853398853398576 -0.40109651693224796 0.5227217026615697 0.71084635712486033
decision_type=2 2 2 2
left_child=2 -2 -1 -4
right_child=1 -3 3 -5
leaf_value=0.010107438584407076 -0.0083418345231997502 0.0017835427982784487 -0.0048287739226732405 0.0035810007504585495
leaf_weight=3.9437767937779444 7.9311667047441006 4.7965021952986699 2.2619208693504333 4.5687099471688271
leaf_count=27 76 46 22 38
internal_value=0.000319615 -0.00542021 0.00644526 -0.000418254
internal_weight=23.5021 12.7277 10.7744 6.83063
internal_count=209 122 87 60
is_linear=0
shrinkage=0.03


Tree=60
num_leaves=5
num_cat=0
split_feature=12 3 16 13
split_gain=1.66809 1.08165 0.736946 0.668852
threshold=1.0000000180025095e-35 -0.039059436034713353 -0.28094098227085623 0.79491277500152491
decision_type=2 2 2 2
left_child=1 -1 -2 -3
right_child=2 3 -4 -5
leaf_value=-0.0030527480583072437 0.0028991655639938395 0.011433987318574102 -0.0081806044173856392 -0.0014963254130873644
leaf_weight=3.7457220852375022 1.7777046896517266 6.9005994498729724 9.1316329948604089 1.9243372231721876
leaf_count=24 19 61 87 18
internal_value=0.00033075 0.00591194 -0.00585207 0.00931735
internal_weight=23.48 12.5707 10.9093 8.82494
internal_count=209 103 106 79
is_linear=0
shrinkage=0.03


Tree=61
num_leaves=5
num_cat=0
split_feature=6 16 17 1
split_gain=1.6278 0.622727 0.839371 0.425732
threshold=-0.46328340176312882 -0.05358855858058257 0.47222222222222227 0.032556248843112652
decision_type=2 2 2 2
left_child=3 2 -2 -1
right_child=1 -3 -4 -5
leaf_value=0.0088434195261583616 0.0065115505462599449 -0.0073239392402645121 -0.0044058079621072553 -0.001477550890114954
leaf_weight=6.4627620130777386 2.8988134898245344 9.6805726215243304 3.0288675725460052 1.382487893104553
leaf_count=51 29 84 37 8
internal_value=0.000335336 -0.00459035 0.00166933 0.00721586
internal_weight=23.4535 15.6083 5.92768 7.84525
internal_count=209 150 66 59
is_linear=0
shrinkage=0.03


Tree=62
num_leaves=5
num_cat=0
split_feature=4 13 2 4
split_gain=1.60254 0.982815 0.901329 0.783639
threshold=0.020633256105168089 0.5227217026615697 -1.3062778331893565 0.033894520272437341
decision_type=2 2 2 2
left_child=1 -1 -3 -2
right_child=3 2 -4 -5
leaf_value=0.0097936108227361599 -0.0099059856933106354 0.0051693728204391205 -0.0057391274677781323 0.0015827934901359527
leaf_weight=6.1257570423185852 4.3872632160782796 2.3384680449962607 5.852644581347703 4.7279656901955605
leaf_count=46 49 19 58 37
internal_value=0.000344653 0.00537615 -0.00149514 -0.00623632
internal_weight=23.4321 14.3169 8.19111 9.11523
internal_count=209 123 77 86
is_linear=0
shrinkage=0.03


Tree=63
num_leaves=5
num_cat=0
split_feature=6 2 13 13
split_gain=1.57711 0.681446 0.610319 0.513699
threshold=-0.18853398853398576 -0.40109651693224796 0.5227217026615697 0.71084635712486033
decision_type=2 2 2 2
left_child=2 -2 -1 -4
right_child=1 -3 3 -5
leaf_value=0.0098534547864646653 -0.0081235400341028684 0.0018322791760590049 -0.0048244169905120142 0.0035216725559624822
leaf_weight=3.9399707354605216 7.8686877749860287 4.7813196964561921 2.258592676371336 4.5670837722718716
leaf_count=27 76 46 22 38
internal_value=0.000342454 -0.00521296 0.00623707 -0.000465958
internal_weight=23.4157 12.65 10.7656 6.82568
internal_count=209 122 87 60
is_linear=0
shrinkage=0.03


Tree=64
num_leaves=5
num_cat=0
split_feature=12 3 16 13
split_gain=1.54798 1.05418 0.707265 0.645219
threshold=1.0000000180025095e-35 -0.039059436034713353 -0.28094098227085623 0.79491277500152491
decision_type=2 2 2 2
left_child=1 -1 -2 -3
right_child=2 3 -4 -5
leaf_value=-0.0030688149735233331 0.0028789693881246009 0.011179125202010327 -0.0079300191436549958 -0.0014853559780929003
leaf_weight=3.7408445216715327 1.7770087569952 6.8957319445908087 9.058624289929865 1.9211441427469251
leaf_count=24 19 61 87 18
internal_value=0.000352604 0.00571885 -0.0056264 0.00909675
internal_weight=23.3934 12.5577 10.8356 8.81688
internal_count=209 103 106 79
is_linear=0
shrinkage=0.03


Tree=65
num_leaves=5
num_cat=0
split_feature=6 2 13 13
split_gain=1.51022 0.663215 0.603814 0.507514
threshold=-0.18853398853398576 -0.40109651693224796 0.5227217026615697 0.71084635712486033
decision_type=2 2 2 2
left_child=2 -2 -1 -4
right_child=1 -3 3 -5
leaf_value=0.009718243940976843 -0.0079749873684451418 0.0018297801657402777 -0.0048203841650426606 0.0034775089350076384
leaf_weight=3.9370805509388465 7.8267335705459118 4.7775774449110013 2.2573979198932648 4.5677300468087196
leaf_count=27 76 46 22 38
internal_value=0.000356337 -0.0050932 0.00611775 -0.000500796
internal_weight=23.3665 12.6043 10.7622 6.82513
internal_count=209 122 87 60
is_linear=0
shrinkage=0.03


Tree=66
num_leaves=5
num_cat=0
split_feature=4 13 2 4
split_gain=1.47974 0.93694 0.884799 0.797787
threshold=0.020633256105168089 0.5227217026615697 -1.3062778331893565 0.033894520272437341
decision_type=2 2 2 2
left_child=1 -1 -3 -2
right_child=3 2 -4 -5
leaf_value=0.0095071943988623807 -0.0097214074201125711 0.0051148829031230332 -0.0056956657064330882 0.0017356956698053483
leaf_weight=6.1217674538493183 4.342890586704014 2.3379908986389628 5.8461901210248461 4.6952846609055996
leaf_count=46 49 19 58 37
internal_value=0.000365852 0.00518908 -0.0014929 -0.00598411
internal_weight=23.3441 14.3059 8.18418 9.03818
internal_count=209 123 77 86
is_linear=0
shrinkage=0.03


Tree=67
num_leaves=5
num_cat=0
split_feature=6 17 12 14
split_gain=1.4637 0.609818 0.674558 0.470406
threshold=-0.46328340176312882 0.41666666666666669 0.71045354934653082 1.0704344835507738
decision_type=2 2 2 2
left_child=-1 3 -3 -2
right_child=1 2 -4 -5
leaf_value=0.0068734314243622842 0.0056041505325329652 -0.0090566484688940994 0.001730644729828035 -0.003212348608293056
leaf_weight=7.8378844819963005 2.3891361542046066 8.4472411498427373 3.4205589406192294 1.2323925793170927
leaf_count=59 27 83 31 9
internal_value=0.000363419 -0.00433498 -0.00657789 0.0024482
internal_weight=23.3272 15.4893 11.8678 3.62153
internal_count=209 150 114 36
is_linear=0
shrinkage=0.03


Tree=68
num_leaves=5
num_cat=0
split_feature=5 17 17 16
split_gain=1.43911 1.16471 0.588473 0.580308
threshold=0.25519208118562647 0.47222222222222227 0.58333333333333348 0.30282441975108032
decision_type=2 2 2 2
left_child=1 3 -2 -1
right_child=2 -3 -4 -5
leaf_value=0.012357326248760429 -0.0083110174876262002 -0.0017339504969102132 0.0023131968652573371 -0.0011131701076949384
leaf_weight=3.8357549421489265 6.6780721545219404 9.4976622164249402 1.5877319350838659 1.7066381424665449
leaf_count=33 70 77 15 14
internal_value=0.000370098 0.0049574 -0.00612111 0.010162
internal_weight=23.3059 15.0401 8.2658 5.54239
internal_count=209 124 85 47
is_linear=0
shrinkage=0.03


Tree=69
num_leaves=5
num_cat=0
split_feature=12 3 16 12
split_gain=1.41714 1.02528 0.677985 0.658582
threshold=1.0000000180025095e-35 -0.039059436034713353 -0.28094098227085623 0.71045354934653082
decision_type=2 2 2 2
left_child=1 -1 -2 -4
right_child=2 -3 3 -5
leaf_value=-0.0030871740910620492 0.0028744043858009568 0.0088614576652920451 -0.010624630733376394 0.00098752659179579473
leaf_weight=3.7350335493683806 1.7742292135953892 8.8005863428115862 4.9534794241189939 4.015253309160471
leaf_count=24 19 79 51 36
internal_value=0.000390861 0.00551119 -0.00536041 -0.00764599
internal_weight=23.2786 12.5356 10.743 8.96873
internal_count=209 103 106 87
is_linear=0
shrinkage=0.03


Tree=70
num_leaves=5
num_cat=0
split_feature=6 2 13 5
split_gain=1.39195 0.64215 0.595131 0.497151
threshold=-0.18853398853398576 -0.40109651693224796 0.5227217026615697 -0.52278367250472868
decision_type=2 2 2 2
left_child=2 -2 -1 -4
right_child=1 -3 3 -5
leaf_value=0.0094743928647970637 -0.0077405098573766632 0.0018614315716607255 0.0034621985480790761 -0.004745061329126719
leaf_weight=3.9300313070416468 7.7532658465206623 4.7603560611605626 4.3211534880101681 2.4974022693932056
leaf_count=27 76 46 37 23
internal_value=0.000370282 -0.00488344 0.00589247 -0.00057783
internal_weight=23.2622 12.5136 10.7486 6.81856
internal_count=209 122 87 60
is_linear=0
shrinkage=0.03


Tree=71
num_leaves=5
num_cat=0
split_feature=6 16 17 1
split_gain=1.36394 0.607487 0.814605 0.41835
threshold=-0.46328340176312882 -0.05358855858058257 0.47222222222222227 0.032556248843112652
decision_type=2 2 2 2
left_child=3 2 -2 -1
right_child=1 -3 -4 -5
leaf_value=0.0083143549103091418 0.0065527127706742488 -0.0069204008701379176 -0.0042444457436518531 -0.0015925206519023076
leaf_weight=6.4535162970423725 2.8703650347888479 9.5379258319735492 2.9969606064260006 1.380221329629421
leaf_count=51 29 84 37 8
internal_value=0.000380209 -0.00417392 0.00183843 0.00665464
internal_weight=23.239 15.4053 5.86733 7.83374
internal_count=209 150 66 59
is_linear=0
shrinkage=0.03


Tree=72
num_leaves=5
num_cat=0
split_feature=4 13 2 4
split_gain=1.3382 0.921806 0.861786 0.801521
threshold=0.020633256105168089 0.5227217026615697 -1.3062778331893565 0.033894520272437341
decision_type=2 2 2 2
left_child=1 -1 -3 -2
right_child=3 2 -4 -5
leaf_value=0.0092629482185727936 -0.0094698107477568794 0.0049862888794510295 -0.0056991996074631877 0.0018853312791123707
leaf_weight=6.1090632937848595 4.2809099256992322 2.3366830870509139 5.8336088061332694 4.6569774821400642
leaf_count=46 49 19 58 37
internal_value=0.000388007 0.00496277 -0.00158086 -0.00568196
internal_weight=23.2172 14.2794 8.17029 8.93789
internal_count=209 123 77 86
is_linear=0
shrinkage=0.03


Tree=73
num_leaves=5
num_cat=0
split_feature=6 2 13 13
split_gain=1.32032 0.630659 0.57783 0.49162
threshold=-0.18853398853398576 -0.40109651693224796 0.5227217026615697 0.71084635712486033
decision_type=2 2 2 2
left_child=2 -2 -1 -4
right_child=1 -3 3 -5
leaf_value=0.0092886827242355929 -0.0075920533907455163 0.0018888991567930571 -0.0048115557312601535 0.0033636065452913822
leaf_weight=3.92527634650469 7.7110496051609516 4.7512584999203664 2.250049039721489 4.5623867474496365
leaf_count=27 76 46 22 38
internal_value=0.000385187 -0.00474571 0.00575704 -0.000592398
internal_weight=23.2 12.4623 10.7377 6.81244
internal_count=209 122 87 60
is_linear=0
shrinkage=0.03


Tree=74
num_leaves=5
num_cat=0
split_feature=12 17 16 12
split_gain=1.29795 1.01585 0.649355 0.665036
threshold=1.0000000180025095e-35 0.47222222222222227 -0.28094098227085623 0.71045354934653082
decision_type=2 2 2 2
left_child=1 -1 -2 -4
right_child=2 -3 3 -5
leaf_value=0.010056094427670642 0.0028565361159113407 -0.0016666559720044244 -0.01040829260885282 0.0011014736729279533
leaf_weight=4.7780655957758444 1.7726751379668702 7.7376327104866505 4.8963559530675393 3.9927199110388756
leaf_count=42 19 61 51 36
internal_value=0.000393133 0.00528729 -0.00513044 -0.00739226
internal_weight=23.1774 12.5157 10.6618 8.88908
internal_count=209 103 106 87
is_linear=0
shrinkage=0.03


Tree=75
num_leaves=5
num_cat=0
split_feature=6 2 13 13
split_gain=1.27501 0.611171 0.575184 0.483269
threshold=-0.18853398853398576 -0.40109651693224796 0.5227217026615697 0.71084635712486033
decision_type=2 2 2 2
left_child=2 -2 -1 -4
right_child=1 -3 3 -5
leaf_value=0.0091990109750587894 -0.0074632759959593264 0.0018665197096236546 -0.0047947046574251979 0.0033134537101671855
leaf_weight=3.922636993229391 7.6737314574420452 4.7509558647871 2.2483875639736652 4.563012357801199
leaf_count=27 76 46 22 38
internal_value=0.000398989 -0.00465429 0.00567188 -0.000623002
internal_weight=23.1587 12.4247 10.734 6.8114
internal_count=209 122 87 60
is_linear=0
shrinkage=0.03


Tree=76
num_leaves=5
num_cat=0
split_feature=12 3 16 12
split_gain=1.25056 1.00056 0.6361 0.657918
threshold=1.0000000180025095e-35 -0.039059436034713353 -0.28094098227085623 0.71045354934653082
decision_type=2 2 2 2
left_child=1 -1 -2 -4
right_child=2 -3 3 -5
leaf_value=-0.0031627076823892344 0.002846150376118085 0.0085498704414712235 -0.01028637930987273 0.0011231709092801307
leaf_weight=3.7291359454393378 1.7727374546229828 8.7811064533889311 4.8649192079901677 3.9882488697767258
leaf_count=24 19 79 51 36
internal_value=0.000406407 0.00520451 -0.00502708 -0.00727703
internal_weight=23.1361 12.5102 10.6259 8.85317
internal_count=209 103 106 87
is_linear=0
shrinkage=0.03


Tree=77
num_leaves=5
num_cat=0
split_feature=6 16 17 1
split_gain=1.23281 0.594644 0.801213 0.412809
threshold=-0.46328340176312882 -0.05358855858058257 0.47222222222222227 0.032556248843112652
decision_type=2 2 2 2
left_child=3 2 -2 -1
right_child=1 -3 -4 -5
leaf_value=0.008018845523793245 0.0065592172106417939 -0.0067056778053414734 -0.0041689806952152362 -0.0016537880027026435
leaf_weight=6.4445680044591453 2.8566933572292337 9.458614014089104 2.980261605232954 1.3791521042585371
leaf_count=51 29 84 37 8
internal_value=0.000385876 -0.00396385 0.0019079 0.00634254
internal_weight=23.1193 15.2956 5.83695 7.82372
internal_count=209 150 66 59
is_linear=0
shrinkage=0.03


Tree=78
num_leaves=5
num_cat=0
split_feature=5 17 17 16
split_gain=1.20736 1.15665 0.579895 0.572771
threshold=0.25519208118562647 0.47222222222222227 0.58333333333333348 0.30282441975108032
decision_type=2 2 2 2
left_child=1 3 -2 -1
right_child=2 -3 -4 -5
leaf_value=0.012001932500116778 -0.007854104739353527 -0.0019390629640673833 0.0024603813995654569 -0.0011716205317335846
leaf_weight=3.821113400161269 6.5342533178627473 9.4712352491915208 1.5668543651700018 1.7039712220430372
leaf_count=33 70 77 15 14
internal_value=0.00039304 0.00457713 -0.00560203 0.00980139
internal_weight=23.0974 14.9963 8.10111 5.52508
internal_count=209 124 85 47
is_linear=0
shrinkage=0.03


Tree=79
num_leaves=5
num_cat=0
split_feature=4 13 2 4
split_gain=1.18819 0.896763 0.844276 0.812312
threshold=0.020633256105168089 0.5227217026615697 -1.3062778331893565 0.033894520272437341
decision_type=2 2 2 2
left_child=1 -1 -3 -2
right_child=3 2 -4 -5
leaf_value=0.0089702193599720745 -0.0092081503001178351 0.0048817291639629591 -0.0057106077227865679 0.0020769022173692422
leaf_weight=6.0930722169578102 4.2137470915913564 2.3333218395709983 5.822702854871749 4.6074534617364407
leaf_count=46 49 19 58 37
internal_value=0.000413211 0.00470983 -0.00166057 -0.00534206
internal_weight=23.0703 14.2491 8.15602 8.8212
internal_count=209 123 77 86
is_linear=0
shrinkage=0.03


Tree=80
num_leaves=5
num_cat=0
split_feature=6 2 13 5
split_gain=1.17824 0.59192 0.566002 0.473238
threshold=-0.18853398853398576 -0.40109651693224796 0.5227217026615697 -0.52278367250472868
decision_type=2 2 2 2
left_child=2 -2 -1 -4
right_child=1 -3 3 -5
leaf_value=0.0089789012909817934 -0.0072517186922693017 0.0018918850141245393 0.003304231899930675 -0.0047148961535488565
leaf_weight=3.9122823961079138 7.6046150773763657 4.7334047667682153 4.315646480768919 2.4869011901319027
leaf_count=27 76 46 37 23
internal_value=0.0004101 -0.00446726 0.00547167 -0.000688719
internal_weight=23.0528 12.338 10.7148 6.80255
internal_count=209 122 87 60
is_linear=0
shrinkage=0.03


Tree=81
num_leaves=5
num_cat=0
split_feature=6 16 17 3
split_gain=1.15203 0.579809 0.782594 0.411298
threshold=-0.46328340176312882 -0.05358855858058257 0.47222222222222227 0.048305428777634142
decision_type=2 2 2 2
left_child=-1 2 -2 -3
right_child=1 3 -4 -5
leaf_value=0.0061646725741428153 0.0065219454851351598 -0.0081434588189098784 -0.0040947607130175489 0.0014729981510678506
leaf_weight=7.8145011439919498 2.8494686633348474 7.6809080950915778 2.966164518147707 1.7185452282428739
leaf_count=59 29 74 37 10
internal_value=0.000418062 -0.00380773 0.00194176 -0.00653226
internal_weight=23.0296 15.2151 5.81563 9.39945
internal_count=209 150 66 84
is_linear=0
shrinkage=0.03


Tree=82
num_leaves=5
num_cat=0
split_feature=4 13 2 4
split_gain=1.13459 0.866646 0.825721 0.802331
threshold=0.020633256105168089 0.5227217026615697 -1.3062778331893565 0.033894520272437341
decision_type=2 2 2 2
left_child=1 -1 -3 -2
right_child=3 2 -4 -5
leaf_value=0.0088068454736738456 -0.0090746475153517369 0.0048277276602484249 -0.0056489622336469234 0.0021078285735126848
leaf_weight=6.0858291275799301 4.1803081296384317 2.3328474983572951 5.8130116909742346 4.5983188264071941
leaf_count=46 49 19 58 37
internal_value=0.000423122 0.00461701 -0.00164156 -0.00521394
internal_weight=23.0103 14.2317 8.14586 8.77863
internal_count=209 123 77 86
is_linear=0
shrinkage=0.03


Tree=83
num_leaves=5
num_cat=0
split_feature=12 17 16 12
split_gain=1.12171 1.01645 0.598728 0.668567
threshold=1.0000000180025095e-35 0.47222222222222227 -0.28094098227085623 0.71045354934653082
decision_type=2 2 2 2
left_child=1 -1 -2 -4
right_child=2 -3 3 -5
leaf_value=0.0097605053461601518 0.0028093039498397585 -0.0018469659824460118 -0.01003052079290487 0.0012757519379398112
leaf_weight=4.7615860663354415 1.7695583961904038 7.7111467979848385 4.7935722321271879 3.9567304141819477
leaf_count=42 19 61 51 36
internal_value=0.000419822 0.00495572 -0.00475235 -0.00696426
internal_weight=22.9926 12.4727 10.5199 8.7503
internal_count=209 103 106 87
is_linear=0
shrinkage=0.03


Tree=84
num_leaves=5
num_cat=0
split_feature=6 2 13 13
split_gain=1.10844 0.57833 0.551817 0.466515
threshold=-0.18853398853398576 -0.40109651693224796 0.5227217026615697 0.71084635712486033
decision_type=2 2 2 2
left_child=2 -2 -1 -4
right_child=1 -3 3 -5
leaf_value=0.0087955755918293493 -0.00709019912306523 0.001915607090541222 -0.0047813603427852378 0.0031956498615840797
leaf_weight=3.9038947373628634 7.553835354745388 4.7214990146458131 2.2397271171212196 4.5547657236456871
leaf_count=27 76 46 22 38
internal_value=0.000425265 -0.00432135 0.00532805 -0.000715152
internal_weight=22.9737 12.2753 10.6984 6.79449
internal_count=209 122 87 60
is_linear=0
shrinkage=0.03


Tree=85
num_leaves=5
num_cat=0
split_feature=6 2 13 5
split_gain=1.08254 0.56557 0.545567 0.460751
threshold=-0.18853398853398576 -0.40109651693224796 0.5227217026615697 -0.52278367250472868
decision_type=2 2 2 2
left_child=2 -2 -1 -4
right_child=1 -3 3 -5
leaf_value=0.0087229759743529083 -0.0070076224951528534 0.001896890957971159 0.0032354908126538112 -0.0046819647293309674
leaf_weight=3.90155738592148 7.5317360535264015 4.723675958812235 4.3131193928420544 2.4811186641454697
leaf_count=27 76 46 37 23
internal_value=0.000431249 -0.00426533 0.00527338 -0.000722045
internal_weight=22.9512 12.2554 10.6958 6.79424
internal_count=209 122 87 60
is_linear=0
shrinkage=0.03


Tree=86
num_leaves=5
num_cat=0
split_feature=12 17 16 12
split_gain=1.06284 1.0023 0.582689 0.664463
threshold=1.0000000180025095e-35 0.47222222222222227 -0.28094098227085623 0.71045354934653082
decision_type=2 2 2 2
left_child=1 -1 -2 -4
right_child=2 -3 3 -5
leaf_value=0.0096250909952077003 0.0028007260869499034 -0.0018760301939077077 -0.0098836607841978601 0.0013224066033849353
leaf_weight=4.7580029964447039 1.768888410180806 7.7011323347687721 4.7529320269823057 3.9470272101461887
leaf_count=42 19 61 51 36
internal_value=0.00043827 0.0048461 -0.00461227 -0.00681121
internal_weight=22.928 12.4591 10.4688 8.69996
internal_count=209 103 106 87
is_linear=0
shrinkage=0.03


Tree=87
num_leaves=5
num_cat=0
split_feature=6 16 17 3
split_gain=1.04697 0.5711 0.764181 0.409678
threshold=-0.46328340176312882 -0.05358855858058257 0.47222222222222227 0.048305428777634142
decision_type=2 2 2 2
left_child=-1 2 -2 -3
right_child=1 3 -4 -5
leaf_value=0.0059097862800466944 0.0065175380927350443 -0.0079669050028943339 -0.0039983284758413557 0.0015234038923527199
leaf_weight=7.8015645183622864 2.8356413990259179 7.6156439408659899 2.9465996399521828 1.7095998078584669
leaf_count=59 29 74 37 10
internal_value=0.000443396 -0.00360895 0.00202075 -0.00633905
internal_weight=22.909 15.1075 5.78224 9.32524
internal_count=209 150 66 84
is_linear=0
shrinkage=0.03


Tree=88
num_leaves=5
num_cat=0
split_feature=4 13 2 4
split_gain=1.03318 0.838479 0.810128 0.800823
threshold=0.020633256105168089 0.5227217026615697 -1.3062778331893565 0.033894520272437341
decision_type=2 2 2 2
left_child=1 -1 -3 -2
right_child=3 2 -4 -5
leaf_value=0.0085720605522220297 -0.0088579884718649488 0.0047565400346973302 -0.0056300588260157569 0.0022260149205740819
leaf_weight=6.0695162676274803 4.1232980862259847 2.3291022442281237 5.8019469231367102 4.5658419579267502
leaf_count=46 49 19 58 37
internal_value=0.000448366 0.00443902 -0.00167238 -0.00495904
internal_weight=22.8897 14.2006 8.13105 8.68914
internal_count=209 123 77 86
is_linear=0
shrinkage=0.03


Tree=89
num_leaves=5
num_cat=0
split_feature=5 17 16 17
split_gain=1.01903 1.12213 0.572259 0.568077
threshold=0.25519208118562647 0.47222222222222227 0.30282441975108032 0.58333333333333348
decision_type=2 2 2 2
left_child=1 2 -1 -2
right_child=3 -3 -4 -5
leaf_value=0.011667631242887954 -0.0074229902506666463 -0.0020558716592857661 -0.0012527497183312288 0.0025901991271623736
leaf_weight=3.7994717247784164 6.39377562329173 9.4313485734164697 1.6997698061168192 1.5474829785525797
leaf_count=33 70 77 14 15
internal_value=0.000444798 0.00426793 0.00944241 -0.00511561
internal_weight=22.8718 14.9306 5.49924 7.94126
internal_count=209 124 47 85
is_linear=0
shrinkage=0.03


Tree=90
num_leaves=5
num_cat=0
split_feature=6 2 13 13
split_gain=1.00811 0.548998 0.534277 0.454003
threshold=-0.18853398853398576 -0.40109651693224796 0.5227217026615697 0.71084635712486033
decision_type=2 2 2 2
left_child=2 -2 -1 -4
right_child=1 -3 3 -5
leaf_value=0.0085453881394783691 -0.006813681559119481 0.0019235572605907918 -0.0047539812670450363 0.0031218529486356046
leaf_weight=3.8903899937868136 7.466653760522604 4.7058069519698602 2.2330968454480171 4.549134898930788
leaf_count=27 76 46 22 38
internal_value=0.000463947 -0.00409178 0.00512577 -0.000758877
internal_weight=22.8451 12.1725 10.6726 6.78223
internal_count=209 122 87 60
is_linear=0
shrinkage=0.03


Tree=91
num_leaves=5
num_cat=0
split_feature=12 17 16 12
split_gain=0.986644 0.97779 0.557688 0.539236
threshold=1.0000000180025095e-35 0.47222222222222227 -0.11395723081868554 -0.3525010401997774
decision_type=2 2 2 2
left_child=1 -1 -2 -3
right_child=2 3 -4 -5
leaf_value=0.0094352239576354201 0.0021345801204689006 -0.0052801381350424184 -0.007049864705353401 0.0033021317278445149
leaf_weight=4.7466137968003768 3.5126983597874641 4.5661823712289333 6.87972693890333 3.1175224557518959
leaf_count=42 41 34 65 27
internal_value=0.000468763 0.00470532 -0.00442105 -0.00189981
internal_weight=22.8227 12.4303 10.3924 7.6837
internal_count=209 103 106 61
is_linear=0
shrinkage=0.03


Tree=92
num_leaves=5
num_cat=0
split_feature=6 2 13 13
split_gain=0.971117 0.535723 0.534173 0.44445
threshold=-0.18853398853398576 -0.40109651693224796 0.5227217026615697 0.71084635712486033
decision_type=2 2 2 2
left_child=2 -2 -1 -4
right_child=1 -3 3 -5
leaf_value=0.0084725054297018747 -0.0067018376594941316 0.0019177239749593419 -0.0047335996087856406 0.0030632290820452033
leaf_weight=3.8857065625488776 7.4329516589641571 4.7030296474695188 2.2308903858065605 4.5501457788050175
leaf_count=27 76 46 22 38
internal_value=0.000478148 -0.00400418 0.00504777 -0.000794093
internal_weight=22.8027 12.136 10.6667 6.78104
internal_count=209 122 87 60
is_linear=0
shrinkage=0.03


Tree=93
num_leaves=5
num_cat=0
split_feature=6 16 17 3
split_gain=0.950028 0.548188 0.743936 0.41273
threshold=-0.46328340176312882 -0.05358855858058257 0.47222222222222227 0.048305428777634142
decision_type=2 2 2 2
left_child=-1 2 -2 -3
right_child=1 3 -4 -5
leaf_value=0.0056748450232512303 0.0064722591752656771 -0.0077662353001540481 -0.0039193974263918583 0.0016079855858772516
leaf_weight=7.7863645888865021 2.8246824033558378 7.5436297766864264 2.9305427558720112 1.6952422782778738
leaf_count=59 29 74 37 10
internal_value=0.000482526 -0.0034055 0.00205168 -0.00610442
internal_weight=22.7805 14.9941 5.75523 9.23887
internal_count=209 150 66 84
is_linear=0
shrinkage=0.03


Tree=94
num_leaves=5
num_cat=0
split_feature=4 13 4 2
split_gain=0.938165 0.816253 0.802491 0.79614
threshold=0.020633256105168089 0.5227217026615697 0.033894520272437341 -1.3062778331893565
decision_type=2 2 2 2
left_child=1 -1 -2 -3
right_child=2 3 -4 -5
leaf_value=0.0083664436611283494 -0.0086470485562301479 0.004687388736843932 0.0023590315011961559 -0.0056195124966856155
leaf_weight=6.049899376928809 4.0664512701332551 2.3250571824610224 4.529374472796917 5.7903415374457827
leaf_count=46 49 19 37 58
internal_value=0.000487189 0.00427551 -0.00469772 -0.00170914
internal_weight=22.7611 14.1653 8.59583 8.1154
internal_count=209 123 86 77
is_linear=0
shrinkage=0.03


Tree=95
num_leaves=5
num_cat=0
split_feature=12 17 16 12
split_gain=0.927492 0.970265 0.538883 0.680239
threshold=1.0000000180025095e-35 0.47222222222222227 -0.28094098227085623 0.71045354934653082
decision_type=2 2 2 2
left_child=1 -1 -2 -4
right_child=2 -3 3 -5
leaf_value=0.0093083450001075815 0.0027571551540017101 -0.0019503816454500586 -0.0095831103643344798 0.0015245318053785548
leaf_weight=4.7384722419083136 1.7650569975376118 7.6685670539736748 4.6658380515873414 3.9053462333977222
leaf_count=42 19 61 51 36
internal_value=0.000483251 0.00458473 -0.00427351 -0.00642636
internal_weight=22.7433 12.407 10.3362 8.57118
internal_count=209 103 106 87
is_linear=0
shrinkage=0.03


Tree=96
num_leaves=5
num_cat=0
split_feature=6 4 13 13
split_gain=0.914109 0.527943 0.520921 0.460475
threshold=-0.18853398853398576 0.033894520272437341 0.5227217026615697 0.78215279479014421
decision_type=2 2 2 2
left_child=2 -2 -1 -3
right_child=1 3 -4 -5
leaf_value=0.0083033994686703312 -0.0065171939764839173 0.0052968666279800741 -0.00081711512673825562 -0.0031730999454553754
leaf_weight=3.8751974962651747 7.6047599986195547 2.6141861043870449 6.7724911086261272 1.8577328510582445
leaf_count=27 86 23 60 13
internal_value=0.000487787 -0.00387485 0.00491611 0.002017
internal_weight=22.7244 12.0767 10.6477 4.47192
internal_count=209 122 87 36
is_linear=0
shrinkage=0.03


Tree=97
num_leaves=5
num_cat=0
split_feature=4 13 2 4
split_gain=0.904492 0.787536 0.782514 0.780068
threshold=0.020633256105168089 0.5227217026615697 -1.3062778331893565 0.033894520272437341
decision_type=2 2 2 2
left_child=1 -1 -3 -2
right_child=3 2 -4 -5
leaf_value=0.0082335009382916938 -0.0085083078841828481 0.0046598643092311594 -0.0055564757168401575 0.002337953770033646
leaf_weight=6.0415723249316242 4.0299213379621488 2.3235605657100669 5.7819271534681311 4.5290005207061768
leaf_count=46 49 19 58 37
internal_value=0.000501736 0.00421635 -0.00167164 -0.00460171
internal_weight=22.706 14.1471 8.10549 8.55892
internal_count=209 123 77 86
is_linear=0
shrinkage=0.03


Tree=98
num_leaves=5
num_cat=0
split_feature=17 13 16 13
split_gain=0.906762 1.50586 0.865362 1.16746
threshold=0.47222222222222227 0.82874492315444048 0.46566727880389169 0.15946348492321985
decision_type=2 2 2 2
left_child=1 -1 3 -2
right_child=2 -3 -4 -5
leaf_value=0.0094515927741902293 0.0040041932496668944 -0.0055037552515531203 0.0041648995150044311 -0.0093531034363165365
leaf_weight=7.244574900716545 1.9142775498330582 1.4715586192905901 2.4680583700537673 9.5894879251718503
leaf_count=66 15 15 15 98
internal_value=0.000497578 0.00533508 -0.00348689 -0.00630194
internal_weight=22.688 8.71613 13.9718 11.5038
internal_count=209 81 128 113
is_linear=0
shrinkage=0.03


Tree=99
num_leaves=5
num_cat=0
split_feature=4 4 13 2
split_gain=0.890205 0.768178 0.763284 0.768315
threshold=0.020633256105168089 0.033894520272437341 0.5227217026615697 -1.3062778331893565
decision_type=2 2 2 2
left_child=2 -2 -1 -4
right_child=1 -3 3 -5
leaf_value=0.0081422921483113361 -0.0084420158352616469 0.0023220565372450482 0.0046343917236016489 -0.0054858568970925278
leaf_weight=6.036320116370919 4.0121015161275846 4.529005654156208 2.3222462348639956 5.7722237296402445
leaf_count=46 49 37 19 58
internal_value=0.000508117 -0.00456031 0.00419192 -0.0016258
internal_weight=22.6719 8.54111 14.1308 8.09447
internal_count=209 86 123 77
is_linear=0
shrinkage=0.03


Tree=100
num_leaves=5
num_cat=0
split_feature=6 2 17 12
split_gain=0.878554 0.521304 0.49833 0.412011
threshold=-0.18853398853398576 -0.40109651693224796 0.5277777777777779 0.5757000440943415
decision_type=2 2 2 2
left_child=2 3 -1 -2
right_child=1 -3 -4 -5
leaf_value=0.0077053508791488602 -0.0086740154639547984 0.0019748709164307682 -0.0011943486354179045 0.00098989028339732383
leaf_weight=5.3278497532010096 4.4300432838499546 4.6759248226881009 5.2940534874796867 2.9258388429880142
leaf_count=46 51 46 41 25
internal_value=0.000503827 -0.0037849 0.00484146 -0.00647453
internal_weight=22.6537 12.0318 10.6219 7.35588
internal_count=209 122 87 76
is_linear=0
shrinkage=0.03


Tree=101
num_leaves=5
num_cat=0
split_feature=13 17 6 14
split_gain=0.871736 1.40794 0.696231 0.428937
threshold=0.8069312304529912 0.47222222222222227 -0.75075585789871668 1.0704344835507738
decision_type=2 2 2 2
left_child=1 3 -3 -1
right_child=-2 2 -4 -5
leaf_value=0.011030942000153759 -0.0057435682517635051 0.0039839974429942684 -0.0055055608531346268 -0.00075726847027557604
leaf_weight=4.928789693862206 4.0587569735944262 2.2207896225154427 9.5059234648942894 1.9258796460926531
leaf_count=45 41 13 93 17
internal_value=0.000496218 0.00339186 -0.0027019 0.00923468
internal_weight=22.6401 18.5814 11.7267 6.85467
internal_count=209 168 106 62
is_linear=0
shrinkage=0.03


Tree=102
num_leaves=5
num_cat=0
split_feature=13 17 6 14
split_gain=0.860739 1.36996 0.68291 0.421457
threshold=0.8069312304529912 0.47222222222222227 -0.75075585789871668 1.0704344835507738
decision_type=2 2 2 2
left_child=1 3 -3 -1
right_child=-2 2 -4 -5
leaf_value=0.010922145451569288 -0.0056972419961637006 0.0039622980955025333 -0.0054288871073726189 -0.00075363857164533073
leaf_weight=4.9281690604984822 4.0504466220736495 2.2207284942269352 9.4924107268452591 1.9252763912081716
leaf_count=45 41 13 93 17
internal_value=0.000509291 0.00338369 -0.00264356 0.00914117
internal_weight=22.617 18.5666 11.7131 6.85345
internal_count=209 168 106 62
is_linear=0
shrinkage=0.03


Tree=103
num_leaves=5
num_cat=0
split_feature=13 17 6 14
split_gain=0.849859 1.33299 0.669859 0.414121
threshold=0.8069312304529912 0.47222222222222227 -0.75075585789871668 1.0704344835507738
decision_type=2 2 2 2
left_child=1 3 -3 -1
right_child=-2 2 -4 -5
leaf_value=0.010814616537145509 -0.0056513497496508561 0.0039407226857262386 -0.0053533153503316621 -0.00075002678837706208
leaf_weight=4.9272961467504564 4.042169325053691 2.2206510826945332 9.4789941981434769 1.9246758036315439
leaf_count=45 41 13 93 17
internal_value=0.000521969 0.0033753 -0.00258617 0.00904874
internal_weight=22.5938 18.5516 11.6996 6.85197
internal_count=209 168 106 62
is_linear=0
shrinkage=0.03


Tree=104
num_leaves=5
num_cat=0
split_feature=13 17 6 14
split_gain=0.839094 1.297 0.657073 0.406926
threshold=0.8069312304529912 0.47222222222222227 -0.75075585789871668 1.0704344835507738
decision_type=2 2 2 2
left_child=1 3 -3 -1
right_child=-2 2 -4 -5
leaf_value=0.010708336994499065 -0.0056058867116029806 0.0039192708206873183 -0.0052788274150161602 -0.00074643306636509399
leaf_weight=4.9261788800358834 4.0339255407452574 2.2205576673150089 9.4656755365431255 1.9240779317915437
leaf_count=45 41 13 93 17
internal_value=0.000534263 0.0033667 -0.00252973 0.00895737
internal_weight=22.5704 18.5365 11.6862 6.85026
internal_count=209 168 106 62
is_linear=0
shrinkage=0.03


Tree=105
num_leaves=5
num_cat=0
split_feature=13 17 13 14
split_gain=0.828444 1.26197 0.645935 0.39987
threshold=0.8069312304529912 0.47222222222222227 0.15946348492321985 1.0704344835507738
decision_type=2 2 2 2
left_child=1 3 -3 -1
right_child=-2 2 -4 -5
leaf_value=0.010603288886370993 -0.0055608481185693507 0.0039496536425254582 -0.0051802184385732076 -0.00074285730294784756
leaf_weight=4.9248248152434888 4.0257158055901519 2.0975629687309256 9.5753417573869211 1.9234827011823652
leaf_count=45 41 17 89 17
internal_value=0.000546182 0.0033579 -0.00247421 0.00886705
internal_weight=22.5469 18.5212 11.6729 6.84831
internal_count=209 168 106 62
is_linear=0
shrinkage=0.03


Tree=106
num_leaves=5
num_cat=0
split_feature=4 13 4 2
split_gain=0.823152 0.765273 0.757668 0.754511
threshold=0.020633256105168089 0.5227217026615697 0.033894520272437341 -1.3062778331893565
decision_type=2 2 2 2
left_child=1 -1 -2 -3
right_child=2 3 -4 -5
leaf_value=0.0080568879378462507 -0.0082386237433850259 0.0045489967140705722 0.0023980711635743688 -0.0054973251785469341
leaf_weight=6.0079241357743767 3.9575182572007161 2.3130166195332995 4.4954009540379047 5.7519589588046065
leaf_count=46 49 19 37 58
internal_value=0.000558404 0.00408726 -0.00434781 -0.00169288
internal_weight=22.5258 14.0729 8.45292 8.06498
internal_count=209 123 86 77
is_linear=0
shrinkage=0.03


Tree=107
num_leaves=5
num_cat=0
split_feature=13 17 13 14
split_gain=0.814374 1.34712 0.659548 0.473778
threshold=0.82874492315444048 0.47222222222222227 0.15946348492321985 1.0704344835507738
decision_type=2 2 2 2
left_child=1 3 -3 -1
right_child=-2 2 -4 -5
leaf_value=0.010792056338156136 -0.0057661815742903466 0.0039183947101501691 -0.0053166200331206523 -0.00095444901613109083
leaf_weight=5.2371613346040311 3.2226005718111983 2.0954035073518744 9.9666967131197435 1.9859562031924722
leaf_count=48 34 17 92 18
internal_value=0.000553578 0.00321799 -0.00266343 0.00888343
internal_weight=22.5078 19.2852 12.0621 7.22312
internal_count=209 175 109 66
is_linear=0
shrinkage=0.03


Tree=108
num_leaves=5
num_cat=0
split_feature=13 17 13 14
split_gain=0.805257 1.30933 0.64691 0.465373
threshold=0.82874492315444048 0.47222222222222227 0.15946348492321985 1.0704344835507738
decision_type=2 2 2 2
left_child=1 3 -3 -1
right_child=-2 2 -4 -5
leaf_value=0.010681789376371459 -0.0057274015849459719 0.0038977384369617693 -0.0052403136581407718 -0.00094976824027611338
leaf_weight=5.2357372231781545 3.2149139568209639 2.0962955094873896 9.9542738758027536 1.9851665571331976
leaf_count=48 34 17 92 18
internal_value=0.000561965 0.00320938 -0.00260394 0.00878942
internal_weight=22.4864 19.2715 12.0506 7.2209
internal_count=209 175 109 66
is_linear=0
shrinkage=0.03


Tree=109
num_leaves=5
num_cat=0
split_feature=4 13 4 2
split_gain=0.798778 0.748589 0.747525 0.746751
threshold=0.020633256105168089 0.5227217026615697 0.033894520272437341 -1.3062778331893565
decision_type=2 2 2 2
left_child=1 -1 -2 -3
right_child=2 3 -4 -5
leaf_value=0.0079695732737860066 -0.0081498096441250945 0.004530219635825933 0.0024046077182341931 -0.0054657744177014217
leaf_weight=5.9969523511827019 3.9325696267187578 2.3088462911546221 4.4864326566457748 5.7400089129805556
leaf_count=46 49 19 37 58
internal_value=0.000570024 0.00404309 -0.0042735 -0.00167709
internal_weight=22.4648 14.0458 8.419 8.04886
internal_count=209 123 86 77
is_linear=0
shrinkage=0.03


Tree=110
num_leaves=4
num_cat=0
split_feature=13 1 15
split_gain=0.794693 0.738396 0.839061
threshold=0.88060202291470691 0.041224399262750684 0.34818180804820392
decision_type=2 2 2
left_child=1 2 -1
right_child=-2 -3 -4
leaf_value=0.007530421485104093 -0.0062053470094717705 -0.0042621703379199551 -0.0026791982671208491
leaf_weight=14.128264848142871 1.7724991403520096 2.1206822767853728 4.425336852669715
leaf_count=141 20 15 33
internal_value=0.000565073 0.00297928 0.00500979
internal_weight=22.4468 20.6743 18.5536
internal_count=209 189 174
is_linear=0
shrinkage=0.03


Tree=111
num_leaves=5
num_cat=0
split_feature=6 16 17 3
split_gain=0.78314 0.50925 0.640733 0.422149
threshold=-0.46328340176312882 -0.05358855858058257 0.47222222222222227 0.048305428777634142
decision_type=2 2 2 2
left_child=-1 2 -2 -3
right_child=1 3 -4 -5
leaf_value=0.0051993237997949391 0.0061403393480265614 -0.0074535040964699541 -0.0035567016925257301 0.0017722135643895936
leaf_weight=7.7208667211234596 2.8124536313116559 7.3925981372594798 2.8633542247116566 1.6660417467355726
leaf_count=59 29 74 37 10
internal_value=0.000495979 -0.00307423 0.00210016 -0.00571715
internal_weight=22.4553 14.7344 5.67581 9.05864
internal_count=209 150 66 84
is_linear=0
shrinkage=0.03


Tree=112
num_leaves=4
num_cat=0
split_feature=13 1 15
split_gain=0.777109 0.720562 0.817559
threshold=0.88060202291470691 0.041224399262750684 0.34818180804820392
decision_type=2 2 2
left_child=1 2 -1
right_child=-2 -3 -4
leaf_value=0.0074036689978560326 -0.0061803279197247332 -0.004235283230773902 -0.0026623850401242184
leaf_weight=14.133001469075689 1.7669477462768544 2.1166187301278105 4.4192817471921435
leaf_count=141 20 15 33
internal_value=0.000500747 0.00290085 0.0049132
internal_weight=22.4358 20.6689 18.5523
internal_count=209 189 174
is_linear=0
shrinkage=0.03


Tree=113
num_leaves=5
num_cat=0
split_feature=4 13 2 4
split_gain=0.770128 0.739804 0.738336 0.724883
threshold=0.020633256105168089 0.5227217026615697 -1.3062778331893565 0.033894520272437341
decision_type=2 2 2 2
left_child=1 -1 -3 -2
right_child=3 2 -4 -5
leaf_value=0.0077933886316742546 -0.0080984050267999038 0.0044604712768260618 -0.0054927928051622093 0.0023264904153144548
leaf_weight=5.9865589700639275 3.9187531694769842 2.3070536628365508 5.736510355025529 4.4949370510876179
leaf_count=46 49 19 58 37
internal_value=0.000433055 0.00387211 -0.00174811 -0.00429014
internal_weight=22.4438 14.0301 8.04356 8.41369
internal_count=209 123 77 86
is_linear=0
shrinkage=0.03


Tree=114
num_leaves=5
num_cat=0
split_feature=6 12 17 13
split_gain=0.760689 0.520837 0.572776 0.474098
threshold=-0.18853398853398576 0.71045354934653082 0.41666666666666669 0.5227217026615697
decision_type=2 2 2 2
left_child=3 2 -2 -1
right_child=1 -3 -4 -5
leaf_value=0.0077283758761301771 0.002073804231650695 0.002373056596467448 -0.0083716303272495223 -0.00088674980219372772
leaf_weight=3.8224280327558535 2.0356748811900598 3.6665754057466975 6.181759987026453 6.7189182974398136
leaf_count=27 23 33 66 60
internal_value=0.000429383 -0.00356774 -0.00606606 0.00447874
internal_weight=22.4254 11.884 8.21743 10.5413
internal_count=209 122 89 87
is_linear=0
shrinkage=0.03


Tree=115
num_leaves=4
num_cat=0
split_feature=13 1 15
split_gain=0.755067 0.702214 0.802456
threshold=0.88060202291470691 0.041224399262750684 0.34818180804820392
decision_type=2 2 2
left_child=1 2 -1
right_child=-2 -3 -4
leaf_value=0.0072883021132872381 -0.0061316324042214026 -0.0042064772197676148 -0.0026650789504572754
leaf_weight=14.124125596135864 1.7565623596310604 2.1110285744070998 4.4138911329209796
leaf_count=141 20 15 33
internal_value=0.000443691 0.00282113 0.00481497
internal_weight=22.4056 20.649 18.538
internal_count=209 189 174
is_linear=0
shrinkage=0.03


Tree=116
num_leaves=5
num_cat=0
split_feature=6 16 17 3
split_gain=0.75172 0.494237 0.624151 0.418534
threshold=-0.46328340176312882 -0.05358855858058257 0.47222222222222227 0.048305428777634142
decision_type=2 2 2 2
left_child=-1 2 -2 -3
right_child=1 3 -4 -5
leaf_value=0.0050107430622454655 0.0060314361144038642 -0.0074222387861971216 -0.003532135460085321 0.0017645792506826288
leaf_weight=7.7029811218380955 2.8145185038447389 7.3719299100339377 2.8571283854544163 1.6664728820323942
leaf_count=59 29 74 37 10
internal_value=0.000377309 -0.00309491 0.00203404 -0.00569124
internal_weight=22.413 14.71 5.67165 9.0384
internal_count=209 150 66 84
is_linear=0
shrinkage=0.03


Tree=117
num_leaves=5
num_cat=0
split_feature=12 3 16 12
split_gain=0.739763 0.953405 0.486775 0.677468
threshold=1.0000000180025095e-35 -0.039059436034713353 -0.28094098227085623 0.71045354934653082
decision_type=2 2 2 2
left_child=1 -1 -2 -4
right_child=2 -3 3 -5
leaf_value=-0.0035923363155781329 0.0026986240384308854 0.0075189783889640233 -0.0091767940658972098 0.0017054156928701005
leaf_weight=3.6744580939412108 1.7510417103767384 8.5673163570463675 4.5387970693409425 3.8616938553750515
leaf_count=24 19 79 51 36
internal_value=0.00038329 0.0040682 -0.00387405 -0.00596612
internal_weight=22.3933 12.2418 10.1515 8.40049
internal_count=209 103 106 87
is_linear=0
shrinkage=0.03


Tree=118
num_leaves=4
num_cat=0
split_feature=13 1 15
split_gain=0.732595 0.685616 0.78038
threshold=0.88060202291470691 0.041224399262750684 0.34818180804820392
decision_type=2 2 2
left_child=1 2 -1
right_child=-2 -3 -4
leaf_value=0.0071485326427468063 -0.0060956881165035804 -0.0041936586885275755 -0.0026518333640153046
leaf_weight=14.113798897713432 1.7481226623058308 2.1074449717998496 4.4066668264567843
leaf_count=141 20 15 33
internal_value=0.00036406 0.002723 0.00470449
internal_weight=22.376 20.6279 18.5205
internal_count=209 189 174
is_linear=0
shrinkage=0.03


Tree=119
num_leaves=5
num_cat=0
split_feature=6 4 2 1
split_gain=0.726277 0.480391 0.416014 0.38473
threshold=-0.46328340176312882 0.033894520272437341 -0.043183763978578239 0.032556248843112652
decision_type=2 2 2 2
left_child=3 2 -2 -1
right_child=1 -3 -4 -5
leaf_value=0.0066454833346848595 -0.0072616770645137609 0.0022796551445064699 0.0015767573950151467 -0.0019748432002860165
leaf_weight=6.3404995128512409 7.7778987064957619 4.4941175803542128 2.417174529284237 1.3531149253249166
leaf_count=51 95 37 18 8
internal_value=0.000299325 -0.00309759 -0.00542303 0.00487011
internal_weight=22.3828 14.6892 10.1951 7.69361
internal_count=209 150 113 59
is_linear=0
shrinkage=0.03


Tree=120
num_leaves=5
num_cat=0
split_feature=13 17 6 14
split_gain=0.717425 1.17385 0.619859 0.372442
threshold=0.8069312304529912 0.47222222222222227 -0.75075585789871668 1.0704344835507738
decision_type=2 2 2 2
left_child=1 3 -3 -1
right_child=-2 2 -4 -5
leaf_value=0.010012078101975694 -0.0053397583415172719 0.0037472487200426808 -0.0052245814958545855 -0.00077001653037953315
leaf_weight=4.8870972767472329 3.9642333798110476 2.210965812206271 9.3863054737448639 1.9184039048850534
leaf_count=45 41 13 93 17
internal_value=0.000302159 0.00296963 -0.00257106 0.00832307
internal_weight=22.367 18.4028 11.5973 6.8055
internal_count=209 168 106 62
is_linear=0
shrinkage=0.03


Tree=121
num_leaves=4
num_cat=0
split_feature=13 1 15
split_gain=0.712563 0.666949 0.764645
threshold=0.88060202291470691 0.041224399262750684 0.34818180804820392
decision_type=2 2 2
left_child=1 2 -1
right_child=-2 -3 -4
leaf_value=0.0070373734420874695 -0.0060468139899934673 -0.0041557350338402967 -0.0026490994734709554
leaf_weight=14.103760935366163 1.7374051734805096 2.1036459356546393 4.3976784646511069
leaf_count=141 20 15 33
internal_value=0.000315771 0.00265272 0.00461332
internal_weight=22.3425 20.6051 18.5014
internal_count=209 189 174
is_linear=0
shrinkage=0.03


Tree=122
num_leaves=5
num_cat=0
split_feature=4 13 2 4
split_gain=0.705334 0.732556 0.725084 0.691105
threshold=0.020633256105168089 0.5227217026615697 -1.3062778331893565 0.033894520272437341
decision_type=2 2 2 2
left_child=1 -1 -3 -2
right_child=3 2 -4 -5
leaf_value=0.0075217493954770724 -0.007952716209519298 0.004335076294692845 -0.0055589278996466315 0.0022500729053232644
leaf_weight=5.953902784734967 3.8772002272307855 2.2995975054800502 5.7244872115552417 4.4935786314308643
leaf_count=46 49 19 58 37
internal_value=0.000252246 0.00358286 -0.00189145 -0.00423226
internal_weight=22.3488 13.978 8.02408 8.37078
internal_count=209 123 77 86
is_linear=0
shrinkage=0.03


Tree=123
num_leaves=5
num_cat=0
split_feature=12 3 16 12
split_gain=0.697736 0.922233 0.472404 0.664438
threshold=1.0000000180025095e-35 -0.039059436034713353 -0.28094098227085623 0.71045354934653082
decision_type=2 2 2 2
left_child=1 -1 -2 -4
right_child=2 -3 3 -5
leaf_value=-0.0036068014710819948 0.002641884913372832 0.0072818018324996396 -0.0090967221374241899 0.0016862904022872515
leaf_weight=3.6665285602211943 1.7502153180539597 8.5378296002745646 4.5132590197026712 3.8620513081550598
leaf_count=24 19 79 51 36
internal_value=0.000250277 0.00385944 -0.00385604 -0.0059127
internal_weight=22.3299 12.2044 10.1255 8.37531
internal_count=209 103 106 87
is_linear=0
shrinkage=0.03


Tree=124
num_leaves=4
num_cat=0
split_feature=13 1 15
split_gain=0.688299 0.650129 0.745197
threshold=0.88060202291470691 0.041224399262750684 0.34818180804820392
decision_type=2 2 2
left_child=1 2 -1
right_child=-2 -3 -4
leaf_value=0.0068961992841254025 -0.0060033815635497966 -0.0041444392589505327 -0.002645519181649755
leaf_weight=14.092397365719089 1.7278373315930355 2.0997302755713454 4.392218727618455
leaf_count=141 20 15 33
internal_value=0.000232662 0.00254786 0.00449615
internal_weight=22.3122 20.5843 18.4846
internal_count=209 189 174
is_linear=0
shrinkage=0.03


Tree=125
num_leaves=5
num_cat=0
split_feature=6 4 2 1
split_gain=0.689565 0.467697 0.411403 0.369267
threshold=-0.46328340176312882 0.033894520272437341 -0.043183763978578239 0.032556248843112652
decision_type=2 2 2 2
left_child=3 2 -2 -1
right_child=1 -3 -4 -5
leaf_value=0.0064113987212551923 -0.007232097126360461 0.0022195736151992568 0.0015667547584166568 -0.0019739227376575001
leaf_weight=6.3209320455789593 7.7447430603206158 4.4942341819405547 2.4094613231718522 1.3484637960791586
leaf_count=51 95 37 18 8
internal_value=0.000170832 -0.00311249 -0.0054028 0.00465432
internal_weight=22.3178 14.6484 10.1542 7.6694
internal_count=209 150 113 59
is_linear=0
shrinkage=0.03


Tree=126
num_leaves=5
num_cat=0
split_feature=12 12 1 16
split_gain=0.674103 0.902888 0.599276 0.466498
threshold=1.0000000180025095e-35 -0.71173074822458793 0.015946394169750747 -0.11395723081868554
decision_type=2 2 2 2
left_child=1 -1 -3 -2
right_child=3 2 -4 -5
leaf_value=-0.0034965158649900006 0.0020407792648497116 0.0092707974542824683 -0.002077223719341621 -0.0063048100141314123
leaf_weight=3.9550088308751574 3.482533436268568 6.7805920802056807 1.4539144821465013 6.6296990811824781
leaf_count=32 41 62 9 65
internal_value=0.000174944 0.00373975 0.0072268 -0.00384503
internal_weight=22.3017 12.1895 8.23451 10.1122
internal_count=209 103 71 106
is_linear=0
shrinkage=0.03


Tree=127
num_leaves=4
num_cat=0
split_feature=13 1 15
split_gain=0.669193 0.630701 0.722626
threshold=0.88060202291470691 0.041224399262750684 0.34818180804820392
decision_type=2 2 2
left_child=1 2 -1
right_child=-2 -3 -4
leaf_value=0.0067580410964074682 -0.0059701814956290575 -0.0041094692578386195 -0.0026258066946614287
leaf_weight=14.084014624357232 1.7200018055737007 2.0964073091745368 4.3845715075731269
leaf_count=141 20 15 33
internal_value=0.000164451 0.00246294 0.00439044
internal_weight=22.285 20.565 18.4686
internal_count=209 189 174
is_linear=0
shrinkage=0.03


Tree=128
num_leaves=5
num_cat=0
split_feature=6 4 2 16
split_gain=0.666139 0.462578 0.409903 0.355733
threshold=-0.46328340176312882 0.033894520272437341 -0.043183763978578239 -0.05358855858058257
decision_type=2 2 2 2
left_child=-1 2 -2 -3
right_child=1 3 -4 -5
leaf_value=0.004526764275442817 -0.0072132350901672809 0.0052367895414962042 0.0015669215727949209 -0.0023174120212571983
leaf_weight=7.6582360826432732 7.7320717535912991 1.7356046028435228 2.4071203544735891 2.7570143304765216
leaf_count=59 95 17 18 20
internal_value=0.000104171 -0.00310862 -0.00538575 0.00220068
internal_weight=22.29 14.6318 10.1392 4.49262
internal_count=209 150 113 37
is_linear=0
shrinkage=0.03


Tree=129
num_leaves=5
num_cat=0
split_feature=17 13 16 13
split_gain=0.660248 1.2219 0.837503 1.03068
threshold=0.47222222222222227 0.82874492315444048 0.46566727880389169 0.15946348492321985
decision_type=2 2 2 2
left_child=1 -1 3 -2
right_child=2 -3 -4 -5
leaf_value=0.0081430903812091775 0.0037149379891149828 -0.0052061575261097255 0.0042117534684569229 -0.0089243619236838521
leaf_weight=7.1608069539070147 1.8869045786559571 1.4109065681695936 2.4241037741303435 9.3874639496207219
leaf_count=66 15 15 15 98
internal_value=0.000117776 0.00432567 -0.00322951 -0.00605713
internal_weight=22.2702 8.57171 13.6985 11.2744
internal_count=209 81 128 113
is_linear=0
shrinkage=0.03


Tree=130
num_leaves=5
num_cat=0
split_feature=4 13 2 4
split_gain=0.651696 0.729738 0.7063 0.664438
threshold=0.020633256105168089 0.5227217026615697 -1.3062778331893565 0.033894520272437341
decision_type=2 2 2 2
left_child=1 -1 -3 -2
right_child=3 2 -4 -5
leaf_value=0.0073239115188066554 -0.0078122821226979571 0.0042025497927155554 -0.0055928359476212618 0.0022028498039919223
leaf_weight=5.927078269422057 3.8352998644113523 2.2915014475584021 5.7104601822793475 4.4865076467394829
leaf_count=46 49 19 58 37
internal_value=0.000132228 0.00336153 -0.00201147 -0.00415754
internal_weight=22.2508 13.929 8.00196 8.32181
internal_count=209 123 77 86
is_linear=0
shrinkage=0.03


Tree=131
num_leaves=5
num_cat=0
split_feature=13 3 14 15
split_gain=0.647096 0.626164 0.891867 0.0298918
threshold=0.88060202291470691 -0.039059436034713353 0.912140065699794 0.54685671081041953
decision_type=2 2 2 2
left_child=1 3 -3 -1
right_child=-2 2 -4 -5
leaf_value=-3.4161799286512858e-05 -0.0058978646700216658 0.0079120869142192407 -0.0023204540434245908 -0.0041988034851679762
leaf_weight=1.979418415576226 1.7041592337191094 10.352760557085277 6.5169698111712924 1.6784357614815233
leaf_count=14 20 101 64 10
internal_value=0.00013129 0.00239984 0.0045667 -0.00362024
internal_weight=22.2317 20.5276 16.8697 3.65785
internal_count=209 189 165 24
is_linear=0
shrinkage=0.03


Tree=132
num_leaves=5
num_cat=0
split_feature=17 13 16 13
split_gain=0.636149 1.19644 0.821862 1.01095
threshold=0.47222222222222227 0.82874492315444048 0.46566727880389169 0.15946348492321985
decision_type=2 2 2 2
left_child=1 -1 3 -2
right_child=2 -3 -4 -5
leaf_value=0.008014412150041568 0.0036796727123926589 -0.0051808577530272253 0.0041732326333006348 -0.0088435647004714308
leaf_weight=7.1521472223103064 1.8822652436792839 1.4050181470811365 2.4229445978999129 9.3588592931628209
leaf_count=66 15 15 15 98
internal_value=8.50979e-05 0.00422352 -0.00319618 -0.00600149
internal_weight=22.2212 8.55717 13.6641 11.2411
internal_count=209 81 128 113
is_linear=0
shrinkage=0.03


Tree=133
num_leaves=5
num_cat=0
split_feature=13 12 14 11
split_gain=0.630046 0.619729 0.881683 0.374796
threshold=0.88060202291470691 -0.71173074822458793 0.912140065699794 -0.25079844572119886
decision_type=2 2 2 2
left_child=1 3 -3 -1
right_child=-2 2 -4 -5
leaf_value=-0.0059974705303413676 -0.0058453238316513419 0.0079182277110690317 -0.002292865949613334 0.0022927462341538023
leaf_weight=2.5797058716416363 1.6929633654654015 10.054821811616423 6.5087459981441489 1.3654064014554084
leaf_count=23 20 93 64 9
internal_value=9.96447e-05 0.00234549 0.00455309 -0.00354163
internal_weight=22.2016 20.5087 16.5636 3.94511
internal_count=209 189 157 32
is_linear=0
shrinkage=0.03


Tree=134
num_leaves=5
num_cat=0
split_feature=6 4 2 1
split_gain=0.623408 0.455272 0.394757 0.353971
threshold=-0.46328340176312882 0.033894520272437341 -0.043183763978578239 0.032556248843112652
decision_type=2 2 2 2
left_child=3 2 -2 -1
right_child=1 -3 -4 -5
leaf_value=0.0061030713331978546 -0.0071075284329888506 0.0022065477349559764 0.0015283203780833466 -0.0020022496078328563
leaf_weight=6.2884657606482532 7.6801566667854786 4.4751313887536517 2.405551463365553 1.3439463824033735
leaf_count=51 95 37 18 8
internal_value=6.00674e-05 -0.00304397 -0.00531236 0.00434973
internal_weight=22.1933 14.5608 10.0857 7.63241
internal_count=209 150 113 59
is_linear=0
shrinkage=0.03


Tree=135
num_leaves=5
num_cat=0
split_feature=13 17 6 14
split_gain=0.61891 1.09563 0.585981 0.357988
threshold=0.8069312304529912 0.47222222222222227 -0.75075585789871668 1.0704344835507738
decision_type=2 2 2 2
left_child=1 3 -3 -1
right_child=-2 2 -4 -5
leaf_value=0.0094913537859005383 -0.0051344291328505104 0.0035555724144540894 -0.0052223514553352193 -0.0008319341228341247
leaf_weight=4.8423469699919286 3.8978847898542872 2.1995392180979279 9.3176953718066162 1.9196014776825903
leaf_count=45 41 13 93 17
internal_value=6.50304e-05 0.00259732 -0.00267262 0.00781279
internal_weight=22.1771 18.2792 11.5172 6.76195
internal_count=209 168 106 62
is_linear=0
shrinkage=0.03


Tree=136
num_leaves=5
num_cat=0
split_feature=13 3 14 15
split_gain=0.6168 0.622058 0.830653 0.0258344
threshold=0.88060202291470691 -0.039059436034713353 0.912140065699794 0.54685671081041953
decision_type=2 2 2 2
left_child=1 3 -3 -1
right_child=-2 2 -4 -5
leaf_value=-7.6054804357963604e-05 -0.005799589417043915 0.0077050020278142586 -0.0022052460436383296 -0.0041990300145115277
leaf_weight=1.9749393649399345 1.6825416758656491 10.329997781664135 6.4870433136820784 1.6774274222552774
leaf_count=14 20 101 64 10
internal_value=8.04344e-05 0.00230855 0.00448538 -0.00365831
internal_weight=22.1519 20.4694 16.817 3.65237
internal_count=209 189 165 24
is_linear=0
shrinkage=0.03


Tree=137
num_leaves=5
num_cat=0
split_feature=13 12 14 11
split_gain=0.60461 0.611909 0.819484 0.370083
threshold=0.88060202291470691 -0.71173074822458793 0.912140065699794 -0.25079844572119886
decision_type=2 2 2 2
left_child=1 3 -3 -1
right_child=-2 2 -4 -5
leaf_value=-0.005997402348593227 -0.0057770018603495645 0.0076952121234546561 -0.0021800080608124035 0.0022619505838247711
leaf_weight=2.5760563872754578 1.677619881927966 10.044981803745033 6.4811399243772021 1.361461877822882
leaf_count=23 20 93 64 9
internal_value=3.5317e-05 0.00225176 0.00446056 -0.00356768
internal_weight=22.1413 20.4636 16.5261 3.93752
internal_count=209 189 157 32
is_linear=0
shrinkage=0.03


Tree=138
num_leaves=5
num_cat=0
split_feature=17 13 2 2
split_gain=0.602496 0.747753 2.11494 0.543785
threshold=0.41666666666666669 0.5227217026615697 -1.7392955238089474 -1.5793343749312447
decision_type=2 2 2 2
left_child=-1 3 -3 -2
right_child=1 2 -4 -5
leaf_value=0.0048177662877725057 -0.0032843982332447881 0.0057396366555995185 -0.011569725066852072 0.0055579967942769289
leaf_weight=5.0191848725080517 2.1297810114920139 2.6839545853436029 6.6362942084670014 5.6633588187396553
leaf_count=48 15 22 75 49
internal_value=-3.08939e-06 -0.00267241 -0.00619433 0.00265371
internal_weight=22.1326 17.1134 9.32025 7.79314
internal_count=209 161 97 64
is_linear=0
shrinkage=0.03


Tree=139
num_leaves=5
num_cat=0
split_feature=13 17 6 14
split_gain=0.591256 1.06232 0.575111 0.342949
threshold=0.8069312304529912 0.47222222222222227 -0.75075585789871668 1.0704344835507738
decision_type=2 2 2 2
left_child=1 3 -3 -1
right_child=-2 2 -4 -5
leaf_value=0.0092889186271813105 -0.005063872684118345 0.0035096263772038021 -0.0051963469641611616 -0.00081583427684313867
leaf_weight=4.8281637020409169 3.8774565011262885 2.1958920694887665 9.2959259971976227 1.9163664840161798
leaf_count=45 41 13 93 17
internal_value=8.62093e-06 0.00249857 -0.00267382 0.00764523
internal_weight=22.1138 18.2363 11.4918 6.74453
internal_count=209 168 106 62
is_linear=0
shrinkage=0.03


Tree=140
num_leaves=5
num_cat=0
split_feature=13 3 14 15
split_gain=0.588673 0.613023 0.778957 0.0224864
threshold=0.88060202291470691 -0.039059436034713353 0.912140065699794 0.54685671081041953
decision_type=2 2 2 2
left_child=1 3 -3 -1
right_child=-2 2 -4 -5
leaf_value=-0.00010901859523570763 -0.00571165909569879 0.0075032379446209711 -0.0021162419471581978 -0.0041873681948981839
leaf_weight=1.9712526388466423 1.6635983288288105 10.315927028656008 6.4624502696096888 1.67530882358551
leaf_count=14 20 101 64 10
internal_value=2.44419e-05 0.00221538 0.00439148 -0.00367814
internal_weight=22.0885 20.4249 16.7784 3.64656
internal_count=209 189 165 24
is_linear=0
shrinkage=0.03


Tree=141
num_leaves=5
num_cat=0
split_feature=13 17 13 14
split_gain=0.577172 1.03772 0.573464 0.332609
threshold=0.8069312304529912 0.47222222222222227 0.15946348492321985 1.0704344835507738
decision_type=2 2 2 2
left_child=1 3 -3 -1
right_child=-2 2 -4 -5
leaf_value=0.0091581593774621023 -0.0050264604882826408 0.0035601403226141492 -0.0051500311815270081 -0.00080185005962363979
leaf_weight=4.8198632001876893 3.8665902800858012 2.056281339377164 9.4208402968943101 1.9140875376760957
leaf_count=45 41 17 89 17
internal_value=-1.95273e-05 0.00244845 -0.00265845 0.00753972
internal_weight=22.0777 18.2111 11.4771 6.73395
internal_count=209 168 106 62
is_linear=0
shrinkage=0.03


Tree=142
num_leaves=5
num_cat=0
split_feature=13 12 14 11
split_gain=0.575548 0.605997 0.763707 0.360913
threshold=0.88060202291470691 -0.71173074822458793 0.912140065699794 -0.25079844572119886
decision_type=2 2 2 2
left_child=1 3 -3 -1
right_child=-2 2 -4 -5
leaf_value=-0.0059776068989071561 -0.0056702874526416468 0.0074976164718082768 -0.002070896205289041 0.0022105168389447648
leaf_weight=2.5728424154222016 1.6544452570378769 10.022530369460585 6.4504724927246562 1.3543738573789657
leaf_count=23 20 93 64 9
internal_value=-2.69843e-06 0.00217096 0.00438386 -0.00359415
internal_weight=22.0547 20.4002 16.473 3.92722
internal_count=209 189 157 32
is_linear=0
shrinkage=0.03


Tree=143
num_leaves=5
num_cat=0
split_feature=13 2 17 4
split_gain=0.566846 1.61453 1.17323 0.726235
threshold=0.5227217026615697 -1.7392955238089474 0.41666666666666669 0.023586144825268666
decision_type=2 2 2 2
left_child=3 -2 -3 -1
right_child=1 2 -4 -5
leaf_value=0.0070480837485517381 0.0060088419747382684 0.0027761761518401559 -0.011426913537901758 -0.0031169800407504634
leaf_weight=6.0766634494066256 3.3160515613853923 2.9290644042193872 6.5893243700265884 3.1346628740429878
leaf_count=49 27 30 75 28
internal_value=-4.0198e-05 -0.00322571 -0.00787316 0.00376701
internal_weight=22.0458 12.8344 9.51839 9.21133
internal_count=209 132 105 77
is_linear=0
shrinkage=0.03


Tree=144
num_leaves=5
num_cat=0
split_feature=13 3 14 15
split_gain=0.562228 0.602656 0.731628 0.0197717
threshold=0.88060202291470691 -0.039059436034713353 0.912140065699794 0.54685671081041953
decision_type=2 2 2 2
left_child=1 3 -3 -1
right_child=-2 2 -4 -5
leaf_value=-0.00013498319217776795 -0.0056252684818132491 0.0073104390411419234 -0.0020338565774058659 -0.0041724651100800711
leaf_weight=1.9668259695172374 1.6446882598102082 10.297912035137417 6.4368756264448157 1.6727474667131899
leaf_count=14 20 101 64 10
internal_value=-2.70948e-05 0.00212801 0.00429988 -0.00368922
internal_weight=22.019 20.3744 16.7348 3.63957
internal_count=209 189 165 24
is_linear=0
shrinkage=0.03


Tree=145
num_leaves=5
num_cat=0
split_feature=17 13 2 2
split_gain=0.553241 0.699389 2.03792 0.524579
threshold=0.41666666666666669 0.5227217026615697 -1.7392955238089474 -1.5793343749312447
decision_type=2 2 2 2
left_child=-1 3 -3 -2
right_child=1 2 -4 -5
leaf_value=0.0045661511308684967 -0.0032572185593278081 0.0056573174347100547 -0.011334243465331725 0.0054154938011935104
leaf_weight=5.0017289109528091 2.1180399619042873 2.6780547648668325 6.5630136951804108 5.6471893675625351
leaf_count=48 15 22 75 49
internal_value=-6.99554e-05 -0.00261936 -0.00602905 0.00254802
internal_weight=22.008 17.0063 9.24107 7.76523
internal_count=209 161 97 64
is_linear=0
shrinkage=0.03


Tree=146
num_leaves=5
num_cat=0
split_feature=13 12 14 11
split_gain=0.548258 0.596835 0.724709 0.350933
threshold=0.88060202291470691 -0.71173074822458793 0.912140065699794 -0.25079844572119886
decision_type=2 2 2 2
left_child=1 3 -3 -1
right_child=-2 2 -4 -5
leaf_value=-0.0059497965460172525 -0.0055814229641223886 0.0073204046712615238 -0.0020125406849980767 0.0021557850143862274
leaf_weight=2.5687698945403104 1.6350885443389405 10.005918059498073 6.428106363862752 1.3508796021342337
leaf_count=23 20 93 64 9
internal_value=-5.82309e-05 0.00207809 0.00428952 -0.00361443
internal_weight=21.9888 20.3537 16.434 3.91965
internal_count=209 189 157 32
is_linear=0
shrinkage=0.03


Tree=147
num_leaves=5
num_cat=0
split_feature=17 13 2 2
split_gain=0.54146 0.679642 2.00191 0.511569
threshold=0.41666666666666669 0.5227217026615697 -1.7392955238089474 -1.5793343749312447
decision_type=2 2 2 2
left_child=-1 3 -3 -2
right_child=1 2 -4 -5
leaf_value=0.0044977028070096433 -0.0032289008947940586 0.0056061815470675961 -0.01123837265126887 0.0053295858193087827
leaf_weight=4.9994417913258102 2.1151766255497932 2.6792731918394601 6.5374175496399349 5.6482899971306351
leaf_count=48 15 22 75 49
internal_value=-9.46892e-05 -0.0026127 -0.00597248 0.00249277
internal_weight=21.9796 16.9802 9.21669 7.76347
internal_count=209 161 97 64
is_linear=0
shrinkage=0.03


Tree=148
num_leaves=4
num_cat=0
split_feature=13 1 15
split_gain=0.535545 0.590779 0.673876
threshold=0.88060202291470691 0.041224399262750684 0.34818180804820392
decision_type=2 2 2
left_child=1 2 -1
right_child=-2 -3 -4
leaf_value=0.0063042956017299191 -0.0055382469907440252 -0.0041794817192890837 -0.0026769743579667998
leaf_weight=13.898736666888007 1.625537734478711 2.0890328809618941 4.3468211069703093
leaf_count=141 20 15 33
internal_value=-8.29898e-05 0.00203506 0.00397438
internal_weight=21.9601 20.3346 18.2456
internal_count=209 189 174
is_linear=0
shrinkage=0.03


Tree=149
num_leaves=5
num_cat=0
split_feature=6 4 2 1
split_gain=0.539132 0.470924 0.375069 0.345893
threshold=-0.46328340176312882 0.033894520272437341 -0.043183763978578239 0.032556248843112652
decision_type=2 2 2 2
left_child=3 2 -2 -1
right_child=1 -3 -4 -5
leaf_value=0.0057048188157477059 -0.0070614297793849708 0.0023106200429009655 0.0014426571643310689 -0.0021184525436275786
leaf_weight=6.2269221134483841 7.5834057033061981 4.4149649962782851 2.4036698862910253 1.3342502042651174
leaf_count=51 95 37 18 8
internal_value=-0.00013771 -0.00299001 -0.00531692 0.0039041
internal_weight=21.9632 14.402 9.98708 7.56117
internal_count=209 150 113 59
is_linear=0
shrinkage=0.03


Tree=150
num_leaves=5
num_cat=0
split_feature=17 13 2 14
split_gain=0.532359 0.655824 1.9635 0.504492
threshold=0.41666666666666669 0.5227217026615697 -1.7392955238089474 0.74288781506818435
decision_type=2 2 2 2
left_child=3 -2 -3 -1
right_child=1 2 -4 -5
leaf_value=0.006994141514379105 0.0024151904503929935 0.005548531132673562 -0.011139791056674665 -0.0026178020524340196
leaf_weight=3.722096141427758 7.7608413435518768 2.6804674789309537 6.5082843787968105 1.2755012325942514
leaf_count=36 64 22 75 12
internal_value=-0.000131085 -0.00262138 -0.00591705 0.00443119
internal_weight=21.9472 16.9496 9.18875 4.9976
internal_count=209 161 97 48
is_linear=0
shrinkage=0.03


Tree=151
num_leaves=5
num_cat=0
split_feature=13 3 14 15
split_gain=0.520323 0.586261 0.695182 0.0161131
threshold=0.88060202291470691 -0.039059436034713353 0.912140065699794 0.54685671081041953
decision_type=2 2 2 2
left_child=1 3 -3 -1
right_child=-2 2 -4 -5
leaf_value=-0.00017101801247965996 -0.0054882416383018121 0.0070878714225371207 -0.0020099287317667373 -0.0041607680412123291
leaf_weight=1.9584162421524589 1.6137893795967091 10.26396628841758 6.4183415435254565 1.668717637658119
leaf_count=14 20 101 64 10
internal_value=-0.000116107 0.00198066 0.00414614 -0.00371288
internal_weight=21.9232 20.3094 16.6823 3.62713
internal_count=209 189 165 24
is_linear=0
shrinkage=0.03


Tree=152
num_leaves=5
num_cat=0
split_feature=17 13 2 2
split_gain=0.521343 0.636972 1.93089 0.500133
threshold=0.41666666666666669 0.5227217026615697 -1.7392955238089474 -1.5793343749312447
decision_type=2 2 2 2
left_child=-1 3 -3 -2
right_child=1 2 -4 -5
leaf_value=0.0043650971967253002 -0.0032448473254985304 0.0055021808877595193 -0.011050269399085383 0.0051902728790487653
leaf_weight=4.9902988113462952 2.1118475720286369 2.6815519072115457 6.482340149581427 5.6458912715315845
leaf_count=48 15 22 75 49
internal_value=-0.000157266 -0.00261696 -0.00586301 0.00235984
internal_weight=21.9119 16.9216 9.16389 7.75774
internal_count=209 161 97 64
is_linear=0
shrinkage=0.03


Tree=153
num_leaves=5
num_cat=0
split_feature=6 4 2 1
split_gain=0.512362 0.464916 0.360741 0.339536
threshold=-0.46328340176312882 0.033894520272437341 -0.043183763978578239 0.032556248843112652
decision_type=2 2 2 2
left_child=3 2 -2 -1
right_child=1 -3 -4 -5
leaf_value=0.0055958544010161542 -0.0069604296183800448 0.0023197379555583903 0.0014024974279898714 -0.0021243661799518971
leaf_weight=6.2099418900907066 7.541244026273489 4.4051707908511153 2.404581241309641 1.3312085047364233
leaf_count=51 95 37 18 8
internal_value=-0.00014562 -0.00292723 -0.00524908 0.00379889
internal_weight=21.8921 14.351 9.94583 7.54115
internal_count=209 150 113 59
is_linear=0
shrinkage=0.03


Tree=154
num_leaves=5
num_cat=0
split_feature=17 13 2 14
split_gain=0.50976 0.618582 1.89087 0.495382
threshold=0.41666666666666669 0.5227217026615697 -1.7392955238089474 0.74288781506818435
decision_type=2 2 2 2
left_child=3 -2 -3 -1
right_child=1 2 -4 -5
leaf_value=0.0068807822029689084 0.0023258946253916389 0.0054522217770654469 -0.010927064920274379 -0.0026166881436880379
leaf_weight=3.7157432883977917 7.7530772313475635 2.6825963631272352 6.4498396813869423 1.2749891355633733
leaf_count=36 64 22 75 12
internal_value=-0.000139177 -0.00257791 -0.00578077 0.00432747
internal_weight=21.8762 16.8855 9.13244 4.99073
internal_count=209 161 97 48
is_linear=0
shrinkage=0.03


Tree=155
num_leaves=5
num_cat=0
split_feature=13 12 14 11
split_gain=0.505033 0.588937 0.684128 0.336095
threshold=0.88060202291470691 -0.71173074822458793 0.912140065699794 -0.25079844572119886
decision_type=2 2 2 2
left_child=1 3 -3 -1
right_child=-2 2 -4 -5
leaf_value=-0.0059243513285498284 -0.0054183751301087541 0.0071166909076673347 -0.0019608481491564483 0.0020664355699200566
leaf_weight=2.559749081730843 1.5975036807358254 9.9509439617395419 6.3983595296740523 1.3455745801329673
leaf_count=23 20 93 64 9
internal_value=-0.000124735 0.0019457 0.00416823 -0.00366503
internal_weight=21.8521 20.2546 16.3493 3.90532
internal_count=209 189 157 32
is_linear=0
shrinkage=0.03


Tree=156
num_leaves=5
num_cat=0
split_feature=17 13 2 2
split_gain=0.498318 0.602479 1.85774 0.488741
threshold=0.41666666666666669 0.5227217026615697 -1.7392955238089474 -1.5793343749312447
decision_type=2 2 2 2
left_child=-1 3 -3 -2
right_child=1 2 -4 -5
leaf_value=0.0042627284246482492 -0.0032343750602129404 0.0054031478872313297 -0.010836077994797572 0.0050916750580093781
leaf_weight=4.983000602573159 2.1078781969845295 2.6834169961512124 6.4247960187494702 5.643578793853524
leaf_count=48 15 22 75 49
internal_value=-0.000159878 -0.0025674 -0.0057279 0.00228097
internal_weight=21.8427 16.8597 9.10821 7.75146
internal_count=209 161 97 64
is_linear=0
shrinkage=0.03


Tree=157
num_leaves=5
num_cat=0
split_feature=13 3 14 15
split_gain=0.493438 0.579621 0.657954 0.0139702
threshold=0.88060202291470691 -0.039059436034713353 0.912140065699794 0.54685671081041953
decision_type=2 2 2 2
left_child=1 3 -3 -1
right_child=-2 2 -4 -5
leaf_value=-0.00019233022521590728 -0.0053777563710552543 0.0069314203423268298 -0.0019408650162919586 -0.0041604115259784033
leaf_weight=1.9488566741347377 1.5882097594439972 10.230238180607559 6.389711581170558 1.665687173604965
leaf_count=14 20 101 64 10
internal_value=-0.000148846 0.00190451 0.00407266 -0.00373367
internal_weight=21.8227 20.2345 16.6199 3.61454
internal_count=209 189 165 24
is_linear=0
shrinkage=0.03


Tree=158
num_leaves=5
num_cat=0
split_feature=17 13 2 14
split_gain=0.48886 0.583887 1.82712 0.482391
threshold=0.41666666666666669 0.5227217026615697 -1.7392955238089474 0.74288781506818435
decision_type=2 2 2 2
left_child=3 -2 -3 -1
right_child=1 2 -4 -5
leaf_value=0.0067337260202087763 0.0022209433611615624 0.0053581337221184624 -0.010750188216523501 -0.0026084982692498519
leaf_weight=3.7076923996210125 7.7473940514028099 2.6842553913593328 6.3993585556745476 1.2726736702024934
leaf_count=36 64 22 75 12
internal_value=-0.000189153 -0.00256853 -0.00567672 0.00419877
internal_weight=21.8114 16.831 9.08361 4.98037
internal_count=209 161 97 48
is_linear=0
shrinkage=0.03


Tree=159
num_leaves=5
num_cat=0
split_feature=16 16 5 13
split_gain=0.484702 0.714655 0.712942 0.274254
threshold=-0.11395723081868554 0.46566727880389169 -0.52278367250472868 0.76460044907355196
decision_type=2 2 2 2
left_child=3 2 -2 -1
right_child=1 -3 -4 -5
leaf_value=0.0055923601466525219 0.0023689154981304129 0.0037726101546876165 -0.0079370647685166884 -0.0017968629068186828
leaf_weight=4.8707717061042812 3.4304331056773654 3.4222100563347331 9.0790739059448224 0.98458791524171818
leaf_count=52 31 24 87 15
internal_value=-0.000174744 -0.00266004 -0.00531403 0.00400022
internal_weight=21.7871 15.9317 12.5095 5.85536
internal_count=209 142 118 67
is_linear=0
shrinkage=0.03


end of trees

feature_importances:
Column_13=119
Column_17=95
Column_2=62
Column_6=57
Column_16=51
Column_4=48
Column_12=45
Column_14=33
Column_5=32
Column_15=30
Column_1=28
Column_3=27
Column_11=5

parameters:
[boosting: gbdt]
[objective: binary]
[metric: binary_logloss]
[tree_learner: serial]
[device_type: cpu]
[data_sample_strategy: bagging]
[data: ]
[valid: ]
[num_iterations: 160]
[learning_rate: 0.03]
[num_leaves: 5]
[num_threads: 4]
[seed: 20260725]
[deterministic: 1]
[force_col_wise: 1]
[force_row_wise: 0]
[histogram_pool_size: -1]
[max_depth: 3]
[min_data_in_leaf: 12]
[min_sum_hessian_in_leaf: 0.001]
[bagging_fraction: 1]
[pos_bagging_fraction: 1]
[neg_bagging_fraction: 1]
[bagging_freq: 0]
[bagging_seed: 21817]
[bagging_by_query: 0]
[feature_fraction: 1]
[feature_fraction_bynode: 1]
[feature_fraction_seed: 22070]
[extra_trees: 0]
[extra_seed: 28444]
[early_stopping_round: 0]
[early_stopping_min_delta: 0]
[first_metric_only: 0]
[max_delta_step: 0]
[lambda_l1: 0]
[lambda_l2: 10]
[linear_lambda: 0]
[min_gain_to_split: 0]
[drop_rate: 0.1]
[max_drop: 50]
[skip_drop: 0.5]
[xgboost_dart_mode: 0]
[uniform_drop: 0]
[drop_seed: 12683]
[top_rate: 0.2]
[other_rate: 0.1]
[min_data_per_group: 100]
[max_cat_threshold: 32]
[cat_l2: 10]
[cat_smooth: 10]
[max_cat_to_onehot: 4]
[top_k: 20]
[monotone_constraints: ]
[monotone_constraints_method: basic]
[monotone_penalty: 0]
[feature_contri: ]
[forcedsplits_filename: ]
[refit_decay_rate: 0.9]
[cegb_tradeoff: 1]
[cegb_penalty_split: 0]
[cegb_penalty_feature_lazy: ]
[cegb_penalty_feature_coupled: ]
[path_smooth: 0]
[interaction_constraints: ]
[verbosity: -1]
[saved_feature_importance_type: 0]
[use_quantized_grad: 0]
[num_grad_quant_bins: 4]
[quant_train_renew_leaf: 0]
[stochastic_rounding: 1]
[linear_tree: 0]
[max_bin: 31]
[max_bin_by_feature: ]
[min_data_in_bin: 3]
[bin_construct_sample_cnt: 200000]
[data_random_seed: 4449]
[is_enable_sparse: 1]
[enable_bundle: 1]
[use_missing: 1]
[zero_as_missing: 0]
[feature_pre_filter: 1]
[pre_partition: 0]
[two_round: 0]
[header: 0]
[label_column: ]
[weight_column: ]
[group_column: ]
[ignore_column: ]
[categorical_feature: ]
[forcedbins_filename: ]
[precise_float_parser: 0]
[parser_config_file: ]
[objective_seed: 26564]
[num_class: 1]
[is_unbalance: 0]
[scale_pos_weight: 1]
[sigmoid: 1]
[boost_from_average: 1]
[reg_sqrt: 0]
[alpha: 0.9]
[fair_c: 1]
[poisson_max_delta_step: 0.7]
[tweedie_variance_power: 1.5]
[lambdarank_truncation_level: 30]
[lambdarank_norm: 1]
[label_gain: ]
[lambdarank_position_bias_regularization: 0]
[eval_at: ]
[multi_error_top_k: 1]
[auc_mu_weights: ]
[num_machines: 1]
[local_listen_port: 12400]
[time_out: 120]
[machine_list_filename: ]
[machines: ]
[gpu_platform_id: -1]
[gpu_device_id: -1]
[gpu_device_id_list: ]
[gpu_use_dp: 0]
[num_gpu: 1]

end of parameters

pandas_categorical:null
