tree
version=v4
num_class=1
num_tree_per_iteration=1
label_index=0
max_feature_idx=11
objective=binary sigmoid:1
feature_names=Column_0 Column_1 Column_2 Column_3 Column_4 Column_5 Column_6 Column_7 Column_8 Column_9 Column_10 Column_11
feature_infos=[-1:1] [0:0.049724579425338811] [-6.5644750209736094:3.5533095058261588] [-0.1594845880090473:0.12089014455228318] [-0.13498430415068019:0.15578744757213814] [-0.93675889328063244:0.93193443992065905] [-1:1] [0:1] [0:1] [0:0.76897470039946803] [0:0.64259485924112592] [0:1]
tree_sizes=654 679 679 680 681 678 681 678 678 679 682 681 681 676 679 681 673 680 682 679 681 682 680 680 683 681 682 683 685 685 685 686 684 683 684 681 685 683 684 685 684 684 681 685 685 683 685 683 685 686 685 683 683 683 684 683 681 682 686 684 684 683 686 678 683 683 681 687 685 684 688 686 685 685 684 684 686 685 679 684 681 685 684 685 685 684 682 685 684 682 685 688 684 686 687 684 689 683 682 682 685 690 680 689 687 684 684 689 686 686 688 687 684 684 688 684 684 686 683 684 686 682 683 684 681 687 688 686 686 685 686 685 684 688 685 683 683 683 687 684 682 685 690 685 685 685 685 690 680 687 685 688 684 685 685 689 684 685 682 687

Tree=0
num_leaves=5
num_cat=0
split_feature=6 5 3 3
split_gain=1.66318 0.624726 0.534638 0.491735
threshold=-0.3765182186235127 0.48180497255408516 0.019959292276891145 -0.018034986804514493
decision_type=2 2 2 2
left_child=3 -2 -3 -1
right_child=1 2 -4 -5
leaf_value=0.71666319060459138 0.70006829733993625 0.7135747705833827 0.70473747717636759 0.70603816873757741
leaf_weight=6.1806672066450119 9.4018378704786283 1.4963332787156094 4.1830991506576538 1.5147610306739832
leaf_count=47 94 20 29 19
internal_value=0.707746 0.702777 0.709298 0.714789
internal_weight=22.7767 15.0813 5.67943 7.69543
internal_count=209 143 49 66
is_linear=0
shrinkage=1


Tree=1
num_leaves=5
num_cat=0
split_feature=6 5 3 3
split_gain=1.61398 0.612522 0.528415 0.484039
threshold=-0.3765182186235127 0.48180497255408516 0.019959292276891145 -0.018034986804514493
decision_type=2 2 2 2
left_child=3 -2 -3 -1
right_child=1 2 -4 -5
leaf_value=0.0088254380737766112 -0.0075564059518741849 0.0058075539625452016 -0.0029809730667203389 -0.0017009405567877357
leaf_weight=6.1618594042956829 9.4262756295502168 1.4933612793683995 4.1873693950474262 1.5156393833458448
leaf_count=47 94 20 29 19
internal_value=2.16992e-05 -0.00487261 0.00155963 0.00696072
internal_weight=22.7845 15.107 5.68073 7.6775
internal_count=209 143 49 66
is_linear=0
shrinkage=0.03


Tree=2
num_leaves=5
num_cat=0
split_feature=6 5 3 3
split_gain=1.5662 0.600605 0.522271 0.476478
threshold=-0.3765182186235127 0.48180497255408516 0.019959292276891145 -0.018034986804514493
decision_type=2 2 2 2
left_child=3 -2 -3 -1
right_child=1 2 -4 -5
leaf_value=0.0087347928411639249 -0.0074371283713470073 0.0057864376574841827 -0.0029536864396598672 -0.0016940939330642316
leaf_weight=6.1430891752243042 9.4501484110951406 1.4903838261961926 4.1915882974863052 1.5165127851068998
leaf_count=47 94 20 29 19
internal_value=4.31244e-05 -0.00477804 0.00156682 0.00687991
internal_weight=22.7917 15.1321 5.68197 7.6596
internal_count=209 143 49 66
is_linear=0
shrinkage=0.03


Tree=3
num_leaves=5
num_cat=0
split_feature=6 5 3 3
split_gain=1.51979 0.588967 0.516204 0.469048
threshold=-0.3765182186235127 0.48180497255408516 0.019959292276891145 -0.018034986804514493
decision_type=2 2 2 2
left_child=3 -2 -3 -1
right_child=1 2 -4 -5
leaf_value=0.0086452559347995495 -0.007319814504492231 0.0057654406040809885 -0.0029266417459452034 -0.0016872724898396782
leaf_weight=6.1243614330887794 9.4734680876135808 1.4874010086059559 4.1957564614713192 1.5173811540007616
leaf_count=47 94 20 29 19
internal_value=6.42755e-05 -0.00468497 0.00157392 0.00680014
internal_weight=22.7984 15.1566 5.68316 7.64174
internal_count=209 143 49 66
is_linear=0
shrinkage=0.03


Tree=4
num_leaves=5
num_cat=0
split_feature=6 5 3 3
split_gain=1.47472 0.577602 0.510215 0.461749
threshold=-0.3765182186235127 0.48180497255408516 0.019959292276891145 -0.018034986804514493
decision_type=2 2 2 2
left_child=3 -2 -3 -1
right_child=1 2 -4 -5
leaf_value=0.0085568102107953081 -0.0072044308027399643 0.0057445618564673957 -0.0028998375687708574 -0.0016804759324865505
leaf_weight=6.1056811660528183 9.4962478056550008 1.4844132103025902 4.1998744308948517 1.5182446800172353
leaf_count=47 94 20 29 19
internal_value=8.51515e-05 -0.00459338 0.00158092 0.00672138
internal_weight=22.8045 15.1805 5.68429 7.62393
internal_count=209 143 49 66
is_linear=0
shrinkage=0.03


Tree=5
num_leaves=5
num_cat=0
split_feature=6 5 3 3
split_gain=1.43094 0.566501 0.504301 0.454576
threshold=-0.3765182186235127 0.48180497255408516 0.019959292276891145 -0.018034986804514493
decision_type=2 2 2 2
left_child=3 -2 -3 -1
right_child=1 2 -4 -5
leaf_value=0.0084694375516453368 -0.0070909391433624808 0.0057238002511816573 -0.002873271701562514 -0.0016737039968301205
leaf_weight=6.0870520398020744 9.5184993445873243 1.4814208261668671 4.2039430513978004 1.5191032141447092
leaf_count=47 94 20 29 19
internal_value=0.000105754 -0.00450324 0.00158782 0.00664363
internal_weight=22.81 15.2039 5.68536 7.60616
internal_count=209 143 49 66
is_linear=0
shrinkage=0.03


Tree=6
num_leaves=5
num_cat=0
split_feature=6 5 3 2
split_gain=1.38841 0.555658 0.498462 0.458541
threshold=-0.3765182186235127 0.48180497255408516 0.019959292276891145 -0.91948685017260734
decision_type=2 2 2 2
left_child=-1 3 -3 -2
right_child=1 2 -4 -5
leaf_value=0.0065668575869335674 -0.010125999611425971 0.0057031552810646738 -0.0028469418755980077 -0.00010107782737196224
leaf_weight=7.5884357318282154 3.3059850260615349 1.4784239530563343 4.2079626843333244 6.2342500612139684
leaf_count=66 31 20 29 63
internal_value=0.000126083 -0.00441452 0.00159463 -0.00697931
internal_weight=22.8151 15.2266 5.68639 9.54024
internal_count=209 143 49 94
is_linear=0
shrinkage=0.03


Tree=7
num_leaves=5
num_cat=0
split_feature=6 5 3 2
split_gain=1.3564 0.550918 0.492696 0.451205
threshold=-0.3765182186235127 0.48180497255408516 0.019959292276891145 -0.91948685017260734
decision_type=2 2 2 2
left_child=-1 3 -3 -2
right_child=1 2 -4 -5
leaf_value=0.0064885446924660408 -0.010042358607289257 0.0056826265243086335 -0.0028208460311102785 -9.991257594589734e-05
leaf_weight=7.5705863311886814 3.3166410177946091 1.4754228703677643 4.2119341157376766 6.2344517372548562
leaf_count=66 31 20 29 63
internal_value=0.000115087 -0.00436761 0.00160134 -0.00692302
internal_weight=22.809 15.2384 5.68736 9.55109
internal_count=209 143 49 94
is_linear=0
shrinkage=0.03


Tree=8
num_leaves=5
num_cat=0
split_feature=6 5 3 3
split_gain=1.3251 0.546209 0.487004 0.449274
threshold=-0.3765182186235127 0.48180497255408516 0.019959292276891145 -0.018034986804514493
decision_type=2 2 2 2
left_child=3 -2 -3 -1
right_child=1 2 -4 -5
leaf_value=0.0082503893414864592 -0.0068671304447059612 0.0056622124665544069 -0.0027949827470030953 -0.0017195191389689645
leaf_weight=6.0395912118256092 9.5617423318326455 1.4724179431796063 4.2158575877547264 1.5132605470716978
leaf_count=47 94 20 29 19
internal_value=0.000104526 -0.00432106 0.00160796 0.00641124
internal_weight=22.8029 15.25 5.68828 7.55285
internal_count=209 143 49 66
is_linear=0
shrinkage=0.03


Tree=9
num_leaves=5
num_cat=0
split_feature=6 5 3 2
split_gain=1.28552 0.535826 0.481384 0.458819
threshold=-0.3765182186235127 0.48180497255408516 0.019959292276891145 -0.91948685017260734
decision_type=2 2 2 2
left_child=-1 3 -3 -2
right_child=1 2 -4 -5
leaf_value=0.0063369854618097448 -0.0099026454103326791 0.0056419133100016911 -0.002769349758024656 -1.9540506756785724e-05
leaf_weight=7.535324893891814 3.3341687023639679 1.4694092981517304 4.2197342477738857 6.2482997030019742
leaf_count=66 31 20 29 63
internal_value=0.00012467 -0.00423523 0.00161449 -0.00675916
internal_weight=22.8069 15.2716 5.68914 9.58247
internal_count=209 143 49 94
is_linear=0
shrinkage=0.03


Tree=10
num_leaves=5
num_cat=0
split_feature=6 5 3 2
split_gain=1.25585 0.53128 0.475834 0.451393
threshold=-0.3765182186235127 0.48180497255408516 0.019959292276891145 -0.91948685017260734
decision_type=2 2 2 2
left_child=-1 3 -3 -2
right_child=1 2 -4 -5
leaf_value=0.0062616346386800154 -0.0098208055829478429 0.0056217271919681306 -0.0027439451540469477 -1.9315296385885856e-05
leaf_weight=7.5178251340985325 3.3442754521965981 1.4663973003625859 4.2235642150044441 6.2483386620879156
leaf_count=66 31 20 29 63
internal_value=0.000114545 -0.00418996 0.00162093 -0.00670484
internal_weight=22.8004 15.2826 5.68996 9.59261
internal_count=209 143 49 94
is_linear=0
shrinkage=0.03


Tree=11
num_leaves=5
num_cat=0
split_feature=6 5 3 2
split_gain=1.22685 0.526764 0.470355 0.444083
threshold=-0.3765182186235127 0.48180497255408516 0.019959292276891145 -0.91948685017260734
decision_type=2 2 2 2
left_child=-1 3 -3 -2
right_child=1 2 -4 -5
leaf_value=0.0061872508299973044 -0.0097396278243213185 0.0056016539805271923 -0.0027187674147397373 -1.9092935715398448e-05
leaf_weight=7.5004450455307987 3.3541815057396889 1.4633820466697205 4.227348156273365 6.248376712203024
leaf_count=66 31 20 29 63
internal_value=0.000104828 -0.00414505 0.00162727 -0.00665092
internal_weight=22.7937 15.2933 5.69073 9.60256
internal_count=209 143 49 94
is_linear=0
shrinkage=0.03


Tree=12
num_leaves=5
num_cat=0
split_feature=6 5 3 3
split_gain=1.19851 0.522278 0.464944 0.444427
threshold=-0.3765182186235127 0.48180497255408516 0.019959292276891145 -0.018034986804514493
decision_type=2 2 2 2
left_child=3 -2 -3 -1
right_child=1 2 -4 -5
leaf_value=0.007976740534713915 -0.0065973853592013985 0.0055816928831729697 -0.0026938138061577653 -0.0017879954314076827
leaf_weight=5.9788065627217293 9.6123035773634893 1.4603639505803574 4.2310867346823215 1.5043805129826093
leaf_count=47 94 20 29 19
internal_value=9.55083e-05 -0.00410048 0.00163352 0.00611382
internal_weight=22.7869 15.3038 5.69145 7.48319
internal_count=209 143 49 66
is_linear=0
shrinkage=0.03


Tree=13
num_leaves=5
num_cat=0
split_feature=3 3 5 6
split_gain=1.16997 1.09544 0.960743 0.90104
threshold=0.019959292276891145 -0.04659023865248297 -0.55088568771572188 0.68044965786901324
decision_type=2 2 2 2
left_child=1 -1 -3 -2
right_child=3 2 -4 -5
leaf_value=-0.0043559884494902773 0.0021007874952859809 -0.0022442694858112759 0.010545044084449869 -0.0097673210339510146
leaf_weight=2.58888205140829 4.9167874306440336 3.2531814835965625 8.2099456265568751 3.821103923022747
leaf_count=16 42 40 82 29
internal_value=0.000115456 0.00446715 0.00756092 -0.00553201
internal_weight=22.7899 14.052 11.4631 8.73789
internal_count=209 138 122 71
is_linear=0
shrinkage=0.03


Tree=14
num_leaves=5
num_cat=0
split_feature=6 5 3 2
split_gain=1.15348 0.510531 0.45324 0.444788
threshold=-0.3765182186235127 0.48180497255408516 0.019959292276891145 -0.91948685017260734
decision_type=2 2 2 2
left_child=-1 3 -3 -2
right_child=1 2 -4 -5
leaf_value=0.0059936153076350527 -0.0095888453721838466 0.0055244525741974335 -0.0026499253763287607 3.9214679163289763e-05
leaf_weight=7.4542431719601181 3.3722194954752922 1.4516001045703877 4.2376041673123837 6.2582764439284784
leaf_count=66 31 20 29 63
internal_value=7.81923e-05 -0.00403051 0.00162757 -0.00649941
internal_weight=22.7739 15.3197 5.6892 9.6305
internal_count=209 143 49 94
is_linear=0
shrinkage=0.03


Tree=15
num_leaves=5
num_cat=0
split_feature=6 5 3 3
split_gain=1.12684 0.506206 0.448045 0.438934
threshold=-0.3765182186235127 0.48180497255408516 0.019959292276891145 -0.018034986804514493
decision_type=2 2 2 2
left_child=3 -2 -3 -1
right_child=1 2 -4 -5
leaf_value=0.0077953596526915839 -0.0064472553548589415 0.0055049215389010066 -0.0026255875741797866 -0.0018229729182175254
leaf_weight=5.9375542514026165 9.6397573500871641 1.4485728554427613 4.2412191815674305 1.4997644722461725
leaf_count=47 94 20 29 19
internal_value=6.9723e-05 -0.00398707 0.00163367 0.00592265
internal_weight=22.7669 15.3295 5.68979 7.43732
internal_count=209 143 49 66
is_linear=0
shrinkage=0.03


Tree=16
num_leaves=5
num_cat=0
split_feature=3 3 5 6
split_gain=1.10078 1.0707 0.938835 0.889764
threshold=0.019959292276891145 -0.04659023865248297 -0.55088568771572188 0.68044965786901324
decision_type=2 2 2 2
left_child=1 -1 -3 -2
right_child=3 2 -4 -5
leaf_value=-0.0043509826046162657 0.0021417613819716252 -0.0022441722014923402 0.010367990313293 -0.0095948636683639635
leaf_weight=2.5882935225963584 4.9232401065528375 3.2518616318702689 8.16285438090563 3.8429951369762421
leaf_count=16 42 40 82 29
internal_value=8.9772e-05 0.00432452 0.00740485 -0.00537453
internal_weight=22.7692 14.003 11.4147 8.76624
internal_count=209 138 122 71
is_linear=0
shrinkage=0.03


Tree=17
num_leaves=5
num_cat=0
split_feature=6 5 2 3
split_gain=1.08437 0.494846 0.445009 0.43685
threshold=-0.3765182186235127 0.48180497255408516 -0.91948685017260734 0.019959292276891145
decision_type=2 2 2 2
left_child=-1 2 -2 -3
right_child=1 3 -4 -5
leaf_value=0.0058059563341456601 -0.0094406912192363298 0.0054490248364821685 9.5509181883530043e-05 -0.0025830182231669067
leaf_weight=7.4086196348071125 3.3894451856613159 1.4398052729666222 6.2676274962723237 4.2474269531667233
leaf_count=66 31 20 63 29
internal_value=5.36195e-05 -0.00391873 -0.0063515 0.00162772
internal_weight=22.7529 15.3443 9.65707 5.68723
internal_count=209 143 94 49
is_linear=0
shrinkage=0.03


Tree=18
num_leaves=5
num_cat=0
split_feature=6 5 2 3
split_gain=1.05934 0.490676 0.437692 0.433394
threshold=-0.3765182186235127 0.48180497255408516 -0.91948685017260734 -0.018034986804514493
decision_type=2 2 2 2
left_child=3 2 -2 -1
right_child=1 -3 -4 -5
leaf_value=0.0076195748139602417 -0.0093626233945451505 0.0016336737707220983 9.4406215677524631e-05 -0.0018565898602637065
leaf_weight=5.8967778980731964 3.3984222263097763 5.6876952201127997 6.2674405202269536 1.4952608011662984
leaf_count=47 31 49 63 19
internal_value=4.59496e-05 -0.00387638 -0.0063007 0.00573738
internal_weight=22.7456 15.3536 9.66586 7.39204
internal_count=209 143 94 66
is_linear=0
shrinkage=0.03


Tree=19
num_leaves=5
num_cat=0
split_feature=3 3 5 6
split_gain=1.04354 1.04641 0.918812 0.87043
threshold=0.019959292276891145 -0.04659023865248297 -0.55088568771572188 0.68044965786901324
decision_type=2 2 2 2
left_child=1 -1 -3 -2
right_child=3 2 -4 -5
leaf_value=-0.0043517655785229072 0.0021390585171663242 -0.0022518058169616415 0.010187874753570688 -0.0094480310861045757
leaf_weight=2.5868289545178405 4.9225523285567743 3.2493445649743071 8.1146224476397055 3.8609237782657146
leaf_count=16 42 40 82 29
internal_value=2.75368e-05 0.00417271 0.00724185 -0.00527263
internal_weight=22.7343 13.9508 11.364 8.78348
internal_count=209 138 122 71
is_linear=0
shrinkage=0.03


Tree=20
num_leaves=5
num_cat=0
split_feature=6 5 3 3
split_gain=1.03021 0.480156 0.427516 0.427377
threshold=-0.3765182186235127 0.48180497255408516 -0.018034986804514493 0.019959292276891145
decision_type=2 2 2 2
left_child=2 -2 -1 -3
right_child=1 3 -4 -5
leaf_value=0.0075053838395753667 -0.0062551159760095105 0.0053885802657625947 -0.0018664516906216205 -0.0025562228727378311
leaf_weight=5.8697528690099716 9.6727342903614026 1.4301519133150566 1.4938832148909593 4.2512270994484425
leaf_count=47 94 20 19 29
internal_value=-7.22688e-06 -0.003861 0.00562416 0.00160464
internal_weight=22.7177 15.3541 7.36364 5.68138
internal_count=209 143 66 49
is_linear=0
shrinkage=0.03


Tree=21
num_leaves=5
num_cat=0
split_feature=3 3 5 6
split_gain=0.998957 1.02594 0.897895 0.858887
threshold=0.019959292276891145 -0.04659023865248297 -0.55088568771572188 0.68044965786901324
decision_type=2 2 2 2
left_child=1 -1 -3 -2
right_child=3 2 -4 -5
leaf_value=-0.0043343889280491989 0.0021581928678605887 -0.0022350648298343871 0.010051597457238005 -0.0093178830107470498
leaf_weight=2.5883986428380004 4.9255442135035974 3.2509543634951106 8.0777450576424616 3.8768739439547062
leaf_count=16 42 40 82 29
internal_value=1.34346e-05 0.00407786 0.00713093 -0.00516374
internal_weight=22.7195 13.9171 11.3287 8.80242
internal_count=209 138 122 71
is_linear=0
shrinkage=0.03


Tree=22
num_leaves=5
num_cat=0
split_feature=6 5 2 3
split_gain=0.991193 0.469427 0.432108 0.421723
threshold=-0.3765182186235127 0.48180497255408516 -0.91948685017260734 -0.018034986804514493
decision_type=2 2 2 2
left_child=3 2 -2 -1
right_child=1 -3 -4 -5
leaf_value=0.0073934974194219214 -0.0092025672170438343 0.0015992507451168907 0.0001316482840580841 -0.00187597770179439
leaf_weight=5.8428929932415485 3.415953628718853 5.6784770041704169 6.2728794552385789 1.492525197565558
leaf_count=47 31 49 63 19
internal_value=-2.05009e-05 -0.00379406 -0.00616181 0.00551326
internal_weight=22.7027 15.3673 9.68883 7.33542
internal_count=209 143 94 66
is_linear=0
shrinkage=0.03


Tree=23
num_leaves=5
num_cat=0
split_feature=6 5 2 3
split_gain=0.971452 0.46111 0.424968 0.41817
threshold=-0.3765182186235127 0.48180497255408516 -0.91948685017260734 0.019959292276891145
decision_type=2 2 2 2
left_child=-1 2 -2 -3
right_child=1 3 -4 -5
leaf_value=0.0054486487145249361 -0.0091264740239180419 0.0053293286004545519 0.0001301278859385472 -0.0025298128356706353
leaf_weight=7.3189080283045795 3.4243510067462921 1.4205155670642842 6.2726226672530156 4.2549010254442692
leaf_count=66 31 20 63 29
internal_value=-3.77279e-05 -0.0037678 -0.00611259 0.00158219
internal_weight=22.6913 15.3724 9.69697 5.67542
internal_count=209 143 94 49
is_linear=0
shrinkage=0.03


Tree=24
num_leaves=5
num_cat=0
split_feature=6 5 2 3
split_gain=0.949025 0.457295 0.417945 0.415702
threshold=-0.3765182186235127 0.48180497255408516 -0.91948685017260734 -0.018034986804514493
decision_type=2 2 2 2
left_child=3 2 -2 -1
right_child=1 -3 -4 -5
leaf_value=0.00726575458688687 -0.0090510105496974958 0.0015882863570483869 0.00012862523223737944 -0.0018902029223578569
leaf_weight=5.8124242462217808 3.4325658679008484 5.6757820546627036 6.2723688147962076 1.4906125292181993
leaf_count=47 31 49 63 19
internal_value=-4.33862e-05 -0.00372675 -0.00606372 0.00538458
internal_weight=22.6838 15.3807 9.70493 7.30304
internal_count=209 143 94 66
is_linear=0
shrinkage=0.03


Tree=25
num_leaves=5
num_cat=0
split_feature=3 3 5 6
split_gain=0.937309 1.00274 0.87801 0.837048
threshold=0.019959292276891145 -0.04659023865248297 -0.55088568771572188 0.68044965786901324
decision_type=2 2 2 2
left_child=1 -1 -3 -2
right_child=3 2 -4 -5
leaf_value=-0.0043501533607548182 0.0021530225423502815 -0.0022490693388876122 0.0098568504525582551 -0.0091540668093987206
leaf_weight=2.5837821364402762 4.924202021211384 3.2464221343398085 8.0222070477902907 3.895551323890686
leaf_count=16 42 40 82 29
internal_value=-5.99889e-05 0.00390353 0.00695156 -0.00505154
internal_weight=22.6722 13.8524 11.2686 8.81975
internal_count=209 138 122 71
is_linear=0
shrinkage=0.03


Tree=26
num_leaves=5
num_cat=0
split_feature=6 4 3 3
split_gain=0.922851 0.457207 0.41007 0.350249
threshold=-0.3765182186235127 0.066023593998785449 -0.018034986804514493 0.019959292276891145
decision_type=2 2 2 2
left_child=2 3 -1 -2
right_child=1 -3 -4 -5
leaf_value=0.0071581646519721836 0.00023934794545887438 0.0028606140471812529 -0.0018991549481426173 -0.0075182217535042489
leaf_weight=5.7859656475484371 6.6409935951232875 1.3583474159240729 1.489303439855578 7.3806233070790768
leaf_count=47 74 6 19 63
internal_value=-9.24192e-05 -0.00371145 0.00527798 -0.00527393
internal_weight=22.6552 15.38 7.27527 14.0216
internal_count=209 143 66 137
is_linear=0
shrinkage=0.03


Tree=27
num_leaves=5
num_cat=0
split_feature=6 3 3 3
split_gain=0.897428 0.466721 1.42925 0.404021
threshold=-0.3765182186235127 -0.018034986804514493 0.019959292276891145 -0.018034986804514493
decision_type=2 2 2 2
left_child=3 -2 -3 -1
right_child=1 2 -4 -5
leaf_value=0.0070872901135081087 -0.0075986022288185694 0.0076405389095944793 -0.0051524370899257797 -0.0018915992110968348
leaf_weight=5.7687736451625824 3.0986593887209919 3.541819721460338 8.7541395835578424 1.4903226047754312
leaf_count=47 28 46 69 19
internal_value=-8.18111e-05 -0.00365015 0.00030666 0.00521596
internal_weight=22.6537 15.3946 12.296 7.2591
internal_count=209 143 115 66
is_linear=0
shrinkage=0.03


Tree=28
num_leaves=5
num_cat=0
split_feature=6 3 3 6
split_gain=0.874556 0.464995 1.39997 0.399642
threshold=-0.3765182186235127 -0.018034986804514493 0.019959292276891145 -0.85304869341710476
decision_type=2 2 2 2
left_child=3 -2 -3 -1
right_child=1 2 -4 -5
leaf_value=-0.0017044704170115967 -0.0075405507596388458 0.0075858907020394514 -0.0050766418893350134 0.0071634425366149789
leaf_weight=1.9837817922234533 3.1057175770401981 3.5324946679174856 8.7673950530588609 5.2592365741729763
leaf_count=16 28 46 69 50
internal_value=-7.84408e-05 -0.00359935 0.000330974 0.0051547
internal_weight=22.6486 15.4056 12.2999 7.24302
internal_count=209 143 115 66
is_linear=0
shrinkage=0.03


Tree=29
num_leaves=5
num_cat=0
split_feature=6 3 3 3
split_gain=0.853324 0.463198 1.37134 0.397726
threshold=-0.3765182186235127 -0.018034986804514493 0.019959292276891145 -0.018034986804514493
decision_type=2 2 2 2
left_child=3 -2 -3 -1
right_child=1 2 -4 -5
leaf_value=0.0069690569193401409 -0.0074829211192452205 0.0075317517015772257 -0.0050019822804339593 -0.0019006243415791114
leaf_weight=5.739876925945282 3.1126569844782379 3.523171983659263 8.7803710959851724 1.4891381897032285
leaf_count=47 28 46 69 19
internal_value=-7.20266e-05 -0.00354919 0.000354836 0.00509928
internal_weight=22.6452 15.4162 12.3035 7.22902
internal_count=209 143 115 66
is_linear=0
shrinkage=0.03


Tree=30
num_leaves=5
num_cat=0
split_feature=6 3 3 6
split_gain=0.831534 0.461335 1.34334 0.394269
threshold=-0.3765182186235127 -0.018034986804514493 0.019959292276891145 -0.85304869341710476
decision_type=2 2 2 2
left_child=3 -2 -3 -1
right_child=1 2 -4 -5
leaf_value=-0.0017197689180348124 -0.0074257110842785327 0.0074781154365954781 -0.0049284408497328536 0.0070474888623527701
leaf_weight=1.9811616763472555 3.1194788552820709 3.5138533487915948 8.7930739857256395 5.2319562733173397
leaf_count=16 28 46 69 50
internal_value=-6.86789e-05 -0.00349966 0.00037825 0.00503931
internal_weight=22.6395 15.4264 12.3069 7.21312
internal_count=209 143 115 66
is_linear=0
shrinkage=0.03


Tree=31
num_leaves=5
num_cat=0
split_feature=6 3 5 3
split_gain=0.815678 0.833184 0.689493 0.319066
threshold=0.68044965786901324 -0.04659023865248297 -0.55088568771572188 0.024164742784633885
decision_type=2 2 2 2
left_child=1 -1 -3 -2
right_child=3 2 -4 -5
leaf_value=-0.0043485595206564356 0.0012924709555045555 -0.0023248073554314381 0.0077815304683646067 -0.0074599917732583922
leaf_weight=2.5792433544993445 1.6658857353031624 3.2319501154124781 11.692882098257536 3.4655428938567638
leaf_count=16 18 40 109 26
internal_value=-6.23407e-05 0.00303011 0.00553834 -0.00564223
internal_weight=22.6355 17.5041 14.9248 5.13143
internal_count=209 165 149 44
is_linear=0
shrinkage=0.03


Tree=32
num_leaves=5
num_cat=0
split_feature=6 3 3 3
split_gain=0.811845 0.45318 1.31425 0.392182
threshold=-0.3765182186235127 -0.018034986804514493 0.019959292276891145 -0.018034986804514493
decision_type=2 2 2 2
left_child=3 -2 -3 -1
right_child=1 2 -4 -5
leaf_value=0.006829122496094347 -0.0073756113935621072 0.0073967202632451729 -0.0048773727459606453 -0.0019227012116130237
leaf_weight=5.704761266708374 3.1249805688858059 3.4992653056979135 8.8005675189197046 1.4860807694494749
leaf_count=47 28 46 69 19
internal_value=-0.000106894 -0.00348682 0.000365604 0.00495412
internal_weight=22.6157 15.4248 12.2998 7.19084
internal_count=209 143 115 66
is_linear=0
shrinkage=0.03


Tree=33
num_leaves=5
num_cat=0
split_feature=6 3 3 6
split_gain=0.79106 0.451313 1.2875 0.390835
threshold=-0.3765182186235127 -0.018034986804514493 0.019959292276891145 -0.85304869341710476
decision_type=2 2 2 2
left_child=3 -2 -3 -1
right_child=1 2 -4 -5
leaf_value=-0.0017539341215830862 -0.0073191917243282554 0.0073443349040804391 -0.0048057017010299779 0.0069138140719439359
leaf_weight=1.9754285179078577 3.1315814591944244 3.4899656996130899 8.8128128349781019 5.1997516676783588
leaf_count=16 28 46 69 50
internal_value=-0.00010311 -0.00343812 0.000388564 0.00489568
internal_weight=22.6095 15.4344 12.3028 7.17518
internal_count=209 143 115 66
is_linear=0
shrinkage=0.03


Tree=34
num_leaves=5
num_cat=0
split_feature=6 3 5 3
split_gain=0.782823 0.81274 0.681642 0.304374
threshold=0.68044965786901324 -0.04659023865248297 -0.55088568771572188 0.024164742784633885
decision_type=2 2 2 2
left_child=1 -1 -3 -2
right_child=3 2 -4 -5
leaf_value=-0.0043193560534153788 0.0012539797954291714 -0.0023424051025285109 0.0076759563382185767 -0.0073189122464784864
leaf_weight=2.5809092074632689 1.6597657799720753 3.2276995815336749 11.655670557171101 3.4810380525887012
leaf_count=16 18 40 109 26
internal_value=-9.64113e-05 0.00294571 0.00543509 -0.00555092
internal_weight=22.6051 17.4643 14.8834 5.1408
internal_count=209 165 149 44
is_linear=0
shrinkage=0.03


Tree=35
num_leaves=5
num_cat=0
split_feature=6 4 6 3
split_gain=0.7723 0.447808 0.386764 0.291524
threshold=-0.3765182186235127 0.066023593998785449 -0.85304869341710476 0.019959292276891145
decision_type=2 2 2 2
left_child=2 3 -1 -2
right_child=1 -3 -4 -5
leaf_value=-0.0017641915562285311 0.00014432078569685117 0.0029371597957240131 0.0068301251130808609 -0.0070415762711195521
leaf_weight=1.9736834317445753 6.6122747994959319 1.3666902184486396 5.1795115247368839 7.4530566222965717
leaf_count=16 74 6 50 63
internal_value=-0.00013993 -0.00342536 0.00481275 -0.00500718
internal_weight=22.5852 15.432 7.15319 14.0653
internal_count=209 143 66 137
is_linear=0
shrinkage=0.03


Tree=36
num_leaves=5
num_cat=0
split_feature=6 3 3 3
split_gain=0.751683 0.455804 1.24265 0.386229
threshold=-0.3765182186235127 -0.018034986804514493 0.019959292276891145 -0.018034986804514493
decision_type=2 2 2 2
left_child=3 -2 -3 -1
right_child=1 2 -4 -5
leaf_value=0.0066477698712171908 -0.0072706876255959211 0.0072638564055768498 -0.0046755568665550465 -0.0019594575182463052
leaf_weight=5.6586841605603695 3.136746138334277 3.4752175249159292 8.8331857435405237 1.4809919707477117
leaf_count=47 28 46 69 19
internal_value=-0.000125456 -0.00336751 0.00044048 0.00476081
internal_weight=22.5848 15.4451 12.3084 7.13968
internal_count=209 143 115 66
is_linear=0
shrinkage=0.03


Tree=37
num_leaves=5
num_cat=0
split_feature=6 3 5 3
split_gain=0.745765 0.797322 0.675564 0.294265
threshold=0.68044965786901324 -0.04659023865248297 -0.55088568771572188 0.024164742784633885
decision_type=2 2 2 2
left_child=1 -1 -3 -2
right_child=3 2 -4 -5
leaf_value=-0.0043103726908561074 0.0012403993284536225 -0.0023635915277290566 0.0075794863037360648 -0.0071732281595260801
leaf_weight=2.5803808942437216 1.6570978276431549 3.2230872400105044 11.620939210057253 3.496616818010807
leaf_count=16 18 40 109 26
internal_value=-0.000121534 0.0028586 0.00533817 -0.00543463
internal_weight=22.5781 17.4244 14.844 5.15371
internal_count=209 165 149 44
is_linear=0
shrinkage=0.03


Tree=38
num_leaves=5
num_cat=0
split_feature=6 3 3 6
split_gain=0.732921 0.447718 1.21606 0.383243
threshold=-0.3765182186235127 -0.018034986804514493 0.019959292276891145 -0.85304869341710476
decision_type=2 2 2 2
left_child=3 -2 -3 -1
right_child=1 2 -4 -5
leaf_value=-0.0017965567171372055 -0.0072211037340439866 0.0071856789308316505 -0.0046279366580967854 0.0067019494177219087
leaf_weight=1.9681641347706316 3.1419446468353298 3.4606895484030202 8.839520398527382 5.1479243896901634
leaf_count=16 28 46 69 50
internal_value=-0.00016414 -0.00335519 0.000427623 0.00467508
internal_weight=22.5582 15.4422 12.3002 7.11609
internal_count=209 143 115 66
is_linear=0
shrinkage=0.03


Tree=39
num_leaves=5
num_cat=0
split_feature=6 3 5 3
split_gain=0.720224 0.777553 0.664904 0.285458
threshold=0.68044965786901324 -0.04659023865248297 -0.55088568771572188 0.024164742784633885
decision_type=2 2 2 2
left_child=1 -1 -3 -2
right_child=3 2 -4 -5
leaf_value=-0.0042763922556098444 0.0012191532040759876 -0.0023672035435441377 0.0074752700689489186 -0.0070760610217804453
leaf_weight=2.5838522911071822 1.6536916866898526 3.2216341644525572 11.587385740131134 3.5067500323057175
leaf_count=16 18 40 109 26
internal_value=-0.000156887 0.00278393 0.00524298 -0.00536706
internal_weight=22.5533 17.3929 14.809 5.16044
internal_count=209 165 149 44
is_linear=0
shrinkage=0.03


Tree=40
num_leaves=5
num_cat=0
split_feature=6 4 3 2
split_gain=0.715534 0.441362 0.381291 0.267398
threshold=-0.3765182186235127 0.066023593998785449 -0.018034986804514493 -0.49199573217246434
decision_type=2 2 2 2
left_child=2 3 -1 -2
right_child=1 -3 -4 -5
leaf_value=0.006494232315921538 -0.0067626568586070784 0.0029421976151052477 -0.001992172982447641 0.00020111423241179645
leaf_weight=5.6183557920157909 7.9957937300205231 1.3665425479412086 1.4762700460851217 6.0765117704868281
leaf_count=47 74 6 19 63
internal_value=-0.000198473 -0.00334227 0.00459598 -0.00492126
internal_weight=22.5335 15.4388 7.09463 14.0723
internal_count=209 143 66 137
is_linear=0
shrinkage=0.03


Tree=41
num_leaves=5
num_cat=0
split_feature=6 3 3 6
split_gain=0.694912 0.44734 1.18615 0.379651
threshold=-0.3765182186235127 -0.018034986804514493 0.019959292276891145 -0.85304869341710476
decision_type=2 2 2 2
left_child=3 -2 -3 -1
right_child=1 2 -4 -5
leaf_value=-0.0018277081627391121 -0.0071488446201741305 0.0071340301063286407 -0.0045357697444369125 0.0065772067855189732
leaf_weight=1.9627960398793218 3.1494584083557156 3.4506979472935155 8.8526466339826566 5.1167883872985866
leaf_count=16 28 46 69 50
internal_value=-0.000184286 -0.00328282 0.000468379 0.0045412
internal_weight=22.5324 15.4528 12.3033 7.07958
internal_count=209 143 115 66
is_linear=0
shrinkage=0.03


Tree=42
num_leaves=5
num_cat=0
split_feature=6 3 5 3
split_gain=0.688082 0.761647 0.655943 0.278574
threshold=0.68044965786901324 -0.04659023865248297 -0.55088568771572188 0.024164742784633885
decision_type=2 2 2 2
left_child=1 -1 -3 -2
right_child=3 2 -4 -5
leaf_value=-0.0042585359277458575 0.0012161244421182325 -0.0023749204681024765 0.007379030035906964 -0.006951433034373118
leaf_weight=2.583995528519158 1.6526510007679451 3.2184636332094714 11.552730929106469 3.5193694122135639
leaf_count=16 18 40 109 26
internal_value=-0.000176832 0.0027072 0.00515298 -0.0052602
internal_weight=22.5272 17.3552 14.7712 5.17202
internal_count=209 165 149 44
is_linear=0
shrinkage=0.03


Tree=43
num_leaves=5
num_cat=0
split_feature=6 3 3 3
split_gain=0.678416 0.439472 1.16092 0.375818
threshold=-0.3765182186235127 -0.018034986804514493 0.019959292276891145 -0.018034986804514493
decision_type=2 2 2 2
left_child=3 -2 -3 -1
right_child=1 2 -4 -5
leaf_value=0.0063669215191343954 -0.0070996404843795971 0.0070580700539141904 -0.0044895990204531213 -0.0020112716417409861
leaf_weight=5.5849273912608624 3.154406692832711 3.4362687952816442 8.8582748062908632 1.4734999760985399
leaf_count=47 28 46 69 19
internal_value=-0.000217546 -0.00327021 0.000456077 0.00446417
internal_weight=22.5074 15.449 12.2945 7.05843
internal_count=209 143 115 66
is_linear=0
shrinkage=0.03


Tree=44
num_leaves=5
num_cat=0
split_feature=6 3 5 3
split_gain=0.663895 0.744695 0.643098 0.270233
threshold=0.68044965786901324 -0.04659023865248297 -0.55088568771572188 0.024164742784633885
decision_type=2 2 2 2
left_child=1 -1 -3 -2
right_child=3 2 -4 -5
leaf_value=-0.0042343183048259561 0.0011953203811322149 -0.0023679186185605445 0.0072743239247294762 -0.0068572065892212302
leaf_weight=2.5857707783579871 1.649258043617009 3.2184848450124308 11.517991226166481 3.5287482924759388
leaf_count=16 18 40 109 26
internal_value=-0.000212566 0.00263289 0.00506251 -0.00519468
internal_weight=22.5003 17.3222 14.7365 5.17801
internal_count=209 165 149 44
is_linear=0
shrinkage=0.03


Tree=45
num_leaves=5
num_cat=0
split_feature=6 4 6 2
split_gain=0.661374 0.434638 0.377595 0.258212
threshold=-0.3765182186235127 0.066023593998785449 -0.85304869341710476 -0.49199573217246434
decision_type=2 2 2 2
left_child=2 3 -1 -2
right_child=1 -3 -4 -5
leaf_value=-0.0018753722354545735 -0.0066407421956980895 0.0029468321776691506 0.0064384721169149549 0.00020021796431449868
leaf_weight=1.9545208811759947 8.0079657435417158 1.366245090961457 5.0811472013592747 6.0706074759364101
leaf_count=16 74 6 50 63
internal_value=-0.00025227 -0.00325702 0.00438377 -0.00483287
internal_weight=22.4805 15.4448 7.03567 14.0786
internal_count=209 143 66 137
is_linear=0
shrinkage=0.03


Tree=46
num_leaves=5
num_cat=0
split_feature=6 3 3 6
split_gain=0.643041 0.439023 1.13245 0.371988
threshold=-0.3765182186235127 -0.018034986804514493 0.019959292276891145 -0.85304869341710476
decision_type=2 2 2 2
left_child=3 -2 -3 -1
right_child=1 2 -4 -5
leaf_value=-0.0018659292512637953 -0.0070281642081096657 0.0070080394101448484 -0.0043997771302159948 0.0063795655233636912
leaf_weight=1.9560635797679422 3.1615472808480289 3.4263543970882848 8.8703762553632242 5.066776484251025
leaf_count=16 28 46 69 50
internal_value=-0.000234728 -0.00319875 0.000496349 0.00433596
internal_weight=22.4811 15.4583 12.2967 7.02284
internal_count=209 143 115 66
is_linear=0
shrinkage=0.03


Tree=47
num_leaves=5
num_cat=0
split_feature=6 3 5 3
split_gain=0.634764 0.727602 0.636765 0.263713
threshold=0.68044965786901324 -0.04659023865248297 -0.55088568771572188 0.024164742784633885
decision_type=2 2 2 2
left_child=1 -1 -3 -2
right_child=3 2 -4 -5
leaf_value=-0.0042060035500323155 0.0011923821016101442 -0.0023837532953711019 0.0071860900316847434 -0.0067360582637849198
leaf_weight=2.5873915776610419 1.648187294602393 3.2139706164598509 11.485633902251715 3.5404147543013096
leaf_count=16 18 40 109 26
internal_value=-0.000226745 0.00256372 0.00497574 -0.00509065
internal_weight=22.4756 17.287 14.6996 5.1886
internal_count=209 165 149 44
is_linear=0
shrinkage=0.03


Tree=48
num_leaves=5
num_cat=0
split_feature=6 3 3 3
split_gain=0.627742 0.43136 1.10851 0.370307
threshold=-0.3765182186235127 -0.018034986804514493 0.019959292276891145 -0.018034986804514493
decision_type=2 2 2 2
left_child=3 -2 -3 -1
right_child=1 2 -4 -5
leaf_value=0.0061821143000252579 -0.0069793732541414471 0.0069342066355220109 -0.0043550564654866921 -0.0020554172401516003
leaf_weight=5.5351717285811901 3.1662460230290916 3.4120380878448442 8.875331696122883 1.4670500755310083
leaf_count=47 28 46 69 19
internal_value=-0.000265678 -0.00318593 0.000484521 0.00426242
internal_weight=22.4558 15.4536 12.2874 7.00222
internal_count=209 143 115 66
is_linear=0
shrinkage=0.03


Tree=49
num_leaves=5
num_cat=0
split_feature=6 3 5 3
split_gain=0.612381 0.711414 0.624275 0.255814
threshold=0.68044965786901324 -0.04659023865248297 -0.55088568771572188 0.024164742784633885
decision_type=2 2 2 2
left_child=1 -1 -3 -2
right_child=3 2 -4 -5
leaf_value=-0.0041816612919521054 0.0011720044839742046 -0.0023760144766463141 0.0070847967963920061 -0.0066447011617339503
leaf_weight=2.5890609398484274 1.6448093689978112 3.2140204124152705 11.451456438750023 3.5490761734545231
leaf_count=16 18 40 109 26
internal_value=-0.000260181 0.00249277 0.00488872 -0.00502714
internal_weight=22.4484 17.2545 14.6655 5.19389
internal_count=209 165 149 44
is_linear=0
shrinkage=0.03


Tree=50
num_leaves=5
num_cat=0
split_feature=6 4 6 2
split_gain=0.611908 0.427903 0.369781 0.249523
threshold=-0.3765182186235127 0.066023593998785449 -0.85304869341710476 -0.49199573217246434
decision_type=2 2 2 2
left_child=2 3 -1 -2
right_child=1 -3 -4 -5
leaf_value=-0.0019112022536957123 -0.0065209512652069776 0.0029510444126636987 0.0062469557675856402 0.00020044579809132322
leaf_weight=1.9480722360312936 8.0186423547565919 1.3658049255609519 5.0319727696478393 6.0642492249608013
leaf_count=16 74 6 50 63
internal_value=-0.000298155 -0.00317257 0.00418544 -0.00474522
internal_weight=22.4287 15.4487 6.98005 14.0829
internal_count=209 143 66 137
is_linear=0
shrinkage=0.03


Tree=51
num_leaves=5
num_cat=0
split_feature=6 3 3 3
split_gain=0.594832 0.43083 1.08143 0.364907
threshold=-0.3765182186235127 -0.018034986804514493 0.019959292276891145 -0.018034986804514493
decision_type=2 2 2 2
left_child=3 -2 -3 -1
right_child=1 2 -4 -5
leaf_value=0.006063232275680089 -0.0069087331427916607 0.0068857133466590391 -0.0042676022458144926 -0.0020724688539133134
leaf_weight=5.5030696913599968 3.1730146259069469 3.4022085852920965 8.8864450454711896 1.4644921720027948
leaf_count=47 28 46 69 19
internal_value=-0.000280179 -0.00311546 0.00052421 0.0041396
internal_weight=22.4292 15.4617 12.2887 6.96756
internal_count=209 143 115 66
is_linear=0
shrinkage=0.03


Tree=52
num_leaves=5
num_cat=0
split_feature=6 3 5 3
split_gain=0.58496 0.696928 0.615725 0.249637
threshold=0.68044965786901324 -0.04659023865248297 -0.55088568771572188 0.024164742784633885
decision_type=2 2 2 2
left_child=1 -1 -3 -2
right_child=3 2 -4 -5
leaf_value=-0.0041624397176082389 0.0011691462993066982 -0.0023809444627063249 0.0069963139370449803 -0.0065269584448137729
leaf_weight=2.5890550985932395 1.6437105983495701 3.210997082293038 11.418038152158255 3.5598335675895214
leaf_count=16 18 40 109 26
internal_value=-0.000274501 0.00242455 0.00480704 -0.00492591
internal_weight=22.4216 17.2181 14.629 5.20354
internal_count=209 165 149 44
is_linear=0
shrinkage=0.03


Tree=53
num_leaves=5
num_cat=0
split_feature=6 3 3 6
split_gain=0.579815 0.423362 1.05871 0.365982
threshold=-0.3765182186235127 -0.018034986804514493 0.019959292276891145 -0.85304869341710476
decision_type=2 2 2 2
left_child=3 -2 -3 -1
right_child=1 2 -4 -5
leaf_value=-0.0019381385312612978 -0.0068603661063442361 0.0068139258812683458 -0.0042242939592988422 0.006133964120672292
leaf_weight=1.9432323537766931 3.1774674244225052 3.3880185484886125 8.890767600387333 5.0024971328675774
leaf_count=16 28 46 69 50
internal_value=-0.000311719 -0.00310248 0.000512811 0.00406457
internal_weight=22.402 15.4563 12.2788 6.94573
internal_count=209 143 115 66
is_linear=0
shrinkage=0.03


Tree=54
num_leaves=5
num_cat=0
split_feature=6 3 3 3
split_gain=0.565458 0.42117 1.03754 0.364952
threshold=-0.3765182186235127 -0.018034986804514493 0.019959292276891145 -0.024147835634751303
decision_type=2 2 2 2
left_child=3 -2 -3 -1
right_child=1 2 -4 -5
leaf_value=0.0062813190600030586 -0.0068078321325416614 0.0067668597175012156 -0.0041624351307362317 -0.0017260938286956578
leaf_weight=4.3068153336644173 3.1830105818808105 3.3789271637797311 8.9006696604192239 2.6266482584178474
leaf_count=36 28 46 69 30
internal_value=-0.00030301 -0.00305889 0.000532349 0.0040199
internal_weight=22.3961 15.4626 12.2796 6.93346
internal_count=209 143 115 66
is_linear=0
shrinkage=0.03


Tree=55
num_leaves=5
num_cat=0
split_feature=6 3 5 3
split_gain=0.562876 0.68112 0.608022 0.238118
threshold=0.68044965786901324 -0.04659023865248297 -0.55088568771572188 0.024164742784633885
decision_type=2 2 2 2
left_child=1 -1 -3 -2
right_child=3 2 -4 -5
leaf_value=-0.004131941565538217 0.001134218046792134 -0.0023870033569849103 0.0069133725721123758 -0.0064041119203828668
leaf_weight=2.5899424478411719 1.6376506239175785 3.2078802548348948 11.385340571403498 3.5708560757339001
leaf_count=16 18 40 109 26
internal_value=-0.000290599 0.00236531 0.00472966 -0.00484661
internal_weight=22.3917 17.1832 14.5932 5.20851
internal_count=209 165 149 44
is_linear=0
shrinkage=0.03


Tree=56
num_leaves=5
num_cat=0
split_feature=6 4 6 2
split_gain=0.553083 0.420235 0.362581 0.243524
threshold=-0.3765182186235127 0.066023593998785449 -0.85304869341710476 -0.49199573217246434
decision_type=2 2 2 2
left_child=2 3 -1 -2
right_child=1 -3 -4 -5
leaf_value=-0.0019618360063536262 -0.0063741146027777047 0.0029693459521626373 0.0060346505680211344 0.00022600177278146415
leaf_weight=1.9389672279357908 8.0301797091960889 1.3668761849403388 4.9764555394649532 6.05955649167299
leaf_count=16 74 6 50 63
internal_value=-0.000327115 -0.00304615 0.00395824 -0.0046201
internal_weight=22.372 15.4566 6.91542 14.0897
internal_count=209 143 66 137
is_linear=0
shrinkage=0.03


Tree=57
num_leaves=5
num_cat=0
split_feature=6 3 5 6
split_gain=0.54061 0.667127 0.597432 0.23674
threshold=0.68044965786901324 -0.04659023865248297 -0.55088568771572188 0.80325166278210236
decision_type=2 2 2 2
left_child=1 -1 -3 -2
right_child=3 2 -4 -5
leaf_value=-0.0041100895170229149 -0.0065485920867264244 -0.0023814083697722538 0.0068238950604748733 0.00090481160893018399
leaf_weight=2.5918125733733222 2.7918593622744075 3.2075205110013529 11.356060311198229 2.425040815025568
leaf_count=16 20 40 109 24
internal_value=-0.000308931 0.00230251 0.00465238 -0.00476617
internal_weight=22.3723 17.1554 14.5636 5.2169
internal_count=209 165 149 44
is_linear=0
shrinkage=0.03


Tree=58
num_leaves=5
num_cat=0
split_feature=6 3 3 3
split_gain=0.538829 0.414288 1.01557 0.366599
threshold=-0.3765182186235127 -0.018034986804514493 0.019959292276891145 -0.024147835634751303
decision_type=2 2 2 2
left_child=3 -2 -3 -1
right_child=1 2 -4 -5
leaf_value=0.0061806545081856887 -0.0067428043366379552 0.0067046893431353567 -0.0041114905546479515 -0.0017853037117201076
leaf_weight=4.2805169075727463 3.1880626864731338 3.3656828850507692 8.9029645174741727 2.615365948528054
leaf_count=36 28 46 69 30
internal_value=-0.000348981 -0.00302597 0.000534087 0.00389093
internal_weight=22.3526 15.4567 12.2686 6.89588
internal_count=209 143 115 66
is_linear=0
shrinkage=0.03


Tree=59
num_leaves=5
num_cat=0
split_feature=6 4 3 2
split_gain=0.526511 0.413046 0.361157 0.23717
threshold=-0.3765182186235127 0.066023593998785449 -0.024147835634751303 -0.91948685017260734
decision_type=2 2 2 2
left_child=2 3 -1 -2
right_child=1 -3 -4 -5
leaf_value=0.0061304118822902943 -0.0067476036923128022 0.0029614366054854829 -0.0017739140437473802 -0.00022864909424784392
leaf_weight=4.2682717256247997 5.6198524720966825 1.3655325770378119 2.6173696443438557 8.4771090187132305
leaf_count=36 48 6 30 89
internal_value=-0.00033618 -0.00298333 0.00385465 -0.00454918
internal_weight=22.3481 15.4625 6.88564 14.097
internal_count=209 143 66 137
is_linear=0
shrinkage=0.03


Tree=60
num_leaves=5
num_cat=0
split_feature=6 3 5 6
split_gain=0.519209 0.65659 0.586364 0.236131
threshold=0.68044965786901324 -0.04659023865248297 -0.55088568771572188 0.80325166278210236
decision_type=2 2 2 2
left_child=1 -1 -3 -2
right_child=3 2 -4 -5
leaf_value=-0.0041005307451762139 -0.0064710729283553384 -0.0023690557029304882 0.0067423873387476132 0.00092575676430073936
leaf_weight=2.589881613850598 2.7981528975069514 3.2073849551379725 11.325468067079777 2.4261688888072968
leaf_count=16 20 40 109 24
internal_value=-0.000322868 0.00224426 0.00458551 -0.00468423
internal_weight=22.3471 17.1227 14.5329 5.22432
internal_count=209 165 149 44
is_linear=0
shrinkage=0.03


Tree=61
num_leaves=5
num_cat=0
split_feature=6 3 3 6
split_gain=0.515632 0.411852 0.99595 0.360959
threshold=-0.3765182186235127 -0.018034986804514493 0.019959292276891145 -0.85304869341710476
decision_type=2 2 2 2
left_child=3 -2 -3 -1
right_child=1 2 -4 -5
leaf_value=-0.0020167613949135721 -0.0066818086098497905 0.0066636774264462835 -0.0040501209956580716 0.0058962451527183645
leaf_weight=1.929101303219795 3.1931372955441502 3.35676564648747 8.9094485417008382 4.9389871507883099
leaf_count=16 28 46 69 50
internal_value=-0.000362188 -0.00297472 0.000557779 0.00379567
internal_weight=22.3274 15.4594 12.2662 6.86809
internal_count=209 143 115 66
is_linear=0
shrinkage=0.03


Tree=62
num_leaves=5
num_cat=0
split_feature=6 3 3 3
split_gain=0.502747 0.40961 0.976137 0.359928
threshold=-0.3765182186235127 -0.018034986804514493 0.019959292276891145 -0.024147835634751303
decision_type=2 2 2 2
left_child=3 -2 -3 -1
right_child=1 2 -4 -5
leaf_value=0.0060426319672575897 -0.0066306484120986211 0.006617964263304567 -0.0039908810017325247 -0.0018088670873929315
leaf_weight=4.2456376105546951 3.1983198858797577 3.3477637432515577 8.9187443293631059 2.6106860786676434
leaf_count=36 28 46 69 30
internal_value=-0.000353043 -0.00293271 0.000576317 0.00375349
internal_weight=22.3212 15.4648 12.2665 6.85632
internal_count=209 143 115 66
is_linear=0
shrinkage=0.03


Tree=63
num_leaves=5
num_cat=0
split_feature=6 3 5 6
split_gain=0.501001 0.641742 0.578937 0.23332
threshold=0.68044965786901324 -0.04659023865248297 -0.55088568771572188 0.80325166278210236
decision_type=2 2 2 2
left_child=1 -1 -3 -2
right_child=3 2 -4 -5
leaf_value=-0.0040695374054630102 -0.0063968892512956711 -0.0023734552645231543 0.006664034363120434 0.0009321576755687384
leaf_weight=2.5905208438634917 2.8033464923501006 3.2043001502752348 11.293555926531548 2.4246349632740021
leaf_count=16 20 40 109 24
internal_value=-0.00034027 0.00219 0.0045131 -0.00461781
internal_weight=22.3164 17.0884 14.4979 5.22798
internal_count=209 165 149 44
is_linear=0
shrinkage=0.03


Tree=64
num_leaves=5
num_cat=0
split_feature=6 4 6 2
split_gain=0.492492 0.40678 0.357439 0.232688
threshold=-0.3765182186235127 0.066023593998785449 -0.85304869341710476 -0.49199573217246434
decision_type=2 2 2 2
left_child=2 3 -1 -2
right_child=1 -3 -4 -5
leaf_value=-0.0020381589578179135 -0.0061983873172626247 0.0029558648023302663 0.005802750734957075 0.00023507362975983887
leaf_weight=1.9251378849148748 8.0427310690283758 1.3639686405658729 4.9139074534177807 6.0510939918458435
leaf_count=16 74 6 50 63
internal_value=-0.000378858 -0.00292532 0.00369596 -0.00448508
internal_weight=22.2968 15.4578 6.83905 14.0938
internal_count=209 143 66 137
is_linear=0
shrinkage=0.03


Tree=65
num_leaves=5
num_cat=0
split_feature=1 1 4 3
split_gain=0.490593 0.610846 0.678282 0.457578
threshold=0.041224399262750684 0.0024775047633731622 -0.028657614528224736 0.027633428395196755
decision_type=2 2 2 2
left_child=1 2 -1 -3
right_child=-2 3 -4 -5
leaf_value=-0.00623781773942107 -0.0054132217757495915 0.0078935015800685598 0.0024934798394132384 -0.0019349082398896567
leaf_weight=4.6050277240574387 2.0049672611057749 5.0090844295918933 9.2698393128812331 1.407959286123514
leaf_count=43 15 51 90 10
internal_value=-0.000360382 0.00176108 -0.00180334 0.005872
internal_weight=22.2969 20.2919 13.8749 6.41704
internal_count=209 194 133 61
is_linear=0
shrinkage=0.03


Tree=66
num_leaves=5
num_cat=0
split_feature=6 3 5 6
split_gain=0.485059 0.627083 0.563425 0.231346
threshold=0.68044965786901324 -0.04659023865248297 -0.55088568771572188 0.80325166278210236
decision_type=2 2 2 2
left_child=1 -1 -3 -2
right_child=3 2 -4 -5
leaf_value=-0.0040453733195138517 -0.0063504793465308353 -0.0023493382817412894 0.006559078479637089 0.00093451249025168937
leaf_weight=2.5917252227664038 2.806817725300788 3.2065840661525771 11.258641269057984 2.4246252067387104
leaf_count=16 20 40 109 24
internal_value=-0.00037928 0.00212412 0.0044312 -0.00457727
internal_weight=22.2884 17.057 14.4652 5.23144
internal_count=209 165 149 44
is_linear=0
shrinkage=0.03


Tree=67
num_leaves=5
num_cat=0
split_feature=6 4 3 2
split_gain=0.482634 0.401128 0.362001 0.226494
threshold=-0.3765182186235127 0.066023593998785449 -0.024147835634751303 -0.91948685017260734
decision_type=2 2 2 2
left_child=2 3 -1 -2
right_child=1 -3 -4 -5
leaf_value=0.0059505447167113494 -0.0066201930033509939 0.0029254875941205384 -0.0018691315012825188 -0.00023329933926680081
leaf_weight=4.2206959687173367 5.6263069733977327 1.3600201010704047 2.5987856835126903 8.4632444120943493
leaf_count=36 48 6 30 89
internal_value=-0.000416837 -0.00292826 0.00363103 -0.00447317
internal_weight=22.2691 15.4496 6.81948 14.0896
internal_count=209 143 66 137
is_linear=0
shrinkage=0.03


Tree=68
num_leaves=5
num_cat=0
split_feature=1 1 4 3
split_gain=0.481455 0.602008 0.662542 0.450319
threshold=0.041224399262750684 0.0024775047633731622 -0.028657614528224736 0.027633428395196755
decision_type=2 2 2 2
left_child=1 2 -1 -3
right_child=-2 3 -4 -5
leaf_value=-0.0061893599673271005 -0.0053980735390696064 0.0078126424632081002 0.0024464145730474264 -0.0019259789711905859
leaf_weight=4.6096141859889057 2.0059969015419474 4.9884252548217765 9.2555959559977072 1.408357363194227
leaf_count=43 15 51 90 10
internal_value=-0.000402854 0.00171205 -0.00181507 0.00580156
internal_weight=22.268 20.262 13.8652 6.39678
internal_count=209 194 133 61
is_linear=0
shrinkage=0.03


Tree=69
num_leaves=5
num_cat=0
split_feature=6 4 3 2
split_gain=0.474321 0.395782 0.357571 0.222932
threshold=-0.3765182186235127 0.066023593998785449 -0.024147835634751303 -0.49199573217246434
decision_type=2 2 2 2
left_child=2 3 -1 -2
right_child=1 -3 -4 -5
leaf_value=0.0059048716284282356 -0.0061173904081778712 0.0029067616779914381 -0.001862268001646773 0.00021061511706793842
leaf_weight=4.2091733552515507 8.0493931509554368 1.357860833406449 2.5996988415718105 6.0434232279658291
leaf_count=36 74 6 30 63
internal_value=-0.000421031 -0.00290843 0.00359568 -0.00444266
internal_weight=22.2595 15.4507 6.80887 14.0928
internal_count=209 143 66 137
is_linear=0
shrinkage=0.03


Tree=70
num_leaves=5
num_cat=0
split_feature=1 1 4 3
split_gain=0.477208 0.589989 0.653817 0.442093
threshold=0.041224399262750684 0.0024775047633731622 -0.028657614528224736 0.027633428395196755
decision_type=2 2 2 2
left_child=1 2 -1 -3
right_child=-2 3 -4 -5
leaf_value=-0.0061343198851775286 -0.0053710753592622158 0.0077503372497474592 0.0024408334625577771 -0.0019048365776809506
leaf_weight=4.6158818490803268 2.0093665570020667 4.9726515859365454 9.2530614510178584 1.4102169349789617
leaf_count=43 15 51 90 10
internal_value=-0.000398612 0.00170712 -0.00178747 0.00575653
internal_weight=22.2612 20.2518 13.8689 6.38287
internal_count=209 194 133 61
is_linear=0
shrinkage=0.03


Tree=71
num_leaves=5
num_cat=0
split_feature=1 1 4 3
split_gain=0.46936 0.579525 0.638973 0.43611
threshold=0.041224399262750684 0.0024775047633731622 -0.028657614528224736 0.027633428395196755
decision_type=2 2 2 2
left_child=1 2 -1 -3
right_child=-2 3 -4 -5
leaf_value=-0.0060720866367115671 -0.0053424523907188663 0.0076812692476317286 0.0024065279767841959 -0.0018976637888185063
leaf_weight=4.6256372146308449 2.0130491517484179 4.9569974578917018 9.2460754327476042 1.4108697883784769
leaf_count=43 15 51 90 10
internal_value=-0.000416596 0.00167803 -0.00178001 0.00569621
internal_weight=22.2526 20.2396 13.8717 6.36787
internal_count=209 194 133 61
is_linear=0
shrinkage=0.03


Tree=72
num_leaves=5
num_cat=0
split_feature=6 3 5 6
split_gain=0.471634 0.615684 0.536505 0.229014
threshold=0.68044965786901324 -0.04659023865248297 -0.55088568771572188 0.80325166278210236
decision_type=2 2 2 2
left_child=1 -1 -3 -2
right_child=3 2 -4 -5
leaf_value=-0.0040394642228594483 -0.0063234315252231662 -0.0022768754745966686 0.0064296466864893808 0.00092849313259493087
leaf_weight=2.5867363363504454 2.8073425218462935 3.2148997299373194 11.212179064750666 2.4228808730840683
leaf_count=16 20 40 109 24
internal_value=-0.000434106 0.00205282 0.00435165 -0.00456013
internal_weight=22.244 17.0138 14.4271 5.23022
internal_count=209 165 149 44
is_linear=0
shrinkage=0.03


Tree=73
num_leaves=5
num_cat=0
split_feature=6 4 3 2
split_gain=0.468671 0.390549 0.356485 0.217474
threshold=-0.3765182186235127 0.066023593998785449 -0.024147835634751303 -0.49199573217246434
decision_type=2 2 2 2
left_child=2 3 -1 -2
right_child=1 -3 -4 -5
leaf_value=0.0058545891536506646 -0.0061018023857765452 0.0028688175921176397 -0.0018807430948987215 0.00018514845689429719
leaf_weight=4.1950927898287773 8.0463018119335157 1.3529459983110435 2.5952627845108536 6.0353540889918778
leaf_count=36 74 6 30 63
internal_value=-0.000470397 -0.00293209 0.00353882 -0.00444928
internal_weight=22.225 15.4346 6.79036 14.0817
internal_count=209 143 66 137
is_linear=0
shrinkage=0.03


Tree=74
num_leaves=5
num_cat=0
split_feature=1 1 4 3
split_gain=0.462287 0.56984 0.62477 0.429672
threshold=0.041224399262750684 0.0024775047633731622 -0.028657614528224736 0.027633428395196755
decision_type=2 2 2 2
left_child=1 2 -1 -3
right_child=-2 3 -4 -5
leaf_value=-0.0060186076015481572 -0.0053285083457520824 0.0076079167746068554 0.0023692169980011465 -0.0018895975070171084
leaf_weight=4.6305709183216122 2.0139081217348567 4.9373300410807124 9.2336829453706759 1.411168787628412
leaf_count=43 15 51 90 10
internal_value=-0.000447569 0.00164144 -0.00178036 0.00563229
internal_weight=22.2267 20.2128 13.8643 6.3485
internal_count=209 194 133 61
is_linear=0
shrinkage=0.03


Tree=75
num_leaves=5
num_cat=0
split_feature=6 4 3 2
split_gain=0.459113 0.384365 0.3521 0.216296
threshold=-0.3765182186235127 0.066023593998785449 -0.024147835634751303 -0.91948685017260734
decision_type=2 2 2 2
left_child=2 3 -1 -2
right_child=1 -3 -4 -5
leaf_value=0.0058103617150817169 -0.0065037245496390485 0.0028506444515233888 -0.0018733009459339417 -0.00024180848012862491
leaf_weight=4.1836507953703403 5.6335227452218541 1.350801199674607 2.5961837321519878 8.4539288319647259
leaf_count=36 48 6 30 89
internal_value=-0.000464511 -0.00290041 0.00350514 -0.00440638
internal_weight=22.2181 15.4383 6.77983 14.0875
internal_count=209 143 66 137
is_linear=0
shrinkage=0.03


Tree=76
num_leaves=5
num_cat=0
split_feature=1 1 4 3
split_gain=0.456906 0.55969 0.616206 0.421403
threshold=0.041224399262750684 0.0024775047633731622 -0.028657614528224736 0.027633428395196755
decision_type=2 2 2 2
left_child=1 2 -1 -3
right_child=-2 3 -4 -5
leaf_value=-0.0059710762908341168 -0.0053003277370450184 0.0075439833487375178 0.0023575600716329278 -0.001867768883412333
leaf_weight=4.6355915032327202 2.0173328891396514 4.9212529845535746 9.2297209799289721 1.4130273088812826
leaf_count=43 15 51 90 10
internal_value=-0.000450137 0.00162895 -0.00176218 0.00558634
internal_weight=22.2169 20.1996 13.8653 6.33428
internal_count=209 194 133 61
is_linear=0
shrinkage=0.03


Tree=77
num_leaves=5
num_cat=0
split_feature=6 3 5 6
split_gain=0.456129 0.606108 0.515848 0.228037
threshold=0.68044965786901324 -0.04659023865248297 -0.55088568771572188 0.80325166278210236
decision_type=2 2 2 2
left_child=1 -1 -3 -2
right_child=3 2 -4 -5
leaf_value=-0.0040348375535488408 -0.0062775689012085816 -0.0022227036307901475 0.0063235877037055238 0.00093717706855801135
leaf_weight=2.5821563154459044 2.8098431900143614 3.2203407064080283 11.172919824719424 2.4230235628783703
leaf_count=16 20 40 109 24
internal_value=-0.00046681 0.00199207 0.00428413 -0.00451472
internal_weight=22.2083 16.9754 14.3933 5.23287
internal_count=209 165 149 44
is_linear=0
shrinkage=0.03


Tree=78
num_leaves=5
num_cat=0
split_feature=6 4 6 3
split_gain=0.452273 0.379821 0.351285 0.21693
threshold=-0.3765182186235127 0.066023593998785449 -0.85304869341710476 0.019959292276891145
decision_type=2 2 2 2
left_child=2 3 -1 -2
right_child=1 -3 -4 -5
leaf_value=-0.0021046987721482988 0.00010635700872779707 0.0028219214133632224 0.005584165372764553 -0.0061412167727016671
leaf_weight=1.9120586439967153 6.5270623452961409 1.3468857556581504 4.8503973037004497 7.552984494715929
leaf_count=16 74 6 50 63
internal_value=-0.000502126 -0.00291104 0.00345151 -0.0044036
internal_weight=22.1894 15.4269 6.76246 14.08
internal_count=209 143 66 137
is_linear=0
shrinkage=0.03


Tree=79
num_leaves=5
num_cat=0
split_feature=1 2 4 5
split_gain=0.448609 0.557759 0.551306 0.491278
threshold=0.041224399262750684 -0.76004378426692998 -0.028657614528224736 0.51029032177824762
decision_type=2 2 2 2
left_child=1 3 -3 -1
right_child=-2 2 -4 -5
leaf_value=-0.0047718806948748374 -0.0052820395268747154 -0.0023445296947418879 0.0074440816982239075 0.0030399773994583012
leaf_weight=8.2595874927938002 2.018145788460969 2.0179339312016964 6.4211046695709229 3.4715531989932069
leaf_count=74 15 24 72 24
internal_value=-0.000484525 0.00158714 0.00510133 -0.00212503
internal_weight=22.1883 20.1702 8.43904 11.7311
internal_count=209 194 96 98
is_linear=0
shrinkage=0.03


Tree=80
num_leaves=5
num_cat=0
split_feature=6 4 3 3
split_gain=0.444738 0.374156 0.35079 0.212519
threshold=-0.3765182186235127 0.066023593998785449 -0.024147835634751303 0.019959292276891145
decision_type=2 2 2 2
left_child=2 3 -1 -2
right_child=1 -3 -4 -5
leaf_value=0.005745588154213035 0.00010489146442212658 0.0028065991448917374 -0.001897883327604821 -0.0060799575756271245
leaf_weight=4.165257316082716 6.5243018306791747 1.344774708151818 2.5907965861260918 7.5600618869066238
leaf_count=36 74 6 30 63
internal_value=-0.000487773 -0.00287823 0.00343111 -0.00436097
internal_weight=22.1852 15.4291 6.75605 14.0844
internal_count=209 143 66 137
is_linear=0
shrinkage=0.03


Tree=81
num_leaves=5
num_cat=0
split_feature=1 1 4 3
split_gain=0.444897 0.548947 0.60214 0.409929
threshold=0.041224399262750684 0.0024775047633731622 -0.028657614528224736 0.027633428395196755
decision_type=2 2 2 2
left_child=1 2 -1 -3
right_child=-2 3 -4 -5
leaf_value=-0.0059140500671617472 -0.0052461989341786907 0.0074519417872176965 0.0023227596006216776 -0.0018382309354063077
leaf_weight=4.6412992440164116 2.0221452526748172 4.8948290012776843 9.2123584896326083 1.414965361356735
leaf_count=43 15 51 90 10
internal_value=-0.000466737 0.00159293 -0.00175921 0.0055189
internal_weight=22.1856 20.1635 13.8537 6.30979
internal_count=209 194 133 61
is_linear=0
shrinkage=0.03


Tree=82
num_leaves=5
num_cat=0
split_feature=1 2 4 5
split_gain=0.437656 0.541689 0.538399 0.481645
threshold=0.041224399262750684 -0.76004378426692998 -0.028657614528224736 0.51029032177824762
decision_type=2 2 2 2
left_child=1 3 -3 -1
right_child=-2 2 -4 -5
leaf_value=-0.0047139457490744533 -0.0052181834617723109 -0.0023186306020520726 0.0073521297952327614 0.0030180638650999132
leaf_weight=8.2664821296930331 2.0256468690931788 2.020823922008276 6.3966203406453133 3.4673714637756357
leaf_count=74 15 24 72 24
internal_value=-0.000482818 0.00156598 0.00503209 -0.00209175
internal_weight=22.1769 20.1513 8.41744 11.7339
internal_count=209 194 96 98
is_linear=0
shrinkage=0.03


Tree=83
num_leaves=5
num_cat=0
split_feature=6 4 3 3
split_gain=0.441071 0.368839 0.345909 0.20837
threshold=-0.3765182186235127 0.066023593998785449 -0.024147835634751303 0.019959292276891145
decision_type=2 2 2 2
left_child=2 3 -1 -2
right_child=1 -3 -4 -5
leaf_value=0.0057156957933950569 9.7422216211767962e-05 0.0027833799797361545 -0.0018793972822045526 -0.0060381188054330591
leaf_weight=4.1566789522767067 6.5174696519970858 1.3416910320520408 2.5935953669250038 7.5641961246728897
leaf_count=36 74 6 30 63
internal_value=-0.000485814 -0.00286655 0.00341767 -0.00433714
internal_weight=22.1736 15.4234 6.75027 14.0817
internal_count=209 143 66 137
is_linear=0
shrinkage=0.03


Tree=84
num_leaves=5
num_cat=0
split_feature=1 1 4 3
split_gain=0.434071 0.53849 0.586234 0.401857
threshold=0.041224399262750684 0.0024775047633731622 -0.028657614528224736 0.027633428395196755
decision_type=2 2 2 2
left_child=1 2 -1 -3
right_child=-2 3 -4 -5
leaf_value=-0.005840442776590387 -0.005182680886989045 0.0073807080368217962 0.0022880811113674604 -0.0018191789970423463
leaf_weight=4.6512058898806599 2.0295304208993903 4.8757387399673453 9.2011733390390891 1.4162944890558717
leaf_count=43 15 51 90 10
internal_value=-0.000464839 0.00157208 -0.00174556 0.00546434
internal_weight=22.1739 20.1444 13.8524 6.29203
internal_count=209 194 133 61
is_linear=0
shrinkage=0.03


Tree=85
num_leaves=5
num_cat=0
split_feature=6 3 5 6
split_gain=0.434663 0.596452 0.496865 0.228075
threshold=0.68044965786901324 -0.04659023865248297 -0.55088568771572188 0.80325166278210236
decision_type=2 2 2 2
left_child=1 -1 -3 -2
right_child=3 2 -4 -5
leaf_value=-0.0040305916053252283 -0.0061971043252059379 -0.0021744225978531776 0.0062199769378479593 0.00096460125841576116
leaf_weight=2.5773326680064246 2.8128194324672213 3.2250238172709986 11.127842538058752 2.4221848919987679
leaf_count=16 20 40 109 24
internal_value=-0.000480523 0.00192957 0.00421543 -0.00442533
internal_weight=22.1652 16.9302 14.3529 5.235
internal_count=209 165 149 44
is_linear=0
shrinkage=0.03


Tree=86
num_leaves=5
num_cat=0
split_feature=6 4 3 3
split_gain=0.433429 0.363765 0.34395 0.202199
threshold=-0.3765182186235127 0.066023593998785449 -0.024147835634751303 0.019959292276891145
decision_type=2 2 2 2
left_child=2 3 -1 -2
right_child=1 -3 -4 -5
leaf_value=0.0056665385911265839 7.6390374973538323e-05 0.002755529080542937 -0.001891410291281989 -0.005998978504237704
leaf_weight=4.1426732689142227 6.5086567923426593 1.3377723693847663 2.5904626101255444 7.5669008269906044
leaf_count=36 74 6 30 63
internal_value=-0.000514972 -0.00286782 0.00336615 -0.00432482
internal_weight=22.1465 15.4133 6.73314 14.0756
internal_count=209 143 66 137
is_linear=0
shrinkage=0.03


Tree=87
num_leaves=5
num_cat=0
split_feature=1 1 4 3
split_gain=0.425946 0.528736 0.577472 0.393534
threshold=0.041224399262750684 0.0024775047633731622 -0.028657614528224736 0.027633428395196755
decision_type=2 2 2 2
left_child=1 2 -1 -3
right_child=-2 3 -4 -5
leaf_value=-0.0058060036285471593 -0.0051597725672036434 0.007298221009739177 0.0022644677209007059 -0.0018023180992127769
leaf_weight=4.6540677100420025 2.0309643149375907 4.8538435846567145 9.1905281767249125 1.4173865914344785
leaf_count=43 15 51 90 10
internal_value=-0.000493779 0.0015342 -0.00174569 0.0053978
internal_weight=22.1468 20.1158 13.8446 6.27123
internal_count=209 194 133 61
is_linear=0
shrinkage=0.03


Tree=88
num_leaves=5
num_cat=0
split_feature=6 4 6 2
split_gain=0.424944 0.358153 0.343339 0.204227
threshold=-0.3765182186235127 0.066023593998785449 -0.85304869341710476 -0.49199573217246434
decision_type=2 2 2 2
left_child=2 3 -1 -2
right_child=1 -3 -4 -5
leaf_value=-0.0021108286962781709 -0.0058844041790504257 0.0027382868786347127 0.0054622630411848344 0.0001926573507833467
leaf_weight=1.9092152081429956 8.0580215491354448 1.3356460928916938 4.8136732168495682 6.0215377770364258
leaf_count=16 74 6 50 63
internal_value=-0.000508926 -0.00283821 0.00333542 -0.00428471
internal_weight=22.1381 15.4152 6.72289 14.0796
internal_count=209 143 66 137
is_linear=0
shrinkage=0.03


Tree=89
num_leaves=5
num_cat=0
split_feature=1 2 4 5
split_gain=0.422872 0.519442 0.520429 0.473226
threshold=0.041224399262750684 -0.76004378426692998 -0.028657614528224736 0.51029032177824762
decision_type=2 2 2 2
left_child=1 3 -3 -1
right_child=-2 2 -4 -5
leaf_value=-0.0046538876596019952 -0.0051385503142418682 -0.0022839411657868351 0.0072192453032324036 0.0030058457578862746
leaf_weight=8.262903708964588 2.0332408770918837 2.0235629379749298 6.356377124786377 3.4616626948118219
leaf_count=74 15 24 72 24
internal_value=-0.00048988 0.00153099 0.00493035 -0.00204974
internal_weight=22.1377 20.1045 8.37994 11.7246
internal_count=209 194 96 98
is_linear=0
shrinkage=0.03


Tree=90
num_leaves=5
num_cat=0
split_feature=4 4 1 1
split_gain=0.422923 0.601354 0.641463 0.570433
threshold=0.024424807073003877 -0.028657614528224736 0.042897459480365059 0.0024775047633731622
decision_type=2 2 2 2
left_child=1 3 -3 -1
right_child=-2 2 -4 -5
leaf_value=-0.0057083378230900423 -0.0037259780869677087 0.008156830508400003 -0.0028776709929636173 0.0034692201173661154
leaf_weight=4.6667744927108288 8.8385706245899183 5.728496730327608 0.97383941709995259 1.9265765883028505
leaf_count=43 72 70 7 17
internal_value=-0.000492418 0.00233385 0.00579054 -0.00255205
internal_weight=22.1343 13.2957 6.70234 6.59335
internal_count=209 137 77 60
is_linear=0
shrinkage=0.03


Tree=91
num_leaves=5
num_cat=0
split_feature=1 1 3 3
split_gain=0.417883 0.509239 0.573616 0.386213
threshold=0.041224399262750684 0.0024775047633731622 -0.039059436034713353 0.027633428395196755
decision_type=2 2 2 2
left_child=1 2 -1 -3
right_child=-2 3 -4 -5
leaf_value=-0.0066162448964332916 -0.0051045508781695104 0.0072076486930553931 0.0017283356926069873 -0.0017936526876635756
leaf_weight=1.8651472590863729 2.0369142033159724 4.8286388665437689 11.983308326452972 1.417627692222595
leaf_count=15 15 51 118 10
internal_value=-0.000483974 0.00152492 -0.00169857 0.00531817
internal_weight=22.1316 20.0947 13.8485 6.24627
internal_count=209 194 133 61
is_linear=0
shrinkage=0.03


Tree=92
num_leaves=5
num_cat=0
split_feature=6 3 5 6
split_gain=0.415494 0.579378 0.479926 0.226608
threshold=0.68044965786901324 -0.04659023865248297 -0.55088568771572188 0.80325166278210236
decision_type=2 2 2 2
left_child=1 -1 -3 -2
right_child=3 2 -4 -5
leaf_value=-0.0039974965999668476 -0.0061302282148644896 -0.0021440950849643502 0.0061005513829856936 0.00097755812670969992
leaf_weight=2.575427502393727 2.8151892237365237 3.2265511378645941 11.078582085669035 2.4215433485805988
leaf_count=16 20 40 109 24
internal_value=-0.000512356 0.00185866 0.0041239 -0.00435902
internal_weight=22.1173 16.8806 14.3051 5.23673
internal_count=209 165 149 44
is_linear=0
shrinkage=0.03


Tree=93
num_leaves=5
num_cat=0
split_feature=6 4 3 3
split_gain=0.414224 0.354668 0.345739 0.196251
threshold=-0.3765182186235127 0.066023593998785449 -0.024147835634751303 0.019959292276891145
decision_type=2 2 2 2
left_child=2 3 -1 -2
right_child=1 -3 -4 -5
leaf_value=0.0055929763694031534 7.2224880231324737e-05 0.0027201825786658299 -0.0019434406739061256 -0.0059217813353779633
leaf_weight=4.1197281591594219 6.4949892051517928 1.3325913697481162 2.5791597962379482 7.5723152607679367
leaf_count=36 74 6 30 63
internal_value=-0.000545718 -0.00283628 0.00326515 -0.00427418
internal_weight=22.0988 15.3999 6.69889 14.0673
internal_count=209 143 66 137
is_linear=0
shrinkage=0.03


Tree=94
num_leaves=5
num_cat=0
split_feature=1 1 3 3
split_gain=0.408277 0.503076 0.563046 0.378253
threshold=0.041224399262750684 0.0024775047633731622 -0.039059436034713353 0.027633428395196755
decision_type=2 2 2 2
left_child=1 2 -1 -3
right_child=-2 3 -4 -5
leaf_value=-0.0065810593142497454 -0.0050816955139625312 0.0071279623370288743 0.0016930180093976594 -0.001776951978446459
leaf_weight=1.8679394647479082 2.0382476300001136 4.8071491979062548 11.967055581510069 1.4186751171946523
leaf_count=15 15 51 118 10
internal_value=-0.000524418 0.00147506 -0.00171651 0.00525424
internal_weight=22.0991 20.0608 13.835 6.22582
internal_count=209 194 133 61
is_linear=0
shrinkage=0.03


Tree=95
num_leaves=5
num_cat=0
split_feature=6 4 3 2
split_gain=0.403816 0.349792 0.341368 0.194069
threshold=-0.3765182186235127 0.066023593998785449 -0.024147835634751303 -0.91948685017260734
decision_type=2 2 2 2
left_child=2 3 -1 -2
right_child=1 -3 -4 -5
leaf_value=0.0055369288039752882 -0.0062231830333937714 0.0027050756669067624 -0.0019420985750083777 -0.00025276390917590088
leaf_weight=4.104757871478796 5.6467188633978376 1.3307049423456199 2.5790993645787266 8.4235989563167042
leaf_count=36 48 6 30 89
internal_value=-0.000552024 -0.00281008 0.00321671 -0.0042388
internal_weight=22.0849 15.401 6.68386 14.0703
internal_count=209 143 66 137
is_linear=0
shrinkage=0.03


Tree=96
num_leaves=5
num_cat=0
split_feature=1 1 3 3
split_gain=0.401912 0.497207 0.557119 0.371014
threshold=0.041224399262750684 0.0024775047633731622 -0.039059436034713353 0.027633428395196755
decision_type=2 2 2 2
left_child=1 2 -1 -3
right_child=-2 3 -4 -5
leaf_value=-0.0065526086319715529 -0.0050543402918876816 0.0070699803759974537 0.0016795090018040101 -0.0017560544212784771
leaf_weight=1.8695675209164644 2.0413531474769107 4.7919044680893412 11.960372917354109 1.4203020110726354
leaf_count=15 15 51 118 10
internal_value=-0.000537076 0.00145229 -0.00171608 0.00521359
internal_weight=22.0835 20.0421 13.8299 6.21221
internal_count=209 194 133 61
is_linear=0
shrinkage=0.03


Tree=97
num_leaves=5
num_cat=0
split_feature=4 4 1 1
split_gain=0.397654 0.587892 0.618368 0.549194
threshold=0.024424807073003877 -0.028657614528224736 0.042897459480365059 0.0024775047633731622
decision_type=2 2 2 2
left_child=1 3 -3 -1
right_child=-2 2 -4 -5
leaf_value=-0.0056587188531600956 -0.0036802557963270754 0.0079850375944746678 -0.0028340906054952855 0.0033717454105474339
leaf_weight=4.6670518778264523 8.8370869830250722 5.6782298870384711 0.97908940166234959 1.9078996703028677
leaf_count=43 72 70 7 17
internal_value=-0.00056428 0.00220509 0.0056477 -0.002585
internal_weight=22.0694 13.2323 6.65732 6.57495
internal_count=209 137 77 60
is_linear=0
shrinkage=0.03


Tree=98
num_leaves=5
num_cat=0
split_feature=6 3 5 6
split_gain=0.393945 0.562442 0.47024 0.224815
threshold=0.68044965786901324 -0.04659023865248297 -0.55088568771572188 0.80325166278210236
decision_type=2 2 2 2
left_child=1 -1 -3 -2
right_child=3 2 -4 -5
leaf_value=-0.0039736829965065848 -0.0060571393328300877 -0.002149918049317748 0.0059877364289170178 0.00099049743757162446
leaf_weight=2.5718832984566733 2.8186451420187941 3.2233635522425219 11.031756229698653 2.421061810106039
leaf_count=16 20 40 109 24
internal_value=-0.000554921 0.00177235 0.00401991 -0.00428757
internal_weight=22.0667 16.827 14.2551 5.23971
internal_count=209 165 149 44
is_linear=0
shrinkage=0.03


Tree=99
num_leaves=5
num_cat=0
split_feature=1 2 4 5
split_gain=0.391284 0.490229 0.494818 0.472874
threshold=0.041224399262750684 -0.76004378426692998 -0.028657614528224736 0.51029032177824762
decision_type=2 2 2 2
left_child=1 3 -3 -1
right_child=-2 2 -4 -5
leaf_value=-0.0046598424351998232 -0.0050326580690993562 -0.002257941471594839 0.0069725238582724518 0.0030015624849548095
leaf_weight=8.2405381910502928 2.0425622984766951 2.0244846306741238 6.2850030139088631 3.455878123641015
leaf_count=74 15 24 72 24
internal_value=-0.000587188 0.00139265 0.0047187 -0.00205607
internal_weight=22.0485 20.0059 8.30949 11.6964
internal_count=209 194 96 98
is_linear=0
shrinkage=0.03


Tree=100
num_leaves=5
num_cat=0
split_feature=6 4 3 3
split_gain=0.395868 0.347016 0.341082 0.187958
threshold=-0.3765182186235127 0.066023593998785449 -0.024147835634751303 0.019959292276891145
decision_type=2 2 2 2
left_child=2 3 -1 -2
right_child=1 -3 -4 -5
leaf_value=0.0054893305929943218 5.213933101980965e-05 0.0026874300950005068 -0.0019660953377835561 -0.005846550497755492
leaf_weight=4.0889743082225323 6.4783964604139292 1.3276563733816154 2.5732932724058655 7.5768520683050156
leaf_count=36 74 6 30 63
internal_value=-0.000588037 -0.00281538 0.00315796 -0.00423628
internal_weight=22.0452 15.3829 6.66227 14.0552
internal_count=209 143 66 137
is_linear=0
shrinkage=0.03


Tree=101
num_leaves=5
num_cat=0
split_feature=1 1 3 3
split_gain=0.388413 0.482283 0.545946 0.363341
threshold=0.041224399262750684 0.0024775047633731622 -0.039059436034713353 0.027633428395196755
decision_type=2 2 2 2
left_child=1 2 -1 -3
right_child=-2 3 -4 -5
leaf_value=-0.0064931610323304152 -0.0049979142585686274 0.0069616918388317132 0.0016580448257655677 -0.0017506289177377152
leaf_weight=1.8742721602320696 2.0461103320121756 4.7612688392400733 11.943905103951694 1.4199125058948991
leaf_count=15 15 51 118 10
internal_value=-0.000566434 0.00140182 -0.00170952 0.00511529
internal_weight=22.0455 19.9994 13.8182 6.18118
internal_count=209 194 133 61
is_linear=0
shrinkage=0.03


Tree=102
num_leaves=5
num_cat=0
split_feature=6 4 3 2
split_gain=0.38592 0.342216 0.336774 0.18604
threshold=-0.3765182186235127 0.066023593998785449 -0.024147835634751303 -0.49199573217246434
decision_type=2 2 2 2
left_child=2 3 -1 -2
right_child=1 -3 -4 -5
leaf_value=0.0054350943370576671 -0.00572338149821366 0.0026726036224910647 -0.001964200193142771 0.00014434400582384341
leaf_weight=4.0742848068475723 8.0607366748154146 1.3257833272218711 2.5732934549450901 5.9973281994461987
leaf_count=36 74 6 30 63
internal_value=-0.0005929 -0.00278878 0.00311148 -0.00420064
internal_weight=22.0314 15.3838 6.64758 14.0581
internal_count=209 143 66 137
is_linear=0
shrinkage=0.03


Tree=103
num_leaves=5
num_cat=0
split_feature=1 1 3 3
split_gain=0.383726 0.475641 0.541899 0.356796
threshold=0.041224399262750684 0.0024775047633731622 -0.039059436034713353 0.027633428395196755
decision_type=2 2 2 2
left_child=1 2 -1 -3
right_child=-2 3 -4 -5
leaf_value=-0.0064652076910815251 -0.0049720981374172931 0.0069097290403467588 0.0016549509617612053 -0.0017308221621882675
leaf_weight=1.8757589757442499 2.0490029267966738 4.7469425164163104 11.939484357833864 1.4214260540902612
leaf_count=15 15 51 118 10
internal_value=-0.000569744 0.00138937 -0.00169935 0.0050796
internal_weight=22.0326 19.9836 13.8152 6.16837
internal_count=209 194 133 61
is_linear=0
shrinkage=0.03


Tree=104
num_leaves=5
num_cat=0
split_feature=4 4 1 1
split_gain=0.378883 0.564062 0.596261 0.53225
threshold=0.024424807073003877 -0.028657614528224736 0.042897459480365059 0.0024775047633731622
decision_type=2 2 2 2
left_child=1 3 -3 -1
right_child=-2 2 -4 -5
leaf_value=-0.0055740013173656323 -0.0036271068798397078 0.0078182370220803293 -0.0027914677926609154 0.0033195165202844282
leaf_weight=4.6727556064724922 8.8354525975882989 5.6290044300258177 0.98413696885108937 1.8972342684864996
leaf_count=43 72 70 7 17
internal_value=-0.000595957 0.00212381 0.00550946 -0.00255238
internal_weight=22.0186 13.1831 6.61314 6.56999
internal_count=209 137 77 60
is_linear=0
shrinkage=0.03


Tree=105
num_leaves=5
num_cat=0
split_feature=1 2 5 4
split_gain=0.376068 0.470984 0.634415 0.450459
threshold=0.041224399262750684 -0.91948685017260734 0.51029032177824762 -0.028657614528224736
decision_type=2 2 2 2
left_child=1 2 -1 -3
right_child=-2 3 -4 -5
leaf_value=-0.0053702106856181112 -0.0049389659202090895 -0.0020705246929124252 0.00366206072243184 0.0065087478676743044
leaf_weight=7.3042903617024457 2.0523738190531722 2.4790043644607094 2.9641882255673409 7.2159321643412087
leaf_count=64 15 28 20 82
internal_value=-0.000586031 0.00136046 -0.0022425 0.00437758
internal_weight=22.0158 19.9634 10.2685 9.69494
internal_count=209 194 84 110
is_linear=0
shrinkage=0.03


Tree=106
num_leaves=5
num_cat=0
split_feature=6 4 3 3
split_gain=0.377418 0.338275 0.334705 0.182193
threshold=-0.3765182186235127 0.066023593998785449 -0.024147835634751303 0.019959292276891145
decision_type=2 2 2 2
left_child=2 3 -1 -2
right_child=1 -3 -4 -5
leaf_value=0.005399599678309339 5.5253731223657289e-05 0.0026634682627684446 -0.0019686833756053599 -0.0057494256212537054
leaf_weight=4.0622917227447033 6.467580441385504 1.3242599368095405 2.5714278444647816 7.5864708460867405
leaf_count=36 74 6 30 63
internal_value=-0.000589117 -0.00275985 0.00307698 -0.00416571
internal_weight=22.012 15.3783 6.63372 14.0541
internal_count=209 143 66 137
is_linear=0
shrinkage=0.03


Tree=107
num_leaves=5
num_cat=0
split_feature=1 1 3 3
split_gain=0.373007 0.460012 0.537496 0.34788
threshold=0.041224399262750684 0.0024775047633731622 -0.039059436034713353 0.027633428395196755
decision_type=2 2 2 2
left_child=1 2 -1 -3
right_child=-2 3 -4 -5
leaf_value=-0.0064188069426335389 -0.0049047303952811008 0.0068126338640917177 0.0016635481509316031 -0.0017128970582517631
leaf_weight=1.8791119977831865 2.0557584688067427 4.7204631604254237 11.934480629861357 1.4223732389509676
leaf_count=15 15 51 118 10
internal_value=-0.000567632 0.00136729 -0.00166966 0.00500035
internal_weight=22.0122 19.9564 13.8136 6.14284
internal_count=209 194 133 61
is_linear=0
shrinkage=0.03


Tree=108
num_leaves=5
num_cat=0
split_feature=6 3 5 6
split_gain=0.372259 0.540749 0.455211 0.224225
threshold=0.68044965786901324 -0.04659023865248297 -0.55088568771572188 0.80325166278210236
decision_type=2 2 2 2
left_child=1 -1 -3 -2
right_child=3 2 -4 -5
leaf_value=-0.0039261988715831699 -0.0059850283842938909 -0.0021364045455223887 0.0058533490413315665 0.0010119652733445532
leaf_weight=2.5675647035241171 2.8187573477625838 3.2217038944363638 10.971018314361567 2.4190831631422043
leaf_count=16 20 40 109 24
internal_value=-0.000593532 0.00168761 0.00390629 -0.00421011
internal_weight=21.9981 16.7603 14.1927 5.23784
internal_count=209 165 149 44
is_linear=0
shrinkage=0.03


Tree=109
num_leaves=5
num_cat=0
split_feature=6 4 3 2
split_gain=0.368833 0.334096 0.332533 0.177728
threshold=-0.3765182186235127 0.066023593998785449 -0.024147835634751303 -0.49199573217246434
decision_type=2 2 2 2
left_child=2 3 -1 -2
right_child=1 -3 -4 -5
leaf_value=0.0053415022946362101 -0.0056423458577112336 0.0026392404520948487 -0.0019847486985049376 0.00012366737623497841
leaf_weight=4.045372873544693 8.0613708458840829 1.3206212222576148 2.5676479674875763 5.9851736351847622
leaf_count=36 74 6 30 63
internal_value=-0.000624576 -0.00276159 0.00301449 -0.00415576
internal_weight=21.9802 15.3672 6.61302 14.0465
internal_count=209 143 66 137
is_linear=0
shrinkage=0.03


Tree=110
num_leaves=5
num_cat=0
split_feature=1 1 3 3
split_gain=0.366209 0.455062 0.526402 0.342976
threshold=0.041224399262750684 0.0024775047633731622 -0.039059436034713353 0.027633428395196755
decision_type=2 2 2 2
left_child=1 2 -1 -3
right_child=-2 3 -4 -5
leaf_value=-0.0063761405542260901 -0.0048908235304400884 0.0067522444255025422 0.0016287063417649978 -0.0017053896152379707
leaf_weight=1.8817572146654153 2.0562836378812781 4.7027855813503256 11.918060172349216 1.4224326908588407
leaf_count=15 15 51 118 10
internal_value=-0.00060128 0.00132783 -0.00168328 0.00494859
internal_weight=21.9813 19.925 13.7998 6.12522
internal_count=209 194 133 61
is_linear=0
shrinkage=0.03


Tree=111
num_leaves=5
num_cat=0
split_feature=4 4 1 1
split_gain=0.363038 0.541179 0.575305 0.516086
threshold=0.024424807073003877 -0.028657614528224736 0.042897459480365059 0.0024775047633731622
decision_type=2 2 2 2
left_child=1 3 -3 -1
right_child=-2 2 -4 -5
leaf_value=-0.005488488661593887 -0.0035840553083929098 0.0076602044863780805 -0.0027492400431014348 0.0032709577948021574
leaf_weight=4.6782418824732304 8.8316588811576349 5.5813196823000926 0.98904338479042042 1.8871455192565916
leaf_count=43 72 70 7 17
internal_value=-0.000626518 0.00205161 0.00537976 -0.00251603
internal_weight=21.9674 13.1358 6.57036 6.56539
internal_count=209 137 77 60
is_linear=0
shrinkage=0.03


Tree=112
num_leaves=5
num_cat=0
split_feature=1 2 5 4
split_gain=0.35898 0.450625 0.628063 0.436711
threshold=0.041224399262750684 -0.91948685017260734 0.51029032177824762 -0.028657614528224736
decision_type=2 2 2 2
left_child=1 2 -1 -3
right_child=-2 3 -4 -5
leaf_value=-0.0053307787003557573 -0.004858143080829198 -0.0020570443597618809 0.0036540543197787728 0.0063716419938565109
leaf_weight=7.2957399003207719 2.0595050603151313 2.4783545397222069 2.9597988240420818 7.1711043044924709
leaf_count=64 15 28 20 82
internal_value=-0.000616032 0.00130064 -0.00221391 0.00426167
internal_weight=21.9645 19.905 10.2555 9.64946
internal_count=209 194 84 110
is_linear=0
shrinkage=0.03


Tree=113
num_leaves=5
num_cat=0
split_feature=6 3 4 3
split_gain=0.360786 0.330469 0.330143 0.176224
threshold=-0.3765182186235127 -0.024147835634751303 0.066023593998785449 0.019959292276891145
decision_type=2 2 2 2
left_child=1 -1 3 -2
right_child=2 -3 -4 -5
leaf_value=0.005308331809940771 4.775529848027679e-05 -0.0019880799433454359 0.0026302205157966042 -0.0056756462654118048
leaf_weight=4.0336907655000687 6.4521528556942904 2.5658563673496273 1.3190849572420127 7.5899483598768711
leaf_count=36 74 30 6 63
internal_value=-0.000618365 0.00298283 -0.00273161 -0.0041198
internal_weight=21.9607 6.59955 15.3612 14.0421
internal_count=209 66 143 137
is_linear=0
shrinkage=0.03


Tree=114
num_leaves=5
num_cat=0
split_feature=1 1 3 3
split_gain=0.356175 0.440088 0.522281 0.334449
threshold=0.041224399262750684 0.0024775047633731622 -0.039059436034713353 0.027633428395196755
decision_type=2 2 2 2
left_child=1 2 -1 -3
right_child=-2 3 -4 -5
leaf_value=-0.0063300895831391348 -0.0048242915720219373 0.0066586925715896228 0.0016384194455572865 -0.0016875268779870999
leaf_weight=1.8848714530468011 2.0627471655607215 4.6768972612917414 11.91305197030306 1.4233033321797846
leaf_count=15 15 51 118 10
internal_value=-0.000596727 0.00130852 -0.00165265 0.00487272
internal_weight=21.9609 19.8981 13.7979 6.1002
internal_count=209 194 133 61
is_linear=0
shrinkage=0.03


Tree=115
num_leaves=5
num_cat=0
split_feature=6 3 5 6
split_gain=0.355265 0.523262 0.441834 0.222843
threshold=0.68044965786901324 -0.04659023865248297 -0.55088568771572188 0.80325166278210236
decision_type=2 2 2 2
left_child=1 -1 -3 -2
right_child=3 2 -4 -5
leaf_value=-0.0038850975852380396 -0.0059204894626759333 -0.0021187261548493673 0.0057418565141708683 0.001025310488538981
leaf_weight=2.5649156197905585 2.8200139179825774 3.2213244363665625 10.922802403569216 2.4178761318325996
leaf_count=16 20 40 109 24
internal_value=-0.000621692 0.00162145 0.00381556 -0.00414549
internal_weight=21.9469 16.709 14.1441 5.23789
internal_count=209 165 149 44
is_linear=0
shrinkage=0.03


Tree=116
num_leaves=5
num_cat=0
split_feature=6 6 4 2
split_gain=0.352589 0.329071 0.326033 0.169917
threshold=-0.3765182186235127 -0.85304869341710476 0.066023593998785449 -0.49199573217246434
decision_type=2 2 2 2
left_child=1 -1 3 -2
right_child=2 -3 -4 -5
leaf_value=-0.002208840858576823 -0.0055611112240639572 0.0050839066165838378 0.0026065087801291622 0.00010525628953252154
leaf_weight=1.884391516447067 8.0614584162831289 4.6949288547039059 1.3154664635658271 5.9729826860129807
leaf_count=16 74 50 6 63
internal_value=-0.000651746 0.00292273 -0.00273242 -0.00410912
internal_weight=21.9292 6.57932 15.3499 14.0344
internal_count=209 66 143 137
is_linear=0
shrinkage=0.03


Tree=117
num_leaves=5
num_cat=0
split_feature=1 1 3 3
split_gain=0.350054 0.435437 0.509862 0.3297
threshold=0.041224399262750684 0.0024775047633731622 -0.039059436034713353 0.027633428395196755
decision_type=2 2 2 2
left_child=1 2 -1 -3
right_child=-2 3 -4 -5
leaf_value=-0.0062804667533310444 -0.0048152129066115334 0.0065992778018872586 0.001599564067650284 -0.0016800662685183577
leaf_weight=1.8883511200547243 2.0624714717268935 4.6593300513923159 11.895260542631151 1.4233277216553686
leaf_count=15 15 51 118 10
internal_value=-0.000631902 0.00126924 -0.00166676 0.0048219
internal_weight=21.9287 19.8663 13.7836 6.08266
internal_count=209 194 133 61
is_linear=0
shrinkage=0.03


Tree=118
num_leaves=5
num_cat=0
split_feature=4 4 1 1
split_gain=0.347513 0.517668 0.554896 0.499137
threshold=0.024424807073003877 -0.028657614528224736 0.042897459480365059 0.0024775047633731622
decision_type=2 2 2 2
left_child=1 3 -3 -1
right_child=-2 2 -4 -5
leaf_value=-0.0053958123166860834 -0.0035403541342294217 0.0074998502273612416 -0.0027090967442788528 0.0032200717202054288
leaf_weight=4.6849986165761948 8.8275019228458387 5.5324855409562606 0.99351531267166127 1.876465708017349
leaf_count=43 72 70 7 17
internal_value=-0.00065617 0.00198005 0.00524681 -0.00247529
internal_weight=21.915 13.0875 6.526 6.56146
internal_count=209 137 77 60
is_linear=0
shrinkage=0.03


Tree=119
num_leaves=5
num_cat=0
split_feature=1 2 5 4
split_gain=0.343229 0.43098 0.621726 0.422796
threshold=0.041224399262750684 -0.91948685017260734 0.51029032177824762 -0.028657614528224736
decision_type=2 2 2 2
left_child=1 2 -1 -3
right_child=-2 3 -4 -5
leaf_value=-0.0052907199217945124 -0.004782953938478776 -0.0020405852909104968 0.0036464649098127419 0.0062360855093084198
leaf_weight=7.2864512056112325 2.0655515044927588 2.4783413894474533 2.9553389623761177 7.1262729242444012
leaf_count=64 15 28 20 82
internal_value=-0.000645143 0.00124374 -0.00218442 0.00414891
internal_weight=21.912 19.8464 10.2418 9.60461
internal_count=209 194 84 110
is_linear=0
shrinkage=0.03


Tree=120
num_leaves=5
num_cat=0
split_feature=4 4 1 1
split_gain=0.345255 0.494674 0.543673 0.491475
threshold=0.024424807073003877 -0.028657614528224736 0.042897459480365059 0.0024775047633731622
decision_type=2 2 2 2
left_child=1 3 -3 -1
right_child=-2 2 -4 -5
leaf_value=-0.0053031441994780435 -0.0035226829868606805 0.0074067109767386443 -0.0026881722265393771 0.0032267030592427887
leaf_weight=4.6982286758720875 8.8277244791388494 5.5085155367851275 0.9959188625216483 1.8777937553822992
leaf_count=43 72 70 7 17
internal_value=-0.000646751 0.00197949 0.0051688 -0.00239024
internal_weight=21.9082 13.0805 6.50443 6.57602
internal_count=209 137 77 60
is_linear=0
shrinkage=0.03


Tree=121
num_leaves=5
num_cat=0
split_feature=6 3 5 6
split_gain=0.34178 0.505041 0.425664 0.220716
threshold=0.68044965786901324 -0.04659023865248297 -0.55088568771572188 0.80325166278210236
decision_type=2 2 2 2
left_child=1 -1 -3 -2
right_child=3 2 -4 -5
leaf_value=-0.003826814994754122 -0.0058565820040793358 -0.0020816797394891933 0.0056328992721505662 0.0010331561316295401
leaf_weight=2.5656520053744361 2.8217368684709063 3.2235015518963381 10.876913599669928 2.4172248169779778
leaf_count=16 20 40 109 24
internal_value=-0.000635592 0.00157444 0.0037373 -0.00408575
internal_weight=21.905 16.6661 14.1004 5.23896
internal_count=209 165 149 44
is_linear=0
shrinkage=0.03


Tree=122
num_leaves=5
num_cat=0
split_feature=6 3 4 6
split_gain=0.341095 0.33593 0.322958 0.170133
threshold=-0.3765182186235127 -0.024147835634751303 0.066023593998785449 0.92352533490301114
decision_type=2 2 2 2
left_child=1 -1 3 -2
right_child=2 -3 -4 -5
leaf_value=0.0052364213009996625 -0.0048655680087399946 -0.0020705691523483496 0.002600533307868253 0.0011263916934204298
leaf_weight=4.0066842548549175 12.747726481407875 2.5473249852657345 1.3137290179729468 1.2720477581024177
leaf_count=36 125 30 6 12
internal_value=-0.000664754 0.00286123 -0.00270638 -0.0040793
internal_weight=21.8875 6.55401 15.3335 14.0198
internal_count=209 66 143 137
is_linear=0
shrinkage=0.03


Tree=123
num_leaves=5
num_cat=0
split_feature=1 2 5 4
split_gain=0.340665 0.415228 0.611053 0.408899
threshold=0.041224399262750684 -0.91948685017260734 0.51029032177824762 -0.028657614528224736
decision_type=2 2 2 2
left_child=1 2 -1 -3
right_child=-2 3 -4 -5
leaf_value=-0.0052101746276364738 -0.0047499905950571693 -0.0019965971823966235 0.003640160623936007 0.0061542691429730904
leaf_weight=7.2925981357693708 2.0671620219945899 2.4822569154202965 2.9526324644684792 7.0999420359730694
leaf_count=64 15 28 20 82
internal_value=-0.000625532 0.0012528 -0.00212138 0.00410146
internal_weight=21.8946 19.8274 10.2452 9.5822
internal_count=209 194 84 110
is_linear=0
shrinkage=0.03


Tree=124
num_leaves=5
num_cat=0
split_feature=3 3 5 6
split_gain=0.340087 0.575253 0.524803 0.4939
threshold=0.019959292276891145 -0.04659023865248297 -0.55088568771572188 0.68044965786901324
decision_type=2 2 2 2
left_child=1 -1 -3 -2
right_child=3 2 -4 -5
leaf_value=-0.003790904680495942 0.0018735806401806467 -0.0020383747586893027 0.0070290336684592407 -0.006625618913127366
leaf_weight=2.5672194957733145 4.8606076799333078 3.2281289882957926 7.1160068251192596 4.118659108877182
leaf_count=16 42 40 82 29
internal_value=-0.000627091 0.00199482 0.00458831 -0.00346179
internal_weight=21.8906 12.9114 10.3441 8.97927
internal_count=209 138 122 71
is_linear=0
shrinkage=0.03


Tree=125
num_leaves=5
num_cat=0
split_feature=1 1 3 3
split_gain=0.336018 0.411189 0.494851 0.322768
threshold=0.041224399262750684 0.0024775047633731622 -0.039059436034713353 0.027633428395196755
decision_type=2 2 2 2
left_child=1 2 -1 -3
right_child=-2 3 -4 -5
leaf_value=-0.006167152205096664 -0.0047340051468299019 0.0064633056665708609 0.0015920222786910123 -0.0016873247753163916
leaf_weight=1.8956047967076326 2.0675340071320525 4.6178395003080359 11.871419638395311 1.4207354113459585
leaf_count=15 15 51 118 10
internal_value=-0.000641949 0.0012302 -0.00162167 0.00468926
internal_weight=21.8731 19.8056 13.767 6.03857
internal_count=209 194 133 61
is_linear=0
shrinkage=0.03


Tree=126
num_leaves=5
num_cat=0
split_feature=4 4 1 1
split_gain=0.333707 0.467112 0.529357 0.479814
threshold=0.024424807073003877 -0.028657614528224736 0.042897459480365059 0.0024775047633731622
decision_type=2 2 2 2
left_child=1 3 -3 -1
right_child=-2 2 -4 -5
leaf_value=-0.0052056731847737112 -0.0034868276464850587 0.0072588730376045834 -0.0026734427461553027 0.0032108228528124586
leaf_weight=4.7053112760186195 8.8202283941209298 5.4633319377899188 0.99725635349750508 1.8732794933021066
leaf_count=43 72 70 7 17
internal_value=-0.000665584 0.00192792 0.00503298 -0.00231793
internal_weight=21.8594 13.0392 6.46059 6.57859
internal_count=209 137 77 60
is_linear=0
shrinkage=0.03


Tree=127
num_leaves=5
num_cat=0
split_feature=1 1 3 3
split_gain=0.329541 0.398283 0.489862 0.316932
threshold=0.041224399262750684 0.0024775047633731622 -0.039059436034713353 0.027633428395196755
decision_type=2 2 2 2
left_child=1 2 -1 -3
right_child=-2 3 -4 -5
leaf_value=-0.006122343730970147 -0.0047022213519324514 0.006379410100651091 0.0015941150546084847 -0.0016813833252858545
leaf_weight=1.8991400785744215 2.0704496130347243 4.596104383468627 11.869413472712042 1.421044275164604
leaf_count=15 15 51 118 10
internal_value=-0.000654028 0.00120605 -0.00159826 0.00461452
internal_weight=21.8562 19.7857 13.7686 6.01715
internal_count=209 194 133 61
is_linear=0
shrinkage=0.03


Tree=128
num_leaves=5
num_cat=0
split_feature=6 3 4 6
split_gain=0.329043 0.336414 0.318952 0.169726
threshold=-0.3765182186235127 -0.024147835634751303 0.066023593998785449 0.92352533490301114
decision_type=2 2 2 2
left_child=1 -1 3 -2
right_child=2 -3 -4 -5
leaf_value=0.0051886511065183626 -0.0048327190780200931 -0.0021024290756051006 0.0025902683191896194 0.0011336896329022445
leaf_weight=3.9881746917963028 12.733003556728358 2.5390491187572506 1.3114927411079413 1.2707360200583941
leaf_count=36 125 30 6 12
internal_value=-0.000677322 0.00279643 -0.00267763 -0.00404457
internal_weight=21.8425 6.52722 15.3152 14.0037
internal_count=209 66 143 137
is_linear=0
shrinkage=0.03


Tree=129
num_leaves=5
num_cat=0
split_feature=1 2 5 4
split_gain=0.325882 0.398872 0.60489 0.39482
threshold=0.041224399262750684 -0.91948685017260734 0.51029032177824762 -0.028657614528224736
decision_type=2 2 2 2
left_child=1 2 -1 -3
right_child=-2 3 -4 -5
leaf_value=-0.0051704448238290438 -0.0046648866341231325 -0.0019695200081759571 0.0036327092803162568 0.0060328672773609223
leaf_weight=7.2845669873058831 2.0739334449172011 2.4832494743168381 2.9488405250012875 7.0588615201413605
leaf_count=64 15 28 20 82
internal_value=-0.000638165 0.00120899 -0.00209206 0.00400816
internal_weight=21.8495 19.7755 10.2334 9.54211
internal_count=209 194 84 110
is_linear=0
shrinkage=0.03


Tree=130
num_leaves=5
num_cat=0
split_feature=4 4 1 1
split_gain=0.329038 0.448491 0.514738 0.468195
threshold=0.024424807073003877 -0.028657614528224736 0.042897459480365059 0.0024775047633731622
decision_type=2 2 2 2
left_child=1 3 -3 -1
right_child=-2 2 -4 -5
leaf_value=-0.0051068007657293088 -0.0034439744165004125 0.0071677831812355887 -0.0026314131308790632 0.0031949449613195317
leaf_weight=4.7150602824985981 8.8223694339394552 5.4362760335207003 1.0020051673054693 1.8697396740317342
leaf_count=43 72 70 7 17
internal_value=-0.000639162 0.00193151 0.00496968 -0.00224445
internal_weight=21.8455 13.0231 6.43828 6.5848
internal_count=209 137 77 60
is_linear=0
shrinkage=0.03


Tree=131
num_leaves=5
num_cat=0
split_feature=6 3 5 6
split_gain=0.325529 0.478489 0.398123 0.215788
threshold=0.68044965786901324 -0.04659023865248297 -0.55088568771572188 0.80325166278210236
decision_type=2 2 2 2
left_child=1 -1 -3 -2
right_child=3 2 -4 -5
leaf_value=-0.0037216548581181768 -0.0057478884463645795 -0.0019967974287827318 0.0054797765923612638 0.0010377707120869757
leaf_weight=2.5663335472345397 2.8236473686993113 3.2303758487105414 10.808553323149676 2.4130670502781868
leaf_count=16 20 40 109 24
internal_value=-0.000627684 0.00153505 0.00364442 -0.00399213
internal_weight=21.842 16.6053 14.0389 5.23671
internal_count=209 165 149 44
is_linear=0
shrinkage=0.03


Tree=132
num_leaves=5
num_cat=0
split_feature=3 3 5 6
split_gain=0.32443 0.544924 0.496482 0.472159
threshold=0.019959292276891145 -0.04659023865248297 -0.55088568771572188 0.68044965786901324
decision_type=2 2 2 2
left_child=1 -1 -3 -2
right_child=3 2 -4 -5
leaf_value=-0.0036980515957443375 0.0018204338342325574 -0.001981858627514372 0.0068407964900689634 -0.0065012210205184252
leaf_weight=2.5690178871154776 4.8499912656843644 3.2324317507445803 7.0489122793078449 4.1242953948676586
leaf_count=16 42 40 82 29
internal_value=-0.000655759 0.00192218 0.00445746 -0.00341471
internal_weight=21.8246 12.8504 10.2813 8.97429
internal_count=209 138 122 71
is_linear=0
shrinkage=0.03


Tree=133
num_leaves=5
num_cat=0
split_feature=1 1 3 3
split_gain=0.320112 0.383123 0.477146 0.31057
threshold=0.041224399262750684 0.0024775047633731622 -0.039059436034713353 0.027633428395196755
decision_type=2 2 2 2
left_child=1 2 -1 -3
right_child=-2 3 -4 -5
leaf_value=-0.0060375390325015247 -0.0046536210210932393 0.0062787924540255204 0.0015779457105304677 -0.0016784794114792162
leaf_weight=1.9039412327110792 2.0721552632749072 4.5646683387458316 11.846747428178789 1.4198324531316755
leaf_count=15 15 51 118 10
internal_value=-0.000669537 0.00117312 -0.00157459 0.00452192
internal_weight=21.8073 19.7352 13.7507 5.9845
internal_count=209 194 133 61
is_linear=0
shrinkage=0.03


Tree=134
num_leaves=5
num_cat=0
split_feature=6 3 4 6
split_gain=0.317822 0.338078 0.314701 0.168917
threshold=-0.3765182186235127 -0.024147835634751303 0.066023593998785449 0.92352533490301114
decision_type=2 2 2 2
left_child=1 -1 3 -2
right_child=2 -3 -4 -5
leaf_value=0.0051470625773524714 -0.0048011941642624482 -0.0021401391977183592 0.0025767093495019451 0.0011375393216386321
leaf_weight=3.9710808657109737 12.715574678033585 2.5294844023883369 1.3082036674022681 1.2693992219865329
leaf_count=36 125 30 6 12
internal_value=-0.000692254 0.00273295 -0.00265307 -0.00401262
internal_weight=21.7937 6.50057 15.2932 13.985
internal_count=209 66 143 137
is_linear=0
shrinkage=0.03


Tree=135
num_leaves=5
num_cat=0
split_feature=1 2 5 4
split_gain=0.316609 0.381652 0.595677 0.381523
threshold=0.041224399262750684 -0.91948685017260734 0.51029032177824762 -0.028657614528224736
decision_type=2 2 2 2
left_child=1 2 -1 -3
right_child=-2 3 -4 -5
leaf_value=-0.0051115704969859127 -0.0046165442329867586 -0.0019431446171493815 0.0036203529099447735 0.0059171589145252052
leaf_weight=7.279441505670551 2.0755369178950778 2.48397118598223 2.9434858523309231 7.0182205215096447
leaf_count=64 15 28 20 82
internal_value=-0.000653162 0.00117666 -0.0020504 0.00391963
internal_weight=21.8007 19.7251 10.2229 9.50219
internal_count=209 194 84 110
is_linear=0
shrinkage=0.03


Tree=136
num_leaves=5
num_cat=0
split_feature=4 4 1 1
split_gain=0.318367 0.423342 0.501329 0.457126
threshold=0.024424807073003877 -0.028657614528224736 0.042897459480365059 0.0024775047633731622
decision_type=2 2 2 2
left_child=1 3 -3 -1
right_child=-2 2 -4 -5
leaf_value=-0.0050121404818839962 -0.0034074526904035 0.0070274497721291686 -0.0026166371596565929 0.0031797957840861437
leaf_weight=4.7210878282785416 8.8143536746501905 5.3925322145223635 1.0033029690384863 1.8653293289244173
leaf_count=43 72 70 7 17
internal_value=-0.000653694 0.0018851 0.00484139 -0.00217376
internal_weight=21.7966 12.9823 6.39584 6.58642
internal_count=209 137 77 60
is_linear=0
shrinkage=0.03


Tree=137
num_leaves=5
num_cat=0
split_feature=3 3 5 6
split_gain=0.314091 0.53015 0.480141 0.462778
threshold=0.019959292276891145 -0.04659023865248297 -0.55088568771572188 0.68044965786901324
decision_type=2 2 2 2
left_child=1 -1 -3 -2
right_child=3 2 -4 -5
leaf_value=-0.003646311429362236 0.0018146992000026892 -0.0019401726923064702 0.0067466244209163717 -0.0064146000578293779
leaf_weight=2.5688765421509734 4.8473718129098398 3.2355658747255793 7.0133683197200325 4.1278596892952919
leaf_count=16 42 40 82 29
internal_value=-0.000641888 0.00189648 0.00440041 -0.00335601
internal_weight=21.793 12.8178 10.2489 8.97523
internal_count=209 138 122 71
is_linear=0
shrinkage=0.03


Tree=138
num_leaves=5
num_cat=0
split_feature=1 1 3 3
split_gain=0.313026 0.367535 0.470936 0.303217
threshold=0.041224399262750684 0.0024775047633731622 -0.039059436034713353 0.027633428395196755
decision_type=2 2 2 2
left_child=1 2 -1 -3
right_child=-2 3 -4 -5
leaf_value=-0.0059679246889286263 -0.0045945927596530139 0.006189668428525431 0.0015913053202331379 -0.0016642589199189189
leaf_weight=1.9073657281696821 2.0758228302001944 4.537147916853427 11.835494197905065 1.419919718056917
leaf_count=15 15 51 118 10
internal_value=-0.000655355 0.00116698 -0.00152953 0.00444784
internal_weight=21.7758 19.6999 13.7429 5.95707
internal_count=209 194 133 61
is_linear=0
shrinkage=0.03


Tree=139
num_leaves=5
num_cat=0
split_feature=1 2 5 4
split_gain=0.306479 0.363958 0.587934 0.368762
threshold=0.041224399262750684 -0.91948685017260734 0.51029032177824762 -0.028657614528224736
decision_type=2 2 2 2
left_child=1 2 -1 -3
right_child=-2 3 -4 -5
leaf_value=-0.0050587698857724721 -0.0045699058397213341 -0.0019228123226837481 0.0036115329616572159 0.0057921873737962187
leaf_weight=7.278670988976959 2.0784069970250121 2.485432997345927 2.9403592124581337 6.9792470857501003
leaf_count=64 15 28 20 82
internal_value=-0.000677903 0.00113414 -0.00201168 0.00381922
internal_weight=21.7621 19.6837 10.219 9.46468
internal_count=209 194 84 110
is_linear=0
shrinkage=0.03


Tree=140
num_leaves=5
num_cat=0
split_feature=4 4 1 1
split_gain=0.311843 0.40043 0.487701 0.446745
threshold=0.024424807073003877 -0.028657614528224736 0.042897459480365059 0.0024775047633731622
decision_type=2 2 2 2
left_child=1 3 -3 -1
right_child=-2 2 -4 -5
leaf_value=-0.0049202793766071496 -0.003397327956573719 0.0068946023414899688 -0.002596418407531614 0.0031664097973211911
leaf_weight=4.7307959832251072 8.8062114901840669 5.3535034470260161 1.0052321404218671 1.862334720790386
leaf_count=43 72 70 7 17
internal_value=-0.000677855 0.00184575 0.00472421 -0.0021044
internal_weight=21.7581 12.9519 6.35874 6.59313
internal_count=209 137 77 60
is_linear=0
shrinkage=0.03


Tree=141
num_leaves=5
num_cat=0
split_feature=6 3 4 6
split_gain=0.307696 0.339735 0.310467 0.167584
threshold=-0.3765182186235127 -0.024147835634751303 0.066023593998785449 0.92352533490301114
decision_type=2 2 2 2
left_child=1 -1 3 -2
right_child=2 -3 -4 -5
leaf_value=0.0051311268400100699 -0.0047449132256298567 -0.0021632732525721189 0.0025765076409075432 0.0011450410460005526
leaf_weight=3.9588680230081081 12.699143104255194 2.5218406431376961 1.3067775368690497 1.2678780443966395
leaf_count=36 125 30 6 12
internal_value=-0.000665566 0.00270234 -0.00259839 -0.00395557
internal_weight=21.7545 6.48071 15.2738 13.967
internal_count=209 66 143 137
is_linear=0
shrinkage=0.03


Tree=142
num_leaves=5
num_cat=0
split_feature=1 1 3 3
split_gain=0.306533 0.354124 0.467716 0.298212
threshold=0.041224399262750684 0.0024775047633731622 -0.039059436034713353 0.027633428395196755
decision_type=2 2 2 2
left_child=1 2 -1 -3
right_child=-2 3 -4 -5
leaf_value=-0.0059124835393336338 -0.0045271113010000412 0.0061234273100095517 0.0016129676625024857 -0.0016563315725742884
leaf_weight=1.9096370153129125 2.0816740170121184 4.5172093100845805 11.832699794322254 1.4199341423809526
leaf_count=15 15 51 118 10
internal_value=-0.000627033 0.00117185 -0.00148259 0.00439099
internal_weight=21.7612 19.6795 13.7423 5.93714
internal_count=209 194 133 61
is_linear=0
shrinkage=0.03


Tree=143
num_leaves=5
num_cat=0
split_feature=3 3 5 6
split_gain=0.303388 0.510573 0.464421 0.452586
threshold=0.019959292276891145 -0.04659023865248297 -0.55088568771572188 0.68044965786901324
decision_type=2 2 2 2
left_child=1 -1 -3 -2
right_child=3 2 -4 -5
leaf_value=-0.0035813138354606391 0.0017988523056130629 -0.0019112354573889764 0.0066312831209313691 -0.0063371677454376477
leaf_weight=2.5681902468204489 4.8427703902125341 3.236500594764947 6.9696802161633995 4.1302828043699265
leaf_count=16 42 40 82 29
internal_value=-0.000649627 0.00185393 0.00431713 -0.00331238
internal_weight=21.7474 12.7744 10.2062 8.97305
internal_count=209 138 122 71
is_linear=0
shrinkage=0.03


Tree=144
num_leaves=5
num_cat=0
split_feature=1 2 5 4
split_gain=0.299805 0.349244 0.580984 0.357181
threshold=0.041224399262750684 -0.91948685017260734 0.51029032177824762 -0.028657614528224736
decision_type=2 2 2 2
left_child=1 2 -1 -3
right_child=-2 3 -4 -5
leaf_value=-0.0049971213365573742 -0.0045116995838398654 -0.0018910227718695544 0.003613774007013518 0.0057044195147356817
leaf_weight=7.2758891880512273 2.0817849785089484 2.4871219173073795 2.9380945190787315 6.9473562836647007
leaf_count=64 15 28 20 82
internal_value=-0.000662533 0.00112947 -0.00195777 0.00375937
internal_weight=21.7302 19.6485 10.214 9.43448
internal_count=209 194 84 110
is_linear=0
shrinkage=0.03


Tree=145
num_leaves=5
num_cat=0
split_feature=4 4 1 1
split_gain=0.302809 0.381307 0.474548 0.436176
threshold=0.024424807073003877 -0.028657614528224736 0.042897459480365059 0.0024775047633731622
decision_type=2 2 2 2
left_child=1 3 -3 -1
right_child=-2 2 -4 -5
leaf_value=-0.0048299422045384819 -0.0033424140365974873 0.0067845866794527844 -0.0025680683256311997 0.0031504199855573681
leaf_weight=4.7370263189077377 8.804458584636448 5.3183660358190554 1.0080452635884283 1.858193054795265
leaf_count=43 72 70 7 17
internal_value=-0.000662345 0.00182529 0.00463417 -0.00203798
internal_weight=21.7261 12.9216 6.32641 6.59522
internal_count=209 137 77 60
is_linear=0
shrinkage=0.03


Tree=146
num_leaves=5
num_cat=0
split_feature=3 3 5 6
split_gain=0.297296 0.499153 0.449305 0.441121
threshold=0.019959292276891145 -0.04659023865248297 -0.55088568771572188 0.68044965786901324
decision_type=2 2 2 2
left_child=1 -1 -3 -2
right_child=3 2 -4 -5
leaf_value=-0.0035403165528166548 0.0017706675718366482 -0.0018678327460327432 0.0065474233470319571 -0.0062671517895127784
leaf_weight=2.5704413577914229 4.8370793312787992 3.2412878088653079 6.9404523223638561 4.133085273206234
leaf_count=16 42 40 82 29
internal_value=-0.000650084 0.00183193 0.00427039 -0.00328424
internal_weight=21.7223 12.7522 10.1817 8.97016
internal_count=209 138 122 71
is_linear=0
shrinkage=0.03


Tree=147
num_leaves=5
num_cat=0
split_feature=1 1 3 3
split_gain=0.296625 0.340673 0.453867 0.290009
threshold=0.041224399262750684 0.0024775047633731622 -0.039059436034713353 0.027633428395196755
decision_type=2 2 2 2
left_child=1 2 -1 -3
right_child=-2 3 -4 -5
leaf_value=-0.0058321283628028926 -0.0044900929312841282 0.0060064711503497971 0.0015838375847998694 -0.0016461423495013989
leaf_weight=1.9146920666098619 2.0818967446684828 4.4821587279438964 11.807473849505188 1.4190038926899431
leaf_count=15 15 51 118 10
internal_value=-0.000662604 0.00112212 -0.00147324 0.00428833
internal_weight=21.7052 19.6233 13.7222 5.90116
internal_count=209 194 133 61
is_linear=0
shrinkage=0.03


Tree=148
num_leaves=5
num_cat=0
split_feature=6 3 4 6
split_gain=0.29454 0.341823 0.307095 0.168879
threshold=-0.3765182186235127 -0.024147835634751303 0.066023593998785449 0.92352533490301114
decision_type=2 2 2 2
left_child=1 -1 3 -2
right_child=2 -3 -4 -5
leaf_value=0.005081056217684744 -0.0047198573969964783 -0.0022102460470568835 0.002569802974077533 0.0011635381441666003
leaf_weight=3.937563382089138 12.673630889505143 2.5097503103315857 1.3043835461139686 1.2663590162992484
leaf_count=36 125 30 6 12
internal_value=-0.000684391 0.00262462 -0.00256918 -0.00392262
internal_weight=21.6917 6.44731 15.2444 13.94
internal_count=209 66 143 137
is_linear=0
shrinkage=0.03


Tree=149
num_leaves=5
num_cat=0
split_feature=1 2 5 4
split_gain=0.293424 0.335126 0.574051 0.346037
threshold=0.041224399262750684 -0.91948685017260734 0.51029032177824762 -0.028657614528224736
decision_type=2 2 2 2
left_child=1 2 -1 -3
right_child=-2 3 -4 -5
leaf_value=-0.0049356917680426536 -0.0044539312339795627 -0.0018596142129839127 0.0036158808672105323 0.0056193455043912289
leaf_weight=7.2727943472564256 2.0849670693278304 2.4886924289166954 2.9357852712273598 6.9160547740757439
leaf_count=64 15 28 20 82
internal_value=-0.000645825 0.00112632 -0.00190409 0.00370183
internal_weight=21.6983 19.6133 10.2086 9.40475
internal_count=209 194 84 110
is_linear=0
shrinkage=0.03


Tree=150
num_leaves=5
num_cat=0
split_feature=4 4 1 1
split_gain=0.294191 0.363045 0.461803 0.425889
threshold=0.024424807073003877 -0.028657614528224736 0.042897459480365059 0.0024775047633731622
decision_type=2 2 2 2
left_child=1 3 -3 -1
right_child=-2 2 -4 -5
leaf_value=-0.004740919305668034 -0.0032878278948676835 0.0066775600077638936 -0.0025398302620931136 0.0031348633439358194
leaf_weight=4.7428233027458191 8.8023987933993322 5.2838771417737025 1.0108016580343244 1.8541193120181558
leaf_count=43 72 70 7 17
internal_value=-0.000645519 0.00180677 0.00454709 -0.00197226
internal_weight=21.694 12.8916 6.29468 6.59694
internal_count=209 137 77 60
is_linear=0
shrinkage=0.03


Tree=151
num_leaves=5
num_cat=0
split_feature=1 1 3 3
split_gain=0.290607 0.328234 0.450827 0.285288
threshold=0.041224399262750684 0.0024775047633731622 -0.039059436034713353 0.027633428395196755
decision_type=2 2 2 2
left_child=1 2 -1 -3
right_child=-2 3 -4 -5
leaf_value=-0.0057781227105707413 -0.0044239252865561742 0.005943534791385088 0.0016053996073833888 -0.0016382080939214259
leaf_weight=1.9165124110877538 2.0873549357056609 4.4629347138106814 11.804342120885851 1.4189672358334062
leaf_count=15 15 51 118 10
internal_value=-0.000633309 0.00112841 -0.00142703 0.00423465
internal_weight=21.6901 19.6028 13.7209 5.8819
internal_count=209 194 133 61
is_linear=0
shrinkage=0.03


Tree=152
num_leaves=5
num_cat=0
split_feature=6 3 5 6
split_gain=0.287731 0.414944 0.341557 0.210585
threshold=0.68044965786901324 -0.04659023865248297 -0.55088568771572188 0.80325166278210236
decision_type=2 2 2 2
left_child=1 -1 -3 -2
right_child=3 2 -4 -5
leaf_value=-0.0034765724904322125 -0.0055551606029275759 -0.0018397201765995757 0.0050970703949595499 0.0010724044381258992
leaf_weight=2.569135464727883 2.819721706211566 3.2419123798608824 10.643414743244643 2.4022976160049438
leaf_count=16 20 40 109 24
internal_value=-0.000655165 0.00140475 0.00338532 -0.00380471
internal_weight=21.6765 16.4545 13.8853 5.22202
internal_count=209 165 149 44
is_linear=0
shrinkage=0.03


Tree=153
num_leaves=5
num_cat=0
split_feature=3 3 5 6
split_gain=0.287772 0.474419 0.428583 0.420974
threshold=0.019959292276891145 -0.04659023865248297 -0.55088568771572188 0.68044965786901324
decision_type=2 2 2 2
left_child=1 -1 -3 -2
right_child=3 2 -4 -5
leaf_value=-0.0034546065372699345 0.0017066178169795792 -0.0018259509757492282 0.0063935936109228092 -0.0061672455907395398
leaf_weight=2.5714567750692359 4.824284613132475 3.2437502145767203 6.8845053687691715 4.1358710378408432
leaf_count=16 42 40 82 29
internal_value=-0.000680332 0.00177715 0.00416182 -0.00326369
internal_weight=21.6599 12.6997 10.1283 8.96016
internal_count=209 138 122 71
is_linear=0
shrinkage=0.03


Tree=154
num_leaves=5
num_cat=0
split_feature=6 3 4 6
split_gain=0.284592 0.342977 0.302697 0.167867
threshold=-0.3765182186235127 -0.024147835634751303 0.066023593998785449 0.92352533490301114
decision_type=2 2 2 2
left_child=1 -1 3 -2
right_child=2 -3 -4 -5
leaf_value=0.0050444881754125948 -0.0046845540215254416 -0.0022422159034819235 0.0025564665073889666 0.0011671829814857543
leaf_weight=3.9211765117943287 12.655101664364333 2.5008642002940205 1.3009900599718101 1.2648376449942595
leaf_count=36 125 30 6 12
internal_value=-0.000691931 0.00256945 -0.00254116 -0.00388717
internal_weight=21.643 6.42204 15.2209 13.9199
internal_count=209 66 143 137
is_linear=0
shrinkage=0.03


Tree=155
num_leaves=5
num_cat=0
split_feature=1 1 3 3
split_gain=0.285635 0.321755 0.440837 0.279912
threshold=0.041224399262750684 0.0024775047633731622 -0.039059436034713353 0.027633428395196755
decision_type=2 2 2 2
left_child=1 2 -1 -3
right_child=-2 3 -4 -5
leaf_value=-0.0057227301449899546 -0.0044066915051586423 0.0058788281242387851 0.0015815664387544102 -0.0016262327614329167
leaf_weight=1.9188600853085542 2.0858883969485751 4.441909182816743 11.783678311854603 1.4191316105425356
leaf_count=15 15 51 118 10
internal_value=-0.000653519 0.00110187 -0.00142415 0.00418203
internal_weight=21.6495 19.5636 13.7025 5.86104
internal_count=209 194 133 61
is_linear=0
shrinkage=0.03


Tree=156
num_leaves=5
num_cat=0
split_feature=1 2 5 4
split_gain=0.279646 0.321445 0.416131 0.363328
threshold=0.041224399262750684 -0.76004378426692998 0.51029032177824762 -0.028657614528224736
decision_type=2 2 2 2
left_child=1 2 -1 -3
right_child=-2 3 -4 -5
leaf_value=-0.0041983894687903697 -0.0043830175629480496 -0.0020123963553759579 0.0029490940164313365 0.0058179151006792548
leaf_weight=8.1796468012034911 2.0882180072367182 2.0345581099390984 3.414467193186284 5.9190812185406694
leaf_count=74 15 24 24 72
internal_value=-0.000674865 0.00107057 -0.00170253 0.00380968
internal_weight=21.636 19.5478 11.5941 7.95364
internal_count=209 194 98 96
is_linear=0
shrinkage=0.03


Tree=157
num_leaves=5
num_cat=0
split_feature=4 4 1 4
split_gain=0.284381 0.342145 0.446313 0.424791
threshold=0.024424807073003877 -0.028657614528224736 0.042897459480365059 -0.048055306236855659
decision_type=2 2 2 2
left_child=1 3 -3 -1
right_child=-2 2 -4 -5
leaf_value=0.0030834915006294713 -0.0032625783628564714 0.0065292001070752044 -0.0025122873744471983 -0.0047560476990417475
leaf_weight=2.0815982967615128 8.7900119759142381 5.2360200211405772 1.0133591592311857 4.5110507197678089
leaf_count=16 72 70 7 44
internal_value=-0.000671956 0.00175328 0.00441926 -0.00191421
internal_weight=21.632 12.842 6.24938 6.59265
internal_count=209 137 77 60
is_linear=0
shrinkage=0.03


Tree=158
num_leaves=5
num_cat=0
split_feature=3 3 5 6
split_gain=0.277898 0.464434 0.4142 0.413207
threshold=0.019959292276891145 -0.04659023865248297 -0.55088568771572188 0.68044965786901324
decision_type=2 2 2 2
left_child=1 -1 -3 -2
right_child=3 2 -4 -5
leaf_value=-0.0034198857686799549 0.0017072891869378507 -0.0017827179570611023 0.0063121164840802668 -0.0060808224328570302
leaf_weight=2.569207936525344 4.8225321136414987 3.2466295994818202 6.8528148531913784 4.1384925246238708
leaf_count=16 42 40 82 29
internal_value=-0.000660476 0.0017547 0.00411762 -0.00319958
internal_weight=21.6297 12.6687 10.0994 8.96102
internal_count=209 138 122 71
is_linear=0
shrinkage=0.03


Tree=159
num_leaves=5
num_cat=0
split_feature=1 1 3 3
split_gain=0.275955 0.313641 0.431899 0.275043
threshold=0.041224399262750684 0.0024775047633731622 -0.039059436034713353 0.027633428395196755
decision_type=2 2 2 2
left_child=1 2 -1 -3
right_child=-2 3 -4 -5
leaf_value=-0.0056737869310400256 -0.0043544695647607986 0.0058010271725825839 0.0015589561986134976 -0.0016226077779853915
leaf_weight=1.9216206222772623 2.0893441140651694 4.417743530124425 11.765963621437551 1.4181206971406934
leaf_count=15 15 51 118 10
internal_value=-0.0006719 0.00106363 -0.00142305 0.00411159
internal_weight=21.6128 19.5234 13.6876 5.83586
internal_count=209 194 133 61
is_linear=0
shrinkage=0.03


end of trees

feature_importances:
Column_3=213
Column_6=142
Column_1=93
Column_4=81
Column_5=71
Column_2=40

parameters:
[boosting: gbdt]
[objective: binary]
[metric: binary_logloss]
[tree_learner: serial]
[device_type: cpu]
[data_sample_strategy: bagging]
[data: ]
[valid: ]
[num_iterations: 160]
[learning_rate: 0.03]
[num_leaves: 5]
[num_threads: 4]
[seed: 20260725]
[deterministic: 1]
[force_col_wise: 1]
[force_row_wise: 0]
[histogram_pool_size: -1]
[max_depth: 3]
[min_data_in_leaf: 12]
[min_sum_hessian_in_leaf: 0.001]
[bagging_fraction: 1]
[pos_bagging_fraction: 1]
[neg_bagging_fraction: 1]
[bagging_freq: 0]
[bagging_seed: 21817]
[bagging_by_query: 0]
[feature_fraction: 1]
[feature_fraction_bynode: 1]
[feature_fraction_seed: 22070]
[extra_trees: 0]
[extra_seed: 28444]
[early_stopping_round: 0]
[early_stopping_min_delta: 0]
[first_metric_only: 0]
[max_delta_step: 0]
[lambda_l1: 0]
[lambda_l2: 10]
[linear_lambda: 0]
[min_gain_to_split: 0]
[drop_rate: 0.1]
[max_drop: 50]
[skip_drop: 0.5]
[xgboost_dart_mode: 0]
[uniform_drop: 0]
[drop_seed: 12683]
[top_rate: 0.2]
[other_rate: 0.1]
[min_data_per_group: 100]
[max_cat_threshold: 32]
[cat_l2: 10]
[cat_smooth: 10]
[max_cat_to_onehot: 4]
[top_k: 20]
[monotone_constraints: ]
[monotone_constraints_method: basic]
[monotone_penalty: 0]
[feature_contri: ]
[forcedsplits_filename: ]
[refit_decay_rate: 0.9]
[cegb_tradeoff: 1]
[cegb_penalty_split: 0]
[cegb_penalty_feature_lazy: ]
[cegb_penalty_feature_coupled: ]
[path_smooth: 0]
[interaction_constraints: ]
[verbosity: -1]
[saved_feature_importance_type: 0]
[use_quantized_grad: 0]
[num_grad_quant_bins: 4]
[quant_train_renew_leaf: 0]
[stochastic_rounding: 1]
[linear_tree: 0]
[max_bin: 31]
[max_bin_by_feature: ]
[min_data_in_bin: 3]
[bin_construct_sample_cnt: 200000]
[data_random_seed: 4449]
[is_enable_sparse: 1]
[enable_bundle: 1]
[use_missing: 1]
[zero_as_missing: 0]
[feature_pre_filter: 1]
[pre_partition: 0]
[two_round: 0]
[header: 0]
[label_column: ]
[weight_column: ]
[group_column: ]
[ignore_column: ]
[categorical_feature: ]
[forcedbins_filename: ]
[precise_float_parser: 0]
[parser_config_file: ]
[objective_seed: 26564]
[num_class: 1]
[is_unbalance: 0]
[scale_pos_weight: 1]
[sigmoid: 1]
[boost_from_average: 1]
[reg_sqrt: 0]
[alpha: 0.9]
[fair_c: 1]
[poisson_max_delta_step: 0.7]
[tweedie_variance_power: 1.5]
[lambdarank_truncation_level: 30]
[lambdarank_norm: 1]
[label_gain: ]
[lambdarank_position_bias_regularization: 0]
[eval_at: ]
[multi_error_top_k: 1]
[auc_mu_weights: ]
[num_machines: 1]
[local_listen_port: 12400]
[time_out: 120]
[machine_list_filename: ]
[machines: ]
[gpu_platform_id: -1]
[gpu_device_id: -1]
[gpu_device_id_list: ]
[gpu_use_dp: 0]
[num_gpu: 1]

end of parameters

pandas_categorical:null
