tree
version=v4
num_class=1
num_tree_per_iteration=1
label_index=0
max_feature_idx=18
objective=binary sigmoid:1
feature_names=Column_0 Column_1 Column_2 Column_3 Column_4 Column_5 Column_6 Column_7 Column_8 Column_9 Column_10 Column_11 Column_12 Column_13 Column_14 Column_15 Column_16 Column_17 Column_18
feature_infos=[-1:1] [0:0.049724579425338811] [-6.5644750209736094:3.5533095058261588] [-0.1594845880090473:0.12089014455228318] [-0.13498430415068019:0.15578744757213814] [-0.93675889328063244:0.93193443992065905] [-1:1] [0:1] [0:1] [0:0.76897470039946803] [0:0.64259485924112592] [-0.75784916777075229:0.91581793543725698] [-1.6584505911716183:1.3021443071567942] [7.1927892746015409e-05:0.9677204418031331] [-3.3938033244962891:3.1371353158049651] [-1.450862322171024:1.661272285901422] [-0.62818084384598238:1.4691283195050333] [0.16666666666666666:0.77777777777777779] [0:1]
tree_sizes=653 678 678 678 676 678 677 678 679 680 678 679 676 681 676 684 682 680 679 679 682 679 682 682 682 684 684 679 684 682 684 684 683 687 687 684 683 686 687 681 683 683 683 686 680 684 686 687 684 684 680 687 688 684 687 684 687 682 684 682 685 684 688 682 684 682 681 681 681 685 686 683 684 687 685 681 684 684 686 685 683 678 683 686 686 684 688 683 686 687 685 685 686 686 685 685 683 686 686 686 686 687 684 689 684 689 686 687 687 682 688 685 683 684 686 687 684 687 678 687 684 688 678 688 683 683 687 684 687 684 684 683 686 684 683 689 688 686 684 686 685 686 688 685 683 681 687 686 687 687 688 687 683 685 685 684 684 683 682 686

Tree=0
num_leaves=5
num_cat=0
split_feature=14 12 17 4
split_gain=1.96239 1.36808 1.46605 1.28333
threshold=1.1569951108808854 -0.71173074822458793 0.58333333333333348 0.024424807073003877
decision_type=2 2 2 2
left_child=1 -1 -3 -2
right_child=3 2 -4 -5
leaf_value=0.7034446519922104 0.71142642841923687 0.71965749658337264 0.70416993134429795 0.69602545634670387
leaf_weight=3.7076632305979773 1.6253275275230397 9.9362425953149778 2.4140351936221132 5.0934299901127815
leaf_count=32 17 96 26 38
internal_value=0.707746 0.712893 0.716385 0.699724
internal_weight=22.7767 16.0579 12.3503 6.71876
internal_count=209 154 122 55
is_linear=0
shrinkage=1


Tree=1
num_leaves=5
num_cat=0
split_feature=14 12 17 4
split_gain=1.90161 1.33476 1.43656 1.26227
threshold=1.1569951108808854 -0.71173074822458793 0.58333333333333348 0.024424807073003877
decision_type=2 2 2 2
left_child=1 -1 -3 -2
right_child=3 2 -4 -5
leaf_value=-0.0042647177241636729 0.0036656623189965563 0.01175762976471699 -0.0035543364382414361 -0.011586149737376287
leaf_weight=3.7130713462829634 1.6232912465929974 9.8957958668470365 2.4169636219739923 5.1136005744338036
leaf_count=32 17 96 26 38
internal_value=-3.63346e-05 0.00504541 0.00850604 -0.00791673
internal_weight=22.7627 16.0258 12.3128 6.73689
internal_count=209 154 122 55
is_linear=0
shrinkage=0.03


Tree=2
num_leaves=5
num_cat=0
split_feature=14 12 17 4
split_gain=1.84261 1.30227 1.40772 1.24157
threshold=1.1569951108808854 -0.71173074822458793 0.58333333333333348 0.024424807073003877
decision_type=2 2 2 2
left_child=1 -1 -3 -2
right_child=3 2 -4 -5
leaf_value=-0.0042284038469383445 0.003650953031066325 0.011606094182531113 -0.0035327428278319997 -0.011453381649222449
leaf_weight=3.7184109091758737 1.6212560757994641 9.8554294854402524 2.4198641963303098 5.1333107985556126
leaf_count=32 17 96 26 38
internal_value=-7.13964e-05 0.00494584 0.00837555 -0.00781273
internal_weight=22.7483 15.9937 12.2753 6.75457
internal_count=209 154 122 55
is_linear=0
shrinkage=0.03


Tree=3
num_leaves=5
num_cat=0
split_feature=14 12 17 4
split_gain=1.78535 1.27059 1.37951 1.22124
threshold=1.1569951108808854 -0.71173074822458793 0.58333333333333348 0.024424807073003877
decision_type=2 2 2 2
left_child=1 -1 -3 -2
right_child=3 2 -4 -5
leaf_value=-0.0041923846880584578 0.0036363191496535212 0.011456858327398397 -0.0035112692038257866 -0.011322204526681173
leaf_weight=3.7236828990280637 1.6192220263183106 9.8151603043079358 2.4227371290326127 5.152566384524107
leaf_count=32 17 96 26 38
internal_value=-0.000105223 0.00484812 0.00824718 -0.00770993
internal_weight=22.7334 15.9616 12.2379 6.77179
internal_count=209 154 122 55
is_linear=0
shrinkage=0.03


Tree=4
num_leaves=5
num_cat=0
split_feature=14 12 17 4
split_gain=1.72976 1.2397 1.35191 1.20127
threshold=1.1569951108808854 -0.71173074822458793 0.58333333333333348 0.024424807073003877
decision_type=2 2 2 2
left_child=1 -1 -3 -2
right_child=3 2 -4 -5
leaf_value=-0.0041566585707844368 0.0036217599083463062 0.011309875206882397 -0.0034899144707671577 -0.011192598411172813
leaf_weight=3.7288883626461038 1.6171892285346974 9.7750066667795164 2.4255826957523832 5.1713743433356285
leaf_count=32 17 96 26 38
internal_value=-0.000137847 0.00475221 0.00812089 -0.0076083
internal_weight=22.718 15.9295 12.2006 6.78856
internal_count=209 154 122 55
is_linear=0
shrinkage=0.03


Tree=5
num_leaves=5
num_cat=0
split_feature=14 12 17 4
split_gain=1.67581 1.20958 1.32491 1.18164
threshold=1.1569951108808854 -0.71173074822458793 0.58333333333333348 0.024424807073003877
decision_type=2 2 2 2
left_child=1 -1 -3 -2
right_child=3 2 -4 -5
leaf_value=-0.0041212226643357096 0.0036072750846763741 0.011165097059912555 -0.0034686780869895026 -0.011064545235407293
leaf_weight=3.7340276017785081 1.6151577346026886 9.7349837869405729 2.4284010082483301 5.1897408477962017
leaf_count=32 17 96 26 38
internal_value=-0.000169303 0.00465807 0.00799665 -0.00750784
internal_weight=22.7023 15.8974 12.1634 6.8049
internal_count=209 154 122 55
is_linear=0
shrinkage=0.03


Tree=6
num_leaves=5
num_cat=0
split_feature=14 12 17 4
split_gain=1.62345 1.18021 1.29849 1.16237
threshold=1.1569951108808854 -0.71173074822458793 0.58333333333333348 0.024424807073003877
decision_type=2 2 2 2
left_child=1 -1 -3 -2
right_child=3 2 -4 -5
leaf_value=-0.0040860760618724032 0.0035928639462431962 0.011022479102369819 -0.0034475592964465537 -0.010938026784319968
leaf_weight=3.7391017228364953 1.613127689808606 9.6951069682836515 2.4311924427747735 5.2076725549995899
leaf_count=32 17 96 26 38
internal_value=-0.000199623 0.00456566 0.00787441 -0.00740854
internal_weight=22.6862 15.8654 12.1263 6.8208
internal_count=209 154 122 55
is_linear=0
shrinkage=0.03


Tree=7
num_leaves=5
num_cat=0
split_feature=14 12 17 4
split_gain=1.57263 1.15157 1.27264 1.14342
threshold=1.1569951108808854 -0.71173074822458793 0.58333333333333348 0.024424807073003877
decision_type=2 2 2 2
left_child=1 -1 -3 -2
right_child=3 2 -4 -5
leaf_value=-0.0040512153522540961 0.0035785265129804687 0.010881979991199628 -0.0034265582681980793 -0.010813025095967717
leaf_weight=3.7441112957894811 1.6110991723835457 9.6553899794816953 2.4339570365846166 5.225175641477108
leaf_count=32 17 96 26 38
internal_value=-0.000228837 0.00447495 0.00775414 -0.00731038
internal_weight=22.6697 15.8335 12.0893 6.83627
internal_count=209 154 122 55
is_linear=0
shrinkage=0.03


Tree=8
num_leaves=5
num_cat=0
split_feature=14 11 17 4
split_gain=1.52332 1.13776 1.15414 1.12482
threshold=1.1569951108808854 -0.49232506327184639 0.58333333333333348 0.024424807073003877
decision_type=2 2 2 2
left_child=1 -1 -3 -2
right_child=3 2 -4 -5
leaf_value=-0.0037748253282167371 0.0035642617624150946 0.010994473786388816 -0.0028789669276670215 -0.010689521726459596
leaf_weight=4.4285197742283353 1.6090721450746048 8.5931347869336587 2.7799444571137437 5.2422567419707775
leaf_count=44 17 82 28 38
internal_value=-0.000256979 0.00438591 0.00784298 -0.00721336
internal_weight=22.6529 15.8016 11.3731 6.85133
internal_count=209 154 110 55
is_linear=0
shrinkage=0.03


Tree=9
num_leaves=5
num_cat=0
split_feature=6 13 13 16
split_gain=1.47944 1.49726 1.04051 0.99779
threshold=-0.3765182186235127 0.88060202291470691 0.79491277500152491 -0.28094098227085623
decision_type=2 2 2 2
left_child=2 3 -1 -2
right_child=1 -3 -4 -5
leaf_value=0.0097335983969812981 0.0028242594011611273 0.0057010047140129546 -0.0036572422684692943 -0.010546856357661227
leaf_weight=6.0109984539449242 1.9587896317243565 1.8776326850056637 1.5495745390653608 11.244239274412392
leaf_count=52 21 17 14 105
internal_value=-0.000274675 -0.00488706 0.00646932 -0.00820088
internal_weight=22.6412 15.0807 7.56057 13.203
internal_count=209 143 66 126
is_linear=0
shrinkage=0.03


Tree=10
num_leaves=5
num_cat=0
split_feature=14 12 17 4
split_gain=1.44481 1.12185 1.22451 1.10275
threshold=1.1569951108808854 -0.71173074822458793 0.58333333333333348 0.024424807073003877
decision_type=2 2 2 2
left_child=1 -1 -3 -2
right_child=3 2 -4 -5
leaf_value=-0.0040611524812778129 0.0035806395874975216 0.010643270042329143 -0.0033742613164084887 -0.010457415147255972
leaf_weight=3.7425518408417711 1.6113875545561303 9.5866658277809602 2.4407514184713373 5.2737608850002289
leaf_count=32 17 96 26 38
internal_value=-0.000228774 0.00429481 0.00755821 -0.00699715
internal_weight=22.6551 15.77 12.0274 6.88515
internal_count=209 154 122 55
is_linear=0
shrinkage=0.03


Tree=11
num_leaves=5
num_cat=0
split_feature=6 13 13 16
split_gain=1.40585 1.45157 1.02966 0.96017
threshold=-0.3765182186235127 0.88060202291470691 0.79491277500152491 -0.28094098227085623
decision_type=2 2 2 2
left_child=2 3 -1 -2
right_child=1 -3 -4 -5
leaf_value=0.0095970726514310947 0.0027845902892127024 0.0056516195405302665 -0.0036794181250343317 -0.010314040601216755
leaf_weight=5.979902412742379 1.9524592533707608 1.8693974912166584 1.5463978648185728 11.289247386157511
leaf_count=52 21 17 14 105
internal_value=-0.00025547 -0.00474747 0.00632628 -0.00801557
internal_weight=22.6374 15.1111 7.5263 13.2417
internal_count=209 143 66 126
is_linear=0
shrinkage=0.03


Tree=12
num_leaves=5
num_cat=0
split_feature=14 11 17 4
split_gain=1.36703 1.10603 1.1019 1.08105
threshold=1.1569951108808854 -0.49232506327184639 0.58333333333333348 0.024424807073003877
decision_type=2 2 2 2
left_child=1 -1 -3 -2
right_child=3 2 -4 -5
leaf_value=-0.0037902795067503337 0.003596324063948989 0.010726763921306254 -0.0028193092158409409 -0.010230659741446848
leaf_weight=4.4247404411435136 1.6135724000632752 8.5201532654464227 2.7877606339752683 5.3037548661231995
leaf_count=44 17 82 28 38
internal_value=-0.000210306 0.00419447 0.00763137 -0.00678602
internal_weight=22.65 15.7327 11.3079 6.91733
internal_count=209 154 110 55
is_linear=0
shrinkage=0.03


Tree=13
num_leaves=5
num_cat=0
split_feature=6 13 13 16
split_gain=1.34131 1.40763 1.0075 0.924808
threshold=-0.3765182186235127 0.88060202291470691 0.79491277500152491 -0.28094098227085623
decision_type=2 2 2 2
left_child=2 3 -1 -2
right_child=1 -3 -4 -5
leaf_value=0.0094561752684640971 0.0027467264552270276 0.0056022170400453538 -0.0036565896865657934 -0.010090420866224206
leaf_weight=5.9482114575803307 1.9465162642300118 1.8610159680247296 1.5494944415986536 11.331746835261582
leaf_count=52 21 17 14 105
internal_value=-0.000226957 -0.00461368 0.00620523 -0.00783703
internal_weight=22.637 15.1393 7.49771 13.2783
internal_count=209 143 66 126
is_linear=0
shrinkage=0.03


Tree=14
num_leaves=5
num_cat=0
split_feature=14 12 17 4
split_gain=1.29577 1.09561 1.17294 1.05974
threshold=1.1569951108808854 -0.71173074822458793 0.58333333333333348 0.024424807073003877
decision_type=2 2 2 2
left_child=1 -1 -3 -2
right_child=3 2 -4 -5
leaf_value=-0.0040854085778349383 0.0036113398932495276 0.010397447290690864 -0.0033101255666340723 -0.0100090932598476
leaf_weight=3.73829159885645 1.6156326942145813 9.5133563801646215 2.4487174116075048 5.3322921730577946
leaf_count=32 17 96 26 38
internal_value=-0.000182509 0.00410717 0.00736189 -0.00657982
internal_weight=22.6483 15.7004 11.9621 6.94792
internal_count=209 154 122 55
is_linear=0
shrinkage=0.03


Tree=15
num_leaves=5
num_cat=0
split_feature=6 13 13 16
split_gain=1.27414 1.36506 0.997054 0.890129
threshold=-0.3765182186235127 0.88060202291470691 0.79491277500152491 -0.28094098227085623
decision_type=2 2 2 2
left_child=2 3 -1 -2
right_child=1 -3 -4 -5
leaf_value=0.0093250536188101453 0.0027082750467766654 0.0055543649469188524 -0.0036778441275143511 -0.0098689183439580382
leaf_weight=5.9173195064067867 1.9402293227612961 1.8527507558464993 1.5464319959282873 11.372722227126358
leaf_count=52 21 17 14 105
internal_value=-0.000208089 -0.00448045 0.00606765 -0.00766047
internal_weight=22.6295 15.1657 7.46375 13.313
internal_count=209 143 66 126
is_linear=0
shrinkage=0.03


Tree=16
num_leaves=5
num_cat=0
split_feature=6 13 13 16
split_gain=1.22646 1.33428 0.982638 0.868496
threshold=-0.3765182186235127 0.88060202291470691 0.79491277500152491 -0.28094098227085623
decision_type=2 2 2 2
left_child=2 3 -1 -2
right_child=1 -3 -4 -5
leaf_value=0.0092332739979057877 0.0026955221639285969 0.0055301575576861663 -0.003662382527145608 -0.009695448444130594
leaf_weight=5.8965690322220352 1.9382672235369671 1.848866470158099 1.5485577359795568 11.407306380569933
leaf_count=52 21 17 14 105
internal_value=-0.000164381 -0.00435999 0.00598919 -0.00751207
internal_weight=22.6396 15.1944 7.44513 13.3456
internal_count=209 143 66 126
is_linear=0
shrinkage=0.03


Tree=17
num_leaves=5
num_cat=0
split_feature=14 12 17 4
split_gain=1.19677 1.0744 1.13921 1.03491
threshold=1.1569951108808854 -0.71173074822458793 0.58333333333333348 0.024424807073003877
decision_type=2 2 2 2
left_child=1 -1 -3 -2
right_child=3 2 -4 -5
leaf_value=-0.0040817510798903502 0.0036540403736436645 0.010238835697098769 -0.0032652976128044056 -0.0096919159776998609
leaf_weight=3.7376835271716127 1.6214266158640374 9.4640921875834447 2.4538299702107915 5.3717064559459686
leaf_count=32 17 96 26 38
internal_value=-0.000121467 0.00399719 0.00723719 -0.00626819
internal_weight=22.6487 15.6556 11.9179 6.99313
internal_count=209 154 122 55
is_linear=0
shrinkage=0.03


Tree=18
num_leaves=5
num_cat=0
split_feature=6 13 13 16
split_gain=1.16453 1.2942 0.972481 0.836068
threshold=-0.3765182186235127 0.88060202291470691 0.79491277500152491 -0.28094098227085623
decision_type=2 2 2 2
left_child=2 3 -1 -2
right_child=1 -3 -4 -5
leaf_value=0.0091061490589122319 0.002657831267002966 0.00548329657463365 -0.0036830089652977092 -0.0094835356341570927
leaf_weight=5.8658398054540184 1.9320059716701496 1.8405960127711285 1.5455665141344068 11.445086136460302
leaf_count=52 21 17 14 105
internal_value=-0.000146563 -0.0042326 0.0058556 -0.00734317
internal_weight=22.6291 15.2177 7.41141 13.3771
internal_count=209 143 66 126
is_linear=0
shrinkage=0.03


Tree=19
num_leaves=5
num_cat=0
split_feature=14 11 17 4
split_gain=1.13105 1.07054 1.0256 1.01441
threshold=1.1569951108808854 -0.49232506327184639 0.58333333333333348 0.024424807073003877
decision_type=2 2 2 2
left_child=1 -1 -3 -2
right_child=3 2 -4 -5
leaf_value=-0.0038513306289079904 0.0036671711529403005 0.010340047137471787 -0.0027231897616257425 -0.0094834703347079306
leaf_weight=4.4105369485914716 1.6231358237564553 8.4078046642243844 2.7989594899117956 5.396732721477747
leaf_count=44 17 82 28 38
internal_value=-0.000104378 0.00390298 0.00733179 -0.00607469
internal_weight=22.6372 15.6173 11.2068 7.01987
internal_count=209 154 110 55
is_linear=0
shrinkage=0.03


Tree=20
num_leaves=5
num_cat=0
split_feature=6 13 13 16
split_gain=1.11051 1.25566 0.951728 0.805588
threshold=-0.3765182186235127 0.88060202291470691 0.79491277500152491 -0.28094098227085623
decision_type=2 2 2 2
left_child=2 3 -1 -2
right_child=1 -3 -4 -5
leaf_value=0.0089743735112834504 0.0026217968302176225 0.0054363990224370736 -0.0036597207814299004 -0.0092801834963343634
leaf_weight=5.834552068263295 1.926140010356902 1.8321932479739178 1.5487106926739214 11.480666533112524
leaf_count=52 21 17 14 105
internal_value=-0.000119917 -0.00411078 0.00574346 -0.00718067
internal_weight=22.6223 15.239 7.38326 13.4068
internal_count=209 143 66 126
is_linear=0
shrinkage=0.03


Tree=21
num_leaves=5
num_cat=0
split_feature=14 12 17 4
split_gain=1.07095 1.04931 1.092 0.994275
threshold=1.1569951108808854 -0.71173074822458793 0.58333333333333348 0.024424807073003877
decision_type=2 2 2 2
left_child=1 -1 -3 -2
right_child=3 2 -4 -5
leaf_value=-0.0041026849273496785 0.0036796861306394634 0.010006665745979049 -0.0032045858817350706 -0.0092797609562453101
leaf_weight=3.7327590845525274 1.6247372850775708 9.3906793259084207 2.4606190398335466 5.4204747937619686
leaf_count=32 17 96 26 38
internal_value=-7.84325e-05 0.00382128 0.00705244 -0.0058857
internal_weight=22.6293 15.5841 11.8513 7.04521
internal_count=209 154 122 55
is_linear=0
shrinkage=0.03


Tree=22
num_leaves=5
num_cat=0
split_feature=6 13 13 16
split_gain=1.05403 1.22564 0.941947 0.934091
threshold=-0.3765182186235127 0.85114667067068395 0.79491277500152491 -0.18297780373914294
decision_type=2 2 2 2
left_child=2 3 -1 -2
right_child=1 -3 -4 -5
leaf_value=0.0088522005658318859 0.0026999103687326432 0.0050191298315835266 -0.003679490444478344 -0.0097984915332743304
leaf_weight=5.8041596524417427 2.4772725775837889 2.6037748232483855 1.5458273999392984 10.177700471132992
leaf_count=52 27 24 14 92
internal_value=-0.000102571 -0.00398925 0.00561492 -0.00724007
internal_weight=22.6087 15.2587 7.34999 12.655
internal_count=209 143 66 119
is_linear=0
shrinkage=0.03


Tree=23
num_leaves=5
num_cat=0
split_feature=6 13 13 16
split_gain=1.01649 1.19677 0.928483 0.911275
threshold=-0.3765182186235127 0.85114667067068395 0.79491277500152491 -0.18297780373914294
decision_type=2 2 2 2
left_child=2 3 -1 -2
right_child=1 -3 -4 -5
leaf_value=0.0087661250761181236 0.0026843693276794468 0.0049898868460847047 -0.0036640265827108938 -0.0096363508645144376
leaf_weight=5.7838161699473885 2.4747976362705222 2.5991375036537638 1.5479531921446321 10.206303101032971
leaf_count=52 27 24 14 92
internal_value=-7.07988e-05 -0.00389078 0.0055419 -0.00710848
internal_weight=22.612 15.2802 7.33177 12.6811
internal_count=209 143 66 119
is_linear=0
shrinkage=0.03


Tree=24
num_leaves=5
num_cat=0
split_feature=14 11 17 4
split_gain=0.987463 1.03546 0.980415 0.973953
threshold=1.1569951108808854 -0.49232506327184639 0.58333333333333348 0.024424807073003877
decision_type=2 2 2 2
left_child=1 -1 -3 -2
right_child=3 2 -4 -5
leaf_value=-0.0038598134109336418 0.0037222580036796013 0.010069477311206738 -0.0026813210034503984 -0.0090078852403241098
leaf_weight=4.4053138606250295 1.6302361264824856 8.3254893608391267 2.8026562184095392 5.4508374594151974
leaf_count=44 17 82 28 38
internal_value=-3.95648e-05 0.00370487 0.007109 -0.00561374
internal_weight=22.6145 15.5335 11.1281 7.08107
internal_count=209 154 110 55
is_linear=0
shrinkage=0.03


Tree=25
num_leaves=5
num_cat=0
split_feature=6 13 13 16
split_gain=0.971426 1.16372 0.908775 0.878572
threshold=-0.3765182186235127 0.85114667067068395 0.79491277500152491 -0.18297780373914294
decision_type=2 2 2 2
left_child=2 3 -1 -2
right_child=1 -3 -4 -5
leaf_value=0.0086405497401578525 0.0026445538182150244 0.0049504436874138226 -0.0036405868482963007 -0.0094455058526438061
leaf_weight=5.7529325671494034 2.4677787944674483 2.5910714007914057 1.5510881692171095 10.235662229359148
leaf_count=52 27 24 14 92
internal_value=-5.43493e-05 -0.00378869 0.0054358 -0.00696654
internal_weight=22.5985 15.2945 7.30402 12.7034
internal_count=209 143 66 119
is_linear=0
shrinkage=0.03


Tree=26
num_leaves=5
num_cat=0
split_feature=15 6 17 14
split_gain=0.949467 0.752496 0.471983 0.689205
threshold=-0.036099892709313894 -0.62622549019607932 0.58333333333333348 1.0704344835507738
decision_type=2 2 2 2
left_child=2 -2 3 -1
right_child=1 -3 -4 -5
leaf_value=0.0091706436450044015 0.0029756875283237041 -0.0074249679659147295 -0.0022933892283992256 -0.0018660572918711737
leaf_weight=6.1009915769100207 2.9721331149339667 8.0973688364028913 2.1650951355695716 3.2646189481019974
leaf_count=69 21 72 24 23
internal_value=-2.35198e-05 -0.0045455 0.00441252 0.0063465
internal_weight=22.6002 11.0695 11.5307 9.36561
internal_count=209 93 116 92
is_linear=0
shrinkage=0.03


Tree=27
num_leaves=5
num_cat=0
split_feature=6 13 13 16
split_gain=0.922038 1.13258 0.89262 0.843533
threshold=-0.3765182186235127 0.85114667067068395 0.79491277500152491 -0.18297780373914294
decision_type=2 2 2 2
left_child=2 3 -1 -2
right_child=1 -3 -4 -5
leaf_value=0.008522321215567839 0.00260324584851625 0.0049287134014930761 -0.0036287504694165881 -0.0092310631191390696
leaf_weight=5.7238457053899792 2.4605606570839873 2.5865207314491263 1.5526542291045187 10.271229233592747
leaf_count=52 27 24 14 92
internal_value=-1.74806e-05 -0.00365948 0.0053299 -0.00680488
internal_weight=22.5948 15.3183 7.2765 12.7318
internal_count=209 143 66 119
is_linear=0
shrinkage=0.03


Tree=28
num_leaves=5
num_cat=0
split_feature=15 6 17 14
split_gain=0.917848 0.718579 0.463847 0.662664
threshold=-0.036099892709313894 -0.62622549019607932 0.58333333333333348 1.0704344835507738
decision_type=2 2 2 2
left_child=2 -2 3 -1
right_child=1 -3 -4 -5
leaf_value=0.0090579860112404067 0.002914332911434806 -0.0072471874188855621 -0.0022742762090929972 -0.0018015676274925874
leaf_weight=6.0713095627725142 2.9612888097763053 8.1250073462724668 2.1668543331325045 3.2710968293249607
leaf_count=69 21 72 24 23
internal_value=1.26495e-05 -0.00443804 0.00436994 0.00629006
internal_weight=22.5956 11.0863 11.5093 9.34241
internal_count=209 93 116 92
is_linear=0
shrinkage=0.03


Tree=29
num_leaves=5
num_cat=0
split_feature=15 6 17 14
split_gain=0.890442 0.702742 0.455923 0.650536
threshold=-0.036099892709313894 -0.62622549019607932 0.58333333333333348 1.0704344835507738
decision_type=2 2 2 2
left_child=2 -2 3 -1
right_child=1 -3 -4 -5
leaf_value=0.0089682189298181999 0.0028951246814046586 -0.0071428862752566788 -0.0022618428865091335 -0.0017880355112284843
leaf_weight=6.0485563091933745 2.9579061195254317 8.1420998126268369 2.1683509089052668 3.2726383283734322
leaf_count=69 21 72 24 23
internal_value=1.84083e-05 -0.00436361 0.00431243 0.00622089
internal_weight=22.5896 11.1 11.4895 9.32119
internal_count=209 93 116 92
is_linear=0
shrinkage=0.03


Tree=30
num_leaves=5
num_cat=0
split_feature=15 6 17 14
split_gain=0.863841 0.687272 0.448148 0.638647
threshold=-0.036099892709313894 -0.62622549019607932 0.58333333333333348 1.0704344835507738
decision_type=2 2 2 2
left_child=2 -2 3 -1
right_child=1 -3 -4 -5
leaf_value=0.0088795360077169976 0.0028760570431142734 -0.0070401390802399908 -0.0022494725613184355 -0.0017746023982711937
leaf_weight=6.0259123854339141 2.9545391090214244 8.1587928347289544 2.1698353104293338 3.2741642184555531
leaf_count=69 21 72 24 23
internal_value=2.41891e-05 -0.0042903 0.00425575 0.00615263
internal_weight=22.5832 11.1133 11.4699 9.30008
internal_count=209 93 116 92
is_linear=0
shrinkage=0.03


Tree=31
num_leaves=5
num_cat=0
split_feature=6 13 13 16
split_gain=0.848005 1.09512 0.870675 0.784591
threshold=-0.3765182186235127 0.85114667067068395 0.79491277500152491 -0.18297780373914294
decision_type=2 2 2 2
left_child=2 3 -1 -2
right_child=1 -3 -4 -5
leaf_value=0.0083395568274966213 0.0025122895380805944 0.0049204606620392556 -0.0036237900919669675 -0.0089104543348830605
leaf_weight=5.6771019585430649 2.4438883252441874 2.5817575156688681 1.5530379489064214 10.320860289037226
leaf_count=52 27 24 14 92
internal_value=2.99876e-05 -0.00346783 0.00515807 -0.00658059
internal_weight=22.5766 15.3465 7.23014 12.7647
internal_count=209 143 66 119
is_linear=0
shrinkage=0.03


Tree=32
num_leaves=5
num_cat=0
split_feature=15 6 17 14
split_gain=0.83507 0.656218 0.440518 0.613991
threshold=-0.036099892709313894 -0.62622549019607932 0.58333333333333348 1.0704344835507738
decision_type=2 2 2 2
left_child=2 -2 3 -1
right_child=1 -3 -4 -5
leaf_value=0.0087710269653275361 0.0028166338794647925 -0.006871028927995051 -0.0022309486950252105 -0.0017125303340388535
leaf_weight=5.9965738654136675 2.9438620507717124 8.1839710399508458 2.1714616343379012 3.2802087739109993
leaf_count=69 21 72 24 23
internal_value=5.90999e-05 -0.00418805 0.00421525 0.00609872
internal_weight=22.5761 11.1278 11.4482 9.27678
internal_count=209 93 116 92
is_linear=0
shrinkage=0.03


Tree=33
num_leaves=5
num_cat=0
split_feature=6 11 4 3
split_gain=0.819263 0.920483 0.810617 0.560844
threshold=0.68044965786901324 -0.49232506327184639 -0.048055306236855659 -0.039059436034713353
decision_type=2 2 2 2
left_child=1 2 -1 -3
right_child=-2 3 -4 -5
leaf_value=0.0037431769759410324 -0.0055588796167394105 -0.0022355774885455533 -0.007862371936895797 0.0078688274272543535
leaf_weight=1.6758774667978285 5.1177930459380141 1.6578560844063801 2.7113443128764674 11.406072393059725
leaf_count=12 44 13 32 108
internal_value=6.46081e-05 0.00313802 -0.00390878 0.00617322
internal_weight=22.5689 17.4512 4.38722 13.0639
internal_count=209 165 44 121
is_linear=0
shrinkage=0.03


Tree=34
num_leaves=5
num_cat=0
split_feature=15 6 15 16
split_gain=0.807805 0.641593 0.443266 0.980854
threshold=-0.036099892709313894 -0.62622549019607932 -0.1545207447532331 -0.15011051399032785
decision_type=2 2 2 2
left_child=2 -2 3 -1
right_child=1 -3 -4 -5
leaf_value=0.0054519687676996892 0.0027870411326914495 -0.0067922374175384444 0.0078593738334071794 -0.0055770914272651063
leaf_weight=3.9695964679121962 2.9384095557034007 8.1956245265901071 2.3013712503016022 5.1478178128600112
leaf_count=47 21 72 21 48
internal_value=2.55889e-05 -0.00414162 0.00412545 -0.000435151
internal_weight=22.5528 11.134 11.4188 9.11741
internal_count=209 93 116 95
is_linear=0
shrinkage=0.03


Tree=35
num_leaves=5
num_cat=0
split_feature=6 12 13 4
split_gain=0.79235 0.908359 0.979434 0.416122
threshold=0.68044965786901324 -0.71173074822458793 0.79491277500152491 -0.031304639656947346
decision_type=2 2 2 2
left_child=1 3 -3 -1
right_child=-2 2 -4 -5
leaf_value=-0.0068824370736618942 -0.0054664816467628486 0.0090897954426548307 -0.0026622950258237011 0.0020562213141015599
leaf_weight=1.8092883937060835 5.1291375495493403 9.6722269356250745 4.0429048798978338 1.9054823406040711
leaf_count=16 44 97 36 16
internal_value=5.92964e-05 0.00308546 0.00596371 -0.00414126
internal_weight=22.559 17.4299 13.7151 3.71477
internal_count=209 165 133 32
is_linear=0
shrinkage=0.03


Tree=36
num_leaves=5
num_cat=0
split_feature=6 13 13 16
split_gain=0.787487 1.07353 0.840273 0.732782
threshold=-0.3765182186235127 0.85114667067068395 0.79491277500152491 -0.18297780373914294
decision_type=2 2 2 2
left_child=2 3 -1 -2
right_child=1 -3 -4 -5
leaf_value=0.0081296432470931886 0.0024069382846672021 0.0049227163205425792 -0.0035923493178882304 -0.0086756596081260448
leaf_weight=5.6226127631962326 2.4251365996897212 2.5802959129214278 1.5570224747061727 10.356556680053471
leaf_count=52 27 24 14 92
internal_value=2.20829e-05 -0.00334243 0.00497621 -0.00643938
internal_weight=22.5416 15.362 7.17964 12.7817
internal_count=209 143 66 119
is_linear=0
shrinkage=0.03


Tree=37
num_leaves=5
num_cat=0
split_feature=15 6 15 16
split_gain=0.782034 0.610669 0.442381 0.946677
threshold=-0.036099892709313894 -0.62622549019607932 -0.1545207447532331 -0.15011051399032785
decision_type=2 2 2 2
left_child=2 -2 3 -1
right_child=1 -3 -4 -5
leaf_value=0.0053456634073969335 0.002718446792136914 -0.0066324445054328999 0.0078148364973429502 -0.0054936561648102344
leaf_weight=3.946263261139392 2.9253017529845229 8.2178239673376066 2.2933354452252415 5.1575092487037173
leaf_count=47 21 72 21 48
internal_value=5.10239e-05 -0.00405295 0.00408243 -0.000456356
internal_weight=22.5402 11.1431 11.3971 9.10377
internal_count=209 93 116 95
is_linear=0
shrinkage=0.03


Tree=38
num_leaves=5
num_cat=0
split_feature=15 6 15 16
split_gain=0.766405 0.597294 0.436041 0.929069
threshold=-0.036099892709313894 -0.62622549019607932 -0.1545207447532331 -0.15011051399032785
decision_type=2 2 2 2
left_child=2 -2 3 -1
right_child=1 -3 -4 -5
leaf_value=0.0053037086494277935 0.002700670881867622 -0.0065373202958153324 0.0077749676889588481 -0.0054343318378119359
leaf_weight=3.9373947381973258 2.9220880717039099 8.2325651496648771 2.2873115353286293 5.1664274819195262
leaf_count=47 21 72 21 48
internal_value=8.41928e-05 -0.00398465 0.00406869 -0.000444912
internal_weight=22.5458 11.1547 11.3911 9.10382
internal_count=209 93 116 95
is_linear=0
shrinkage=0.03


Tree=39
num_leaves=5
num_cat=0
split_feature=6 12 13 4
split_gain=0.756167 0.896893 0.948726 0.405479
threshold=0.68044965786901324 -0.71173074822458793 0.79491277500152491 -0.031304639656947346
decision_type=2 2 2 2
left_child=1 3 -3 -1
right_child=-2 2 -4 -5
leaf_value=-0.006814211744999037 -0.0052897787245786611 0.009003092741500544 -0.0025898754822507174 0.0020222333043543343
leaf_weight=1.815074395388365 5.1486323699355117 9.635445721447466 4.0527879670262346 1.8989518471062226
leaf_count=16 44 97 36 16
internal_value=0.00011686 0.00306313 0.00592635 -0.00411608
internal_weight=22.5509 17.4023 13.6882 3.71403
internal_count=209 165 133 32
is_linear=0
shrinkage=0.03


Tree=40
num_leaves=5
num_cat=0
split_feature=14 11 4 17
split_gain=0.749166 0.962807 0.923844 0.899604
threshold=1.1569951108808854 -0.49232506327184639 0.024424807073003877 0.58333333333333348
decision_type=2 2 2 2
left_child=1 -1 -2 -3
right_child=2 3 -4 -5
leaf_value=-0.0038505462557144282 0.0038982391060657538 0.0095567134247787396 -0.0082071795645306585 -0.0026121014450929073
leaf_weight=4.3893620744347581 1.6517248935997475 8.1549731455743295 5.5319647118449211 2.8050270862877378
leaf_count=44 17 82 38 28
internal_value=7.97505e-05 0.00333921 -0.00477502 0.00668196
internal_weight=22.5331 15.3494 7.18369 10.96
internal_count=209 154 55 110
is_linear=0
shrinkage=0.03


Tree=41
num_leaves=5
num_cat=0
split_feature=15 6 15 16
split_gain=0.73886 0.57868 0.44127 0.901211
threshold=-0.036099892709313894 -0.62622549019607932 -0.1545207447532331 -0.15011051399032785
decision_type=2 2 2 2
left_child=2 -2 3 -1
right_child=1 -3 -4 -5
leaf_value=0.005189138299831586 0.002660952172216131 -0.0064328211164791579 0.0077204713481119147 -0.0053940984113921729
leaf_weight=3.9116191715002051 2.9136946909129611 8.2440537586808187 2.2775466255843666 5.1686542741954318
leaf_count=47 21 72 21 48
internal_value=6.63848e-05 -0.00392282 0.00398714 -0.000504809
internal_weight=22.5156 11.1577 11.3578 9.08027
internal_count=209 93 116 95
is_linear=0
shrinkage=0.03


Tree=42
num_leaves=5
num_cat=0
split_feature=6 12 13 4
split_gain=0.725301 0.882733 0.919749 0.392331
threshold=0.68044965786901324 -0.71173074822458793 0.79491277500152491 -0.031304639656947346
decision_type=2 2 2 2
left_child=1 3 -3 -1
right_child=-2 2 -4 -5
leaf_value=-0.006749255466604087 -0.0051890598276039829 0.0088792283262811821 -0.0025427712105988262 0.0019707531066538672
leaf_weight=1.8215371295809748 5.157139364629983 9.5929140448570234 4.0577889755368242 1.8909312970936341
leaf_count=16 44 97 36 16
internal_value=9.90282e-05 0.00299204 0.0058444 -0.00410958
internal_weight=22.5203 17.3632 13.6507 3.71247
internal_count=209 165 133 32
is_linear=0
shrinkage=0.03


Tree=43
num_leaves=5
num_cat=0
split_feature=15 6 15 16
split_gain=0.717914 0.564344 0.441094 0.881022
threshold=-0.036099892709313894 -0.62622549019607932 -0.1545207447532331 -0.15011051399032785
decision_type=2 2 2 2
left_child=2 -2 3 -1
right_child=1 -3 -4 -5
leaf_value=0.0051138065922711681 0.0026330725574749145 -0.0063446884089814557 0.0076674485738276194 -0.0053541834866141875
leaf_weight=3.8948311991989604 2.9079154208302489 8.2563593834638578 2.2690931968390968 5.1741224117577067
leaf_count=47 21 72 21 48
internal_value=6.2754e-05 -0.00386706 0.00393115 -0.000534353
internal_weight=22.5023 11.1643 11.338 9.06895
internal_count=209 93 116 95
is_linear=0
shrinkage=0.03


Tree=44
num_leaves=5
num_cat=0
split_feature=14 12 17 4
split_gain=0.70787 0.942597 0.970375 0.89804
threshold=1.1569951108808854 -0.71173074822458793 0.58333333333333348 0.024424807073003877
decision_type=2 2 2 2
left_child=1 -1 -3 -2
right_child=3 2 -4 -5
leaf_value=-0.0040817362605093319 0.0038806751695384216 0.0092674761637229035 -0.003102563308938799 -0.0080215995893675261
leaf_weight=3.7146414183080205 1.6489153020083893 9.1284720525145513 2.4659839756786832 5.548730805516243
leaf_count=32 17 96 26 38
internal_value=9.52593e-05 0.0032643 0.00641814 -0.00462389
internal_weight=22.5067 15.3091 11.5945 7.19765
internal_count=209 154 122 55
is_linear=0
shrinkage=0.03


Tree=45
num_leaves=5
num_cat=0
split_feature=15 6 15 16
split_gain=0.695582 0.547613 0.44266 0.85772
threshold=-0.036099892709313894 -0.62622549019607932 -0.1545207447532331 -0.15011051399032785
decision_type=2 2 2 2
left_child=2 -2 3 -1
right_child=1 -3 -4 -5
leaf_value=0.0050270606786575406 0.0026022884245911824 -0.0062361218725396792 0.007628231904427147 -0.0053068251622950206
leaf_weight=3.8749830797314635 2.9017384946346274 8.2686251029372198 2.2617628499865559 5.1770102903246871
leaf_count=47 21 72 21 48
internal_value=7.36632e-05 -0.00379546 0.0038822 -0.000566416
internal_weight=22.4841 11.1704 11.3138 9.05199
internal_count=209 93 116 95
is_linear=0
shrinkage=0.03


Tree=46
num_leaves=5
num_cat=0
split_feature=6 11 4 3
split_gain=0.692245 0.861332 0.798024 0.541658
threshold=0.68044965786901324 -0.49232506327184639 -0.048055306236855659 -0.039059436034713353
decision_type=2 2 2 2
left_child=1 2 -1 -3
right_child=-2 3 -4 -5
leaf_value=0.0037354658796514427 -0.005058687443782523 -0.0022549137037832915 -0.0077665660561705742 0.0075922159363710053
leaf_weight=1.6681269854307172 5.1676919572055331 1.6481850221753163 2.7171166576445147 11.287007119506592
leaf_count=12 44 13 32 108
internal_value=0.00010585 0.00293434 -0.00383604 0.00590141
internal_weight=22.4881 17.3204 4.38524 12.9352
internal_count=209 165 44 121
is_linear=0
shrinkage=0.03


Tree=47
num_leaves=5
num_cat=0
split_feature=15 6 15 16
split_gain=0.679887 0.535662 0.441017 0.840879
threshold=-0.036099892709313894 -0.62622549019607932 -0.1545207447532331 -0.15011051399032785
decision_type=2 2 2 2
left_child=2 -2 3 -1
right_child=1 -3 -4 -5
leaf_value=0.0049660653266213805 0.0025752199859755314 -0.0061667389618688031 0.0075792366413717522 -0.0052689571286767458
leaf_weight=3.8612585440278044 2.8964957185089579 8.2776262350380403 2.2538787871599224 5.1821409910917273
leaf_count=47 21 72 21 48
internal_value=6.82101e-05 -0.00375468 0.00383697 -0.000585932
internal_weight=22.4714 11.1741 11.2973 9.0434
internal_count=209 93 116 95
is_linear=0
shrinkage=0.03


Tree=48
num_leaves=5
num_cat=0
split_feature=6 12 13 4
split_gain=0.669319 0.845206 0.887462 0.380798
threshold=0.68044965786901324 -0.71173074822458793 0.79491277500152491 -0.031304639656947346
decision_type=2 2 2 2
left_child=1 3 -3 -1
right_child=-2 2 -4 -5
leaf_value=-0.0066413606303979142 -0.0049743045677375858 0.0086867982286374552 -0.0025183184631707412 0.0019458968950608719
leaf_weight=1.8314585126936438 5.1767897568643084 9.5239968337118608 4.0573670230805883 1.8855399154126686
leaf_count=16 44 97 36 16
internal_value=0.000100297 0.00288483 0.00569094 -0.00404235
internal_weight=22.4752 17.2984 13.5814 3.717
internal_count=209 165 133 32
is_linear=0
shrinkage=0.03


Tree=49
num_leaves=5
num_cat=0
split_feature=14 11 4 17
split_gain=0.664609 0.909425 0.874444 0.865579
threshold=1.1569951108808854 -0.49232506327184639 0.024424807073003877 0.58333333333333348
decision_type=2 2 2 2
left_child=1 -1 -2 -3
right_child=2 3 -4 -5
leaf_value=-0.0037931271363382149 0.0038592326035295004 0.0092749215377221292 -0.0078606301977268162 -0.0026106471000481358
leaf_weight=4.3891014307737359 1.6454743370413769 8.0590727142989618 5.5617551580071449 2.8014916405081758
leaf_count=44 17 82 38 28
internal_value=6.51327e-05 0.00314842 -0.0044971 0.00642726
internal_weight=22.4569 15.2497 7.20723 10.8606
internal_count=209 154 55 110
is_linear=0
shrinkage=0.03


Tree=50
num_leaves=5
num_cat=0
split_feature=6 13 13 16
split_gain=0.656814 1.05109 0.783958 0.599109
threshold=-0.3765182186235127 0.85114667067068395 0.79491277500152491 -0.18297780373914294
decision_type=2 2 2 2
left_child=2 3 -1 -2
right_child=1 -3 -4 -5
leaf_value=0.0077017658222368118 0.0020853897440971723 0.0050283353132463031 -0.0035504108905045524 -0.0081141687585813468
leaf_weight=5.5030322000384357 2.3653129152953616 2.5866754241287699 1.5613221116364 10.422595646232365
leaf_count=52 27 24 14 92
internal_value=5.2943e-05 -0.00302018 0.00459163 -0.00614036
internal_weight=22.4389 15.3746 7.06435 12.7879
internal_count=209 143 66 119
is_linear=0
shrinkage=0.03


Tree=51
num_leaves=5
num_cat=0
split_feature=15 6 15 16
split_gain=0.653251 0.506639 0.444313 0.805447
threshold=-0.036099892709313894 -0.62622549019607932 -0.1545207447532331 -0.15011051399032785
decision_type=2 2 2 2
left_child=2 -2 3 -1
right_child=1 -3 -4 -5
leaf_value=0.0048336887236655416 0.0025019462666219013 -0.0060077507669952903 0.0075368370104586767 -0.0051917130958519546
leaf_weight=3.8300412632524958 2.8813600428402415 8.2934478335082513 2.2443740591406849 5.186446212232112
leaf_count=47 21 72 21 48
internal_value=8.06609e-05 -0.00366823 0.00377644 -0.000630693
internal_weight=22.4357 11.1748 11.2609 9.01649
internal_count=209 93 116 95
is_linear=0
shrinkage=0.03


Tree=52
num_leaves=5
num_cat=0
split_feature=15 6 15 16
split_gain=0.640526 0.495624 0.437898 0.790558
threshold=-0.036099892709313894 -0.62622549019607932 -0.1545207447532331 -0.15011051399032785
decision_type=2 2 2 2
left_child=2 -2 3 -1
right_child=1 -3 -4 -5
leaf_value=0.0047964343916432053 0.0024857450117017721 -0.0059219622027673327 0.0074991573956372862 -0.0051357448209036196
leaf_weight=3.8217917568981639 2.8783567734062663 8.3058585785329324 2.2383177094161537 5.1945334784686557
leaf_count=47 21 72 21 48
internal_value=0.000112299 -0.00360619 0.00376563 -0.000617361
internal_weight=22.4389 11.1842 11.2546 9.01633
internal_count=209 93 116 95
is_linear=0
shrinkage=0.03


Tree=53
num_leaves=5
num_cat=0
split_feature=6 12 13 4
split_gain=0.633379 0.837141 0.857652 0.364528
threshold=0.68044965786901324 -0.71173074822458793 0.79491277500152491 -0.031304639656947346
decision_type=2 2 2 2
left_child=1 3 -3 -1
right_child=-2 2 -4 -5
leaf_value=-0.0065619943067269952 -0.004799858567102409 0.0085931738247985914 -0.0024484211954721078 0.0018790815905861983
leaf_weight=1.8374547772109511 5.1898332647979251 9.476386144757269 4.0643476992845544 1.8736526332795662
leaf_count=16 44 97 36 16
internal_value=0.000143449 0.00284615 0.00564675 -0.00403802
internal_weight=22.4417 17.2518 13.5407 3.71111
internal_count=209 165 133 32
is_linear=0
shrinkage=0.03


Tree=54
num_leaves=5
num_cat=0
split_feature=15 6 15 16
split_gain=0.622497 0.483509 0.437339 0.772901
threshold=-0.036099892709313894 -0.62622549019607932 -0.1545207447532331 -0.15011051399032785
decision_type=2 2 2 2
left_child=2 -2 3 -1
right_child=1 -3 -4 -5
leaf_value=0.0047263823868760792 0.0024600334517851045 -0.0058419384139813003 0.0074485201952977738 -0.0050985181158794404
leaf_weight=3.8054851405322543 2.8727669715881339 8.3158732466399652 2.2297717407345798 5.1992115378379813
leaf_count=47 21 72 21 48
internal_value=0.000108487 -0.00355534 0.00371331 -0.000644233
internal_weight=22.4231 11.1886 11.2345 9.0047
internal_count=209 93 116 95
is_linear=0
shrinkage=0.03


Tree=55
num_leaves=5
num_cat=0
split_feature=6 12 13 4
split_gain=0.612742 0.821862 0.834481 0.359224
threshold=0.68044965786901324 -0.71173074822458793 0.79491277500152491 -0.031304639656947346
decision_type=2 2 2 2
left_child=1 3 -3 -1
right_child=-2 2 -4 -5
leaf_value=-0.0065148276453574983 -0.0047197491642992449 0.0084915792383848266 -0.0024070249774696844 0.0018654960826420353
leaf_weight=1.8416701406240465 5.1978267058730117 9.4452424384653551 4.069875732064248 1.8710529655218167
leaf_count=16 44 97 36 16
internal_value=0.000139498 0.00280056 0.0055817 -0.00401095
internal_weight=22.4257 17.2278 13.5151 3.71272
internal_count=209 165 133 32
is_linear=0
shrinkage=0.03


Tree=56
num_leaves=5
num_cat=0
split_feature=15 13 15 16
split_gain=0.605017 0.474812 0.436653 0.755657
threshold=-0.036099892709313894 0.39176449546144593 -0.1545207447532331 -0.15011051399032785
decision_type=2 2 2 2
left_child=2 -2 3 -1
right_child=1 -3 -4 -5
leaf_value=0.0046575212900318358 -0.0070656304593917588 0.0011145107761792723 0.0073985087688582616 -0.0050614756444718892
leaf_weight=3.7893150858581057 3.3306982368230802 7.8620186820626259 2.2212086282670525 5.2037617079913607
leaf_count=47 24 69 21 48
internal_value=0.000105129 -0.00350509 0.00366212 -0.000670215
internal_weight=22.407 11.1927 11.2143 8.99308
internal_count=209 93 116 95
is_linear=0
shrinkage=0.03


Tree=57
num_leaves=5
num_cat=0
split_feature=15 6 15 16
split_gain=0.599696 0.47104 0.430339 0.741717
threshold=-0.036099892709313894 -0.62622549019607932 -0.1545207447532331 -0.15011051399032785
decision_type=2 2 2 2
left_child=2 -2 3 -1
right_child=1 -3 -4 -5
leaf_value=0.0046218524154378101 0.002441267113099162 -0.0057429426094393584 0.0073618805419454021 -0.0050069075662671639
leaf_weight=3.7812980040907851 2.868461910635232 8.3275248110294324 2.2151376679539707 5.2115289270877829
leaf_count=47 21 72 21 48
internal_value=0.000111722 -0.00348361 0.00365234 -0.000656437
internal_weight=22.404 11.196 11.208 8.99283
internal_count=209 93 116 95
is_linear=0
shrinkage=0.03


Tree=58
num_leaves=5
num_cat=0
split_feature=14 12 17 4
split_gain=0.593874 0.87257 0.937685 0.835091
threshold=1.1569951108808854 -0.71173074822458793 0.58333333333333348 0.024424807073003877
decision_type=2 2 2 2
left_child=1 -1 -3 -2
right_child=3 2 -4 -5
leaf_value=-0.0039748991349894559 0.0038639850233509313 0.0089558002256303997 -0.0031294420385402336 -0.0075103374665705649
leaf_weight=3.7150907069444665 1.6437976211309422 9.0034608989953977 2.4560205377638349 5.5877280980348587
leaf_count=32 17 96 26 38
internal_value=0.000142475 0.00304651 0.00611435 -0.00418289
internal_weight=22.4061 15.1746 11.4595 7.23153
internal_count=209 154 122 55
is_linear=0
shrinkage=0.03


Tree=59
num_leaves=5
num_cat=0
split_feature=6 11 4 3
split_gain=0.584874 0.805096 0.785251 0.52233
threshold=0.68044965786901324 -0.49232506327184639 -0.048055306236855659 -0.039059436034713353
decision_type=2 2 2 2
left_child=1 2 -1 -3
right_child=-2 3 -4 -5
leaf_value=0.0037248377522145185 -0.0046195291953048797 -0.0022731000017123942 -0.0076744449325208686 0.0073162091574374638
leaf_weight=1.6592994853854177 5.2029609754681578 1.637971490621571 2.7206290103495165 11.162001777440304
leaf_count=12 44 13 32 108
internal_value=0.000121857 0.0027291 -0.00376878 0.00563033
internal_weight=22.3829 17.1799 4.37993 12.8
internal_count=209 165 44 121
is_linear=0
shrinkage=0.03


Tree=60
num_leaves=5
num_cat=0
split_feature=15 13 15 16
split_gain=0.579389 0.464495 0.435724 0.721292
threshold=-0.036099892709313894 0.39176449546144593 -0.1545207447532331 -0.15011051399032785
decision_type=2 2 2 2
left_child=2 -2 3 -1
right_child=1 -3 -4 -5
leaf_value=0.004521741490469691 -0.006963392391917048 0.0011171373251110269 0.0073150012391098619 -0.0049825938306490587
leaf_weight=3.7570163123309603 3.3381307423114759 7.8547392040491104 2.205933295190337 5.2099944278597823
leaf_count=47 24 69 21 48
internal_value=8.57207e-05 -0.00344137 0.00357564 -0.000715956
internal_weight=22.3658 11.1929 11.1729 8.96701
internal_count=209 93 116 95
is_linear=0
shrinkage=0.03


Tree=61
num_leaves=5
num_cat=0
split_feature=15 6 15 16
split_gain=0.574389 0.456605 0.429421 0.708009
threshold=-0.036099892709313894 -0.62622549019607932 -0.1545207447532331 -0.15011051399032785
decision_type=2 2 2 2
left_child=2 -2 3 -1
right_child=1 -3 -4 -5
leaf_value=0.00448728717828978 0.0024100028837308711 -0.0056448586079742968 0.007279014249420698 -0.0049289064971823702
leaf_weight=3.7491882145404807 2.861654106527566 8.3342637494206411 2.1998648717999485 5.2175497077405444
leaf_count=47 21 72 21 48
internal_value=9.25751e-05 -0.00342036 0.00356664 -0.000701719
internal_weight=22.3625 11.1959 11.1666 8.96674
internal_count=209 93 116 95
is_linear=0
shrinkage=0.03


Tree=62
num_leaves=5
num_cat=0
split_feature=6 11 4 4
split_gain=0.564221 0.788266 0.775128 0.511571
threshold=0.68044965786901324 -0.49232506327184639 -0.048055306236855659 -0.031304639656947346
decision_type=2 2 2 2
left_child=1 2 -1 -3
right_child=-2 3 -4 -5
leaf_value=0.0037060718534810116 -0.0045323291305504549 -0.0019379164213969454 -0.0076163873182415326 0.0074165148335031137
leaf_weight=1.6559266000986097 5.2098747044801703 2.4421400204300925 2.7269667387008711 10.329416465014214
leaf_count=12 44 20 32 101
internal_value=0.000123272 0.00268559 -0.00373609 0.00556227
internal_weight=22.3643 17.1544 4.38289 12.7716
internal_count=209 165 44 121
is_linear=0
shrinkage=0.03


Tree=63
num_leaves=5
num_cat=0
split_feature=6 13 13 16
split_gain=0.565325 1.02413 0.748074 0.497567
threshold=-0.3765182186235127 0.85114667067068395 0.79491277500152491 -0.18297780373914294
decision_type=2 2 2 2
left_child=2 3 -1 -2
right_child=1 -3 -4 -5
leaf_value=0.0073985173730423334 0.0018175947707471491 0.0050855283397718909 -0.0035376272179334484 -0.0076471479756741942
leaf_weight=5.4134839959442642 2.3137173354625693 2.5890811122953883 1.5612025260925291 10.472491625696419
leaf_count=52 27 24 14 92
internal_value=9.22724e-05 -0.00276461 0.00430863 -0.00588842
internal_weight=22.35 15.3753 6.97469 12.7862
internal_count=209 143 66 119
is_linear=0
shrinkage=0.03


Tree=64
num_leaves=5
num_cat=0
split_feature=15 13 15 16
split_gain=0.560333 0.458631 0.426368 0.685742
threshold=-0.036099892709313894 0.39176449546144593 -0.1545207447532331 -0.15011051399032785
decision_type=2 2 2 2
left_child=2 -2 3 -1
right_child=1 -3 -4 -5
leaf_value=0.0044126220345454183 -0.0068615248921716429 0.0011433072120300399 0.0072461932443477354 -0.004857608569657384
leaf_weight=3.7308874465525141 3.3447430245578271 7.8526927568018436 2.19294095784426 5.224025782197713
leaf_count=47 24 69 21 48
internal_value=0.000118567 -0.00335673 0.00354595 -0.000704996
internal_weight=22.3453 11.1974 11.1479 8.95491
internal_count=209 93 116 95
is_linear=0
shrinkage=0.03


Tree=65
num_leaves=5
num_cat=0
split_feature=1 14 4 4
split_gain=0.556235 0.700323 1.29847 0.587288
threshold=0.041224399262750684 1.1569951108808854 -0.028657614528224736 0.024424807073003877
decision_type=2 2 2 2
left_child=1 2 -1 -3
right_child=-2 3 -4 -5
leaf_value=-0.0029404788361212992 -0.005377728431957586 0.0034412388878731479 0.0097672173518705153 -0.0060337449820953831
leaf_weight=6.2763603590428865 1.9840447232127179 1.5277338884770859 7.2840061113238352 5.2694324292242527
leaf_count=57 15 16 85 36
internal_value=0.00012514 0.00225625 0.00513389 -0.00312328
internal_weight=22.3416 20.3575 13.5604 6.79717
internal_count=209 194 142 52
is_linear=0
shrinkage=0.03


Tree=66
num_leaves=5
num_cat=0
split_feature=15 13 17 14
split_gain=0.550642 0.449013 0.425458 0.42989
threshold=-0.036099892709313894 0.39176449546144593 0.58333333333333348 1.0704344835507738
decision_type=2 2 2 2
left_child=2 -2 3 -1
right_child=1 -3 -4 -5
leaf_value=0.0077203168394889173 -0.0067970205665775869 0.0011269991602353138 -0.0024605244792139306 -0.0012822274136995839
leaf_weight=5.6895418316125888 3.3497772514820081 7.8472864106297493 2.1330778747797003 3.3061362355947495
leaf_count=69 24 69 24 23
internal_value=0.000111 -0.00333182 0.00351242 0.00547844
internal_weight=22.3258 11.1971 11.1288 8.99568
internal_count=209 93 116 92
is_linear=0
shrinkage=0.03


Tree=67
num_leaves=5
num_cat=0
split_feature=1 14 4 4
split_gain=0.546879 0.670938 1.26864 0.57892
threshold=0.041224399262750684 1.1569951108808854 -0.028657614528224736 0.024424807073003877
decision_type=2 2 2 2
left_child=1 2 -1 -3
right_child=-2 3 -4 -5
leaf_value=-0.0029250179702203813 -0.005355275657263083 0.0034395446809759771 0.0096286073249613798 -0.0059513088836287888
leaf_weight=6.2781373262405431 1.9853194132447232 1.5274081453680981 7.2440496906638163 5.2757743857800961
leaf_count=57 15 16 85 36
internal_value=9.21006e-05 0.00221466 0.0050345 -0.00305072
internal_weight=22.3107 20.3254 13.5222 6.80318
internal_count=209 194 142 52
is_linear=0
shrinkage=0.03


Tree=68
num_leaves=5
num_cat=0
split_feature=1 14 4 4
split_gain=0.539481 0.652737 1.24 0.570465
threshold=0.041224399262750684 1.1569951108808854 -0.028657614528224736 0.024424807073003877
decision_type=2 2 2 2
left_child=1 2 -1 -3
right_child=-2 3 -4 -5
leaf_value=-0.0028899983660607945 -0.0053270775737988742 0.0034263788698313232 0.0095235392174818686 -0.0058877341790485975
leaf_weight=6.2846614159643686 1.9888340458273877 1.5257289558649052 7.2150151357054728 5.2806626558303833
leaf_count=57 15 16 85 36
internal_value=7.87373e-05 0.00219125 0.00497391 -0.00300344
internal_weight=22.2949 20.3061 13.4997 6.80639
internal_count=209 194 142 52
is_linear=0
shrinkage=0.03


Tree=69
num_leaves=5
num_cat=0
split_feature=6 13 13 16
split_gain=0.536839 0.975867 0.730009 0.50226
threshold=-0.3765182186235127 0.85114667067068395 0.79491277500152491 -0.39304790792478306
decision_type=2 2 2 2
left_child=2 3 -1 -2
right_child=1 -3 -4 -5
leaf_value=0.0072599931486517057 0.0024215806375179625 0.0049654044219535143 -0.0035219197012139056 -0.0072424144369124593
leaf_weight=5.3735366314649609 0.99427078291773696 2.5640016570687285 1.5626901835203169 11.784520402550696
leaf_count=52 12 24 14 107
internal_value=6.58397e-05 -0.00271334 0.00418564 -0.00575751
internal_weight=22.279 15.3428 6.93623 12.7788
internal_count=209 143 66 119
is_linear=0
shrinkage=0.03


Tree=70
num_leaves=5
num_cat=0
split_feature=1 16 1 4
split_gain=0.534877 0.633145 0.864814 0.451915
threshold=0.041224399262750684 0.10722484166904421 0.0034876609717305889 -0.028657614528224736
decision_type=2 2 2 2
left_child=1 3 -3 -1
right_child=-2 2 -4 -5
leaf_value=-0.0019519869557886645 -0.0052863251955626812 -0.0058378176963753935 0.0049204268893043778 0.0071394541858972194
leaf_weight=1.8552558496594453 1.9925338998436917 7.7276711054146272 1.6897375807166097 9.0128094404935855
leaf_count=22 15 63 12 97
internal_value=0.000100097 0.00219998 -0.00236759 0.00539579
internal_weight=22.278 20.2855 9.41741 10.8681
internal_count=209 194 75 119
is_linear=0
shrinkage=0.03


Tree=71
num_leaves=5
num_cat=0
split_feature=6 12 13 13
split_gain=0.529958 0.77069 0.810547 0.352438
threshold=0.68044965786901324 -0.71173074822458793 0.79491277500152491 0.73911939302172702
decision_type=2 2 2 2
left_child=1 -1 -3 -2
right_child=3 2 -4 -5
leaf_value=-0.0039563295334667159 -0.0065174869392367807 0.0082178531207557082 -0.0024600756114638461 0.0018128621496223765
leaf_weight=3.7030107490718409 3.5426676087081423 9.3154619485139829 4.047917466610671 1.6601090729236601
leaf_count=32 29 97 36 15
internal_value=8.77951e-05 0.00258472 0.00531484 -0.00441538
internal_weight=22.2692 17.0664 13.3634 5.20278
internal_count=209 165 133 44
is_linear=0
shrinkage=0.03


Tree=72
num_leaves=5
num_cat=0
split_feature=1 14 4 4
split_gain=0.523493 0.622432 1.19299 0.558522
threshold=0.041224399262750684 1.1569951108808854 -0.028657614528224736 0.024424807073003877
decision_type=2 2 2 2
left_child=1 2 -1 -3
right_child=-2 3 -4 -5
leaf_value=-0.0028361334473389222 -0.0052593823837610802 0.0034120761841581635 0.0093446145724770304 -0.0057898546034134421
leaf_weight=6.2886061184108293 1.9943004995584477 1.5233899950981129 7.1595832780003565 5.2866582050919533
leaf_count=57 15 16 85 36
internal_value=5.83388e-05 0.00214699 0.00486831 -0.00292616
internal_weight=22.2525 20.2582 13.4482 6.81005
internal_count=209 194 142 52
is_linear=0
shrinkage=0.03


Tree=73
num_leaves=5
num_cat=0
split_feature=6 13 13 16
split_gain=0.517909 0.953662 0.711146 0.484966
threshold=-0.3765182186235127 0.85114667067068395 0.79491277500152491 -0.39304790792478306
decision_type=2 2 2 2
left_child=2 3 -1 -2
right_child=1 -3 -4 -5
leaf_value=0.0071485578760305231 0.0023736718480839602 0.0049149360717453032 -0.0034854780046085906 -0.0071416558278866206
leaf_weight=5.3404052257537868 0.98553363606333633 2.5524869151413432 1.5670519806444643 11.791061926633118
leaf_count=52 12 24 14 107
internal_value=4.62682e-05 -0.00267888 0.00410145 -0.00568778
internal_weight=22.2365 15.3291 6.90746 12.7766
internal_count=209 143 66 119
is_linear=0
shrinkage=0.03


Tree=74
num_leaves=5
num_cat=0
split_feature=1 16 1 4
split_gain=0.519145 0.599535 0.840893 0.440238
threshold=0.041224399262750684 0.10722484166904421 0.0034876609717305889 -0.028657614528224736
decision_type=2 2 2 2
left_child=1 3 -3 -1
right_child=-2 2 -4 -5
leaf_value=-0.0019447181034363643 -0.0052190405771380746 -0.0057224149550340695 0.0048786089164798213 0.0070012423912326786
leaf_weight=1.8554751947522188 1.9978248253464688 7.7363836094737035 1.6811955980956552 8.9643411748111266
leaf_count=22 15 63 12 97
internal_value=8.04802e-05 0.00215665 -0.0022921 0.0052699
internal_weight=22.2352 20.2374 9.41758 10.8198
internal_count=209 194 75 119
is_linear=0
shrinkage=0.03


Tree=75
num_leaves=5
num_cat=0
split_feature=6 12 13 13
split_gain=0.512686 0.750787 0.79053 0.345083
threshold=0.68044965786901324 -0.71173074822458793 0.79491277500152491 0.73911939302172702
decision_type=2 2 2 2
left_child=1 -1 -3 -2
right_child=3 2 -4 -5
leaf_value=-0.0039146238347367093 -0.0064364026261728722 0.0081082450382899129 -0.0024351066927562268 0.0017998908547100115
leaf_weight=3.7039538808167025 3.545402117073535 9.2736592553555948 4.0473826117813596 1.6558049023151395
leaf_count=32 29 97 36 15
internal_value=6.88374e-05 0.00253184 0.00523427 -0.00435521
internal_weight=22.2262 17.025 13.321 5.20121
internal_count=209 165 133 44
is_linear=0
shrinkage=0.03


Tree=76
num_leaves=5
num_cat=0
split_feature=1 14 4 4
split_gain=0.508161 0.593537 1.14786 0.546877
threshold=0.041224399262750684 1.1569951108808854 -0.028657614528224736 0.024424807073003877
decision_type=2 2 2 2
left_child=1 2 -1 -3
right_child=-2 3 -4 -5
leaf_value=-0.0027829204364142428 -0.0051923426109413348 0.0033980864761015916 0.0091702564753129538 -0.0056935596848261237
leaf_weight=6.2921814098954236 1.9994641318917263 1.5210414603352536 7.1047614850103873 5.2921246998012066
leaf_count=57 15 16 85 36
internal_value=4.01355e-05 0.00210519 0.00476623 -0.00284998
internal_weight=22.2096 20.2101 13.3969 6.81317
internal_count=209 194 142 52
is_linear=0
shrinkage=0.03


Tree=77
num_leaves=5
num_cat=0
split_feature=1 14 4 4
split_gain=0.501453 0.577401 1.12209 0.538928
threshold=0.041224399262750684 1.1569951108808854 -0.028657614528224736 0.024424807073003877
decision_type=2 2 2 2
left_child=1 2 -1 -3
right_child=-2 3 -4 -5
leaf_value=-0.0027496300602787311 -0.0051649547446471576 0.0033851272945123168 0.0090711340179244968 -0.0056328282884553962
leaf_weight=6.2982907630503213 2.0027415454387656 1.5193666294217099 7.0766235180199164 5.2964587025344372
leaf_count=57 15 16 85 36
internal_value=2.88459e-05 0.00208416 0.00470975 -0.00280497
internal_weight=22.1935 20.1907 13.3749 6.81583
internal_count=209 194 142 52
is_linear=0
shrinkage=0.03


Tree=78
num_leaves=5
num_cat=0
split_feature=6 13 13 16
split_gain=0.499257 0.926205 0.690246 0.464059
threshold=-0.3765182186235127 0.85114667067068395 0.79491277500152491 -0.39304790792478306
decision_type=2 2 2 2
left_child=2 3 -1 -2
right_child=1 -3 -4 -5
leaf_value=0.0070260654504849737 0.0023110739630036628 0.0048431593478070944 -0.0034431618794808104 -0.0070283185980880162
leaf_weight=5.3030016720294979 0.97381247580051322 2.5353607796132556 1.5719315670430658 11.793222945183514
leaf_count=52 12 24 14 107
internal_value=1.79687e-05 -0.00265183 0.00401044 -0.00561375
internal_weight=22.1773 15.3024 6.87493 12.767
internal_count=209 143 66 119
is_linear=0
shrinkage=0.03


Tree=79
num_leaves=5
num_cat=0
split_feature=1 16 1 4
split_gain=0.497468 0.559302 0.81252 0.42297
threshold=0.041224399262750684 0.10722484166904421 0.0034876609717305889 -0.028657614528224736
decision_type=2 2 2 2
left_child=1 3 -3 -1
right_child=-2 2 -4 -5
leaf_value=-0.0019241021049876197 -0.0051251885218574055 -0.0055860348103233728 0.0048266465694024943 0.0068174627956864072
leaf_weight=1.8577255643904234 2.0060435757040969 7.7453414238989335 1.6704481020569799 8.8961051590740698
leaf_count=22 15 63 12 97
internal_value=5.21455e-05 0.00209519 -0.00220424 0.00510788
internal_weight=22.1757 20.1696 9.41579 10.7538
internal_count=209 194 75 119
is_linear=0
shrinkage=0.03


Tree=80
num_leaves=5
num_cat=0
split_feature=6 12 13 13
split_gain=0.495298 0.730904 0.77152 0.337624
threshold=0.68044965786901324 -0.71173074822458793 0.79491277500152491 0.73911939302172702
decision_type=2 2 2 2
left_child=1 -1 -3 -2
right_child=3 2 -4 -5
leaf_value=-0.0038765536878817338 -0.0063592234454705786 0.0079956361257787541 -0.0024159796855682644 0.0017848117502364282
leaf_weight=3.7025818265974566 3.5448312871158114 9.2259407900273782 4.0435288101434717 1.6496171876788137
leaf_count=32 29 97 36 15
internal_value=4.14629e-05 0.00247204 0.00514815 -0.0043004
internal_weight=22.1665 16.9721 13.2695 5.19445
internal_count=209 165 133 44
is_linear=0
shrinkage=0.03


Tree=81
num_leaves=5
num_cat=0
split_feature=1 14 4 4
split_gain=0.48701 0.550471 1.0797 0.527733
threshold=0.041224399262750684 1.1569951108808854 -0.028657614528224736 0.024424807073003877
decision_type=2 2 2 2
left_child=1 2 -1 -3
right_child=-2 3 -4 -5
leaf_value=-0.0026976282163642183 -0.0050988660753338317 0.0033716391745166534 0.0089030491678576146 -0.0055387190209696176
leaf_weight=6.3013768568635022 2.00751869380474 1.517030794173478 7.022745508700611 5.3012490272521973
leaf_count=57 15 16 85 36
internal_value=1.35773e-05 0.00204566 0.00461236 -0.00273025
internal_weight=22.1499 20.1424 13.3241 6.81828
internal_count=209 194 142 52
is_linear=0
shrinkage=0.03


Tree=82
num_leaves=5
num_cat=0
split_feature=6 13 13 16
split_gain=0.481598 0.905296 0.67265 0.448213
threshold=-0.3765182186235127 0.85114667067068395 0.79491277500152491 -0.39304790792478306
decision_type=2 2 2 2
left_child=2 3 -1 -2
right_child=1 -3 -4 -5
leaf_value=0.0069209590084359498 0.0022663226776278166 0.0047960151904760922 -0.0034074138081857989 -0.0069296476559807963
leaf_weight=5.2706769704818752 0.96535009145736594 2.5240187346935263 1.5760096050798891 11.79765188321471
leaf_count=52 12 24 14 107
internal_value=3.41799e-06 -0.00261532 0.00393214 -0.00554404
internal_weight=22.1337 15.287 6.84669 12.763
internal_count=209 143 66 119
is_linear=0
shrinkage=0.03


Tree=83
num_leaves=5
num_cat=0
split_feature=1 1 15 3
split_gain=0.483244 0.534724 0.749407 0.365606
threshold=0.041224399262750684 0.0024775047633731622 0.025013184346975494 0.027633428395196755
decision_type=2 2 2 2
left_child=1 2 -1 -3
right_child=-2 3 -4 -5
leaf_value=0.0033264729089708595 -0.0050595264200099955 0.0076041454393618035 -0.005711430948776827 -0.0015497923087659314
leaf_weight=7.6154678128659778 2.0106514543294898 4.9158862158656111 6.1688120178878307 1.4209405519068239
leaf_count=82 15 51 51 10
internal_value=3.74893e-05 0.00205745 -0.00141899 0.00585931
internal_weight=22.1318 20.1211 13.7843 6.33683
internal_count=209 194 133 61
is_linear=0
shrinkage=0.03


Tree=84
num_leaves=5
num_cat=0
split_feature=1 1 15 3
split_gain=0.476398 0.524065 0.731214 0.360604
threshold=0.041224399262750684 0.0024775047633731622 0.025013184346975494 0.027633428395196755
decision_type=2 2 2 2
left_child=1 2 -1 -3
right_child=-2 3 -4 -5
leaf_value=0.0032850042603338211 -0.0050328025051309434 0.0075368193170123141 -0.0056429785772503837 -0.0015439495189032567
leaf_weight=7.6066246554255539 2.0137410610914221 4.9005669727921477 6.1775071248412132 1.4213643893599508
leaf_count=82 15 51 51 10
internal_value=2.34932e-05 0.00203339 -0.00140646 0.0058001
internal_weight=22.1198 20.1061 13.7841 6.32193
internal_count=209 194 133 61
is_linear=0
shrinkage=0.03


Tree=85
num_leaves=5
num_cat=0
split_feature=6 12 13 13
split_gain=0.47509 0.708109 0.753886 0.329525
threshold=0.68044965786901324 -0.71173074822458793 0.79491277500152491 0.73911939302172702
decision_type=2 2 2 2
left_child=1 -1 -3 -2
right_child=3 2 -4 -5
leaf_value=-0.0038329391760667823 -0.0062696293505547247 0.0078720086878194175 -0.0024076073236736482 0.0017696806833948872
leaf_weight=3.7017570324242159 3.5460743308067313 9.1764230169355852 4.0392671152949342 1.6442735530436037
leaf_count=32 29 97 36 15
internal_value=9.83268e-06 0.00240134 0.00504641 -0.00423441
internal_weight=22.1078 16.9174 13.2157 5.19035
internal_count=209 165 133 44
is_linear=0
shrinkage=0.03


Tree=86
num_leaves=5
num_cat=0
split_feature=1 1 15 3
split_gain=0.465917 0.518145 0.706893 0.354692
threshold=0.041224399262750684 0.0024775047633731622 0.025013184346975494 0.027633428395196755
decision_type=2 2 2 2
left_child=1 2 -1 -3
right_child=-2 3 -4 -5
leaf_value=0.0032065254374454896 -0.0050068520847097861 0.0074610853413918654 -0.0055786185327837629 -0.0015357265273040664
leaf_weight=7.5885016061365658 2.0150598362088195 4.8819226808845988 6.1841909363865852 1.4216096401214597
leaf_count=82 15 51 51 10
internal_value=-1.71464e-05 0.00198188 -0.00142548 0.00573464
internal_weight=22.0913 20.0762 13.7727 6.30353
internal_count=209 194 133 61
is_linear=0
shrinkage=0.03


Tree=87
num_leaves=5
num_cat=0
split_feature=6 12 13 13
split_gain=0.461572 0.687524 0.735724 0.324487
threshold=0.68044965786901324 -0.71173074822458793 0.79491277500152491 0.73911939302172702
decision_type=2 2 2 2
left_child=1 -1 -3 -2
right_child=3 2 -4 -5
leaf_value=-0.0037907562433626574 -0.0062219864069085161 0.0077534105895551726 -0.002391466604536339 0.0017563457988712752
leaf_weight=3.7059860974550292 3.5484829582273951 9.1421478651463968 4.0403871051967153 1.6423197239637373
leaf_count=32 29 97 36 15
internal_value=-3.0137e-05 0.00233868 0.00495372 -0.00420324
internal_weight=22.0793 16.8885 13.1825 5.1908
internal_count=209 165 133 44
is_linear=0
shrinkage=0.03


Tree=88
num_leaves=5
num_cat=0
split_feature=6 13 13 16
split_gain=0.456252 0.894864 0.652052 0.431864
threshold=-0.3765182186235127 0.85114667067068395 0.79491277500152491 -0.39304790792478306
decision_type=2 2 2 2
left_child=2 3 -1 -2
right_child=1 -3 -4 -5
leaf_value=0.0067584080675065772 0.0022091546222823737 0.0047759252572778573 -0.0033871153558361886 -0.0068568480580482013
leaf_weight=5.2200977243483093 0.95480754598975082 2.5171295925974837 1.5776583254337309 11.79319930821657
leaf_count=52 12 24 14 107
internal_value=-5.62067e-05 -0.00259056 0.00378912 -0.00550518
internal_weight=22.0629 15.2651 6.79776 12.748
internal_count=209 143 66 119
is_linear=0
shrinkage=0.03


Tree=89
num_leaves=5
num_cat=0
split_feature=1 1 15 3
split_gain=0.458326 0.508095 0.685926 0.345053
threshold=0.041224399262750684 0.0024775047633731622 0.34818180804820392 0.027633428395196755
decision_type=2 2 2 2
left_child=1 2 -1 -3
right_child=-2 3 -4 -5
leaf_value=0.0024786271135902832 -0.0049683833073565255 0.007384982835182699 -0.0063796105072899722 -0.0015066443461494122
leaf_weight=10.529128473252063 2.0162547007203093 4.8608099557459346 3.2317432947456828 1.4229641146957872
leaf_count=109 15 51 24 10
internal_value=-2.16523e-05 0.00196398 -0.00141111 0.00568274
internal_weight=22.0609 20.0446 13.7609 6.28377
internal_count=209 194 133 61
is_linear=0
shrinkage=0.03


Tree=90
num_leaves=5
num_cat=0
split_feature=1 4 14 1
split_gain=0.449871 0.507496 1.03407 0.513696
threshold=0.041224399262750684 -0.028657614528224736 1.1569951108808854 0.0024775047633731622
decision_type=2 2 2 2
left_child=1 3 -3 -1
right_child=-2 2 -4 -5
leaf_value=-0.0056202002419019079 -0.0049421398271193209 0.0086353868467919821 -0.0025845884925661065 0.0032493279527557968
leaf_weight=4.6860964149236741 2.0192089006304732 6.9311792999505979 6.8226093500852585 1.5850296095013616
leaf_count=43 15 85 52 14
internal_value=-4.89354e-05 0.00192615 0.00432469 -0.0027592
internal_weight=22.0441 20.0249 13.7538 6.27113
internal_count=209 194 137 57
is_linear=0
shrinkage=0.03


Tree=91
num_leaves=5
num_cat=0
split_feature=1 1 15 3
split_gain=0.443874 0.495255 0.672095 0.336955
threshold=0.041224399262750684 0.0024775047633731622 0.025013184346975494 0.027633428395196755
decision_type=2 2 2 2
left_child=1 2 -1 -3
right_child=-2 3 -4 -5
leaf_value=0.0031167662607208672 -0.004916018194473089 0.0072742400987783505 -0.0054552455044322877 -0.0014965161957253214
leaf_weight=7.55873472616077 2.0221316367387763 4.8337306231260291 6.1916670091450214 1.4232879914343355
leaf_count=82 15 51 51 10
internal_value=-5.91667e-05 0.00190639 -0.00141484 0.00558583
internal_weight=22.0296 20.0074 13.7504 6.25702
internal_count=209 194 133 61
is_linear=0
shrinkage=0.03


Tree=92
num_leaves=5
num_cat=0
split_feature=6 11 4 3
split_gain=0.441087 0.66952 0.743146 0.478048
threshold=0.68044965786901324 -0.49232506327184639 -0.048055306236855659 -0.039059436034713353
decision_type=2 2 2 2
left_child=1 2 -1 -3
right_child=-2 3 -4 -5
leaf_value=0.0036761055682247874 -0.0041399773425469921 -0.0023247451610249152 -0.0073835591338881944 0.0066583251675083549
leaf_weight=1.6386472322046755 5.1868056803941718 1.6103661954402966 2.7331434860825583 10.848610956221814
leaf_count=12 44 13 32 108
internal_value=-7.11598e-05 0.0022584 -0.00356469 0.00497911
internal_weight=22.0176 16.8308 4.37179 12.459
internal_count=209 165 44 121
is_linear=0
shrinkage=0.03


Tree=93
num_leaves=5
num_cat=0
split_feature=6 13 13 16
split_gain=0.435957 0.869048 0.637327 0.416485
threshold=-0.3765182186235127 0.85114667067068395 0.79491277500152491 -0.39304790792478306
decision_type=2 2 2 2
left_child=2 3 -1 -2
right_child=1 -3 -4 -5
leaf_value=0.0066317515512435499 0.0021636043773934767 0.0047035703733500521 -0.003377953952230226 -0.0067589967664558343
leaf_weight=5.1812928840518024 0.94624545052647491 2.5008458979427806 1.5778465718030927 11.794872939586638
leaf_count=52 12 24 14 107
internal_value=-0.000101884 -0.00256832 0.00367376 -0.00543633
internal_weight=22.0011 15.242 6.75914 12.7411
internal_count=209 143 66 119
is_linear=0
shrinkage=0.03


Tree=94
num_leaves=5
num_cat=0
split_feature=1 4 14 4
split_gain=0.436052 0.494937 0.989388 0.498927
threshold=0.041224399262750684 -0.028657614528224736 1.1569951108808854 -0.048055306236855659
decision_type=2 2 2 2
left_child=1 3 -3 -1
right_child=-2 2 -4 -5
leaf_value=0.0030005977577619654 -0.0048778623619451702 0.0084831710300262569 -0.0025083348892390696 -0.0057111269895166721
leaf_weight=2.1124488413333893 2.023900978267192 6.8808625750243646 6.8270336166024208 4.1546779796481195
leaf_count=16 15 85 52 41
internal_value=-6.71929e-05 0.00188493 0.00425999 -0.00273524
internal_weight=21.9989 19.975 13.7079 6.26713
internal_count=209 194 137 57
is_linear=0
shrinkage=0.03


Tree=95
num_leaves=5
num_cat=0
split_feature=1 4 14 1
split_gain=0.429811 0.483478 0.966991 0.495728
threshold=0.041224399262750684 -0.028657614528224736 1.1569951108808854 0.0024775047633731622
decision_type=2 2 2 2
left_child=1 3 -3 -1
right_child=-2 2 -4 -5
leaf_value=-0.0055117620959301708 -0.0048520695690035687 0.0083928115787840173 -0.0024773692469212028 0.0031992025888129133
leaf_weight=4.6970810480415883 2.0267351716756812 6.8543600700795633 6.8299475759267807 1.5762346573173998
leaf_count=43 15 85 52 14
internal_value=-8.0201e-05 0.00186228 0.00421213 -0.0027021
internal_weight=21.9844 19.9576 13.6843 6.27332
internal_count=209 194 137 57
is_linear=0
shrinkage=0.03


Tree=96
num_leaves=5
num_cat=0
split_feature=1 1 15 3
split_gain=0.42415 0.476286 0.653207 0.323664
threshold=0.041224399262750684 0.0024775047633731622 0.34818180804820392 0.027633428395196755
decision_type=2 2 2 2
left_child=1 2 -1 -3
right_child=-2 3 -4 -5
leaf_value=0.0024066574379488187 -0.0048263975390498643 0.007121315583086792 -0.0062441182657451836 -0.0014697724884484848
leaf_weight=10.486865129321819 2.0295388326048842 4.7923918887972823 3.237275853753089 1.423723332583904
leaf_count=109 15 51 24 10
internal_value=-8.94147e-05 0.0018437 -0.00140575 0.00546068
internal_weight=21.9698 19.9403 13.7241 6.21612
internal_count=209 194 133 61
is_linear=0
shrinkage=0.03


Tree=97
num_leaves=5
num_cat=0
split_feature=6 12 13 13
split_gain=0.419433 0.653405 0.720203 0.311976
threshold=0.68044965786901324 -0.71173074822458793 0.79491277500152491 0.73911939302172702
decision_type=2 2 2 2
left_child=1 -1 -3 -2
right_child=3 2 -4 -5
leaf_value=-0.0037597976221762654 -0.0060571526790859174 0.0075474206884820361 -0.0024393339742407455 0.0017418165572257417
leaf_weight=3.6936090178787753 3.5500052049756041 9.0561363250017148 4.0207245796918878 1.6327424347400663
leaf_count=32 29 97 36 15
internal_value=-0.000114984 0.00217173 0.00475036 -0.00407122
internal_weight=21.9532 16.7705 13.0769 5.18275
internal_count=209 165 133 44
is_linear=0
shrinkage=0.03


Tree=98
num_leaves=5
num_cat=0
split_feature=6 13 13 16
split_gain=0.417218 0.843566 0.620454 0.401608
threshold=-0.3765182186235127 0.85114667067068395 0.79491277500152491 -0.39304790792478306
decision_type=2 2 2 2
left_child=2 3 -1 -2
right_child=1 -3 -4 -5
leaf_value=0.0065070697603282629 0.002119808284346378 0.0046325743981519675 -0.0033545850553484079 -0.0066599313574820587
leaf_weight=5.1413458026945618 0.93730465695261855 2.4842336885631076 1.579642806202173 11.794558465480803
leaf_count=52 12 24 14 107
internal_value=-0.000139344 -0.00254326 0.00356922 -0.00536539
internal_weight=21.9371 15.2161 6.72099 12.7319
internal_count=209 143 66 119
is_linear=0
shrinkage=0.03


Tree=99
num_leaves=5
num_cat=0
split_feature=1 4 14 4
split_gain=0.415591 0.476187 0.925176 0.488855
threshold=0.041224399262750684 -0.028657614528224736 1.1569951108808854 -0.048055306236855659
decision_type=2 2 2 2
left_child=1 3 -3 -1
right_child=-2 2 -4 -5
leaf_value=0.0029742677512991991 -0.0047888145855515792 0.0082498294110925074 -0.0024008318938213997 -0.0056484939671711436
leaf_weight=2.1061434037983418 2.0303100049495688 6.8065302148461324 6.8336761109530926 4.1580534279346528
leaf_count=16 15 85 52 41
internal_value=-0.000104573 0.00181483 0.00415547 -0.00270316
internal_weight=21.9347 19.9044 13.6402 6.2642
internal_count=209 194 137 57
is_linear=0
shrinkage=0.03


Tree=100
num_leaves=5
num_cat=0
split_feature=1 1 15 3
split_gain=0.409701 0.468162 0.632051 0.31244
threshold=0.041224399262750684 0.0024775047633731622 0.025013184346975494 0.027633428395196755
decision_type=2 2 2 2
left_child=1 2 -1 -3
right_child=-2 3 -4 -5
leaf_value=0.003002522271767896 -0.0047634780702091161 0.0070193096356959478 -0.0053224604290757127 -0.0014372687208440687
leaf_weight=7.5079157389700466 2.0330234095454207 4.7634247578680506 6.1911488994956017 1.4247397705912588
leaf_count=82 15 51 51 10
internal_value=-0.000116517 0.0017934 -0.00141815 0.00538718
internal_weight=21.9203 19.8872 13.6991 6.18816
internal_count=209 194 133 61
is_linear=0
shrinkage=0.03


Tree=101
num_leaves=5
num_cat=0
split_feature=1 4 14 4
split_gain=0.40404 0.464199 0.899425 0.479957
threshold=0.041224399262750684 -0.028657614528224736 1.1569951108808854 -0.048055306236855659
decision_type=2 2 2 2
left_child=1 3 -3 -1
right_child=-2 2 -4 -5
leaf_value=0.0029483733637261592 -0.0047382611495197314 0.0081352997669695646 -0.0023688548154168262 -0.0055957714942205302
leaf_weight=2.1015530079603195 2.0357072055339804 6.7709369584918004 6.8353387862443924 4.1648211367428365
leaf_count=16 15 85 52 41
internal_value=-0.000127095 0.00177329 0.00409027 -0.00267934
internal_weight=21.9084 19.8726 13.6063 6.26637
internal_count=209 194 137 57
is_linear=0
shrinkage=0.03


Tree=102
num_leaves=5
num_cat=0
split_feature=6 12 13 4
split_gain=0.402546 0.636842 0.70552 0.304389
threshold=0.68044965786901324 -0.71173074822458793 0.79491277500152491 -0.031304639656947346
decision_type=2 2 2 2
left_child=1 3 -3 -1
right_child=-2 2 -4 -5
leaf_value=-0.0060159525957642042 -0.0040077962501287564 0.0074453277746983557 -0.0024305336631181285 0.0017196797006618384
leaf_weight=1.8686510995030405 5.1773988939821711 9.012049235403536 4.0153027065098295 1.8205494210124058
leaf_count=16 44 97 36 16
internal_value=-0.000138438 0.00211152 0.00466777 -0.00373095
internal_weight=21.894 16.7166 13.0274 3.6892
internal_count=209 165 133 32
is_linear=0
shrinkage=0.03


Tree=103
num_leaves=5
num_cat=0
split_feature=6 13 13 16
split_gain=0.398974 0.821393 0.603085 0.386741
threshold=-0.3765182186235127 0.85114667067068395 0.78215279479014421 -0.39304790792478306
decision_type=2 2 2 2
left_child=2 3 -1 -2
right_child=1 -3 -4 -5
leaf_value=0.0065106835039111226 0.0020749914385874268 0.0045762114902391411 -0.0031677791967815463 -0.0065596774735719775
leaf_weight=4.7215960100293186 0.92811568826436897 2.4700295142829409 1.9625985026359556 11.793772432953118
leaf_count=48 12 24 18 107
internal_value=-0.000165205 -0.00250949 0.00347351 -0.00529377
internal_weight=21.8761 15.1919 6.68419 12.7219
internal_count=209 143 66 119
is_linear=0
shrinkage=0.03


Tree=104
num_leaves=5
num_cat=0
split_feature=1 4 14 4
split_gain=0.399325 0.455561 0.863831 0.475672
threshold=0.041224399262750684 -0.028657614528224736 1.1569951108808854 -0.048055306236855659
decision_type=2 2 2 2
left_child=1 3 -3 -1
right_child=-2 2 -4 -5
leaf_value=0.0029442069832183778 -0.0047109288300503319 0.0080252206997325926 -0.0022906546591073855 -0.0055566470359392755
leaf_weight=2.0992189794778824 2.0356014519929877 6.7338398881256563 6.8401703275740147 4.1660468541085782
leaf_count=16 15 85 52 41
internal_value=-0.00012782 0.0017636 0.00406031 -0.0026494
internal_weight=21.8749 19.8393 13.574 6.26527
internal_count=209 194 137 57
is_linear=0
shrinkage=0.03


Tree=105
num_leaves=5
num_cat=0
split_feature=1 1 15 3
split_gain=0.393722 0.453447 0.613083 0.299825
threshold=0.041224399262750684 0.0024775047633731622 0.34818180804820392 0.027633428395196755
decision_type=2 2 2 2
left_child=1 2 -1 -3
right_child=-2 3 -4 -5
leaf_value=0.0023079026284035255 -0.0046859944361920883 0.0068890191306801114 -0.0060838333651449658 -0.0014044359353253138
leaf_weight=10.429118476808076 2.0382104739546767 4.7258081119507542 3.2420187555253497 1.4253322854638097
leaf_count=109 15 51 24 10
internal_value=-0.000138874 0.00174321 -0.00141158 0.00528757
internal_weight=21.8605 19.8223 13.6711 6.15114
internal_count=209 194 133 61
is_linear=0
shrinkage=0.03


Tree=106
num_leaves=5
num_cat=0
split_feature=1 1 15 3
split_gain=0.386482 0.44754 0.600934 0.29579
threshold=0.041224399262750684 0.0024775047633731622 0.34818180804820392 0.027633428395196755
decision_type=2 2 2 2
left_child=1 2 -1 -3
right_child=-2 3 -4 -5
leaf_value=0.0022734806354659746 -0.0046611785272283723 0.006829410342777213 -0.0060376694536375926 -0.0013991367701823027
leaf_weight=10.420942362397914 2.0407907888293257 4.7115432005375615 3.2452142350375643 1.4256783127784727
leaf_count=109 15 51 24 10
internal_value=-0.000162755 0.00170925 -0.00141737 0.00523542
internal_weight=21.8442 19.8034 13.6662 6.13722
internal_count=209 194 133 61
is_linear=0
shrinkage=0.03


Tree=107
num_leaves=5
num_cat=0
split_feature=6 13 13 16
split_gain=0.381801 0.800876 0.594746 0.373834
threshold=-0.3765182186235127 0.85114667067068395 0.78215279479014421 -0.39304790792478306
decision_type=2 2 2 2
left_child=2 3 -1 -2
right_child=1 -3 -4 -5
leaf_value=0.0064191086529918643 0.0020372910913473365 0.0045257501543277401 -0.0031743447123253562 -0.0064642617209036317
leaf_weight=4.693118683993819 0.92098547704517741 2.4567923545837393 1.9602943323552606 11.796741187572477
leaf_count=48 12 24 18 107
internal_value=-0.000186115 -0.0024737 0.00338373 -0.00522282
internal_weight=21.8279 15.1745 6.65341 12.7177
internal_count=209 143 66 119
is_linear=0
shrinkage=0.03


Tree=108
num_leaves=5
num_cat=0
split_feature=1 4 14 4
split_gain=0.382265 0.44969 0.820949 0.465876
threshold=0.041224399262750684 -0.028657614528224736 1.1569951108808854 -0.048055306236855659
decision_type=2 2 2 2
left_child=1 3 -3 -1
right_child=-2 2 -4 -5
leaf_value=0.0028992455264193425 -0.0046246608821576551 0.0078723395683072996 -0.0022058037064968524 -0.0055260018110977445
leaf_weight=2.0915094874799252 2.0429436936974517 6.6826233435422164 6.8440581634640694 4.1653522178530755
leaf_count=16 15 85 52 41
internal_value=-0.000148915 0.00171085 0.00400297 -0.00265866
internal_weight=21.8265 19.7835 13.5267 6.25686
internal_count=209 194 137 57
is_linear=0
shrinkage=0.03


Tree=109
num_leaves=5
num_cat=0
split_feature=6 12 13 6
split_gain=0.37822 0.621748 1.07005 0.49417
threshold=0.68044965786901324 -0.59732067799505018 0.79491277500152491 -0.62622549019607932
decision_type=2 2 2 2
left_child=1 3 -3 -1
right_child=-2 2 -4 -5
leaf_value=0.0026064236657445741 -0.0039033068384310421 0.0084370342393479472 -0.0035494001627382984 -0.0064869591848859699
leaf_weight=2.1930258236825466 5.1712049618363372 8.1261634137481433 3.6801396384835252 2.6416544802486941
leaf_count=17 44 91 34 23
internal_value=-0.000159335 0.00203255 0.00478645 -0.0033857
internal_weight=21.8122 16.641 11.8063 4.83468
internal_count=209 165 125 40
is_linear=0
shrinkage=0.03


Tree=110
num_leaves=5
num_cat=0
split_feature=1 4 14 1
split_gain=0.373875 0.439738 0.804541 0.460914
threshold=0.041224399262750684 -0.028657614528224736 1.1569951108808854 0.0024775047633731622
decision_type=2 2 2 2
left_child=1 3 -3 -1
right_child=-2 2 -4 -5
leaf_value=-0.0053393831779248524 -0.0045995748327048638 0.0077798051774183698 -0.0021943104690152482 0.0030755307550581826
leaf_weight=4.7031112387776437 2.0436859726905814 6.6520583443343622 6.8431388922035694 1.5522834174335001
leaf_count=43 15 85 52 14
internal_value=-0.000181834 0.00166768 0.00394083 -0.00264381
internal_weight=21.7943 19.7506 13.4952 6.25539
internal_count=209 194 137 57
is_linear=0
shrinkage=0.03


Tree=111
num_leaves=5
num_cat=0
split_feature=1 1 15 3
split_gain=0.369105 0.431417 0.581446 0.283045
threshold=0.041224399262750684 0.0024775047633731622 0.025013184346975494 0.027633428395196755
decision_type=2 2 2 2
left_child=1 2 -1 -3
right_child=-2 3 -4 -5
leaf_value=0.0028590019094356938 -0.0045752090906201262 0.0066860073143898005 -0.0051397090650871719 -0.0013675804855369867
leaf_weight=7.4469677433371597 2.046151638031005 4.6703587025403968 6.1905491538345814 1.4260526150465009
leaf_count=82 15 51 51 10
internal_value=-0.0001884 0.0016522 -0.00141021 0.00512289
internal_weight=21.7801 19.7339 13.6375 6.09641
internal_count=209 194 133 61
is_linear=0
shrinkage=0.03


Tree=112
num_leaves=5
num_cat=0
split_feature=6 12 13 6
split_gain=0.36689 0.604614 1.04797 0.482964
threshold=0.68044965786901324 -0.59732067799505018 0.79491277500152491 -0.62622549019607932
decision_type=2 2 2 2
left_child=1 3 -3 -1
right_child=-2 2 -4 -5
leaf_value=0.0025752541064460927 -0.0038751946066082352 0.0083239564214905998 -0.0035298383031024411 -0.0064185357163956472
leaf_weight=2.185716524720192 5.1677552796900263 8.0901213623583299 3.6791720278561124 2.6455634161829993
leaf_count=17 44 91 34 23
internal_value=-0.000197258 0.00197407 0.0046991 -0.00335674
internal_weight=21.7683 16.6006 11.7693 4.83128
internal_count=209 165 125 40
is_linear=0
shrinkage=0.03


Tree=113
num_leaves=5
num_cat=0
split_feature=1 2 17 5
split_gain=0.361154 0.429219 0.594105 0.583924
threshold=0.041224399262750684 -0.76004378426692998 0.58333333333333348 0.51029032177824762
decision_type=2 2 2 2
left_child=1 3 -3 -1
right_child=-2 2 -4 -5
leaf_value=-0.0047537718588238961 -0.0045502875314542661 0.0070198687002777658 -0.0030001352909971237 0.0036541709277233265
leaf_weight=8.151714392006399 2.0468163415789595 6.9070626404136419 1.2089962065219877 3.4358962066471586
leaf_count=74 15 81 15 24
internal_value=-0.000218947 0.00161141 0.00469511 -0.00172284
internal_weight=21.7505 19.7037 8.11606 11.5876
internal_count=209 194 96 98
is_linear=0
shrinkage=0.03


Tree=114
num_leaves=5
num_cat=0
split_feature=6 13 13 16
split_gain=0.362799 0.783475 0.570868 0.357697
threshold=-0.3765182186235127 0.85114667067068395 0.78215279479014421 -0.39304790792478306
decision_type=2 2 2 2
left_child=2 3 -1 -2
right_child=1 -3 -4 -5
leaf_value=0.0062630432396023478 0.001979690775884042 0.0044796151760191569 -0.0031267711449754318 -0.0063742451543290978
leaf_weight=4.6428723633289364 0.90851243585348029 2.4440175481140605 1.9635997638106344 11.786173865199087
leaf_count=48 12 24 18 107
internal_value=-0.00022772 -0.00244764 0.0032699 -0.00516751
internal_weight=21.7452 15.1387 6.60647 12.6947
internal_count=209 143 66 119
is_linear=0
shrinkage=0.03


Tree=115
num_leaves=5
num_cat=0
split_feature=1 4 14 4
split_gain=0.359023 0.424003 0.771555 0.458054
threshold=0.041224399262750684 -0.028657614528224736 1.1569951108808854 -0.048055306236855659
decision_type=2 2 2 2
left_child=1 3 -3 -1
right_child=-2 2 -4 -5
leaf_value=0.0028926536687229926 -0.0045143615302140937 0.0076340870536584504 -0.0021429572156395995 -0.0054520653873200917
leaf_weight=2.0856436677277088 2.0487330853939048 6.5994080379605276 6.8433491364121437 4.1664580106735292
leaf_count=16 15 85 52 41
internal_value=-0.000190352 0.00162822 0.00386587 -0.00260132
internal_weight=21.7436 19.6949 13.4428 6.2521
internal_count=209 194 137 57
is_linear=0
shrinkage=0.03


Tree=116
num_leaves=5
num_cat=0
split_feature=1 1 3 3
split_gain=0.354073 0.420014 0.570572 0.274836
threshold=0.041224399262750684 0.0024775047633731622 -0.039059436034713353 0.027633428395196755
decision_type=2 2 2 2
left_child=1 2 -1 -3
right_child=-2 3 -4 -5
leaf_value=-0.0063447306344263507 -0.0044904425490866484 0.0065848782271848184 0.0019412204984437776 -0.0013492568321774531
leaf_weight=1.8820314742624784 2.0510873794555655 4.6400650311261407 11.730625277385117 1.42572870478034
leaf_count=15 15 51 118 10
internal_value=-0.00019957 0.00161 -0.00140621 0.00504095
internal_weight=21.7295 19.6785 13.6127 6.06579
internal_count=209 194 133 61
is_linear=0
shrinkage=0.03


Tree=117
num_leaves=5
num_cat=0
split_feature=6 12 13 4
split_gain=0.353041 0.58742 0.664737 0.291535
threshold=0.68044965786901324 -0.71173074822458793 0.79491277500152491 -0.031304639656947346
decision_type=2 2 2 2
left_child=1 3 -3 -1
right_child=-2 2 -4 -5
leaf_value=-0.0058856624259759566 -0.0038277157241706824 0.0071294718377725528 -0.0024202597290945375 0.0016882686245179384
leaf_weight=1.8685831539332869 5.1638617366552344 8.8820345774292928 3.9993374831974515 1.8006865419447464
leaf_count=16 44 97 36 16
internal_value=-0.000228217 0.00191352 0.00440257 -0.00365285
internal_weight=21.7145 16.5506 12.8814 3.66927
internal_count=209 165 133 32
is_linear=0
shrinkage=0.03


Tree=118
num_leaves=5
num_cat=0
split_feature=6 13 13 12
split_gain=0.348552 0.76721 0.558118 0.354984
threshold=-0.3765182186235127 0.85114667067068395 0.78215279479014421 0.71045354934653082
decision_type=2 2 2 2
left_child=2 3 -1 -2
right_child=1 -3 -4 -5
leaf_value=0.006162865013996004 -0.0068697451068781426 0.0044360793551360472 -0.0031104954157947511 0.001065950382721375
leaf_weight=4.6106726359576014 9.0084887240082008 2.434787292033433 1.9643267281353471 3.6788416877388945
leaf_count=48 88 24 18 31
internal_value=-0.000252773 -0.0024218 0.00318725 -0.0051131
internal_weight=21.6971 15.1221 6.575 12.6873
internal_count=209 143 66 119
is_linear=0
shrinkage=0.03


Tree=119
num_leaves=5
num_cat=0
split_feature=1 1 3 3
split_gain=0.347301 0.417715 0.558091 0.269698
threshold=0.041224399262750684 0.0024775047633731622 -0.039059436034713353 0.027633428395196755
decision_type=2 2 2 2
left_child=1 2 -1 -3
right_child=-2 3 -4 -5
leaf_value=-0.0063012690308638921 -0.0044713431571345597 0.0065308463789498774 0.0018997322039691865 -0.0013343768902634623
leaf_weight=1.883866991847756 2.050544708967208 4.6229069121181956 11.713119290769102 1.4259754531085489
leaf_count=15 15 51 118 10
internal_value=-0.000229144 0.00157253 -0.00142537 0.00500056
internal_weight=21.6964 19.6459 13.597 6.04888
internal_count=209 194 133 61
is_linear=0
shrinkage=0.03


Tree=120
num_leaves=5
num_cat=0
split_feature=6 12 13 6
split_gain=0.34026 0.574468 1.01754 0.455014
threshold=0.68044965786901324 -0.59732067799505018 0.79491277500152491 -0.62622549019607932
decision_type=2 2 2 2
left_child=1 3 -3 -1
right_child=-2 2 -4 -5
leaf_value=0.0024832953866201555 -0.0037822973740161562 0.0081302223555645373 -0.0035256016546443862 -0.0062693835482841341
leaf_weight=2.1645206734538078 5.1664815545082083 8.0241493210196477 3.6744520254433164 2.6519221179187342
leaf_count=17 44 91 34 23
internal_value=-0.000257125 0.00185623 0.00453161 -0.00331467
internal_weight=21.6815 16.515 11.6986 4.81644
internal_count=209 165 125 40
is_linear=0
shrinkage=0.03


Tree=121
num_leaves=5
num_cat=0
split_feature=1 1 15 3
split_gain=0.337388 0.414785 0.550494 0.265509
threshold=0.041224399262750684 0.0024775047633731622 0.025013184346975494 0.027633428395196755
decision_type=2 2 2 2
left_child=1 2 -1 -3
right_child=-2 3 -4 -5
leaf_value=0.0027358806887104407 -0.004446863505330175 0.0064615496776886643 -0.0050659456061616839 -0.0013300222190392938
leaf_weight=7.4011549092829281 2.0510202050209037 4.6042873058468095 6.1815573386847973 1.4257816374301908
leaf_count=82 15 51 51 10
internal_value=-0.000277505 0.00151294 -0.00145731 0.00493883
internal_weight=21.6638 19.6128 13.5827 6.03007
internal_count=209 194 133 61
is_linear=0
shrinkage=0.03


Tree=122
num_leaves=5
num_cat=0
split_feature=1 2 5 17
split_gain=0.332854 0.413264 0.57972 0.57552
threshold=0.041224399262750684 -0.76004378426692998 0.51029032177824762 0.58333333333333348
decision_type=2 2 2 2
left_child=1 2 -1 -3
right_child=-2 3 -4 -5
leaf_value=-0.0047638620986734988 -0.004423316414489036 0.0068513033332040897 0.0036245770321695573 -0.0029816471636109703
leaf_weight=8.1235254313796776 2.0532808229327193 6.8439835254102945 3.4234399646520624 1.2081270925700662
leaf_count=74 15 81 24 15
internal_value=-0.0002848 0.0014967 -0.00174891 0.00454155
internal_weight=21.6524 19.5991 11.547 8.05211
internal_count=209 194 98 96
is_linear=0
shrinkage=0.03


Tree=123
num_leaves=5
num_cat=0
split_feature=6 13 13 11
split_gain=0.336444 0.756298 0.544418 0.354951
threshold=-0.3765182186235127 0.85114667067068395 0.78215279479014421 0.062083631509771871
decision_type=2 2 2 2
left_child=2 3 -1 -2
right_child=1 -3 -4 -5
leaf_value=0.0060583072836562528 0.00086678159997479235 0.0044017235360045296 -0.0030901706979846143 -0.0070014041167222839
leaf_weight=4.5768120232969549 4.4252455569803706 2.4274558015167704 1.9657586552202699 8.2519579883664829
leaf_count=48 43 24 18 76
internal_value=-0.000292253 -0.00241324 0.00310318 -0.00508377
internal_weight=21.6472 15.1047 6.54257 12.6772
internal_count=209 143 66 119
is_linear=0
shrinkage=0.03


Tree=124
num_leaves=5
num_cat=0
split_feature=1 4 14 4
split_gain=0.330367 0.40874 0.735108 0.454801
threshold=0.041224399262750684 -0.028657614528224736 1.1569951108808854 -0.048055306236855659
decision_type=2 2 2 2
left_child=1 3 -3 -1
right_child=-2 2 -4 -5
leaf_value=0.0028725286130443606 -0.0043967166241138857 0.0074190314756205 -0.002118270415066438 -0.0054534409911292311
leaf_weight=2.0770188122987747 2.0547213032841674 6.5200758781284076 6.8382960818707943 4.1531255021691384
leaf_count=16 15 85 52 41
internal_value=-0.000271715 0.00150069 0.00372008 -0.00261807
internal_weight=21.6432 19.5885 13.3584 6.23014
internal_count=209 194 137 57
is_linear=0
shrinkage=0.03


Tree=125
num_leaves=5
num_cat=0
split_feature=6 13 13 12
split_gain=0.326458 0.737616 0.535876 0.354126
threshold=-0.3765182186235127 0.85114667067068395 0.78215279479014421 0.71045354934653082
decision_type=2 2 2 2
left_child=2 3 -1 -2
right_child=1 -3 -4 -5
leaf_value=0.0060031070220924196 -0.0067701375005281474 0.0043578305832580452 -0.0030707143897625833 0.0011014009694363363
leaf_weight=4.5601102709770229 9.0066011212766153 2.4182629212737075 1.9675150439143179 3.6771246977150431
leaf_count=48 88 24 18 31
internal_value=-0.00027947 -0.0023702 0.00306499 -0.00500858
internal_weight=21.6296 15.102 6.52763 12.6837
internal_count=209 143 66 119
is_linear=0
shrinkage=0.03


Tree=126
num_leaves=5
num_cat=0
split_feature=1 1 3 3
split_gain=0.328075 0.40344 0.545083 0.258545
threshold=0.041224399262750684 0.0024775047633731622 -0.039059436034713353 0.027633428395196755
decision_type=2 2 2 2
left_child=1 2 -1 -3
right_child=-2 3 -4 -5
leaf_value=-0.0062402790073344096 -0.0043687715149952309 0.0063903625954204813 0.0018693735074345207 -0.001308446154415316
leaf_weight=1.8853984959423566 2.0563597381114951 4.5807437375187865 11.680446634069087 1.425835710018873
leaf_count=15 15 51 118 10
internal_value=-0.000255612 0.00150772 -0.00142746 0.00488712
internal_weight=21.6288 19.5724 13.5658 6.00658
internal_count=209 194 133 61
is_linear=0
shrinkage=0.03


Tree=127
num_leaves=5
num_cat=0
split_feature=6 12 13 6
split_gain=0.324756 0.558523 1.00267 0.430789
threshold=0.68044965786901324 -0.59732067799505018 0.79491277500152491 -0.62622549019607932
decision_type=2 2 2 2
left_child=1 3 -3 -1
right_child=-2 2 -4 -5
leaf_value=0.0023950837625137784 -0.0037189209332256778 0.0080301496922286011 -0.0035279920045846094 -0.006148724283638927
leaf_weight=2.1445895843207836 5.1619687601923934 7.9828245844691992 3.6678203009068966 2.6568627618253275
leaf_count=17 44 91 34 23
internal_value=-0.00028271 0.00179375 0.00444258 -0.00329267
internal_weight=21.6141 16.4521 11.6506 4.80145
internal_count=209 165 125 40
is_linear=0
shrinkage=0.03


Tree=128
num_leaves=5
num_cat=0
split_feature=15 15 12 13
split_gain=0.319208 0.603144 0.542086 0.381281
threshold=-0.036099892709313894 -0.1545207447532331 0.5757000440943415 0.39176449546144593
decision_type=2 2 2 2
left_child=1 2 -1 -2
right_child=3 -3 -4 -5
leaf_value=-0.0046556364988479572 -0.0060430471682389342 0.0070203265498359245 0.0040166131966443879 0.0011892341975305197
leaf_weight=7.2308757118880731 3.3332948684692365 2.1226359866559532 1.2303945403546093 7.6791881024837494
leaf_count=84 24 21 11 69
internal_value=-0.000302462 0.00242871 -0.00190196 -0.00283398
internal_weight=21.5964 10.5839 8.46127 11.0125
internal_count=209 116 95 93
is_linear=0
shrinkage=0.03


Tree=129
num_leaves=5
num_cat=0
split_feature=15 15 12 13
split_gain=0.31982 0.590652 0.533731 0.37442
threshold=-0.036099892709313894 -0.1545207447532331 0.5757000440943415 0.39176449546144593
decision_type=2 2 2 2
left_child=1 2 -1 -2
right_child=3 -3 -4 -5
leaf_value=-0.0045934156527738905 -0.0059961022005120329 0.0069868549475554089 0.0040038635654103113 0.0011739130246759481
leaf_weight=7.244211442768572 3.3368487693369371 2.1168150119483498 1.2291452307254074 7.6765851899981499
leaf_count=84 24 21 11 69
internal_value=-0.000278758 0.00244819 -0.00185401 -0.00281812
internal_weight=21.6036 10.5902 8.47336 11.0134
internal_count=209 116 95 93
is_linear=0
shrinkage=0.03


Tree=130
num_leaves=5
num_cat=0
split_feature=15 15 12 13
split_gain=0.320379 0.578404 0.525515 0.367685
threshold=-0.036099892709313894 -0.1545207447532331 0.5757000440943415 0.39176449546144593
decision_type=2 2 2 2
left_child=1 2 -1 -2
right_child=3 -3 -4 -5
leaf_value=-0.004532023242675166 -0.0059495206760203862 0.0069536257191835198 0.0039911675490118762 0.0011587898026919475
leaf_weight=7.257336672395466 3.3403273485600931 2.1109970882535007 1.2278928272426126 7.6740123257040977
leaf_count=84 24 21 11 69
internal_value=-0.000255326 0.0024673 -0.00180675 -0.00280228
internal_weight=21.6106 10.5962 8.48523 11.0143
internal_count=209 116 95 93
is_linear=0
shrinkage=0.03


Tree=131
num_leaves=5
num_cat=0
split_feature=1 4 14 4
split_gain=0.321172 0.399314 0.718035 0.447163
threshold=0.041224399262750684 -0.028657614528224736 1.1569951108808854 -0.048055306236855659
decision_type=2 2 2 2
left_child=1 3 -3 -1
right_child=-2 2 -4 -5
leaf_value=0.0028608842366312586 -0.004305564182847217 0.007355970096312568 -0.00208097490067862 -0.0053882605264314329
leaf_weight=2.0723719522356987 2.0582183226943007 6.4960605818778259 6.8356983438134193 4.1549266129732194
leaf_count=16 15 85 52 41
internal_value=-0.000232162 0.00150807 0.00369924 -0.00257176
internal_weight=21.6173 19.5591 13.3318 6.2273
internal_count=209 194 137 57
is_linear=0
shrinkage=0.03


Tree=132
num_leaves=5
num_cat=0
split_feature=15 15 12 13
split_gain=0.318697 0.569982 0.519484 0.358914
threshold=-0.036099892709313894 -0.1545207447532331 0.5757000440943415 0.39176449546144593
decision_type=2 2 2 2
left_child=1 2 -1 -2
right_child=3 -3 -4 -5
leaf_value=-0.0044931029866600919 -0.0058902711273996567 0.0069234826280331584 0.003977768626719831 0.0011381199788210502
leaf_weight=7.2617299500852805 3.3433618545532209 2.1050572507083443 1.2258313018828628 7.6675324365496635
leaf_count=84 24 21 11 69
internal_value=-0.000239975 0.00247196 -0.00177984 -0.00278371
internal_weight=21.6035 10.5926 8.48756 11.0109
internal_count=209 116 95 93
is_linear=0
shrinkage=0.03


Tree=133
num_leaves=5
num_cat=0
split_feature=15 15 12 13
split_gain=0.319177 0.558145 0.51151 0.352465
threshold=-0.036099892709313894 -0.1545207447532331 0.5757000440943415 0.39176449546144593
decision_type=2 2 2 2
left_child=1 2 -1 -2
right_child=3 -3 -4 -5
leaf_value=-0.0044330693767130865 -0.0058445250970312499 0.0068907175872227576 0.0039651880829264094 0.0011234632647117999
leaf_weight=7.2744952756911498 3.3466662988066656 2.0992517843842533 1.2245755307376383 7.6650330014526844
leaf_count=84 24 21 11 69
internal_value=-0.000216952 0.00249054 -0.00173368 -0.00276793
internal_weight=21.61 10.5983 8.49907 11.0117
internal_count=209 116 95 93
is_linear=0
shrinkage=0.03


Tree=134
num_leaves=5
num_cat=0
split_feature=15 15 12 13
split_gain=0.319607 0.54654 0.50367 0.346133
threshold=-0.036099892709313894 -0.1545207447532331 0.5757000440943415 0.39176449546144593
decision_type=2 2 2 2
left_child=1 2 -1 -2
right_child=3 -3 -4 -5
leaf_value=-0.0043738351124232707 -0.0057991337859545503 0.0068581884115768814 0.0039526600681458971 0.0011089961112707132
leaf_weight=7.2870591655373556 3.3498993366956693 2.0934508629143265 1.2233169060200451 7.66256258264184
leaf_count=84 24 21 11 69
internal_value=-0.000194196 0.00250878 -0.00168818 -0.00275218
internal_weight=21.6163 10.6038 8.51038 11.0125
internal_count=209 116 95 93
is_linear=0
shrinkage=0.03


Tree=135
num_leaves=5
num_cat=0
split_feature=15 15 16 13
split_gain=0.319988 0.535163 0.502651 0.339918
threshold=-0.036099892709313894 -0.1545207447532331 -0.15011051399032785 0.39176449546144593
decision_type=2 2 2 2
left_child=1 2 -1 -2
right_child=3 -3 -4 -5
leaf_value=0.0032443989865181292 -0.0057540944724515123 0.0068258931892117144 -0.0048885388682128059 0.0010947163533797826
leaf_weight=3.4012546315789214 3.3530619665980321 2.0876549035310772 5.1202256698161355 7.6601208709180355
leaf_count=47 24 21 48 69
internal_value=-0.000171705 0.00252666 -0.00164332 -0.00273647
internal_weight=21.6223 10.6091 8.52148 11.0132
internal_count=209 116 95 93
is_linear=0
shrinkage=0.03


Tree=136
num_leaves=5
num_cat=0
split_feature=1 1 15 3
split_gain=0.319626 0.392764 0.533525 0.247462
threshold=0.041224399262750684 0.0024775047633731622 0.025013184346975494 0.027633428395196755
decision_type=2 2 2 2
left_child=1 2 -1 -3
right_child=-2 3 -4 -5
leaf_value=0.0027426365272119856 -0.0042398674897111167 0.0063441968447302179 -0.004928458325028218 -0.0012524648996783834
leaf_weight=7.3839148264378363 2.0608662962913504 4.5667636580765238 6.1826961487531662 1.4241809919476507
leaf_count=82 15 51 51 10
internal_value=-0.000161565 0.00155723 -0.00136116 0.00488439
internal_weight=21.6184 19.5576 13.5666 5.99094
internal_count=209 194 133 61
is_linear=0
shrinkage=0.03


Tree=137
num_leaves=5
num_cat=0
split_feature=6 11 4 12
split_gain=0.318698 0.552279 0.655842 0.436369
threshold=0.68044965786901324 -0.49232506327184639 -0.048055306236855659 -0.59732067799505018
decision_type=2 2 2 2
left_child=1 2 -1 -3
right_child=-2 3 -4 -5
leaf_value=0.0034723115619182858 -0.0035973196936420616 -0.0018795527698047853 -0.0069263210949540811 0.0063657664469178579
leaf_weight=1.5904221907258032 5.1630510911345473 2.9963717684149787 2.7457510158419653 9.11099368333816
leaf_count=12 44 27 32 94
internal_value=-0.00016937 0.00186031 -0.00335066 0.00439803
internal_weight=21.6066 16.4435 4.33617 12.1074
internal_count=209 165 44 121
is_linear=0
shrinkage=0.03


Tree=138
num_leaves=5
num_cat=0
split_feature=1 2 17 5
split_gain=0.312798 0.390588 0.558621 0.548981
threshold=0.041224399262750684 -0.76004378426692998 0.58333333333333348 0.51029032177824762
decision_type=2 2 2 2
left_child=1 3 -3 -1
right_child=-2 2 -4 -5
leaf_value=-0.0046027158415060474 -0.0042160559565634984 0.0067543483521339273 -0.0029361786157868974 0.0035568867983873762
leaf_weight=8.1138492990285176 2.0616255402564994 6.804961146786809 1.2098283432424066 3.4032103791832933
leaf_count=74 15 81 15 24
internal_value=-0.000188621 0.00152017 0.00447369 -0.00165911
internal_weight=21.5935 19.5318 8.01479 11.5171
internal_count=209 194 96 98
is_linear=0
shrinkage=0.03


Tree=139
num_leaves=5
num_cat=0
split_feature=6 12 13 6
split_gain=0.309709 0.537314 0.991119 0.421123
threshold=0.68044965786901324 -0.59732067799505018 0.79491277500152491 -0.62622549019607932
decision_type=2 2 2 2
left_child=1 3 -3 -1
right_child=-2 2 -4 -5
leaf_value=0.0023935512125404534 -0.0035686050740869465 0.007974077025111671 -0.0035159143181506922 -0.0060332325728168238
leaf_weight=2.1391835883259773 5.1640605814754954 7.9643952939659357 3.6627211980521679 2.6572916544973895
leaf_count=17 44 91 34 23
internal_value=-0.000196617 0.00181292 0.00440246 -0.00319729
internal_weight=21.5877 16.4236 11.6271 4.79648
internal_count=209 165 125 40
is_linear=0
shrinkage=0.03


Tree=140
num_leaves=5
num_cat=0
split_feature=1 1 15 3
split_gain=0.306006 0.38908 0.514244 0.245824
threshold=0.041224399262750684 0.0024775047633731622 0.025013184346975494 0.027633428395196755
decision_type=2 2 2 2
left_child=1 2 -1 -3
right_child=-2 3 -4 -5
leaf_value=0.0026555224978468931 -0.0041932015475678501 0.0062691522479686292 -0.004888415157919138 -0.0012656032040035384
leaf_weight=7.3594489675015264 2.0616313442587844 4.5453996770083895 6.1807562932372093 1.4223766922950742
leaf_count=82 15 51 51 10
internal_value=-0.00021684 0.00148202 -0.00140185 0.00480537
internal_weight=21.5696 19.508 13.5402 5.96778
internal_count=209 194 133 61
is_linear=0
shrinkage=0.03


Tree=141
num_leaves=5
num_cat=0
split_feature=1 1 3 3
split_gain=0.301913 0.381451 0.511705 0.242569
threshold=0.041224399262750684 0.0024775047633731622 -0.039059436034713353 0.027633428395196755
decision_type=2 2 2 2
left_child=1 2 -1 -3
right_child=-2 3 -4 -5
leaf_value=-0.0060445047396783082 -0.0041710193348709103 0.0062160705195101387 0.0018134212667842752 -0.0012608445288147757
leaf_weight=1.89883263781667 2.0635701045393935 4.5322811175137749 11.640625819563867 1.4226519763469694
leaf_count=15 15 51 118 10
internal_value=-0.00022387 0.00146647 -0.00138826 0.00475912
internal_weight=21.558 19.4944 13.5395 5.95493
internal_count=209 194 133 61
is_linear=0
shrinkage=0.03


Tree=142
num_leaves=5
num_cat=0
split_feature=6 11 4 12
split_gain=0.300311 0.529417 0.644948 0.413532
threshold=0.68044965786901324 -0.49232506327184639 -0.048055306236855659 -0.59732067799505018
decision_type=2 2 2 2
left_child=1 2 -1 -3
right_child=-2 3 -4 -5
leaf_value=0.0034446308661472461 -0.0035575817418101079 -0.0018418545897150979 -0.0068695590755218283 0.0061739493478737773
leaf_weight=1.5835713371634481 5.160416427999734 2.9953022710979029 2.7475220225751444 9.0564186498522705
leaf_count=12 44 27 32 94
internal_value=-0.000249982 0.00174542 -0.00332625 0.00424991
internal_weight=21.5432 16.3828 4.33109 12.0517
internal_count=209 165 44 121
is_linear=0
shrinkage=0.03


Tree=143
num_leaves=5
num_cat=0
split_feature=6 13 13 11
split_gain=0.301984 0.709479 0.519968 0.379474
threshold=-0.3765182186235127 0.85114667067068395 0.79491277500152491 0.062083631509771871
decision_type=2 2 2 2
left_child=2 3 -1 -2
right_child=1 -3 -4 -5
leaf_value=0.0057579994978201043 0.0010452533017591737 0.0043028826101040437 -0.0031953210656042769 -0.0068870830543016782
leaf_weight=4.8847032692283419 4.4187269248068324 2.4058192484080783 1.588327709585428 8.2327822893857938
leaf_count=52 43 24 14 76
internal_value=-0.00026771 -0.00227952 0.00295499 -0.00487824
internal_weight=21.5304 15.0573 6.47303 12.6515
internal_count=209 143 66 119
is_linear=0
shrinkage=0.03


Tree=144
num_leaves=5
num_cat=0
split_feature=15 15 12 13
split_gain=0.295562 0.547687 0.505037 0.326752
threshold=-0.036099892709313894 -0.1545207447532331 0.5757000440943415 0.39176449546144593
decision_type=2 2 2 2
left_child=1 2 -1 -2
right_child=3 -3 -4 -5
leaf_value=-0.0044458896781381894 -0.0056518227609222149 0.0067505324330875771 0.0039134149000983514 0.0010701094239841068
leaf_weight=7.2509214598685485 3.3490088731050474 2.072165850549939 1.217535253614187 7.6353213414549828
leaf_count=84 24 21 11 69
internal_value=-0.00024989 0.00237075 -0.00177583 -0.00269604
internal_weight=21.525 10.5406 8.46846 10.9843
internal_count=209 116 95 93
is_linear=0
shrinkage=0.03


Tree=145
num_leaves=5
num_cat=0
split_feature=15 15 12 13
split_gain=0.296128 0.53634 0.497301 0.3209
threshold=-0.036099892709313894 -0.1545207447532331 0.5757000440943415 0.39176449546144593
decision_type=2 2 2 2
left_child=1 2 -1 -2
right_child=3 -3 -4 -5
leaf_value=-0.0043866031066777207 -0.0056080496588598429 0.0067190257894701576 0.0039011185305520956 0.001056352780116603
leaf_weight=7.2634175065904838 3.3519048132002336 2.0664043836295631 1.2162707690149543 7.6329772472381592
leaf_count=84 24 21 11 69
internal_value=-0.000226722 0.00238988 -0.0017301 -0.00268057
internal_weight=21.531 10.5461 8.47969 10.9849
internal_count=209 116 95 93
is_linear=0
shrinkage=0.03


Tree=146
num_leaves=5
num_cat=0
split_feature=15 15 12 13
split_gain=0.296645 0.525215 0.489694 0.315156
threshold=-0.036099892709313894 -0.1545207447532331 0.5757000440943415 0.39176449546144593
decision_type=2 2 2 2
left_child=1 2 -1 -2
right_child=3 -3 -4 -5
leaf_value=-0.0043281038600297894 -0.0055646158772148669 0.0066877437619582789 0.0038888735791633862 0.0010427737706028162
leaf_weight=7.2757166773080808 3.3547358997166139 2.0606498457491425 1.2150038108229635 7.6306604817509651
leaf_count=84 24 21 11 69
internal_value=-0.000203826 0.00240866 -0.00168503 -0.00266515
internal_weight=21.5368 10.5514 8.49072 10.9854
internal_count=209 116 95 93
is_linear=0
shrinkage=0.03


Tree=147
num_leaves=5
num_cat=0
split_feature=1 4 14 4
split_gain=0.297293 0.385227 0.690296 0.426716
threshold=0.041224399262750684 -0.028657614528224736 1.1569951108808854 -0.048055306236855659
decision_type=2 2 2 2
left_child=1 3 -3 -1
right_child=-2 2 -4 -5
leaf_value=0.0027939508432294567 -0.0041064461479736886 0.0072330970083899068 -0.0020338029948836047 -0.0052699710046169119
leaf_weight=2.0581532530486584 2.0644053295254698 6.4444470629096013 6.8196671940386295 4.1556604318320813
leaf_count=16 15 85 52 41
internal_value=-0.0001812 0.00148675 0.00364236 -0.00252316
internal_weight=21.5423 19.4779 13.2641 6.21381
internal_count=209 194 137 57
is_linear=0
shrinkage=0.03


Tree=148
num_leaves=5
num_cat=0
split_feature=15 15 16 16
split_gain=0.29506 0.517677 0.487425 0.312441
threshold=-0.036099892709313894 -0.1545207447532331 -0.15011051399032785 0.46566727880389169
decision_type=2 2 2 2
left_child=1 2 -1 -2
right_child=3 -3 -4 -5
leaf_value=0.0031779557003070629 -0.0046172731959932441 0.0066594958167320679 -0.0048430274525442518 0.0019629368616178315
leaf_weight=3.3767031617462626 7.6824724413454515 2.0548140853643444 5.115579003468155 3.2988230027258396
leaf_count=47 70 21 48 23
internal_value=-0.000188899 0.00241321 -0.00165986 -0.00264712
internal_weight=21.5284 10.5471 8.49228 10.9813
internal_count=209 116 95 93
is_linear=0
shrinkage=0.03


Tree=149
num_leaves=5
num_cat=0
split_feature=1 4 14 4
split_gain=0.295958 0.376778 0.670098 0.419675
threshold=0.041224399262750684 -0.028657614528224736 1.1569951108808854 -0.048055306236855659
decision_type=2 2 2 2
left_child=1 3 -3 -1
right_child=-2 2 -4 -5
leaf_value=0.0027839937580028287 -0.0040811528510259548 0.0071644597606201187 -0.0019815417351817842 -0.0052044360661940509
leaf_weight=2.0562241673469543 2.0658063367009154 6.4222935661673528 6.8216381967067719 4.1646755933761659
leaf_count=16 15 85 52 41
internal_value=-0.000160892 0.00149905 0.00362779 -0.00247549
internal_weight=21.5306 19.4648 13.2439 6.2209
internal_count=209 194 137 57
is_linear=0
shrinkage=0.03


Tree=150
num_leaves=5
num_cat=0
split_feature=1 1 3 3
split_gain=0.291952 0.368961 0.502946 0.232511
threshold=0.041224399262750684 0.0024775047633731622 -0.039059436034713353 0.027633428395196755
decision_type=2 2 2 2
left_child=1 2 -1 -3
right_child=-2 3 -4 -5
leaf_value=-0.0059592224556174935 -0.004059574403990779 0.0061403836035562234 0.0018254162166084168 -0.0012185464166336115
leaf_weight=1.9050956070423151 2.0676105767488471 4.5073525700718156 11.615637641400101 1.4209553636610506
leaf_count=15 15 51 118 10
internal_value=-0.000168584 0.00148311 -0.00133872 0.00471888
internal_weight=21.5167 19.449 13.5207 5.92831
internal_count=209 194 133 61
is_linear=0
shrinkage=0.03


Tree=151
num_leaves=5
num_cat=0
split_feature=6 12 13 6
split_gain=0.289125 0.515103 0.974159 0.401533
threshold=0.68044965786901324 -0.59732067799505018 0.79491277500152491 -0.62622549019607932
decision_type=2 2 2 2
left_child=1 3 -3 -1
right_child=-2 2 -4 -5
leaf_value=0.0023326928804569369 -0.0034509767695728695 0.0078558925647283506 -0.0035214000207133178 -0.0059074626547775001
leaf_weight=2.1211368627846241 5.1560485474765292 7.9154792614281178 3.6513706184923649 2.6577929221093699
leaf_count=17 44 91 34 23
internal_value=-0.000194705 0.00175245 0.00429688 -0.00314641
internal_weight=21.5018 16.3458 11.5668 4.77893
internal_count=209 165 125 40
is_linear=0
shrinkage=0.03


Tree=152
num_leaves=5
num_cat=0
split_feature=15 15 12 13
split_gain=0.284262 0.520064 0.489154 0.306673
threshold=-0.036099892709313894 -0.1545207447532331 0.5757000440943415 0.39176449546144593
decision_type=2 2 2 2
left_child=1 2 -1 -2
right_child=3 -3 -4 -5
leaf_value=-0.0043442751553507599 -0.005480904612529168 0.0066177032932161744 0.0038750803419269398 0.0010350846603405441
leaf_weight=7.2553681600838882 3.3537090755999071 2.0460225455462959 1.212013281881809 7.6166579872369766
leaf_count=84 24 21 11 69
internal_value=-0.000214501 0.0023498 -0.0017065 -0.00262063
internal_weight=21.4838 10.5134 8.46738 10.9704
internal_count=209 116 95 93
is_linear=0
shrinkage=0.03


Tree=153
num_leaves=5
num_cat=0
split_feature=16 16 1 12
split_gain=0.285119 0.402328 0.758985 0.525755
threshold=-0.18297780373914294 1.0000000180025095e-35 0.0052185459577405178 0.5757000440943415
decision_type=2 2 2 2
left_child=-1 3 -3 -2
right_child=1 2 -4 -5
leaf_value=0.0034632209178783687 -0.007588359394030509 -0.0028442845077576084 0.0066265983992894757 0.002438524902641342
leaf_weight=3.3691934738308218 4.3715539127588299 9.607101805508135 2.8022321350872508 1.3391377590596674
leaf_count=46 42 84 23 14
internal_value=-0.000191755 -0.00186126 0.0012971 -0.00518155
internal_weight=21.4892 18.12 12.4093 5.71069
internal_count=209 163 107 56
is_linear=0
shrinkage=0.03


Tree=154
num_leaves=5
num_cat=0
split_feature=1 4 14 4
split_gain=0.288559 0.366725 0.654254 0.411058
threshold=0.041224399262750684 -0.028657614528224736 1.1569951108808854 -0.048055306236855659
decision_type=2 2 2 2
left_child=1 3 -3 -1
right_child=-2 2 -4 -5
leaf_value=0.0027603198623977125 -0.0040342174692063713 0.007080152768352433 -0.00196028722859738 -0.0051445018071700384
leaf_weight=2.0496410131454468 2.0671943798661223 6.3902933523058874 6.8169999532401562 4.1675033532083097
leaf_count=16 15 85 52 41
internal_value=-0.000165947 0.00147686 0.00357989 -0.00244333
internal_weight=21.4916 19.4244 13.2073 6.21714
internal_count=209 194 137 57
is_linear=0
shrinkage=0.03


Tree=155
num_leaves=5
num_cat=0
split_feature=1 2 17 5
split_gain=0.284674 0.362511 0.539115 0.533025
threshold=0.041224399262750684 -0.76004378426692998 0.58333333333333348 0.51029032177824762
decision_type=2 2 2 2
left_child=1 3 -3 -1
right_child=-2 2 -4 -5
leaf_value=-0.0045136989167226223 -0.0040128943358006828 0.0065772856218358359 -0.0029145766214746477 0.0035266868401702947
leaf_weight=8.0835246276110428 2.0689432546496382 6.7330630514770755 1.2070595882833002 3.3851123489439496
leaf_count=74 15 81 15 24
internal_value=-0.000173316 0.00146133 0.00431403 -0.0016032
internal_weight=21.4777 19.4088 7.94012 11.4686
internal_count=209 194 96 98
is_linear=0
shrinkage=0.03


Tree=156
num_leaves=5
num_cat=0
split_feature=6 13 3 11
split_gain=0.2828 0.676871 0.512071 0.384576
threshold=-0.3765182186235127 0.85114667067068395 -0.024147835634751303 0.062083631509771871
decision_type=2 2 2 2
left_child=2 3 -1 -2
right_child=1 -3 -4 -5
leaf_value=0.005937237566263587 0.0011379204590622829 0.0042528884638637346 -0.0028998107653420129 -0.0067396736618725132
leaf_weight=4.1114760413765907 4.4127017334103575 2.3927278630435458 2.3312144987285164 8.2235464043915254
leaf_count=36 43 24 30 76
internal_value=-0.000180809 -0.00214613 0.00292075 -0.00470132
internal_weight=21.4717 15.029 6.44269 12.6362
internal_count=209 143 66 119
is_linear=0
shrinkage=0.03


Tree=157
num_leaves=5
num_cat=0
split_feature=15 15 12 16
split_gain=0.284389 0.504713 0.480433 0.300612
threshold=-0.036099892709313894 -0.1545207447532331 0.5757000440943415 0.46566727880389169
decision_type=2 2 2 2
left_child=1 2 -1 -2
right_child=3 -3 -4 -5
leaf_value=-0.0042651727361197028 -0.0045138447746909949 0.0065851755476320807 0.0038699767373545865 0.0019366037903310904
leaf_weight=7.259196247905491 7.6765968017280084 2.03933032229543 1.2103169057518242 3.2849082052707672
leaf_count=84 70 21 11 23
internal_value=-0.000159213 0.00239172 -0.00163674 -0.0025791
internal_weight=21.4703 10.5088 8.46951 10.9615
internal_count=209 116 95 93
is_linear=0
shrinkage=0.03


Tree=158
num_leaves=5
num_cat=0
split_feature=1 16 6 4
split_gain=0.28451 0.366227 0.546507 0.309081
threshold=0.041224399262750684 0.2215867567630424 -0.62622549019607932 -0.028657614528224736
decision_type=2 2 2 2
left_child=1 3 -3 -1
right_child=-2 2 -4 -5
leaf_value=-0.0016288444550096148 -0.00396977988230004 0.00341196144162939 -0.0055125910107599058 0.0052579063285945722
leaf_weight=2.9237056933343455 2.0717411562800399 2.0894720405340195 4.568010125309228 9.8286433294415474
leaf_count=34 15 15 33 112
internal_value=-0.000119892 0.00150112 -0.00234481 0.00365705
internal_weight=21.4816 19.4098 6.65748 12.7523
internal_count=209 194 48 146
is_linear=0
shrinkage=0.03


Tree=159
num_leaves=5
num_cat=0
split_feature=6 12 13 6
split_gain=0.280791 0.511789 0.955168 0.386529
threshold=0.68044965786901324 -0.59732067799505018 0.79491277500152491 -0.62622549019607932
decision_type=2 2 2 2
left_child=1 3 -3 -1
right_child=-2 2 -4 -5
leaf_value=0.0022771173421679493 -0.0033600012533226103 0.0078203389479492187 -0.0034631075903052842 -0.005823974318909601
leaf_weight=2.1071088053286076 5.1531838700175276 7.8965374007821083 3.6522328890860081 2.6586998924613043
leaf_count=17 44 91 34 23
internal_value=-0.000139556 0.00176796 0.00430084 -0.00312578
internal_weight=21.4678 16.3146 11.5488 4.76581
internal_count=209 165 125 40
is_linear=0
shrinkage=0.03


end of trees

feature_importances:
Column_13=101
Column_6=83
Column_4=79
Column_15=75
Column_1=72
Column_12=51
Column_16=50
Column_14=47
Column_17=30
Column_3=28
Column_11=16
Column_2=4
Column_5=4

parameters:
[boosting: gbdt]
[objective: binary]
[metric: binary_logloss]
[tree_learner: serial]
[device_type: cpu]
[data_sample_strategy: bagging]
[data: ]
[valid: ]
[num_iterations: 160]
[learning_rate: 0.03]
[num_leaves: 5]
[num_threads: 4]
[seed: 20260725]
[deterministic: 1]
[force_col_wise: 1]
[force_row_wise: 0]
[histogram_pool_size: -1]
[max_depth: 3]
[min_data_in_leaf: 12]
[min_sum_hessian_in_leaf: 0.001]
[bagging_fraction: 1]
[pos_bagging_fraction: 1]
[neg_bagging_fraction: 1]
[bagging_freq: 0]
[bagging_seed: 21817]
[bagging_by_query: 0]
[feature_fraction: 1]
[feature_fraction_bynode: 1]
[feature_fraction_seed: 22070]
[extra_trees: 0]
[extra_seed: 28444]
[early_stopping_round: 0]
[early_stopping_min_delta: 0]
[first_metric_only: 0]
[max_delta_step: 0]
[lambda_l1: 0]
[lambda_l2: 10]
[linear_lambda: 0]
[min_gain_to_split: 0]
[drop_rate: 0.1]
[max_drop: 50]
[skip_drop: 0.5]
[xgboost_dart_mode: 0]
[uniform_drop: 0]
[drop_seed: 12683]
[top_rate: 0.2]
[other_rate: 0.1]
[min_data_per_group: 100]
[max_cat_threshold: 32]
[cat_l2: 10]
[cat_smooth: 10]
[max_cat_to_onehot: 4]
[top_k: 20]
[monotone_constraints: ]
[monotone_constraints_method: basic]
[monotone_penalty: 0]
[feature_contri: ]
[forcedsplits_filename: ]
[refit_decay_rate: 0.9]
[cegb_tradeoff: 1]
[cegb_penalty_split: 0]
[cegb_penalty_feature_lazy: ]
[cegb_penalty_feature_coupled: ]
[path_smooth: 0]
[interaction_constraints: ]
[verbosity: -1]
[saved_feature_importance_type: 0]
[use_quantized_grad: 0]
[num_grad_quant_bins: 4]
[quant_train_renew_leaf: 0]
[stochastic_rounding: 1]
[linear_tree: 0]
[max_bin: 31]
[max_bin_by_feature: ]
[min_data_in_bin: 3]
[bin_construct_sample_cnt: 200000]
[data_random_seed: 4449]
[is_enable_sparse: 1]
[enable_bundle: 1]
[use_missing: 1]
[zero_as_missing: 0]
[feature_pre_filter: 1]
[pre_partition: 0]
[two_round: 0]
[header: 0]
[label_column: ]
[weight_column: ]
[group_column: ]
[ignore_column: ]
[categorical_feature: ]
[forcedbins_filename: ]
[precise_float_parser: 0]
[parser_config_file: ]
[objective_seed: 26564]
[num_class: 1]
[is_unbalance: 0]
[scale_pos_weight: 1]
[sigmoid: 1]
[boost_from_average: 1]
[reg_sqrt: 0]
[alpha: 0.9]
[fair_c: 1]
[poisson_max_delta_step: 0.7]
[tweedie_variance_power: 1.5]
[lambdarank_truncation_level: 30]
[lambdarank_norm: 1]
[label_gain: ]
[lambdarank_position_bias_regularization: 0]
[eval_at: ]
[multi_error_top_k: 1]
[auc_mu_weights: ]
[num_machines: 1]
[local_listen_port: 12400]
[time_out: 120]
[machine_list_filename: ]
[machines: ]
[gpu_platform_id: -1]
[gpu_device_id: -1]
[gpu_device_id_list: ]
[gpu_use_dp: 0]
[num_gpu: 1]

end of parameters

pandas_categorical:null
