tree
version=v4
num_class=1
num_tree_per_iteration=1
label_index=0
max_feature_idx=17
objective=binary sigmoid:1
feature_names=Column_0 Column_1 Column_2 Column_3 Column_4 Column_5 Column_6 Column_7 Column_8 Column_9 Column_10 Column_11 Column_12 Column_13 Column_14 Column_15 Column_16 Column_17
feature_infos=[-1:1] [0:0.049977885891198559] [-6.7387424495020634:7.6366633400071269] [-0.1594845880090473:0.12089014455228318] [-0.13498430415068019:0.15578744757213814] [-0.93675889328063244:0.98237885462554175] [-1:1] [0:1] [0:1] [0:2.3658536585365866] [0:2.7783155856727988] [-0.89010682332101132:0.94070550238741368] [-1.6837063931179899:1.6029530190506929] [6.8090394989006597e-08:0.97284921537308722] [-3.4671893398902238:3.1371353158049651] [-2.3471232427007882:1.7954662774160639] [-1.1035628315478641:1.5452676860113814] [0.16666666666666666:0.83333333333333337]
tree_sizes=662 681 685 687 682 688 686 686 687 687 687 687 688 685 687 687 687 685 685 688 685 686 684 688 683 681 685 681 683 688 686 683 686 687 684 683 687 689 686 686 686 687 686 687 687 683 686 683 685 689 687 686 686 689 685 684 688 692 684 690 684 690 689 684 688 686 694 687 686 687 685 692 690 688 691 688 691 693 687 687 690 690 689 684 690 694 689 689 684 691 690 691 694 690 692 694 693 689 693 695 690 689 689 690 686 687 691 695 695 695 691 691 687 693 697 696 689 698 692 688 696 698 691 692 691 698 690 692 694 694 695 698 694 698 694 691 699 695 695 697 693 699 696 691 700 695 696 695 693 695 697 695 691 696 697 697 695 692 695 698

Tree=0
num_leaves=5
num_cat=0
split_feature=1 2 1 2
split_gain=15.6618 16.0887 2.98887 2.12134
threshold=0.003855129293392046 1.0000000180025095e-35 0.041578266087767497 -1.0255760244392864
decision_type=2 2 2 2
left_child=1 -1 3 -2
right_child=2 -3 -4 -5
leaf_value=-2.7163682181154267 -2.7514626592008331 -2.7635635264305152 -2.7484421915977362 -2.7716725551371177
leaf_weight=5.3791819633916003 2.7213239136617657 5.7240485535003245 2.2163342065177849 20.4142937255092
leaf_count=714 409 737 263 2763
internal_value=-2.7541 -2.73365 -2.76631 -2.76922
internal_weight=36.4552 11.1032 25.352 23.1356
internal_count=4886 1451 3435 3172
is_linear=0
shrinkage=1


Tree=1
num_leaves=5
num_cat=0
split_feature=1 2 1 2
split_gain=15.1707 15.5329 2.93475 2.08392
threshold=0.003855129293392046 1.0000000180025095e-35 0.041578266087767497 -1.0255760244392864
decision_type=2 2 2 2
left_child=1 -1 3 -2
right_child=2 -3 -4 -5
leaf_value=0.0368979389513895 0.0026226497669165831 -0.0093854120748184788 0.0056254036891165487 -0.017397330249572927
leaf_weight=5.5604182453826052 2.7276566841173944 5.676550995092839 2.2274032095447174 20.100652382709089
leaf_count=714 409 737 263 2763
internal_value=0.00011902 0.0201072 -0.0120239 -0.014935
internal_weight=36.2927 11.237 25.0557 22.8283
internal_count=4886 1451 3435 3172
is_linear=0
shrinkage=0.03


Tree=2
num_leaves=5
num_cat=0
split_feature=1 2 1 2
split_gain=14.6877 14.9941 2.88142 2.04705
threshold=0.003855129293392046 1.0000000180025095e-35 0.041578266087767497 -1.0255760244392864
decision_type=2 2 2 2
left_child=1 -1 3 -2
right_child=2 -3 -4 -5
leaf_value=0.036073544061160416 0.0026044789939294122 -0.009311669980079984 0.0055895359337640258 -0.01722687525359623
leaf_weight=5.7426157137379032 2.7339580724947181 5.6297616427764297 2.2384485588408998 19.794156480114911
leaf_count=714 409 737 263 2763
internal_value=0.000231152 0.0197616 -0.0118415 -0.0147594
internal_weight=36.1389 11.3724 24.7666 22.5281
internal_count=4886 1451 3435 3172
is_linear=0
shrinkage=0.03


Tree=3
num_leaves=5
num_cat=0
split_feature=1 2 3 4
split_gain=14.2132 14.4722 2.84282 1.63388
threshold=0.003855129293392046 1.0000000180025095e-35 -0.018096476393187479 0.023465314822472164
decision_type=2 2 2 2
left_child=1 -1 -2 -4
right_child=2 -3 3 -5
leaf_value=0.03526269294272398 0.004500294339133082 -0.0092387082582036095 -0.016985200379289616 0.0024691799213972707
leaf_weight=5.9255755455233139 3.6562029491178718 5.5836672023870051 19.011180540546778 1.8169484715908755
leaf_count=714 436 737 2766 233
internal_value=0.000336571 0.0194152 -0.0116611 -0.0150376
internal_weight=35.9936 11.5092 24.4843 20.8281
internal_count=4886 1451 3435 2999
is_linear=0
shrinkage=0.03


Tree=4
num_leaves=5
num_cat=0
split_feature=1 2 1 2
split_gain=13.755 13.9671 2.81516 2.01494
threshold=0.003855129293392046 1.0000000180025095e-35 0.041578266087767497 -1.0255760244392864
decision_type=2 2 2 2
left_child=1 -1 3 -2
right_child=2 -3 -4 -5
leaf_value=0.034465821187130742 0.0026578159064525662 -0.009166517089691668 0.0056084659943725435 -0.016929486640915949
leaf_weight=6.1091030598618072 2.7154605225659934 5.538254838436842 2.2326059129554769 19.27092189760879
leaf_count=714 409 737 263 2763
internal_value=0.000428236 0.0190685 -0.0114889 -0.0144357
internal_weight=35.8663 11.6474 24.219 21.9864
internal_count=4886 1451 3435 3172
is_linear=0
shrinkage=0.03


Tree=5
num_leaves=5
num_cat=0
split_feature=1 2 3 4
split_gain=13.2977 13.4785 2.78398 1.60509
threshold=0.003855129293392046 1.0000000180025095e-35 -0.018096476393187479 0.023465314822472164
decision_type=2 2 2 2
left_child=1 -1 -2 -4
right_child=2 -3 3 -5
leaf_value=0.033683289385114661 0.0045558984061744596 -0.0090950872984462694 -0.016686705222735479 0.0025001030917662075
leaf_weight=6.2930084075778705 3.6363500263541964 5.4935119063593447 18.505537235876549 1.8068567002192129
leaf_count=714 436 737 2766 233
internal_value=0.000521872 0.018722 -0.0113117 -0.0147182
internal_weight=35.7353 11.7865 23.9487 20.3124
internal_count=4886 1451 3435 2999
is_linear=0
shrinkage=0.03


Tree=6
num_leaves=5
num_cat=0
split_feature=1 2 1 2
split_gain=12.8572 13.0062 2.7498 1.98281
threshold=0.003855129293392046 1.0000000180025095e-35 0.041578266087767497 -1.0255760244392864
decision_type=2 2 2 2
left_child=1 -1 3 -2
right_child=2 -3 -4 -5
leaf_value=0.032915388549896077 0.0027085672983624362 -0.0090244094535100253 0.0056254093488740595 -0.016636738662140323
leaf_weight=6.4771074340678734 2.6978682680055526 5.4494259310886264 2.2273558550514272 18.769722430268306
leaf_count=714 409 737 263 2763
internal_value=0.000602151 0.0183763 -0.0111428 -0.0141174
internal_weight=35.6215 11.9265 23.6949 21.4676
internal_count=4886 1451 3435 3172
is_linear=0
shrinkage=0.03


Tree=7
num_leaves=5
num_cat=0
split_feature=1 2 3 4
split_gain=12.4184 12.5499 2.72552 1.57649
threshold=0.003855129293392046 1.0000000180025095e-35 -0.018096476393187479 0.023465314822472164
decision_type=2 2 2 2
left_child=1 -1 -2 -4
right_child=2 -3 3 -5
leaf_value=0.032162343430378659 0.0046081682562350273 -0.0089544742485449368 -0.016392867293699692 0.0025293845400061452
leaf_weight=6.6612219247035664 3.6176897289697107 5.4059849767945707 18.02117023430765 1.797289702342822
leaf_count=714 436 737 2766 233
internal_value=0.00068471 0.0180318 -0.0109688 -0.0144041
internal_weight=35.5034 12.0672 23.4361 19.8185
internal_count=4886 1451 3435 2999
is_linear=0
shrinkage=0.03


Tree=8
num_leaves=5
num_cat=0
split_feature=1 2 1 2
split_gain=11.9968 12.1093 2.68535 1.95068
threshold=0.003855129293392046 1.0000000180025095e-35 0.041578266087767497 -1.0255760244392864
decision_type=2 2 2 2
left_child=1 -1 3 -2
right_child=2 -3 -4 -5
leaf_value=0.031424317804964692 0.0027568197439356338 -0.0088852730163578343 0.0056404303112675301 -0.016348625479923745
leaf_weight=6.8451801217161101 2.6811478000599918 5.3631770517677069 2.2226783889345816 18.289548032218594
leaf_count=714 409 737 263 2763
internal_value=0.000754329 0.0176889 -0.0108032 -0.0138045
internal_weight=35.4017 12.2084 23.1934 20.9707
internal_count=4886 1451 3435 3172
is_linear=0
shrinkage=0.03


Tree=9
num_leaves=5
num_cat=0
split_feature=1 2 3 4
split_gain=11.5775 11.684 2.66749 1.55884
threshold=0.003855129293392046 1.0000000180025095e-35 -0.018096476393187479 0.018466180397235691
decision_type=2 2 2 2
left_child=1 -1 -2 -4
right_child=2 -3 3 -5
leaf_value=0.030701421662596814 0.0046572131058365551 -0.0088167962478488231 -0.016493322400027172 0.0017467164208013438
leaf_weight=7.0288170087151212 3.6001774796750423 5.3209905475378036 16.444707595510412 2.9006228337530038
leaf_count=714 436 737 2603 396
internal_value=0.00082654 0.0173481 -0.0106324 -0.0140952
internal_weight=35.2953 12.3498 22.9455 19.3453
internal_count=4886 1451 3435 2999
is_linear=0
shrinkage=0.03


Tree=10
num_leaves=5
num_cat=0
split_feature=1 2 1 2
split_gain=11.1833 11.2738 2.62104 1.91822
threshold=0.003855129293392046 1.0000000180025095e-35 0.041578266087767497 -1.0255760244392864
decision_type=2 2 2 2
left_child=1 -1 3 -2
right_child=2 -3 -4 -5
leaf_value=0.029993710015026445 0.0027992678567684125 -0.0087490351940311371 0.005647601787500167 -0.016069927671648977
leaf_weight=7.2119750096462649 2.6664387837518033 5.2794140484184027 2.2204019706696263 17.837101646931846
leaf_count=714 409 737 263 2763
internal_value=0.000878095 0.0170097 -0.0104776 -0.0135028
internal_weight=35.2153 12.4914 22.7239 20.5035
internal_count=4886 1451 3435 3172
is_linear=0
shrinkage=0.03


Tree=11
num_leaves=5
num_cat=0
split_feature=1 2 3 4
split_gain=10.784 10.8783 2.6117 1.53533
threshold=0.003855129293392046 1.0000000180025095e-35 -0.018096476393187479 0.018466180397235691
decision_type=2 2 2 2
left_child=1 -1 -2 -4
right_child=2 -3 3 -5
leaf_value=0.029301193613691778 0.0047031814867737349 -0.008681981502625313 -0.016217088833608128 0.0017981727263152994
leaf_weight=7.3945034570060653 3.5837550729047534 5.2384364302270114 16.020808685338128 2.8817668994888654
leaf_count=714 436 737 2603 396
internal_value=0.000940809 0.0166739 -0.0103099 -0.0137987
internal_weight=35.1193 12.6329 22.4863 18.9026
internal_count=4886 1451 3435 2999
is_linear=0
shrinkage=0.03


Tree=12
num_leaves=5
num_cat=0
split_feature=1 2 3 4
split_gain=10.4094 10.497 2.55859 1.5079
threshold=0.003855129293392046 1.0000000180025095e-35 -0.018096476393187479 0.018466180397235691
decision_type=2 2 2 2
left_child=1 -1 -2 -4
right_child=2 -3 3 -5
leaf_value=0.028623840779172075 0.0046607461518842902 -0.0086156260315159092 -0.016062644915326375 0.0017854562819595808
leaf_weight=7.5762593960389477 3.5987147381529239 5.1980468523688614 15.789269643602895 2.8863749271258703
leaf_count=714 436 737 2603 396
internal_value=0.000983463 0.0163412 -0.0101584 -0.0136435
internal_weight=35.0487 12.7743 22.2744 18.6756
internal_count=4886 1451 3435 2999
is_linear=0
shrinkage=0.03


Tree=13
num_leaves=5
num_cat=0
split_feature=1 2 1 2
split_gain=10.045 10.1295 2.54296 1.88733
threshold=0.003855129293392046 1.0000000180025095e-35 0.041578266087767497 -1.0255760244392864
decision_type=2 2 2 2
left_child=1 -1 3 -2
right_child=2 -3 -4 -5
leaf_value=0.027961580147311222 0.0028975020329608902 -0.0085499605322036307 0.0056934884522616023 -0.01568405289932211
leaf_weight=7.7571074585430306 2.6324504006188389 5.1582344537600875 2.2061016624793401 17.228842752054337
leaf_count=714 409 737 263 2763
internal_value=0.00102159 0.0160117 -0.0100089 -0.0130757
internal_weight=34.9827 12.9153 22.0674 19.8613
internal_count=4886 1451 3435 3172
is_linear=0
shrinkage=0.03


Tree=14
num_leaves=5
num_cat=0
split_feature=1 2 3 4
split_gain=9.67548 9.77549 2.50431 1.48467
threshold=0.003855129293392046 1.0000000180025095e-35 -0.018096476393187479 0.018466180397235691
decision_type=2 2 2 2
left_child=1 -1 -2 -4
right_child=2 -3 3 -5
leaf_value=0.027314308193354384 0.0047033816984574988 -0.0084849765206051857 -0.01579291819585368 0.0018339892618526518
leaf_weight=7.9369198093190771 3.5834405054338303 5.1189889181405306 15.391571547137575 2.8685856694355598
leaf_count=714 436 737 2603 396
internal_value=0.001072 0.0156858 -0.00984556 -0.0133547
internal_weight=34.8995 13.0559 21.8436 18.2602
internal_count=4886 1451 3435 2999
is_linear=0
shrinkage=0.03


Tree=15
num_leaves=5
num_cat=0
split_feature=1 2 1 2
split_gain=9.33089 9.43452 2.48096 1.85488
threshold=0.003855129293392046 1.0000000180025095e-35 0.041578266087767497 -1.0255760244392864
decision_type=2 2 2 2
left_child=1 -1 3 -2
right_child=2 -3 -4 -5
leaf_value=0.02668188995858348 0.0029339446805584793 -0.0084206653571471876 0.0056962227384492383 -0.015416903026978254
leaf_weight=8.1155762341804785 2.6198143267538425 5.0802998561412087 2.2051323913037768 16.820628577377651
leaf_count=714 409 737 263 2763
internal_value=0.00110232 0.0153636 -0.00969937 -0.0127873
internal_weight=34.8415 13.1959 21.6456 19.4404
internal_count=4886 1451 3435 3172
is_linear=0
shrinkage=0.03


Tree=16
num_leaves=5
num_cat=0
split_feature=1 2 3 4
split_gain=8.9817 9.10617 2.45058 1.46141
threshold=0.003855129293392046 1.0000000180025095e-35 -0.018096476393187479 0.018466180397235691
decision_type=2 2 2 2
left_child=1 -1 -2 -4
right_child=2 -3 3 -5
leaf_value=0.026064165249851171 0.0047431635311395428 -0.0083570191551796992 -0.01552769342998608 0.0018802061624726574
leaf_weight=8.2929641092196089 3.569169717840853 5.0421572858467689 15.010119332000615 2.8516483516432336
leaf_count=714 436 737 2603 396
internal_value=0.00114503 0.0150453 -0.00953917 -0.0130712
internal_weight=34.7661 13.3351 21.4309 17.8618
internal_count=4886 1451 3435 2999
is_linear=0
shrinkage=0.03


Tree=17
num_leaves=5
num_cat=0
split_feature=1 2 1 2
split_gain=8.68122 10.3561 2.57195 1.38728
threshold=0.0060546634135980612 1.0000000180025095e-35 0.041578266087767497 -1.5998999730012511
decision_type=2 2 2 2
left_child=1 -1 3 -2
right_child=2 -3 -4 -5
leaf_value=0.025811089393786076 0.0029665774268457434 -0.0093697893153158289 0.0056974476410879063 -0.015125331812854241
leaf_weight=9.2638302382547391 1.0710155691485876 5.7340901505667707 2.2046077316626898 16.441434558713812
leaf_count=844 172 873 263 2734
internal_value=0.00116824 0.013993 -0.010013 -0.0133428
internal_weight=34.715 14.9979 19.7171 17.5125
internal_count=4886 1717 3169 2906
is_linear=0
shrinkage=0.03


Tree=18
num_leaves=5
num_cat=0
split_feature=1 2 1 2
split_gain=8.34263 9.98052 2.52444 1.3675
threshold=0.0060546634135980612 1.0000000180025095e-35 0.041578266087767497 -1.5998999730012511
decision_type=2 2 2 2
left_child=1 -1 3 -2
right_child=2 -3 -4 -5
leaf_value=0.02517924556512121 0.0029572051836572097 -0.0092961577131405893 0.0056613547461582528 -0.014971507363584406
leaf_weight=9.459346136543898 1.0738276580814297 5.6860563079826525 2.2156888069584957 16.218185672070835
leaf_count=844 172 873 263 2734
internal_value=0.00119881 0.0136865 -0.00984898 -0.0131825
internal_weight=34.6531 15.1454 19.5077 17.292
internal_count=4886 1717 3169 2906
is_linear=0
shrinkage=0.03


Tree=19
num_leaves=5
num_cat=0
split_feature=1 2 3 4
split_gain=8.02579 8.16981 2.39614 1.42935
threshold=0.003855129293392046 1.0000000180025095e-35 -0.018096476393187479 0.018466180397235691
decision_type=2 2 2 2
left_child=1 -1 -2 -4
right_child=2 -3 3 -5
leaf_value=0.024282028588160278 0.004855770912826159 -0.0081539747148721888 -0.015159264229994506 0.0019447063199572502
leaf_weight=8.8211059211753291 3.5290764675010022 4.9214441822841755 14.495391196105631 2.8279589244630179
leaf_count=714 436 737 2603 396
internal_value=0.00122557 0.0141242 -0.00909787 -0.0126773
internal_weight=34.595 13.7426 20.8524 17.3234
internal_count=4886 1451 3435 2999
is_linear=0
shrinkage=0.03


Tree=20
num_leaves=5
num_cat=0
split_feature=1 2 1 2
split_gain=7.74458 9.31174 2.46451 1.34305
threshold=0.0060546634135980612 1.0000000180025095e-35 0.041578266087767497 -1.5998999730012511
decision_type=2 2 2 2
left_child=1 -1 3 -2
right_child=2 -3 -4 -5
leaf_value=0.024037518733409993 0.0029688142187528329 -0.009156900075738961 0.0056608342861006978 -0.014714784582922977
leaf_weight=9.8197040262166393 1.0702661313116575 5.59576332126744 2.2156805163249365 15.850999173242601
leaf_count=844 172 873 263 2734
internal_value=0.00123971 0.0131262 -0.00955403 -0.012909
internal_weight=34.5524 15.4155 19.1369 16.9213
internal_count=4886 1717 3169 2906
is_linear=0
shrinkage=0.03


Tree=21
num_leaves=5
num_cat=0
split_feature=1 2 3 4
split_gain=7.43707 7.60738 2.34444 1.40058
threshold=0.003855129293392046 1.0000000180025095e-35 -0.018096476393187479 0.018466180397235691
decision_type=2 2 2 2
left_child=1 -1 -2 -4
right_child=2 -3 3 -5
leaf_value=0.023167117949908066 0.0048867106768197841 -0.008024880006508462 -0.014906712949360768 0.0019678533802656947
leaf_weight=9.1642344212159497 3.5179093673359629 4.845458081457763 14.152872116304936 2.8193412323016664
leaf_count=714 436 737 2603 396
internal_value=0.0012605 0.0135298 -0.0088145 -0.0124133
internal_weight=34.4998 14.0097 20.4901 16.9722
internal_count=4886 1451 3435 2999
is_linear=0
shrinkage=0.03


Tree=22
num_leaves=5
num_cat=0
split_feature=4 4 6 14
split_gain=7.27615 6.54993 1.44724 1.31463
threshold=-0.019431016317443813 0.023465314822472164 0.14893617021275365 0.35561633834128864
decision_type=2 2 2 2
left_child=3 -2 -3 -1
right_child=1 2 -4 -5
leaf_value=0.019976425872890481 -0.013603873584252558 -0.0029847741020513994 0.014028666781289461 -0.0018208929018927618
leaf_weight=5.7141500299330792 20.330399777973074 2.2049046205356708 5.0974376120138913 1.1153855200391261
leaf_count=540 3419 290 495 142
internal_value=0.00126916 -0.00630416 0.0101355 0.0174498
internal_weight=34.4623 27.6327 7.30234 6.82954
internal_count=4886 4204 785 682
is_linear=0
shrinkage=0.03


Tree=23
num_leaves=5
num_cat=0
split_feature=1 2 1 2
split_gain=7.04702 8.57067 2.38899 1.31003
threshold=0.0060546634135980612 1.0000000180025095e-35 0.041578266087767497 -1.5998999730012511
decision_type=2 2 2 2
left_child=1 -1 3 -2
right_child=2 -3 -4 -5
leaf_value=0.02276452612312671 0.0029836982954581713 -0.0089809720626794799 0.0056735719689152532 -0.014369317662990553
leaf_weight=10.234020881820468 1.0656078336760426 5.4827465319540343 2.2114381529390803 15.369523641886191
leaf_count=844 172 873 263 2734
internal_value=0.00133723 0.0125042 -0.00915446 -0.0125411
internal_weight=34.3633 15.7168 18.6466 16.4351
internal_count=4886 1717 3169 2906
is_linear=0
shrinkage=0.03


Tree=24
num_leaves=5
num_cat=0
split_feature=4 4 6 14
split_gain=6.93835 6.24224 1.39693 1.26242
threshold=-0.019431016317443813 0.023465314822472164 0.14893617021275365 0.35561633834128864
decision_type=2 2 2 2
left_child=3 -2 -3 -1
right_child=1 2 -4 -5
leaf_value=0.019492566279919157 -0.013357676168560949 -0.0029838316512066829 0.013632531258312236 -0.0018035972926593446
leaf_weight=5.8476975720841429 19.946040537673984 2.2023549771402022 5.2132489730138332 1.1086484389379618
leaf_count=540 3419 290 495 142
internal_value=0.00135053 -0.00612993 0.00981794 0.0170365
internal_weight=34.318 27.3616 7.4156 6.95635
internal_count=4886 4204 785 682
is_linear=0
shrinkage=0.03


Tree=25
num_leaves=5
num_cat=0
split_feature=3 3 4 6
split_gain=6.72129 4.88607 2.4631 0.945262
threshold=-0.021720331040478286 0.02252852580750259 -0.019431016317443813 0.14893617021275365
decision_type=2 2 2 2
left_child=-1 2 -2 -3
right_child=1 3 -4 -5
leaf_value=0.017682595001394633 0.00449772856555887 -0.0022519766888016877 -0.014315503481411139 0.012647082430601054
leaf_weight=5.7495299642905584 2.9143633795902195 1.6850009413901705 19.771588164847344 4.105646900832653
leaf_count=519 345 219 3402 401
internal_value=0.00141237 -0.00561456 -0.011262 0.00963108
internal_weight=34.2261 28.4766 22.686 5.79065
internal_count=4886 4367 3747 620
is_linear=0
shrinkage=0.03


Tree=26
num_leaves=5
num_cat=0
split_feature=1 2 1 2
split_gain=6.55554 8.07431 2.3094 1.27815
threshold=0.0060546634135980612 1.0000000180025095e-35 0.041578266087767497 -1.5998999730012511
decision_type=2 2 2 2
left_child=1 -1 3 -2
right_child=2 -3 -4 -5
leaf_value=0.021951937344037505 0.002991928096320286 -0.0088304946132326863 0.0056513553120063524 -0.014051303459274789
leaf_weight=10.505497434642164 1.0629077851772333 5.3868025359697631 2.2177789150737217 14.939079772215338
leaf_count=844 172 873 263 2734
internal_value=0.00149579 0.0121373 -0.00879809 -0.012204
internal_weight=34.1121 15.8923 18.2198 16.002
internal_count=4886 1717 3169 2906
is_linear=0
shrinkage=0.03


Tree=27
num_leaves=5
num_cat=0
split_feature=3 3 4 6
split_gain=6.43071 4.67927 2.396 0.917242
threshold=-0.021720331040478286 0.02252852580750259 -0.019431016317443813 0.14893617021275365
decision_type=2 2 2 2
left_child=-1 2 -2 -3
right_child=1 3 -4 -5
leaf_value=0.01731217716937155 0.004444510309091927 -0.0022482433598017687 -0.014098042512136569 0.012357434881560063
leaf_weight=5.8553613398689768 2.9293940211646321 1.682083774358033 19.421253702836111 4.1858612245414406
leaf_count=519 345 219 3402 401
internal_value=0.00150225 -0.00544972 -0.0110451 0.00939231
internal_weight=34.074 28.2186 22.3506 5.86794
internal_count=4886 4367 3747 620
is_linear=0
shrinkage=0.03


Tree=28
num_leaves=5
num_cat=0
split_feature=4 4 3 6
split_gain=6.2346 5.52441 1.41412 1.31167
threshold=-0.023090007612399262 0.023465314822472164 -0.03694042042292852 0.14893617021275365
decision_type=2 2 2 2
left_child=-1 2 -2 -3
right_child=1 3 -4 -5
leaf_value=0.017120338836162274 0.0037304008316335633 -0.0029088329826106041 -0.013644824419139454 0.013189294809153044
leaf_weight=5.8617336901370427 0.63586716493592277 2.1717091640457502 19.954179046209902 5.3429740210995078
leaf_count=512 50 290 3539 495
internal_value=0.00158012 -0.00530343 -0.0120642 0.00953243
internal_weight=33.9665 28.1047 20.59 7.51468
internal_count=4886 4374 3589 785
is_linear=0
shrinkage=0.03


Tree=29
num_leaves=5
num_cat=0
split_feature=1 2 1 2
split_gain=6.09128 7.61409 2.23407 1.24726
threshold=0.0060546634135980612 1.0000000180025095e-35 0.041578266087767497 -1.5998999730012511
decision_type=2 2 2 2
left_child=1 -1 3 -2
right_child=2 -3 -4 -5
leaf_value=0.021187385145203821 0.0030026864107912891 -0.0086816104713118517 0.0056394958428314301 -0.013733998579599945
leaf_weight=10.765496731502937 1.0593919937964535 5.2925414626952252 2.2208060938864937 14.521504434989765
leaf_count=844 172 873 263 2734
internal_value=0.00165417 0.0117892 -0.00844018 -0.0118671
internal_weight=33.8597 16.058 17.8017 15.5809
internal_count=4886 1717 3169 2906
is_linear=0
shrinkage=0.03


Tree=30
num_leaves=5
num_cat=0
split_feature=3 2 1 1
split_gain=6.02527 4.42881 3.56665 1.20314
threshold=-0.021720331040478286 -0.17945766579336123 0.014366130362505227 0.03615790480122006
decision_type=2 2 2 2
left_child=-1 2 -2 -3
right_child=1 3 -4 -5
leaf_value=0.016812222377049813 0.013068497135811822 -0.014919590084977031 -0.0076832021530621724 0.0022033222792285602
leaf_weight=5.9991061550099394 8.3652689289301652 13.674538575345649 4.1704279459081581 1.6190708877984423
leaf_count=519 890 2435 803 239
internal_value=0.00165415 -0.0051939 0.00581887 -0.0129524
internal_weight=33.8284 27.8293 12.5357 15.2936
internal_count=4886 4367 1693 2674
is_linear=0
shrinkage=0.03


Tree=31
num_leaves=5
num_cat=0
split_feature=4 4 6 14
split_gain=5.84688 5.47796 1.24074 1.14571
threshold=-0.019431016317443813 0.023465314822472164 0.14893617021275365 0.35561633834128864
decision_type=2 2 2 2
left_child=3 -2 -3 -1
right_child=1 2 -4 -5
leaf_value=0.018020670560698719 -0.012567460440849054 -0.0028773932668608969 0.012701680584602776 -0.0018149062686812754
leaf_weight=6.2648278954438856 18.772171209799129 2.1564284968189886 5.4876584829762578 1.110670988447964
leaf_count=540 3419 290 495 142
internal_value=0.00166894 -0.00548801 0.00916684 0.0157082
internal_weight=33.7918 26.4163 7.64409 7.3755
internal_count=4886 4204 785 682
is_linear=0
shrinkage=0.03


Tree=32
num_leaves=5
num_cat=0
split_feature=3 3 4 6
split_gain=5.72521 4.30742 2.22291 0.844334
threshold=-0.021720331040478286 0.02252852580750259 -0.019431016317443813 0.14893617021275365
decision_type=2 2 2 2
left_child=-1 2 -2 -3
right_child=1 3 -4 -5
leaf_value=0.016380429011491025 0.0042624079401781152 -0.0021696105989017565 -0.013590655470065105 0.011849351774727561
leaf_weight=6.1278157928027204 2.9846031956840369 1.6513672692235548 18.632388280704618 4.3249936962965876
leaf_count=519 345 219 3402 401
internal_value=0.00171213 -0.00503611 -0.0105572 0.00904229
internal_weight=33.7212 27.5934 21.617 5.97636
internal_count=4886 4367 3747 620
is_linear=0
shrinkage=0.03


Tree=33
num_leaves=5
num_cat=0
split_feature=1 2 1 2
split_gain=5.57167 7.01198 2.13783 1.20785
threshold=0.0060546634135980612 1.0000000180025095e-35 0.041578266087767497 -1.5998999730012511
decision_type=2 2 2 2
left_child=1 -1 3 -2
right_child=2 -3 -4 -5
leaf_value=0.020185508811102617 0.0029985909687694052 -0.0084646982099501767 0.0055840622779561025 -0.01337532839043187
leaf_weight=11.113306561019273 1.0601465392392135 5.1564967115409663 2.2368455235846332 14.06131216743961
leaf_count=844 172 873 263 2734
internal_value=0.00177766 0.0113395 -0.00805356 -0.0114907
internal_weight=33.6281 16.2698 17.3583 15.1215
internal_count=4886 1717 3169 2906
is_linear=0
shrinkage=0.03


Tree=34
num_leaves=5
num_cat=0
split_feature=3 2 1 1
split_gain=5.47739 4.14908 3.2935 1.17571
threshold=-0.021720331040478286 -0.17945766579336123 0.014366130362505227 0.03615790480122006
decision_type=2 2 2 2
left_child=-1 2 -2 -3
right_child=1 3 -4 -5
leaf_value=0.016030141392951697 0.012531749854801499 -0.014543089349013024 -0.0074400368781148774 0.0022481895567606765
leaf_weight=6.230500415666028 8.5530310261528957 13.181932210922239 4.0341823797207317 1.6038129224907596
leaf_count=519 890 2435 803 239
internal_value=0.00177085 -0.00489558 0.00567078 -0.0125495
internal_weight=33.6035 27.373 12.5872 14.7857
internal_count=4886 4367 1693 2674
is_linear=0
shrinkage=0.03


Tree=35
num_leaves=5
num_cat=0
split_feature=4 4 3 6
split_gain=5.31828 4.81975 1.30868 1.15787
threshold=-0.023090007612399262 0.023465314822472164 -0.03694042042292852 0.14893617021275365
decision_type=2 2 2 2
left_child=-1 2 -2 -3
right_child=1 3 -4 -5
leaf_value=0.015815545163107309 0.0036232485687216994 -0.0028133902188193071 -0.012962424566831993 0.012198909619063293
leaf_weight=6.24057643697597 0.66421364154667273 2.1288846719544372 18.903529892209917 5.6375158503651619
leaf_count=512 50 290 3539 495
internal_value=0.00177787 -0.00480481 -0.0113644 0.00881649
internal_weight=33.5747 27.3341 19.5677 7.7664
internal_count=4886 4374 3589 785
is_linear=0
shrinkage=0.03


Tree=36
num_leaves=5
num_cat=0
split_feature=3 3 4 6
split_gain=5.20326 4.01495 2.11126 0.790607
threshold=-0.021720331040478286 0.02252852580750259 -0.019431016317443813 0.14893617021275365
decision_type=2 2 2 2
left_child=-1 2 -2 -3
right_child=1 3 -4 -5
leaf_value=0.015635540583861612 0.0041711821527498569 -0.0021174485544771435 -0.013206202747800797 0.011428650034391696
leaf_weight=6.3502378126140675 3.0102362772449913 1.6303325165063132 18.054440690670162 4.4408332051243633
leaf_count=519 345 219 3402 401
internal_value=0.00183583 -0.00473429 -0.0101796 0.00873693
internal_weight=33.4861 27.1358 21.0647 6.07117
internal_count=4886 4367 3747 620
is_linear=0
shrinkage=0.03


Tree=37
num_leaves=5
num_cat=0
split_feature=1 2 4 4
split_gain=5.1069 4.14092 2.1797 2.39659
threshold=0.00097495098605693286 1.0000000180025095e-35 0.023465314822472164 -0.023090007612399262
decision_type=2 2 2 2
left_child=1 -1 3 -2
right_child=2 -3 -4 -5
leaf_value=0.01970358172048528 0.0051210516819145471 -0.0055354694184207003 0.0062678651693293648 -0.012988957072496459
leaf_weight=7.7754949447698873 2.8150097101461169 3.4415622118394822 3.0897869458422056 16.281105674104769
leaf_count=500 279 552 343 3212
internal_value=0.00189256 0.0130007 -0.00601794 -0.00947679
internal_weight=33.403 11.2171 22.1859 19.0961
internal_count=4886 1052 3834 3491
is_linear=0
shrinkage=0.03


Tree=38
num_leaves=5
num_cat=0
split_feature=3 2 1 1
split_gain=4.95406 3.9207 3.05836 1.15914
threshold=-0.021720331040478286 -0.17945766579336123 0.014366130362505227 0.03615790480122006
decision_type=2 2 2 2
left_child=-1 2 -2 -3
right_child=1 3 -4 -5
leaf_value=0.015299994710984394 0.012122236095823104 -0.014175497964882322 -0.0071845822249968355 0.0023260880684721494
leaf_weight=6.4507636940106741 8.6953531224280614 12.719760664273052 3.8935551531612864 1.5779235782101739
leaf_count=519 890 2435 803 239
internal_value=0.00192384 -0.00456324 0.00561382 -0.0121465
internal_weight=33.3374 26.8866 12.5889 14.2977
internal_count=4886 4367 1693 2674
is_linear=0
shrinkage=0.03


Tree=39
num_leaves=5
num_cat=0
split_feature=1 2 1 2
split_gain=4.84704 6.1676 2.01902 1.15526
threshold=0.0060546634135980612 1.0000000180025095e-35 0.041578266087767497 -1.5998999730012511
decision_type=2 2 2 2
left_child=1 -1 3 -2
right_child=2 -3 -4 -5
leaf_value=0.018725213033572958 0.0030028704660259721 -0.0081321758352984851 0.005557823409996345 -0.012865464880899312
leaf_weight=11.633616410894321 1.0579638148192323 4.9512823449913403 2.2431415698956689 13.430169636616483
leaf_count=844 172 873 263 2734
internal_value=0.0019235 0.0106642 -0.00748895 -0.0109536
internal_weight=33.3162 16.5849 16.7313 14.4881
internal_count=4886 1717 3169 2906
is_linear=0
shrinkage=0.03


Tree=40
num_leaves=5
num_cat=0
split_feature=3 3 4 6
split_gain=4.76958 3.71859 2.01916 0.746409
threshold=-0.021720331040478286 0.02252852580750259 -0.019431016317443813 0.14893617021275365
decision_type=2 2 2 2
left_child=-1 2 -2 -3
right_child=1 3 -4 -5
leaf_value=0.014969324127756428 0.0041102929377822752 -0.0020994495011459292 -0.012857617068989519 0.010972371786466539
leaf_weight=6.549617603654041 3.0246528852731052 1.620249259052797 17.538565302267671 4.5664042576681823
leaf_count=519 345 219 3402 401
internal_value=0.00190818 -0.00449289 -0.00983356 0.00836689
internal_weight=33.2995 26.7499 20.5632 6.18665
internal_count=4886 4367 3747 620
is_linear=0
shrinkage=0.03


Tree=41
num_leaves=5
num_cat=0
split_feature=1 2 4 4
split_gain=4.60945 3.7725 2.07058 2.2567
threshold=0.00097495098605693286 1.0000000180025095e-35 0.023465314822472164 -0.023090007612399262
decision_type=2 2 2 2
left_child=1 -1 3 -2
right_child=2 -3 -4 -5
leaf_value=0.01865227482876174 0.0049483768032584008 -0.0053811181736425342 0.0061765171757439449 -0.012621819646440583
leaf_weight=8.0878921146504563 2.8664748775772777 3.3656530000735065 3.11439055064693 15.790109600406142
leaf_count=500 279 552 343 3212
internal_value=0.00195744 0.0123736 -0.00569226 -0.00913751
internal_weight=33.2245 11.4535 21.771 18.6566
internal_count=4886 1052 3834 3491
is_linear=0
shrinkage=0.03


Tree=42
num_leaves=5
num_cat=0
split_feature=3 2 1 1
split_gain=4.54405 3.91032 3.20594 1.75429
threshold=-0.027573241181914527 -0.17945766579336123 0.014366130362505227 0.03615790480122006
decision_type=2 2 2 2
left_child=-1 2 -2 -3
right_child=1 3 -4 -5
leaf_value=0.015704440063181984 0.012290852992469903 -0.014294781602113588 -0.0073122066874977956 0.0037196869912055766
leaf_weight=4.9217968559823921 9.4679461738560367 13.060120655456556 3.9684634094592175 1.7478407379239786
leaf_count=346 926 2527 828 259
internal_value=0.00198152 -0.00389087 0.00585147 -0.0115262
internal_weight=33.1662 28.2444 13.4364 14.808
internal_count=4886 4540 1754 2786
is_linear=0
shrinkage=0.03


Tree=43
num_leaves=5
num_cat=0
split_feature=3 3 4 6
split_gain=4.43917 3.67151 1.35126 0.895136
threshold=-0.018096476393187479 0.02252852580750259 -0.019431016317443813 0.47421413916259209
decision_type=2 2 2 2
left_child=3 2 -2 -1
right_child=1 -3 -4 -5
leaf_value=0.015739858706427537 0.0028629487151936393 0.0081145435773798073 -0.012416388844189469 -0.0017520174437665082
leaf_weight=6.9435496632941058 2.4613080762792441 6.2658334351144722 16.517780445516109 0.9411811870522796
leaf_count=585 284 620 3290 107
internal_value=0.00199238 -0.00458475 -0.0101307 0.0138397
internal_weight=33.1297 25.2449 18.9791 7.88473
internal_count=4886 4194 3574 692
is_linear=0
shrinkage=0.03


Tree=44
num_leaves=5
num_cat=0
split_feature=3 2 1 1
split_gain=4.30721 3.77472 3.09566 1.72384
threshold=-0.027573241181914527 -0.17945766579336123 0.014366130362505227 0.03615790480122006
decision_type=2 2 2 2
left_child=-1 2 -2 -3
right_child=1 3 -4 -5
leaf_value=0.015291180530285208 0.012059960300417874 -0.014104961132458018 -0.0072133275157084892 0.0037148925042370519
leaf_weight=5.0366428275592616 9.5535373350139725 12.826454340713097 3.9138682545162728 1.7490130206570018
leaf_count=346 926 2527 828 259
internal_value=0.00202086 -0.00375551 0.00577182 -0.0113251
internal_weight=33.0795 28.0429 13.4674 14.5755
internal_count=4886 4540 1754 2786
is_linear=0
shrinkage=0.03


Tree=45
num_leaves=5
num_cat=0
split_feature=1 2 1 2
split_gain=4.22844 5.43849 1.90262 1.10727
threshold=0.0060546634135980612 1.0000000180025095e-35 0.041578266087767497 -1.5998999730012511
decision_type=2 2 2 2
left_child=1 -1 3 -2
right_child=2 -3 -4 -5
leaf_value=0.017412286465286534 0.003008830494989229 -0.007808619562781529 0.005506860126247108 -0.01238981298897141
leaf_weight=12.11416687234305 1.0551444143056876 4.7555886423215261 2.256730124121531 12.865068329731002
leaf_count=844 172 873 263 2734
internal_value=0.00202809 0.0100424 -0.00697311 -0.0104527
internal_weight=33.0467 16.8698 16.1769 13.9202
internal_count=4886 1717 3169 2906
is_linear=0
shrinkage=0.03


Tree=46
num_leaves=5
num_cat=0
split_feature=3 2 1 1
split_gain=4.16439 3.55929 2.92896 1.69013
threshold=-0.027573241181914527 -0.17945766579336123 0.014366130362505227 0.03615790480122006
decision_type=2 2 2 2
left_child=-1 2 -2 -3
right_child=1 3 -4 -5
leaf_value=0.01500145076170626 0.011591554990440518 -0.013905726250836709 -0.0071168676437079019 0.0037036446997323206
leaf_weight=5.1139819794334462 9.7297773573081958 12.579235618934034 3.8609180140774688 1.7522440520115186
leaf_count=346 926 2527 828 259
internal_value=0.00200598 -0.00370237 0.00551287 -0.0111154
internal_weight=33.0362 27.9222 13.5907 14.3315
internal_count=4886 4540 1754 2786
is_linear=0
shrinkage=0.03


Tree=47
num_leaves=5
num_cat=0
split_feature=4 4 6 6
split_gain=4.07282 4.07029 0.987157 0.96981
threshold=-0.019431016317443813 0.023465314822472164 0.29205326789869096 0.14893617021275365
decision_type=2 2 2 2
left_child=2 -2 -1 -3
right_child=1 3 -4 -5
leaf_value=0.01540040792028481 -0.01102948733545976 -0.0027141697306120424 -0.0018373043317278463 0.010815549327452651
leaf_weight=6.9220146855805051 16.680356930475686 2.0787115162238461 1.2723602331243453 6.0525040186475962
leaf_count=528 3419 290 154 495
internal_value=0.00201036 -0.00440766 0.0131851 0.00776743
internal_weight=33.0059 24.8116 8.19437 8.13122
internal_count=4886 4204 682 785
is_linear=0
shrinkage=0.03


Tree=48
num_leaves=5
num_cat=0
split_feature=3 3 4 6
split_gain=3.99567 3.38614 1.26998 0.835319
threshold=-0.018096476393187479 0.02252852580750259 -0.019431016317443813 0.47421413916259209
decision_type=2 2 2 2
left_child=3 2 -2 -1
right_child=1 -3 -4 -5
leaf_value=0.014945823677026562 0.0027764784335747423 0.007765809458699458 -0.012026863675431577 -0.00174250445587587
leaf_weight=7.1838514513801766 2.4838743817526874 6.371970994397997 15.989568697521465 0.93667415226809669
leaf_count=585 284 620 3290 107
internal_value=0.00202485 -0.00432683 -0.00976039 0.0131216
internal_weight=32.9659 24.8454 18.4734 8.12053
internal_count=4886 4194 3574 692
is_linear=0
shrinkage=0.03


Tree=49
num_leaves=5
num_cat=0
split_feature=1 2 4 4
split_gain=3.89296 3.2007 1.88517 1.97237
threshold=0.00097495098605693286 1.0000000180025095e-35 0.023465314822472164 -0.023090007612399262
decision_type=2 2 2 2
left_child=1 -1 3 -2
right_child=2 -3 -4 -5
leaf_value=0.017026342634930275 0.0045012171726423501 -0.005083518581382224 0.0059812036294323761 -0.01196718064446761
leaf_weight=8.5805434691719693 3.0029479404911426 3.2203855207189909 3.1678147746715686 14.95079359598458
leaf_count=500 279 552 343 3212
internal_value=0.00204672 0.0114285 -0.00518297 -0.00858782
internal_weight=32.9225 11.8009 21.1216 17.9537
internal_count=4886 1052 3834 3491
is_linear=0
shrinkage=0.03


Tree=50
num_leaves=5
num_cat=0
split_feature=3 2 1 1
split_gain=3.83741 3.33656 2.71984 1.65585
threshold=-0.027573241181914527 -0.17945766579336123 0.015749617269967823 0.03615790480122006
decision_type=2 2 2 2
left_child=-1 2 -2 -3
right_child=1 3 -4 -5
leaf_value=0.014412936950358543 0.011049180560062639 -0.013607978998495749 -0.0070436637226941549 0.0037384119618947853
leaf_weight=5.2747919212561092 10.093452770495789 12.216421797638757 3.5507404915988436 1.7403077115304757
leaf_count=346 970 2527 784 259
internal_value=0.00205929 -0.00350686 0.00535308 -0.0107874
internal_weight=32.8757 27.6009 13.6442 13.9567
internal_count=4886 4540 1754 2786
is_linear=0
shrinkage=0.03


Tree=51
num_leaves=5
num_cat=0
split_feature=3 2 1 1
split_gain=3.73619 3.22442 2.65077 1.63054
threshold=-0.027573241181914527 -0.17945766579336123 0.014366130362505227 0.03615790480122006
decision_type=2 2 2 2
left_child=-1 2 -2 -3
right_child=1 3 -4 -5
leaf_value=0.014208388257257449 0.010927097453227817 -0.013475795428794603 -0.0068724904650893865 0.0037199183431677429
leaf_weight=5.3332820241339496 9.9783050375990587 12.06652886001393 3.7282899622805408 1.7461180486716319
leaf_count=346 926 2527 828 259
internal_value=0.00205703 -0.00345721 0.00522881 -0.0106527
internal_weight=32.8525 27.5192 13.7066 13.8126
internal_count=4886 4540 1754 2786
is_linear=0
shrinkage=0.03


Tree=52
num_leaves=5
num_cat=0
split_feature=3 3 4 6
split_gain=3.64579 3.15253 1.2205 0.794513
threshold=-0.018096476393187479 0.02252852580750259 -0.019431016317443813 0.47421413916259209
decision_type=2 2 2 2
left_child=3 2 -2 -1
right_child=1 -3 -4 -5
leaf_value=0.014317131772678958 0.0027612921522207137 0.0074769884648244076 -0.011703025320307422 -0.0017476625288485139
leaf_weight=7.3775194941554201 2.4848868336994228 6.460469980724155 15.56880954001099 0.93722694716416288
leaf_count=585 284 620 3290 107
internal_value=0.00205465 -0.00410508 -0.00943754 0.0125408
internal_weight=32.8289 24.5142 18.0537 8.31475
internal_count=4886 4194 3574 692
is_linear=0
shrinkage=0.03


Tree=53
num_leaves=5
num_cat=0
split_feature=1 2 4 11
split_gain=3.56998 2.94416 1.802 1.8509
threshold=0.00097495098605693286 1.0000000180025095e-35 0.023465314822472164 -0.43945131320083169
decision_type=2 2 2 2
left_child=1 -1 3 -2
right_child=2 -3 -4 -5
leaf_value=0.016255877600638072 0.0052923839046330285 -0.0049372288914297574 0.0058952020127312444 -0.01118174589297374
leaf_weight=8.8183074495755118 1.5740614447277064 3.1495565334334961 3.1913201564457259 16.057319873478267
leaf_count=500 189 552 343 3302
internal_value=0.00207147 0.0109699 -0.00494267 -0.00832792
internal_weight=32.7906 11.9679 20.8227 17.6314
internal_count=4886 1052 3834 3491
is_linear=0
shrinkage=0.03


Tree=54
num_leaves=5
num_cat=0
split_feature=3 2 1 1
split_gain=3.51179 3.05727 2.50651 1.60448
threshold=-0.027573241181914527 -0.17945766579336123 0.015749617269967823 0.03615790480122006
decision_type=2 2 2 2
left_child=-1 2 -2 -3
right_child=1 3 -4 -5
leaf_value=0.013787851169599836 0.01050490870349791 -0.013245429479211134 -0.0068562067891519609 0.0037474621081310211
leaf_weight=5.4493714200798413 10.301963499747218 11.797672000015153 3.4513218526262781 1.7369165674317617
leaf_count=346 970 2527 784 259
internal_value=0.00209005 -0.00331718 0.00509594 -0.010399
internal_weight=32.7372 27.2879 13.7533 13.5346
internal_count=4886 4540 1754 2786
is_linear=0
shrinkage=0.03


Tree=55
num_leaves=5
num_cat=0
split_feature=3 2 1 1
split_gain=3.41946 2.95366 2.44193 1.57999
threshold=-0.027573241181914527 -0.17945766579336123 0.015749617269967823 0.03615790480122006
decision_type=2 2 2 2
left_child=-1 2 -2 -3
right_child=1 3 -4 -5
leaf_value=0.013591051703351424 0.010302764913446021 -0.013116647620554383 -0.0068146202771817372 0.0037289511459065467
leaf_weight=5.5063649895600966 10.383919886546211 11.656424165586939 3.429566192906349 1.7427267776802171
leaf_count=346 970 2527 784 259
internal_value=0.00208267 -0.0032725 0.00497589 -0.0102684
internal_weight=32.719 27.2126 13.8135 13.3992
internal_count=4886 4540 1754 2786
is_linear=0
shrinkage=0.03


Tree=56
num_leaves=5
num_cat=0
split_feature=3 3 4 6
split_gain=3.34296 2.93636 1.17889 0.758297
threshold=-0.018096476393187479 0.02252852580750259 -0.019431016317443813 0.47421413916259209
decision_type=2 2 2 2
left_child=3 2 -2 -1
right_child=1 -3 -4 -5
leaf_value=0.013751520463386768 0.0027606154876933819 0.0071954195754960005 -0.011401461024135452 -0.0017524542164419276
leaf_weight=7.5518873606342805 2.4808099956717369 6.546185868792235 15.185797184938567 0.93759198090992857
leaf_count=585 284 620 3290 107
internal_value=0.00207376 -0.00390624 -0.00913376 0.0120175
internal_weight=32.7023 24.2128 17.6666 8.48948
internal_count=4886 4194 3574 692
is_linear=0
shrinkage=0.03


Tree=57
num_leaves=5
num_cat=0
split_feature=1 2 4 11
split_gain=3.26767 2.71106 1.72162 1.7791
threshold=0.00097495098605693286 1.0000000180025095e-35 0.023465314822472164 -0.43945131320083169
decision_type=2 2 2 2
left_child=1 -1 3 -2
right_child=2 -3 -4 -5
leaf_value=0.015519946204208211 0.0052043262327532529 -0.0047995548992938262 0.0058093141043443087 -0.010920136795582616
leaf_weight=9.0475807962939125 1.5968815824016953 3.0832004449330261 3.2147189148236057 15.725842062616723
leaf_count=500 189 552 343 3302
internal_value=0.00208625 0.0105204 -0.00470921 -0.00807298
internal_weight=32.6682 12.1308 20.5374 17.3227
internal_count=4886 1052 3834 3491
is_linear=0
shrinkage=0.03


Tree=58
num_leaves=5
num_cat=0
split_feature=3 2 1 1
split_gain=3.2155 2.7968 2.31004 1.55461
threshold=-0.027573241181914527 -0.17945766579336123 0.015749617269967823 0.03615790480122006
decision_type=2 2 2 2
left_child=-1 2 -2 -3
right_child=1 3 -4 -5
leaf_value=0.013186234036611955 0.0099811732703363309 -0.012893271351539056 -0.0066758719333708328 0.0037546859543926159
leaf_weight=5.6189899151213458 10.50482600880787 11.404031663667409 3.3567626107251263 1.7340857048984606
leaf_count=346 970 2527 784 259
internal_value=0.00210095 -0.0031464 0.00484017 -0.0100229
internal_weight=32.6187 26.9997 13.8616 13.1381
internal_count=4886 4540 1754 2786
is_linear=0
shrinkage=0.03


Tree=59
num_leaves=5
num_cat=0
split_feature=4 4 3 13
split_gain=3.13708 3.04957 0.981748 0.862302
threshold=-0.023090007612399262 0.023465314822472164 -0.03694042042292852 0.80033966560227421
decision_type=2 2 2 2
left_child=-1 2 -2 -3
right_child=1 3 -4 -5
leaf_value=0.012211204785242001 0.0032025292566505788 0.010254383453016533 -0.010874205097136635 -0.0020833003824032529
leaf_weight=7.3259515413083127 0.77282536821440118 5.0347224141005409 16.050122197484601 3.4210240817628801
leaf_count=512 50 427 3539 358
internal_value=0.00208917 -0.00347412 -0.00927467 0.00683862
internal_weight=32.6046 25.2787 16.8229 8.45575
internal_count=4886 4374 3589 785
is_linear=0
shrinkage=0.03


Tree=60
num_leaves=5
num_cat=0
split_feature=3 3 2 6
split_gain=3.06598 2.73608 1.1292 0.723389
threshold=-0.018096476393187479 0.026224563594766027 -0.67781826722089555 0.47421413916259209
decision_type=2 2 2 2
left_child=3 2 -2 -1
right_child=1 -3 -4 -5
leaf_value=0.013242128503686713 0.0017634580077920943 0.0076462625489301305 -0.011223656172359016 -0.00174995758150086
leaf_weight=7.7077867717016471 4.8280259452294585 5.2205253252759567 13.857969407923521 0.93552206107415248
leaf_count=585 723 465 3006 107
internal_value=0.00211769 -0.00369383 -0.0084231 0.0115512
internal_weight=32.5498 23.9065 18.686 8.64331
internal_count=4886 4194 3729 692
is_linear=0
shrinkage=0.03


Tree=61
num_leaves=5
num_cat=0
split_feature=1 2 2 11
split_gain=3.00179 3.99875 1.77234 1.08372
threshold=0.0060546634135980612 1.0000000180025095e-35 0.89460032639735798 0.53913506134533207
decision_type=2 2 2 2
left_child=1 3 -2 -1
right_child=2 -3 -4 -5
leaf_value=0.016848745934674798 -0.009660410218456773 -0.0070626496851999201 0.0054045417746537965 -0.00092871326498453709
leaf_weight=10.734153117751704 12.282565242960116 4.3170905008446416 2.7407730179838827 2.4496404649689785
leaf_count=661 2684 873 485 183
internal_value=0.00212267 0.00860575 -0.00585057 0.0145698
internal_weight=32.5242 17.5009 15.0233 13.1838
internal_count=4886 1717 3169 844
is_linear=0
shrinkage=0.03


Tree=62
num_leaves=5
num_cat=0
split_feature=3 2 1 1
split_gain=2.95541 2.60374 2.15667 1.52943
threshold=-0.027573241181914527 -0.17945766579336123 0.015749617269967823 0.03615790480122006
decision_type=2 2 2 2
left_child=-1 2 -2 -3
right_child=1 3 -4 -5
leaf_value=0.012625246027311977 0.0095829806252516643 -0.012621518346435408 -0.0065149157766735046 0.0038057050366973994
leaf_weight=5.7760953572578719 10.656235098373147 11.103510094224474 3.2731599622638887 1.7172473692335177
leaf_count=346 970 2527 784 259
internal_value=0.00209014 -0.00300111 0.00465849 -0.00971773
internal_weight=32.5262 26.7502 13.9294 12.8208
internal_count=4886 4540 1754 2786
is_linear=0
shrinkage=0.03


Tree=63
num_leaves=5
num_cat=0
split_feature=3 2 1 1
split_gain=2.87816 2.5142 2.10219 1.50621
threshold=-0.027573241181914527 -0.17945766579336123 0.015749617269967823 0.03615790480122006
decision_type=2 2 2 2
left_child=-1 2 -2 -3
right_child=1 3 -4 -5
leaf_value=0.01244354901257203 0.0093996307500486022 -0.012498724261868724 -0.006476468007276746 0.0037870592378776565
leaf_weight=5.8298228944186112 10.732075061649086 10.976393072050994 3.2534759960835791 1.7230784411076445
leaf_count=346 970 2527 784 259
internal_value=0.0020754 -0.00296426 0.00454599 -0.00959415
internal_weight=32.5148 26.685 13.9856 12.6995
internal_count=4886 4540 1754 2786
is_linear=0
shrinkage=0.03


Tree=64
num_leaves=5
num_cat=0
split_feature=4 4 6 13
split_gain=2.81404 2.99393 0.850382 0.836868
threshold=-0.019431016317443813 0.023465314822472164 -0.14929827903728182 0.80033966560227421
decision_type=2 2 2 2
left_child=2 -2 -1 -3
right_child=1 3 -4 -5
leaf_value=0.013729351791196949 -0.0096554597944483872 0.0099077018202977027 -0.0010257050395300023 -0.0021291740679786246
leaf_weight=6.0954584768041968 15.020207642228344 5.1290583019144815 2.8300422735046578 3.4298173212446272
leaf_count=405 3419 427 277 358
internal_value=0.00205951 -0.00358205 0.010981 0.00653594
internal_weight=32.5046 23.5791 8.9255 8.55888
internal_count=4886 4204 682 785
is_linear=0
shrinkage=0.03


Tree=65
num_leaves=5
num_cat=0
split_feature=3 2 1 1
split_gain=2.75904 2.40566 2.02528 1.47861
threshold=-0.027573241181914527 -0.17945766579336123 0.015749617269967823 0.03615790480122006
decision_type=2 2 2 2
left_child=-1 2 -2 -3
right_child=1 3 -4 -5
leaf_value=0.012183009754714307 0.0091774951413325263 -0.012329400722629769 -0.0063995904049236555 0.003776520993692886
leaf_weight=5.90502826264128 10.820480477530511 10.799679985619148 3.2139354231767348 1.7259641618002195
leaf_count=346 970 2527 784 259
internal_value=0.00207519 -0.00288972 0.00443181 -0.00941879
internal_weight=32.4651 26.5601 14.0344 12.5256
internal_count=4886 4540 1754 2786
is_linear=0
shrinkage=0.03


Tree=66
num_leaves=5
num_cat=0
split_feature=1 2 4 11
split_gain=2.71711 2.27328 1.54909 1.63823
threshold=0.00097495098605693286 1.0000000180025095e-35 0.023465314822472164 -0.43945131320083169
decision_type=2 2 2 2
left_child=1 -1 3 -2
right_child=2 -3 -4 -5
leaf_value=0.014061772444800601 0.0050232732158477771 -0.0045144122831830072 0.0055640690567954785 -0.010402626852666389
leaf_weight=9.5061400285921973 1.6415475152898604 2.9469202829059205 3.2839163290336719 15.077994863619098
leaf_count=500 189 552 343 3302
internal_value=0.00205757 0.00961308 -0.00428236 -0.00757492
internal_weight=32.4565 12.4531 20.0035 16.7195
internal_count=4886 1052 3834 3491
is_linear=0
shrinkage=0.03


Tree=67
num_leaves=5
num_cat=0
split_feature=3 3 2 6
split_gain=2.68082 2.4782 1.01184 0.665351
threshold=-0.018096476393187479 0.026224563594766027 -0.67781826722089555 0.47421413916259209
decision_type=2 2 2 2
left_child=3 2 -2 -1
right_child=1 -3 -4 -5
leaf_value=0.012390024352900366 0.0016093406864514121 0.0072418569198565482 -0.010760431808720305 -0.0017433212309934363
leaf_weight=7.9672610121779126 4.8697270473931011 5.3294951550196847 13.315993787720801 0.93086841423064459
leaf_count=585 723 465 3006 107
internal_value=0.0020657 -0.00345949 -0.00805229 0.0107714
internal_weight=32.4133 23.5152 18.1857 8.89813
internal_count=4886 4194 3729 692
is_linear=0
shrinkage=0.03


Tree=68
num_leaves=5
num_cat=0
split_feature=3 2 1 1
split_gain=2.59766 2.25264 1.92193 1.45469
threshold=-0.027573241181914527 -0.17945766579336123 0.017321324693818644 0.03615790480122006
decision_type=2 2 2 2
left_child=-1 2 -2 -3
right_child=1 3 -4 -5
leaf_value=0.011816201886043778 0.0087939467689171161 -0.012103874672988566 -0.0064106537876170459 0.0038074934996020753
leaf_weight=6.0083513432182363 11.134368129307406 10.564288583700543 2.9696303037926546 1.7156940083950747
leaf_count=346 1018 2527 736 259
internal_value=0.00206567 -0.00279215 0.00426115 -0.00916967
internal_weight=32.3923 26.384 14.104 12.28
internal_count=4886 4540 1754 2786
is_linear=0
shrinkage=0.03


Tree=69
num_leaves=5
num_cat=0
split_feature=4 4 13 6
split_gain=2.54175 2.7178 0.824825 0.814567
threshold=-0.019431016317443813 0.023465314822472164 0.80033966560227421 -0.14929827903728182
decision_type=2 2 2 2
left_child=3 -2 -3 -1
right_child=1 2 -4 -5
leaf_value=0.013122240279388735 -0.0092758358494567615 0.009544613412000422 -0.0022299548734655036 -0.0010868591164492909
leaf_weight=6.2637711407151073 14.595523004652934 5.2299296001438034 3.4580971570685506 2.8400513988453877
leaf_count=405 3419 427 358 277
internal_value=0.00204473 -0.0033888 0.00617255 0.0104409
internal_weight=32.3874 23.2835 8.68803 9.10382
internal_count=4886 4204 785 682
is_linear=0
shrinkage=0.03


Tree=70
num_leaves=5
num_cat=0
split_feature=3 2 1 1
split_gain=2.4916 2.1533 1.8538 1.42809
threshold=-0.027573241181914527 -0.17945766579336123 0.017321324693818644 0.03615790480122006
decision_type=2 2 2 2
left_child=-1 2 -2 -3
right_child=1 3 -4 -5
leaf_value=0.011566842762644016 0.0085852791856823388 -0.011941077072608034 -0.0063399093953613933 0.0037960239695778017
leaf_weight=6.0807945388369253 11.218962233862841 10.400233889464287 2.9340102416463187 1.718852802645414
leaf_count=346 1018 2527 736 259
internal_value=0.00205555 -0.00272787 0.00414733 -0.00900199
internal_weight=32.3529 26.2721 14.153 12.1191
internal_count=4886 4540 1754 2786
is_linear=0
shrinkage=0.03


Tree=71
num_leaves=5
num_cat=0
split_feature=1 2 4 11
split_gain=2.44948 2.07311 1.45798 1.56294
threshold=0.00097495098605693286 1.0000000180025095e-35 0.023465314822472164 -0.43945131320083169
decision_type=2 2 2 2
left_child=1 -1 3 -2
right_child=2 -3 -4 -5
leaf_value=0.013333609642493902 0.0049220535209788382 -0.0043781587656270384 0.0054250093091128236 -0.01012001030773302
leaf_weight=9.7365136323496682 1.6670419673901076 2.8822157648392013 3.3241998811718068 14.73924629064277
leaf_count=500 189 552 343 3302
internal_value=0.00203326 0.00914103 -0.00405818 -0.00730643
internal_weight=32.3492 12.6187 19.7305 16.4063
internal_count=4886 1052 3834 3491
is_linear=0
shrinkage=0.03


Tree=72
num_leaves=5
num_cat=0
split_feature=3 3 6 5
split_gain=2.42959 2.47181 0.891851 0.546545
threshold=-0.012362569606757128 0.026224563594766027 0.34634424980955508 -0.61384103045788752
decision_type=2 2 2 2
left_child=2 3 -1 -2
right_child=1 -3 -4 -5
leaf_value=0.011738147988198076 0.0020706106276539987 0.0069542743380521365 -0.0023435428606611887 -0.0096151310277948401
leaf_weight=9.4478392479941231 0.5862100487574925 5.4081493269186458 1.4644044428132463 15.402455961680973
leaf_count=834 67 465 204 3316
internal_value=0.0020383 -0.00366838 0.00963141 -0.00855481
internal_weight=32.3091 21.3968 10.9122 15.9887
internal_count=4886 3848 1038 3383
is_linear=0
shrinkage=0.03


Tree=73
num_leaves=5
num_cat=0
split_feature=3 2 1 1
split_gain=2.34882 2.03535 1.76132 1.40434
threshold=-0.027573241181914527 -0.17945766579336123 0.017321324693818644 0.03615790480122006
decision_type=2 2 2 2
left_child=-1 2 -2 -3
right_child=1 3 -4 -5
leaf_value=0.011224673302742069 0.0083229649109840716 -0.01174425236698042 -0.0062266669057379461 0.0038121851738464854
leaf_weight=6.1772439817432305 11.319635769468734 10.200553073314948 2.8773508269805452 1.7132857087999571
leaf_count=346 1018 2527 736 259
internal_value=0.00203974 -0.00263986 0.00401949 -0.00878838
internal_weight=32.2881 26.1108 14.197 11.9138
internal_count=4886 4540 1754 2786
is_linear=0
shrinkage=0.03


Tree=74
num_leaves=5
num_cat=0
split_feature=3 3 5 13
split_gain=2.28894 1.98649 1.43238 0.342436
threshold=-0.027573241181914527 0.031408434290622338 -0.42731378533209619 0.024516794306230941
decision_type=2 2 2 2
left_child=3 2 -2 -1
right_child=1 -3 -4 -5
leaf_value=-0.00094936287633861261 0.0043059277933973584 0.0075268584185713555 -0.0089047503933127031 0.012055965062871482
leaf_weight=0.51025237701833148 3.2525031591067153 3.9895655093714586 18.817200832534581 5.7161965675186366
leaf_count=36 368 310 3862 310
internal_value=0.00201599 -0.0026137 -0.00622225 0.0110619
internal_weight=32.2857 26.0593 22.0697 6.22645
internal_count=4886 4540 4230 346
is_linear=0
shrinkage=0.03


Tree=75
num_leaves=5
num_cat=0
split_feature=1 2 2 11
split_gain=2.25672 3.09642 1.66449 1.02122
threshold=0.0060546634135980612 1.0000000180025095e-35 0.89460032639735798 0.53913506134533207
decision_type=2 2 2 2
left_child=1 3 -2 -1
right_child=2 -3 -4 -5
leaf_value=0.014782355858298157 -0.0089698461094960096 -0.006483008206948004 0.0055347805802053486 -0.0012489312027404544
leaf_weight=11.419973550830038 11.587420019553972 3.9891351375263175 2.6867751312674946 2.5380823949817559
leaf_count=661 2684 873 485 183
internal_value=0.00205748 0.00752443 -0.0050843 0.0125627
internal_weight=32.2214 17.9472 14.2742 13.9581
internal_count=4886 1717 3169 844
is_linear=0
shrinkage=0.03


Tree=76
num_leaves=5
num_cat=0
split_feature=3 3 6 5
split_gain=2.20065 2.31422 0.844155 0.552694
threshold=-0.012362569606757128 0.02252852580750259 0.34634424980955508 -0.61384103045788752
decision_type=2 2 2 2
left_child=2 3 -1 -2
right_child=1 -3 -4 -5
leaf_value=0.011229535589880097 0.0020524055677657222 0.0060890146800286395 -0.0023373001441960497 -0.0098244090091102361
leaf_weight=9.6192423953907547 0.59023273200727899 6.8722076530102632 1.4592629484832276 13.685385121381843
leaf_count=834 67 620 204 3161
internal_value=0.00202023 -0.00347454 0.00918145 -0.00869018
internal_weight=32.2263 21.1478 11.0785 14.2756
internal_count=4886 3848 1038 3228
is_linear=0
shrinkage=0.03


Tree=77
num_leaves=5
num_cat=0
split_feature=1 2 4 11
split_gain=2.13821 1.87339 1.39607 1.4846
threshold=0.00097495098605693286 1.0000000180025095e-35 0.023465314822472164 -0.43945131320083169
decision_type=2 2 2 2
left_child=1 -1 3 -2
right_child=2 -3 -4 -5
leaf_value=0.012513799773760662 0.0048187901393358006 -0.0042555031625635753 0.0054146845142997828 -0.0098135797278092862
leaf_weight=9.9964590622112137 1.6917147373314971 2.824125610291957 3.3228497644886366 14.380593501962723
leaf_count=500 189 552 343 3302
internal_value=0.00201054 0.00857378 -0.00376871 -0.00701591
internal_weight=32.2157 12.8206 19.3952 16.0723
internal_count=4886 1052 3834 3491
is_linear=0
shrinkage=0.03


Tree=78
num_leaves=5
num_cat=0
split_feature=3 2 1 1
split_gain=2.11801 1.88495 1.62796 1.3819
threshold=-0.027573241181914527 -0.17945766579336123 0.017321324693818644 0.03615790480122006
decision_type=2 2 2 2
left_child=-1 2 -2 -3
right_child=1 3 -4 -5
leaf_value=0.0106567685845789 0.0079797379859348795 -0.011470401597921705 -0.0060305257790490988 0.0038740509372315454
leaf_weight=6.3355589187704018 11.444958701031284 9.9242527571041119 2.7803586368681854 1.6931632447522122
leaf_count=346 1018 2527 736 259
internal_value=0.00201283 -0.00248827 0.00388242 -0.00847647
internal_weight=32.1783 25.8427 14.2253 11.6174
internal_count=4886 4540 1754 2786
is_linear=0
shrinkage=0.03


Tree=79
num_leaves=5
num_cat=0
split_feature=3 3 6 2
split_gain=2.071 2.19913 0.8097 0.525007
threshold=-0.012362569606757128 0.026224563594766027 0.34634424980955508 -0.67781826722089555
decision_type=2 2 2 2
left_child=2 3 -1 -2
right_child=1 -3 -4 -5
leaf_value=0.01090056618774856 0.00045792975690315993 0.0065390051275279063 -0.0023209615972759824 -0.010051679913626503
leaf_weight=9.7284619989804906 4.3094303626567116 5.5248784224968395 1.4516036211280141 11.163013612851502
leaf_count=834 655 465 204 2728
internal_value=0.00198729 -0.00337622 0.00889859 -0.00809389
internal_weight=32.1774 20.9973 11.1801 15.4724
internal_count=4886 3848 1038 3383
is_linear=0
shrinkage=0.03


Tree=80
num_leaves=5
num_cat=0
split_feature=4 4 6 13
split_gain=2.01779 2.29165 0.769877 0.754933
threshold=-0.019431016317443813 0.020892113731188492 -0.14929827903728182 0.80033966560227421
decision_type=2 2 2 2
left_child=2 -2 -1 -3
right_child=1 3 -4 -5
leaf_value=0.011914611922460515 -0.0088974937544423812 0.0084656879418106741 -0.0012889994819758625 -0.0023207446180205028
leaf_weight=6.5948428383562714 12.808817016892137 6.1436649423558247 2.8813327092211676 3.7506336950464174
leaf_count=405 3262 528 277 414
internal_value=0.00196616 -0.00300234 0.00929942 0.00526561
internal_weight=32.1793 22.7031 9.47618 9.8943
internal_count=4886 4204 682 942
is_linear=0
shrinkage=0.03


Tree=81
num_leaves=5
num_cat=0
split_feature=3 3 2 13
split_gain=1.98884 1.78672 1.33583 0.324601
threshold=-0.027573241181914527 0.031408434290622338 -0.67781826722089555 0.024516794306230941
decision_type=2 2 2 2
left_child=3 2 -2 -1
right_child=1 -3 -4 -5
leaf_value=-0.00097846875003113542 0.0028948556017655059 0.0071155160090587777 -0.0092640744118007504 0.011276713839902058
leaf_weight=0.51736582396551867 6.3456094292923835 4.0975662046112111 15.273757671704518 5.9244852312840521
leaf_count=36 831 310 3399 310
internal_value=0.00196345 -0.00242205 -0.0059084 0.010296
internal_weight=32.1588 25.7169 21.6194 6.44185
internal_count=4886 4540 4230 346
is_linear=0
shrinkage=0.03


Tree=82
num_leaves=5
num_cat=0
split_feature=1 2 2 11
split_gain=1.94312 2.76292 1.58957 0.962359
threshold=0.0060546634135980612 1.0000000180025095e-35 0.89460032639735798 0.53913506134533207
decision_type=2 2 2 2
left_child=1 3 -2 -1
right_child=2 -3 -4 -5
leaf_value=0.013838724955982193 -0.0086259294225766447 -0.0062702430786573966 0.0055146254384160591 -0.0013391478254134678
leaf_weight=11.734983388567345 11.25903414795175 3.8713791093323371 2.6883172902744255 2.5609692665748289
leaf_count=661 2684 873 485 183
internal_value=0.00198456 0.00699344 -0.00473571 0.0116877
internal_weight=32.1147 18.1673 13.9474 14.296
internal_count=4886 1717 3169 844
is_linear=0
shrinkage=0.03


Tree=83
num_leaves=5
num_cat=0
split_feature=3 3 6 5
split_gain=1.90496 2.0585 0.761814 0.5
threshold=-0.012362569606757128 0.026224563594766027 0.34634424980955508 -0.61384103045788752
decision_type=2 2 2 2
left_child=2 3 -1 -2
right_child=1 -3 -4 -5
leaf_value=0.010464764092091423 0.0020492772761487445 0.0063028555317455135 -0.0022890521328687704 -0.0089261894122594498
leaf_weight=9.8730123675195482 0.5893046457786103 5.5948218876728779 1.4380977390101168 14.624829580308871
leaf_count=834 67 465 204 3316
internal_value=0.00194611 -0.00323976 0.00853001 -0.00785692
internal_weight=32.1201 20.809 11.3111 15.2141
internal_count=4886 3848 1038 3383
is_linear=0
shrinkage=0.03


Tree=84
num_leaves=5
num_cat=0
split_feature=3 2 1 1
split_gain=1.85399 1.71677 1.51058 1.35127
threshold=-0.027573241181914527 -0.17945766579336123 0.017321324693818644 0.03615790480122006
decision_type=2 2 2 2
left_child=-1 2 -2 -3
right_child=1 3 -4 -5
leaf_value=0.0099419922762809133 0.0076322144391203642 -0.011150333311029577 -0.0058685964057391318 0.0039308902597303868
leaf_weight=6.5419402653351417 11.573129043099472 9.6140276588266698 2.7007001045858479 1.6742061615223054
leaf_count=346 1018 2527 736 259
internal_value=0.00194191 -0.00232544 0.00371245 -0.00811777
internal_weight=32.104 25.5621 14.2738 11.2882
internal_count=4886 4540 1754 2786
is_linear=0
shrinkage=0.03


Tree=85
num_leaves=5
num_cat=0
split_feature=1 2 4 11
split_gain=1.81548 1.63364 1.30429 1.39398
threshold=0.00097495098605693286 1.0000000180025095e-35 0.023465314822472164 -0.43945131320083169
decision_type=2 2 2 2
left_child=1 -1 3 -2
right_child=2 -3 -4 -5
leaf_value=0.01151507362559134 0.0046864858129910354 -0.0040806617673816714 0.0053001278123671466 -0.0094674785934190306
leaf_weight=10.312189504038541 1.7225926449755196 2.7419070551404721 3.3524527593981466 13.975221691420304
leaf_count=500 189 552 343 3302
internal_value=0.00191485 0.00789018 -0.00348628 -0.00669501
internal_weight=32.1044 13.0541 19.0503 15.6978
internal_count=4886 1052 3834 3491
is_linear=0
shrinkage=0.03


Tree=86
num_leaves=5
num_cat=0
split_feature=3 3 5 13
split_gain=1.79684 1.65174 1.26144 0.309875
threshold=-0.027573241181914527 0.031408434290622338 -0.42731378533209619 0.024516794306230941
decision_type=2 2 2 2
left_child=3 2 -2 -1
right_child=1 -3 -4 -5
leaf_value=-0.00099155280628999954 0.0040768539321012929 0.0068214276351102575 -0.0082979743364906006 0.010738014883887528
leaf_weight=0.52024790085852046 3.298282301402657 4.172965385252609 18.010625959723257 6.06693877116777
leaf_count=36 368 310 3862 310
internal_value=0.00191493 -0.00229797 -0.00569219 0.00977234
internal_weight=32.0691 25.4819 21.3089 6.58719
internal_count=4886 4540 4230 346
is_linear=0
shrinkage=0.03


Tree=87
num_leaves=5
num_cat=0
split_feature=3 3 6 5
split_gain=1.73831 1.91364 0.727164 0.505475
threshold=-0.012362569606757128 0.02252852580750259 0.34634424980955508 -0.61384103045788752
decision_type=2 2 2 2
left_child=2 3 -1 -2
right_child=1 -3 -4 -5
leaf_value=0.010079524462321266 0.002034653954783298 0.0055003815579158701 -0.0022821692855135253 -0.009111585048303299
leaf_weight=9.9989980293903482 0.59256428363732894 7.0508570212405166 1.4329191441647697 12.938504294026645
leaf_count=834 67 620 204 3161
internal_value=0.00194747 -0.00306285 0.00818819 -0.00796623
internal_weight=32.0138 20.5819 11.4319 13.5311
internal_count=4886 3848 1038 3228
is_linear=0
shrinkage=0.03


Tree=88
num_leaves=5
num_cat=0
split_feature=1 2 2 11
split_gain=1.69868 2.51626 1.521 0.907743
threshold=0.0060546634135980612 1.0000000180025095e-35 0.89460032639735798 0.53913506134533207
decision_type=2 2 2 2
left_child=1 3 -2 -1
right_child=2 -3 -4 -5
leaf_value=0.013086181112836794 -0.008318280285167368 -0.006105116997158596 0.0054856730208666599 -0.0013937297337327664
leaf_weight=11.985190099105241 10.974714680691248 3.7807348320493466 2.6935760219348586 2.5731015536002806
leaf_count=661 2684 873 485 183
internal_value=0.00193311 0.006565 -0.00442959 0.0110015
internal_weight=32.0073 18.339 13.6683 14.5583
internal_count=4886 1717 3169 844
is_linear=0
shrinkage=0.03


Tree=89
num_leaves=5
num_cat=0
split_feature=3 2 1 1
split_gain=1.67245 1.58753 1.39905 1.32893
threshold=-0.027573241181914527 -0.17945766579336123 0.017321324693818644 0.03615790480122006
decision_type=2 2 2 2
left_child=-1 2 -2 -3
right_child=1 3 -4 -5
leaf_value=0.0094331861080773054 0.0073167651899222813 -0.010897904793475899 -0.0056918609518707385 0.0039833095125496277
leaf_weight=6.6827629159670314 11.686269943951631 9.3718553791986761 2.6151721393689504 1.6570626557804633
leaf_count=346 1018 2527 736 259
internal_value=0.00189375 -0.00220234 0.00357467 -0.00783107
internal_weight=32.0131 25.3304 14.3014 11.0289
internal_count=4886 4540 1754 2786
is_linear=0
shrinkage=0.03


Tree=90
num_leaves=5
num_cat=0
split_feature=3 3 2 13
split_gain=1.63046 1.55218 1.2136 0.298962
threshold=-0.027573241181914527 0.031408434290622338 -0.67781826722089555 0.024516794306230941
decision_type=2 2 2 2
left_child=3 2 -2 -1
right_child=1 -3 -4 -5
leaf_value=-0.0010117397959675382 0.0028078250984688736 0.0066130546160620834 -0.0087830731431263933 0.010254878825610223
leaf_weight=0.52548450464382668 6.348224698565903 4.2265097997151306 14.714480672730135 6.1994600866455585
leaf_count=36 831 310 3399 310
internal_value=0.00186578 -0.00218439 -0.00551034 0.00929596
internal_weight=32.0142 25.2892 21.0627 6.72494
internal_count=4886 4540 4230 346
is_linear=0
shrinkage=0.03


Tree=91
num_leaves=5
num_cat=0
split_feature=4 4 13 6
split_gain=1.59714 1.9645 0.766268 0.723342
threshold=-0.019431016317443813 0.018466180397235691 0.80033966560227421 -0.14929827903728182
decision_type=2 2 2 2
left_child=3 -2 -3 -1
right_child=1 2 -4 -5
leaf_value=0.010839789700180997 -0.0085206382035098605 0.0078233048280270719 -0.0026270150901974666 -0.0014644785423396345
leaf_weight=6.8853079420514405 11.313909673830496 6.9893472290132177 3.8759609737899154 2.9109022601041961
leaf_count=405 3105 653 446 277
internal_value=0.00188153 -0.00264604 0.00462301 0.00829075
internal_weight=31.9754 22.1792 10.8653 9.79621
internal_count=4886 4204 1099 682
is_linear=0
shrinkage=0.03


Tree=92
num_leaves=5
num_cat=0
split_feature=3 3 6 2
split_gain=1.56805 1.78476 0.678927 0.473314
threshold=-0.012362569606757128 0.031408434290622338 0.34634424980955508 -0.67781826722089555
decision_type=2 2 2 2
left_child=2 3 -1 -2
right_child=1 -3 -4 -5
leaf_value=0.0095787849412972224 0.00053675325661393209 0.0065049141507219875 -0.0022590268549681166 -0.0088871498463080519
leaf_weight=10.163588554481978 4.7889754931675332 4.2563032391481093 1.4216052166884754 11.335932711721396
leaf_count=834 693 310 204 2845
internal_value=0.00186815 -0.00292752 0.00775258 -0.00695419
internal_weight=31.9664 20.3812 11.5852 16.1249
internal_count=4886 3848 1038 3538
is_linear=0
shrinkage=0.03


Tree=93
num_leaves=5
num_cat=0
split_feature=1 2 2 1
split_gain=1.53739 2.32137 1.46635 0.877092
threshold=0.0060546634135980612 1.0000000180025095e-35 0.89460032639735798 0.029749776983304225
decision_type=2 2 2 2
left_child=1 -1 -2 -4
right_child=2 -3 3 -5
leaf_value=0.010455020333511986 -0.0081132769886753178 -0.0059579824653971563 -0.003497393818570978 0.0094677164254468385
leaf_weight=14.76926002441906 10.785557386116123 3.7008014421444377 1.2629128876142197 1.4454102694289757
leaf_count=844 2684 873 343 142
internal_value=0.00185078 0.00622879 -0.00424229 0.00542724
internal_weight=31.9639 18.4701 13.4939 2.70832
internal_count=4886 1717 3169 485
is_linear=0
shrinkage=0.03


Tree=94
num_leaves=5
num_cat=0
split_feature=3 3 5 13
split_gain=1.50841 1.4524 1.15556 0.287741
threshold=-0.027573241181914527 0.031408434290622338 -0.42731378533209619 0.024516794306230941
decision_type=2 2 2 2
left_child=3 2 -2 -1
right_child=1 -3 -4 -5
leaf_value=-0.0010197065127142651 0.0039265109434130693 0.0063681725375034116 -0.0079021441977056642 0.0098662099638160469
leaf_weight=0.52690124604851263 3.3287899629212978 4.2920437387656412 17.518269878695719 6.3032645739149302
leaf_count=36 368 310 3862 310
internal_value=0.00181117 -0.00210886 -0.00535279 0.00891952
internal_weight=31.9693 25.1391 20.8471 6.83017
internal_count=4886 4540 4230 346
is_linear=0
shrinkage=0.03


Tree=95
num_leaves=5
num_cat=0
split_feature=1 2 4 11
split_gain=1.45804 1.40092 1.21042 1.29033
threshold=0.00097495098605693286 1.0000000180025095e-35 0.023465314822472164 -0.43945131320083169
decision_type=2 2 2 2
left_child=1 -1 3 -2
right_child=2 -3 -4 -5
leaf_value=0.010427690641049621 0.0045465241619910678 -0.0039141118038175278 0.0052375508383955298 -0.0090328696061851774
leaf_weight=10.652439174707981 1.7537477080477426 2.6636425370816132 3.3637998859630889 13.485348936403168
leaf_count=500 189 552 343 3302
internal_value=0.00183885 0.00711056 -0.00310136 -0.00628792
internal_weight=31.919 13.3161 18.6029 15.2391
internal_count=4886 1052 3834 3491
is_linear=0
shrinkage=0.03


Tree=96
num_leaves=5
num_cat=0
split_feature=3 3 6 2
split_gain=1.45799 1.65943 0.645712 0.457294
threshold=-0.012362569606757128 0.031408434290622338 0.34634424980955508 -0.67781826722089555
decision_type=2 2 2 2
left_child=2 3 -1 -2
right_child=1 -3 -4 -5
leaf_value=0.009260542264282837 0.00056476732292706419 0.0062353547464283343 -0.0022329904271860923 -0.0086589205355519401
leaf_weight=10.259465765790084 4.7689719113986966 4.3269542329944661 1.4096972486004222 11.121367927989921
leaf_count=834 693 310 204 2845
internal_value=0.00183645 -0.00282003 0.00748233 -0.00674179
internal_weight=31.8865 20.2173 11.6692 15.8903
internal_count=4886 3848 1038 3538
is_linear=0
shrinkage=0.03


Tree=97
num_leaves=5
num_cat=0
split_feature=3 2 1 1
split_gain=1.40838 1.39779 1.29232 1.2693
threshold=-0.027573241181914527 -0.17945766579336123 0.03615790480122006 0.017321324693818644
decision_type=2 2 2 2
left_child=-1 3 -3 -2
right_child=1 2 -4 -5
leaf_value=0.0086522853488301948 0.0069064559633214015 -0.010495563838747611 0.0040645472834908748 -0.0054909054503335846
leaf_weight=6.9036215830128667 11.831701571238229 9.0008355971658549 1.6301945429295308 2.5185839642072105
leaf_count=346 1018 2527 259 736
internal_value=0.00181792 -0.00200426 -0.00737496 0.00336921
internal_weight=31.8849 24.9813 10.631 14.3503
internal_count=4886 4540 2786 1754
is_linear=0
shrinkage=0.03


Tree=98
num_leaves=5
num_cat=0
split_feature=3 3 6 2
split_gain=1.37439 1.60848 0.624596 0.433299
threshold=-0.012362569606757128 0.031408434290622338 0.34634424980955508 -0.67781826722089555
decision_type=2 2 2 2
left_child=2 3 -1 -2
right_child=1 -3 -4 -5
leaf_value=0.0089998506316456839 0.00051783531649508417 0.0061421627818492907 -0.0022308706542766839 -0.0085096414817593027
leaf_weight=10.354607398388909 4.7848651221720528 4.3501986963674417 1.4080705507658411 10.98934624425601
leaf_count=834 693 310 204 2845
internal_value=0.00178872 -0.00274908 0.00724812 -0.00663282
internal_weight=31.8871 20.1244 11.7627 15.7742
internal_count=4886 3848 1038 3538
is_linear=0
shrinkage=0.03


Tree=99
num_leaves=5
num_cat=0
split_feature=1 2 4 11
split_gain=1.34419 1.31068 1.17121 1.25092
threshold=0.00097495098605693286 1.0000000180025095e-35 0.023465314822472164 -0.43945131320083169
decision_type=2 2 2 2
left_child=1 -1 3 -2
right_child=2 -3 -4 -5
leaf_value=0.010001665708020385 0.0044784591788670424 -0.0038375906610405301 0.0051733804758702347 -0.0088850848866932012
leaf_weight=10.784546250011774 1.7699806801974798 2.6279687061905852 3.3808105646166942 13.322606474044731
leaf_count=500 189 552 343 3302
internal_value=0.00176984 0.00680914 -0.00299536 -0.00615767
internal_weight=31.8859 13.4125 18.4734 15.0926
internal_count=4886 1052 3834 3491
is_linear=0
shrinkage=0.03


Tree=100
num_leaves=5
num_cat=0
split_feature=3 2 1 1
split_gain=1.33363 1.3057 1.26988 1.20933
threshold=-0.027573241181914527 -0.17945766579336123 0.03615790480122006 0.017321324693818644
decision_type=2 2 2 2
left_child=-1 3 -3 -2
right_child=1 2 -4 -5
leaf_value=0.0083949278366401685 0.0066680253136936398 -0.010319649979898919 0.0040744990087424708 -0.0054177732090920638
leaf_weight=6.9745897885877666 11.924290666123854 8.844577671261499 1.6265481184236712 2.4837593472329909
leaf_count=346 1018 2527 259 736
internal_value=0.00176713 -0.00196506 -0.00718559 0.00321851
internal_weight=31.8538 24.8792 10.4711 14.4081
internal_count=4886 4540 2786 1754
is_linear=0
shrinkage=0.03


Tree=101
num_leaves=5
num_cat=0
split_feature=4 4 13 6
split_gain=1.30492 1.68899 0.740111 0.682252
threshold=-0.019431016317443813 0.018466180397235691 0.80033966560227421 -0.14929827903728182
decision_type=2 2 2 2
left_child=3 -2 -3 -1
right_child=1 2 -4 -5
leaf_value=0.0099511328380374135 -0.007980793083029316 0.0074296608988938294 -0.0027154413894789004 -0.0016113749133614078
leaf_weight=7.1237592606339604 10.81443459109869 7.0949176801368576 3.8896938699763268 2.9332737649092469
leaf_count=405 3105 653 446 277
internal_value=0.0017378 -0.00241589 0.00425516 0.00745676
internal_weight=31.8561 21.799 10.9846 10.057
internal_count=4886 4204 1099 682
is_linear=0
shrinkage=0.03


Tree=102
num_leaves=5
num_cat=0
split_feature=3 3 5 2
split_gain=1.2848 1.27877 1.06103 0.307823
threshold=-0.027573241181914527 0.031408434290622338 -0.42731378533209619 -1.2588419682777054
decision_type=2 2 2 2
left_child=3 2 -2 -1
right_child=1 -3 -4 -5
leaf_value=-0.00077843043622198289 0.0037858457528768667 0.0059469732608898231 -0.0075357870868519019 0.0095371464759416887
leaf_weight=1.4319966337643562 3.3555391211994055 4.3987110839225343 17.067507619736716 5.5958341921214041
leaf_count=60 368 310 3862 286
internal_value=0.0017218 -0.00194661 -0.00504266 0.00821248
internal_weight=31.8496 24.8218 20.423 7.02783
internal_count=4886 4540 4230 346
is_linear=0
shrinkage=0.03


Tree=103
num_leaves=5
num_cat=0
split_feature=3 3 6 13
split_gain=1.24724 1.5946 0.836657 0.440908
threshold=-0.0084996198665330223 0.02252852580750259 0.34634424980955508 0.16566034120125636
decision_type=2 2 2 2
left_child=2 -2 3 -1
right_child=1 -3 -4 -5
leaf_value=-0.00060477515672587945 -0.007739921430685197 0.004800891993175945 -0.0030247181206250616 0.010416937610966412
leaf_weight=2.6815116141224307 11.184387628920378 7.2512578166788435 1.7295608225977037 8.9550994789460656
leaf_count=332 2884 620 302 748
internal_value=0.00175021 -0.0028536 0.00660382 0.00877146
internal_weight=31.8018 18.4356 13.3662 11.6366
internal_count=4886 3504 1382 1080
is_linear=0
shrinkage=0.03


Tree=104
num_leaves=5
num_cat=0
split_feature=3 2 1 1
split_gain=1.21438 1.23722 1.2418 1.15698
threshold=-0.027573241181914527 -0.17945766579336123 0.03615790480122006 0.017321324693818644
decision_type=2 2 2 2
left_child=-1 3 -3 -2
right_child=1 2 -4 -5
leaf_value=0.0080097155922260032 0.006515904916514402 -0.010128491980308843 0.004069954108537081 -0.0053169754476022103
leaf_weight=7.0897454859223243 11.976197537616828 8.677731475094328 1.6270204269094399 2.436014987528325
leaf_count=346 1018 2527 259 736
internal_value=0.00172463 -0.00186603 -0.00698634 0.00315714
internal_weight=31.8067 24.717 10.3048 14.4122
internal_count=4886 4540 2786 1754
is_linear=0
shrinkage=0.03


Tree=105
num_leaves=5
num_cat=0
split_feature=1 2 2 5
split_gain=1.192 1.93932 1.37984 0.830355
threshold=0.0060546634135980612 1.0000000180025095e-35 0.89460032639735798 0.53968503937007883
decision_type=2 2 2 2
left_child=1 3 -2 -1
right_child=2 -3 -4 -5
leaf_value=0.011704870603736008 -0.0076545580851283433 -0.005655777795394494 0.0054393227728449433 -0.0010278466538102546
leaf_weight=11.244141614530241 10.37064599979203 3.5377984411315984 2.6940170791931441 3.9630090086720875
leaf_count=594 2684 873 485 250
internal_value=0.00169482 0.00548762 -0.00376686 0.0092953
internal_weight=31.8096 18.7449 13.0647 15.2072
internal_count=4886 1717 3169 844
is_linear=0
shrinkage=0.03


Tree=106
num_leaves=5
num_cat=0
split_feature=3 3 5 2
split_gain=1.17167 1.20643 1.00347 0.31315
threshold=-0.027573241181914527 0.031408434290622338 -0.42731378533209619 -1.2588419682777054
decision_type=2 2 2 2
left_child=3 2 -2 -1
right_child=1 -3 -4 -5
leaf_value=-0.00086819024966159632 0.0036708972124689472 0.0057746935144780739 -0.0073425618932691419 0.0091830279703834072
leaf_weight=1.4488326082937417 3.3822110292967471 4.4420601841993621 16.845078914542682 5.6897429863456663
leaf_count=60 368 310 3862 286
internal_value=0.00166359 -0.00186298 -0.00489581 0.00782676
internal_weight=31.8079 24.6694 20.2273 7.13858
internal_count=4886 4540 4230 346
is_linear=0
shrinkage=0.03


Tree=107
num_leaves=5
num_cat=0
split_feature=3 3 6 4
split_gain=1.13945 1.5008 0.801915 0.520369
threshold=-0.0084996198665330223 0.02252852580750259 -1.0000000180025095e-35 -0.010797879284856036
decision_type=2 2 2 2
left_child=2 -2 3 -1
right_child=1 -3 -4 -5
leaf_value=0.010505583432154929 -0.007521670972058323 0.0046554155640702718 -0.0021826139289003749 -0.0014063456598293325
leaf_weight=8.4431597931543347 10.995020483853297 7.2924628594191736 3.6128155805636224 1.4189568170113478
leaf_count=566 2884 620 496 320
internal_value=0.00168984 -0.00273669 0.00630399 0.00894654
internal_weight=31.7624 18.2875 13.4749 9.86212
internal_count=4886 3504 1382 886
is_linear=0
shrinkage=0.03


Tree=108
num_leaves=5
num_cat=0
split_feature=1 2 4 11
split_gain=1.1164 1.15497 1.10711 1.16566
threshold=0.00097495098605693286 1.0000000180025095e-35 0.023465314822472164 -0.43945131320083169
decision_type=2 2 2 2
left_child=1 -1 3 -2
right_child=2 -3 -4 -5
leaf_value=0.0091913090774035835 0.0043260466774342867 -0.0037149139758568144 0.0051232095587352405 -0.0085614019799076149
leaf_weight=11.030505334958436 1.8056209944188619 2.5699706341838455 3.3900792940985403 12.966206201119347
leaf_count=500 189 552 343 3302
internal_value=0.00166778 0.0062118 -0.00273245 -0.00587568
internal_weight=31.7624 13.6005 18.1619 14.7718
internal_count=4886 1052 3834 3491
is_linear=0
shrinkage=0.03


Tree=109
num_leaves=5
num_cat=0
split_feature=3 3 6 4
split_gain=1.10426 1.44033 0.777284 0.499271
threshold=-0.0084996198665330223 0.026224563594766027 -1.0000000180025095e-35 -0.010797879284856036
decision_type=2 2 2 2
left_child=2 -2 3 -1
right_child=1 -3 -4 -5
leaf_value=0.010312949577101414 -0.0070223902319860075 0.0050306182076486202 -0.002157859149839984 -0.0013764490594640061
leaf_weight=8.497243346530011 12.282672727596948 5.9446709254989392 3.5991263409378034 1.407909202389418
leaf_count=566 3039 465 496 320
internal_value=0.00166415 -0.00270185 0.00619946 0.00879464
internal_weight=31.7316 18.2273 13.5043 9.90515
internal_count=4886 3504 1382 886
is_linear=0
shrinkage=0.03


Tree=110
num_leaves=5
num_cat=0
split_feature=3 2 1 1
split_gain=1.07434 1.13719 1.21574 1.07039
threshold=-0.027573241181914527 -0.17945766579336123 0.03615790480122006 0.017321324693818644
decision_type=2 2 2 2
left_child=-1 3 -3 -2
right_child=1 2 -4 -5
leaf_value=0.0075180244943004789 0.0062441689890990956 -0.0098844485845864093 0.0041041845492528753 -0.0051513129046453186
leaf_weight=7.2234735975507673 12.065706541179681 8.4628374326275608 1.615150369587355 2.3584523434983575
leaf_count=346 1018 2527 259 736
internal_value=0.00164844 -0.00175944 -0.00671503 0.00303469
internal_weight=31.7256 24.5021 10.078 14.4242
internal_count=4886 4540 2786 1754
is_linear=0
shrinkage=0.03


Tree=111
num_leaves=5
num_cat=0
split_feature=3 3 2 2
split_gain=1.04821 1.10652 0.956221 0.322354
threshold=-0.027573241181914527 0.031408434290622338 -0.67781826722089555 -1.2588419682777054
decision_type=2 2 2 2
left_child=3 2 -2 -1
right_child=1 -3 -4 -5
leaf_value=-0.0009834339968098195 0.0025638332489764616 0.0055257118192038089 -0.0077355246130462836 0.0088133946850117856
leaf_weight=1.4707003342919049 6.3781869035447079 4.5062313177622846 13.586657613166606 5.7866706242784884
leaf_count=60 831 310 3399 286
internal_value=0.00161872 -0.0017495 -0.00468763 0.00740863
internal_weight=31.7284 24.4711 19.9648 7.25737
internal_count=4886 4540 4230 346
is_linear=0
shrinkage=0.03


Tree=112
num_leaves=5
num_cat=0
split_feature=3 3 6 16
split_gain=1.03012 1.37078 0.750989 0.42803
threshold=-0.0084996198665330223 0.02252852580750259 0.34634424980955508 0.2531297584643708
decision_type=2 2 2 2
left_child=2 -2 -1 -3
right_child=1 3 -4 -5
leaf_value=0.0080523353205595831 -0.007233167143827538 0.0066615178083781782 -0.0029789455895230413 -0.0020207696219572829
leaf_weight=11.877934543415906 10.75125835160725 5.2094319579191497 1.7058158157160495 2.1535745284054428
leaf_count=1080 2884 429 302 191
internal_value=0.00162978 -0.0026086 0.00599131 0.0044208
internal_weight=31.698 18.1143 13.5838 7.36301
internal_count=4886 3504 1382 620
is_linear=0
shrinkage=0.03


Tree=113
num_leaves=5
num_cat=0
split_feature=1 2 2 1
split_gain=1.01944 1.74981 1.30537 0.800596
threshold=0.0060546634135980612 1.0000000180025095e-35 0.89460032639735798 0.029749776983304225
decision_type=2 2 2 2
left_child=1 -1 -2 -4
right_child=2 -3 3 -5
leaf_value=0.0086720349113792519 -0.0073608301436224981 -0.0054963280893644603 -0.0033222011017856904 0.0091365125083054961
leaf_weight=15.430094050709164 10.114777407841755 3.4524451802717513 1.1895580709679046 1.5240806136280296
leaf_count=844 2684 873 343 142
internal_value=0.00159781 0.00507544 -0.00350202 0.00535771
internal_weight=31.711 18.8825 12.8284 2.71364
internal_count=4886 1717 3169 485
is_linear=0
shrinkage=0.03


Tree=114
num_leaves=5
num_cat=0
split_feature=3 3 6 6
split_gain=0.988594 1.33185 0.730211 0.580276
threshold=-0.0084996198665330223 0.031408434290622338 -1.0000000180025095e-35 0.58466062239648686
decision_type=2 2 2 2
left_child=2 3 -1 -2
right_child=1 -3 -4 -5
leaf_value=0.0083443132861634201 -0.0087638680715010162 0.0053716986358247889 -0.002171671149666612 0.0011722228321827931
leaf_weight=10.05250690015964 9.1347869016462955 4.5464899982325724 3.5929329470964175 4.3869904486928126
leaf_count=886 2411 310 496 783
internal_value=0.00156098 -0.00258978 0.00582797 -0.00641236
internal_weight=31.7137 18.0683 13.6454 13.5218
internal_count=4886 3504 1382 3194
is_linear=0
shrinkage=0.03


Tree=115
num_leaves=5
num_cat=0
split_feature=1 4 11 2
split_gain=0.968691 1.06345 1.11453 1.03806
threshold=0.00097495098605693286 0.023465314822472164 -0.43945131320083169 1.0000000180025095e-35
decision_type=2 2 2 2
left_child=3 2 -2 -1
right_child=1 -3 -4 -5
leaf_value=0.0085625362842231805 0.0042336288151091517 0.0050694382289520725 -0.0083611005731274238 -0.0036100031355633237
leaf_weight=11.22108979476616 1.8255409679841275 3.4008594291517502 12.745103110326452 2.5215911342529571
leaf_count=500 189 343 3302 552
internal_value=0.00154214 -0.00258028 -0.0057023 0.00574928
internal_weight=31.7142 17.9715 14.5706 13.7427
internal_count=4886 3834 3491 1052
is_linear=0
shrinkage=0.03


Tree=116
num_leaves=5
num_cat=0
split_feature=3 2 1 1
split_gain=0.963377 1.02128 1.19001 0.986997
threshold=-0.027573241181914527 -0.17945766579336123 0.03615790480122006 0.017321324693818644
decision_type=2 2 2 2
left_child=-1 3 -3 -2
right_child=1 2 -4 -5
leaf_value=0.007066591427129401 0.005908363189292277 -0.0096349912867525079 0.0041431589084605447 -0.0050215918025905224
leaf_weight=7.3476433465257314 12.18588286987506 8.2498060616198874 1.6019472121261067 2.298084940179252
leaf_count=346 1018 2527 259 736
internal_value=0.00153891 -0.00170207 -0.00643611 0.0028315
internal_weight=31.6834 24.3357 9.85175 14.484
internal_count=4886 4540 2786 1754
is_linear=0
shrinkage=0.03


Tree=117
num_leaves=5
num_cat=0
split_feature=3 3 6 6
split_gain=0.942492 1.27599 0.703366 0.559289
threshold=-0.0084996198665330223 0.031408434290622338 -1.0000000180025095e-35 0.58466062239648686
decision_type=2 2 2 2
left_child=2 3 -1 -2
right_child=1 -3 -4 -5
leaf_value=0.0081347155961680288 -0.0086279879394807694 0.0052320736246936035 -0.0021585843283229238 0.001142681798082548
leaf_weight=10.114555545034817 9.0190819159615803 4.5798002295196047 3.5808475231751826 4.3913406881038091
leaf_count=886 2411 310 496 783
internal_value=0.00150991 -0.00254979 0.00566822 -0.00630709
internal_weight=31.6856 17.9902 13.6954 13.4104
internal_count=4886 3504 1382 3194
is_linear=0
shrinkage=0.03


Tree=118
num_leaves=5
num_cat=0
split_feature=3 3 5 2
split_gain=0.920902 0.991043 0.883566 0.333377
threshold=-0.027573241181914527 0.031408434290622338 -0.42731378533209619 -1.2588419682777054
decision_type=2 2 2 2
left_child=3 2 -2 -1
right_child=1 -3 -4 -5
leaf_value=-0.001136097073366344 0.0034745985277498414 0.0051772496253780238 -0.0068449483577495618 0.0083532233191435622
leaf_weight=1.4984279014170168 3.4172340224031421 4.5951106962747863 16.270610615145415 5.9047216624021557
leaf_count=60 368 310 3862 286
internal_value=0.00149099 -0.00168127 -0.00448673 0.00688337
internal_weight=31.6861 24.283 19.6878 7.40315
internal_count=4886 4540 4230 346
is_linear=0
shrinkage=0.03


Tree=119
num_leaves=5
num_cat=0
split_feature=1 2 2 1
split_gain=0.892341 1.60307 1.26578 1.647
threshold=0.0060546634135980612 1.0000000180025095e-35 0.3514163037342547 0.029749776983304225
decision_type=2 2 2 2
left_child=1 -1 -2 -4
right_child=2 -3 3 -5
leaf_value=0.0081720447638349986 -0.007755241106457712 -0.0053621301204197884 -0.0054915349751793272 0.010669357464225034
leaf_weight=15.615537851816049 8.0924877643119526 3.3824099343037224 2.1449393276125184 2.4106438261223957
leaf_count=844 2182 873 700 287
internal_value=0.00151229 0.00474424 -0.00329354 0.00451505
internal_weight=31.646 18.9979 12.6481 4.55558
internal_count=4886 1717 3169 987
is_linear=0
shrinkage=0.03


Tree=120
num_leaves=5
num_cat=0
split_feature=3 2 1 1
split_gain=0.882059 0.957711 1.16189 0.935337
threshold=-0.027573241181914527 -0.17945766579336123 0.03615790480122006 0.017321324693818644
decision_type=2 2 2 2
left_child=-1 3 -3 -2
right_child=1 2 -4 -5
leaf_value=0.0067330887251226355 0.0057205596272541766 -0.0094580231389483297 0.0041282117354416656 -0.0049216121715480714
leaf_weight=7.4452171099837896 12.251490130554886 8.1033716731471888 1.6056900998810313 2.2521401166450241
leaf_count=346 1018 2527 259 736
internal_value=0.00146766 -0.00164619 -0.00625658 0.00273391
internal_weight=31.6579 24.2127 9.70906 14.5036
internal_count=4886 4540 2786 1754
is_linear=0
shrinkage=0.03


Tree=121
num_leaves=5
num_cat=0
split_feature=3 3 6 6
split_gain=0.868541 1.19553 0.672041 0.545005
threshold=-0.0084996198665330223 0.031408434290622338 -1.0000000180025095e-35 0.58466062239648686
decision_type=2 2 2 2
left_child=2 3 -1 -2
right_child=1 -3 -4 -5
leaf_value=0.0078290042682102202 -0.008444695435277887 0.0050395253177381392 -0.0021667455872923856 0.0011654303902464923
leaf_weight=10.211875507491639 8.8699054782046023 4.6275983420200637 3.5740602669538957 4.3766377700958392
leaf_count=886 2411 310 496 783
internal_value=0.00143898 -0.00247109 0.00541611 -0.00613406
internal_weight=31.6601 17.8741 13.7859 13.2465
internal_count=4886 3504 1382 3194
is_linear=0
shrinkage=0.03


Tree=122
num_leaves=5
num_cat=0
split_feature=1 1 2 2
split_gain=0.85189 0.969059 1.60631 0.79603
threshold=1.0000000180025095e-35 0.041578266087767497 -0.67781826722089555 0.20776396824332938
decision_type=2 2 2 2
left_child=-1 2 -2 -3
right_child=1 3 -4 -5
leaf_value=0.005594809494481265 0.0040022014922240076 -0.0032713714611848207 -0.0093618121904937811 0.0093222613043557542
leaf_weight=12.399060875992292 5.9840914532542291 1.1380351308034726 11.050233367830513 1.0890821488574145
leaf_count=919 772 179 2932 84
internal_value=0.00142006 -0.00226093 -0.00492325 0.00547461
internal_weight=31.6605 19.2614 17.0343 2.22712
internal_count=4886 3967 3704 263
is_linear=0
shrinkage=0.03


Tree=123
num_leaves=5
num_cat=0
split_feature=3 3 5 2
split_gain=0.836152 0.915712 0.83687 0.336534
threshold=-0.027573241181914527 0.031408434290622338 -0.42731378533209619 -1.2588419682777054
decision_type=2 2 2 2
left_child=3 2 -2 -1
right_child=1 -3 -4 -5
leaf_value=-0.0012269658428628461 0.0033886230695930912 0.0049559885537388939 -0.0066508814944356374 0.0080401681744373434
leaf_weight=1.5145253748632965 3.4338273385074052 4.6487173717468968 16.050982040935196 5.9849298645276603
leaf_count=60 368 310 3862 286
internal_value=0.00142321 -0.00161545 -0.00433239 0.00653698
internal_weight=31.633 24.1335 19.4848 7.49946
internal_count=4886 4540 4230 346
is_linear=0
shrinkage=0.03


Tree=124
num_leaves=5
num_cat=0
split_feature=3 2 1 1
split_gain=0.813807 1.08659 1.3792 1.13339
threshold=-0.03694042042292852 -0.17945766579336123 0.029749776983304225 0.015749617269967823
decision_type=2 2 2 2
left_child=-1 3 -3 -2
right_child=1 2 -4 -5
leaf_value=0.0072747311277864737 0.0062872953683777641 -0.0099640462706728616 0.0041284299120216668 -0.0052329713691539942
leaf_weight=4.4433196866884854 13.591700234333993 8.098353527137073 2.8384272309485814 2.6230424339883021
leaf_count=173 1028 2359 524 802
internal_value=0.0014428 -0.00121283 -0.00608166 0.00313839
internal_weight=31.5948 27.1515 10.9368 16.2147
internal_count=4886 4713 2883 1830
is_linear=0
shrinkage=0.03


Tree=125
num_leaves=5
num_cat=0
split_feature=3 3 6 17
split_gain=0.805062 1.12265 0.646428 0.457684
threshold=-0.0084996198665330223 0.02252852580750259 -1.0000000180025095e-35 0.63888888888888895
decision_type=2 2 2 2
left_child=2 -2 3 -1
right_child=1 -3 -4 -5
leaf_value=0.0089856303452953579 -0.0066474279220991696 0.0039377333607698182 -0.0021644476597347095 -0.0016768645578204419
leaf_weight=9.2120752143673581 10.255422266083771 7.4917379447724661 3.5652161878533688 1.0693327019689594
leaf_count=756 2884 620 496 130
internal_value=0.00141706 -0.00237028 0.00522966 0.00759665
internal_weight=31.5938 17.7472 13.8466 10.2814
internal_count=4886 3504 1382 886
is_linear=0
shrinkage=0.03


Tree=126
num_leaves=5
num_cat=0
split_feature=3 2 1 1
split_gain=0.792105 1.04107 1.35174 1.09923
threshold=-0.03694042042292852 -0.17945766579336123 0.029749776983304225 0.015749617269967823
decision_type=2 2 2 2
left_child=-1 3 -3 -2
right_child=1 2 -4 -5
leaf_value=0.0071390650070414091 0.0061384323525819958 -0.0098624838004813271 0.004087628931525312 -0.0051944674207305324
leaf_weight=4.4760401076637235 13.650695513701075 8.0170783121138758 2.8515417125308877 2.6046082378597921
leaf_count=173 1028 2359 524 802
internal_value=0.00139155 -0.00122446 -0.00599756 0.00303573
internal_weight=31.6 27.1239 10.8686 16.2553
internal_count=4886 4713 2883 1830
is_linear=0
shrinkage=0.03


Tree=127
num_leaves=5
num_cat=0
split_feature=3 2 1 1
split_gain=0.779464 1.00204 1.32868 1.07321
threshold=-0.03694042042292852 -0.17945766579336123 0.029749776983304225 0.015749617269967823
decision_type=2 2 2 2
left_child=-1 3 -3 -2
right_child=1 2 -4 -5
leaf_value=0.0070635691091785876 0.0060184585591119555 -0.0097696938163654417 0.0040571116021818959 -0.0051674935198497791
leaf_weight=4.4947608895599869 13.70366120210384 7.9464736676891281 2.8618641102220863 2.5920467819087198
leaf_count=173 1028 2359 524 802
internal_value=0.00136603 -0.00122788 -0.00591828 0.00295068
internal_weight=31.5988 27.104 10.8083 16.2957
internal_count=4886 4713 2883 1830
is_linear=0
shrinkage=0.03


Tree=128
num_leaves=5
num_cat=0
split_feature=3 2 1 1
split_gain=0.767067 0.964439 1.30601 1.04791
threshold=-0.03694042042292852 -0.17945766579336123 0.029749776983304225 0.015749617269967823
decision_type=2 2 2 2
left_child=-1 3 -3 -2
right_child=1 2 -4 -5
leaf_value=0.0069887837698390754 0.0059009333527468826 -0.0096779015800596748 0.0040267633731608321 -0.0051407374333708195
leaf_weight=4.5132989939302233 13.755659354967074 7.8770877025090105 2.8721415604231879 2.5796062833396709
leaf_count=173 1028 2359 524 802
internal_value=0.00134052 -0.00123145 -0.0058402 0.00286734
internal_weight=31.5978 27.0845 10.7492 16.3353
internal_count=4886 4713 2883 1830
is_linear=0
shrinkage=0.03


Tree=129
num_leaves=5
num_cat=0
split_feature=1 1 2 2
split_gain=0.759106 0.926225 1.48807 0.784927
threshold=1.0000000180025095e-35 0.041578266087767497 -0.67781826722089555 0.20776396824332938
decision_type=2 2 2 2
left_child=-1 2 -2 -3
right_child=1 3 -4 -5
leaf_value=0.0052424196634036089 0.0037844898182412315 -0.0032758095748999377 -0.0091133078061358327 0.0091899251434527634
leaf_weight=12.486505727632904 6.0471337515628028 1.1378346413839602 10.806136262777725 1.1193041019141672
leaf_count=919 772 179 2932 84
internal_value=0.00131503 -0.00217044 -0.00479951 0.00536015
internal_weight=31.5969 19.1104 16.8533 2.25714
internal_count=4886 3967 3704 263
is_linear=0
shrinkage=0.03


Tree=130
num_leaves=5
num_cat=0
split_feature=3 3 6 6
split_gain=0.756178 1.06189 0.609721 0.51096
threshold=-0.0084996198665330223 0.031408434290622338 -1.0000000180025095e-35 0.58466062239648686
decision_type=2 2 2 2
left_child=2 3 -1 -2
right_child=1 -3 -4 -5
leaf_value=0.0073053584502092176 -0.008112708240593498 0.0047001110275850591 -0.0021400632066678588 0.0011662204986526059
leaf_weight=10.364178422605617 8.5950670419260877 4.706137971719726 3.5448375188279924 4.3596255055163047
leaf_count=886 2411 310 496 783
internal_value=0.00131806 -0.00234951 0.00500986 -0.00584237
internal_weight=31.5698 17.6608 13.909 12.9547
internal_count=4886 3504 1382 3194
is_linear=0
shrinkage=0.03


Tree=131
num_leaves=5
num_cat=0
split_feature=3 15 2 12
split_gain=0.740572 0.960302 0.721137 0.465488
threshold=-0.03694042042292852 0.042535733322726733 -0.17945766579336123 0.80186355400973686
decision_type=2 2 2 2
left_child=-1 2 -2 -3
right_child=1 3 -4 -5
leaf_value=0.0068409477500640291 0.0060821039090575967 -0.0076369867723665779 -0.0027644693188256953 0.0018177462093321292
leaf_weight=4.5466229477897313 9.8804754453012773 8.6307925630244391 6.5778288078145115 1.934375912765973
leaf_count=173 1128 1600 1824 161
internal_value=0.00129924 -0.00122904 0.00283791 -0.00586377
internal_weight=31.5701 27.0235 16.4583 10.5652
internal_count=4886 4713 2952 1761
is_linear=0
shrinkage=0.03


Tree=132
num_leaves=5
num_cat=0
split_feature=3 3 6 6
split_gain=0.725327 1.03528 0.59522 0.499662
threshold=-0.0084996198665330223 0.031408434290622338 0.34634424980955508 0.58466062239648686
decision_type=2 2 2 2
left_child=2 3 -1 -2
right_child=1 -3 -4 -5
leaf_value=0.0067497160433545242 -0.0080211424203240449 0.004641825459296197 -0.0028500247410264794 0.0011548303358203528
leaf_weight=12.307051086449066 8.5278279372141714 4.7207579228561363 1.6457241933094326 4.3625656180665819
leaf_count=1080 2411 310 302 783
internal_value=0.00129148 -0.00230692 0.00490029 -0.00576784
internal_weight=31.5639 17.6112 13.9528 12.8904
internal_count=4886 3504 1382 3194
is_linear=0
shrinkage=0.03


Tree=133
num_leaves=5
num_cat=0
split_feature=3 15 2 12
split_gain=0.716669 0.936727 0.697671 0.455515
threshold=-0.03694042042292852 0.042535733322726733 -0.17945766579336123 0.80186355400973686
decision_type=2 2 2 2
left_child=-1 2 -2 -3
right_child=1 3 -4 -5
leaf_value=0.0067085969630995895 0.0059764495922227188 -0.0075652724252110387 -0.0027250505622649253 0.0017935004233670801
leaf_weight=4.5785490199923542 9.9170496496371978 8.5822316708508843 6.5544927239534436 1.9397119313944138
leaf_count=173 1128 1600 1824 161
internal_value=0.00126425 -0.00122304 0.00279249 -0.00580675
internal_weight=31.572 26.9935 16.4715 10.5219
internal_count=4886 4713 2952 1761
is_linear=0
shrinkage=0.03


Tree=134
num_leaves=5
num_cat=0
split_feature=3 15 2 12
split_gain=0.701468 0.90863 0.67742 0.447564
threshold=-0.03694042042292852 0.042535733322726733 -0.17945766579336123 0.80186355400973686
decision_type=2 2 2 2
left_child=-1 2 -2 -3
right_child=1 3 -4 -5
leaf_value=0.0066372506508158837 0.0058751367073905068 -0.0074809702148408846 -0.002695326880193178 0.0017844247681447802
leaf_weight=4.5961595382541445 9.9572505688993314 8.532026693108488 6.5384922938537775 1.9419177161762498
leaf_count=173 1128 1600 1824 161
internal_value=0.00125645 -0.00120783 0.00274289 -0.0057306
internal_weight=31.5658 26.9697 16.4957 10.4739
internal_count=4886 4713 2952 1761
is_linear=0
shrinkage=0.03


Tree=135
num_leaves=5
num_cat=0
split_feature=1 1 2 2
split_gain=0.692081 0.903531 1.42142 0.776779
threshold=1.0000000180025095e-35 0.041578266087767497 -0.67781826722089555 0.20776396824332938
decision_type=2 2 2 2
left_child=-1 2 -2 -3
right_child=1 3 -4 -5
leaf_value=0.0049868902565031537 0.0036709615483930431 -0.0032656523743353791 -0.0089515739598099719 0.0091282101603132344
leaf_weight=12.557506378041582 6.080514536239213 1.1333135786699124 10.655913032824172 1.1326148603111503
leaf_count=919 772 179 2932 84
internal_value=0.0012484 -0.00208978 -0.00470788 0.0053207
internal_weight=31.5599 19.0024 16.7364 2.26593
internal_count=4886 3967 3704 263
is_linear=0
shrinkage=0.03


Tree=136
num_leaves=5
num_cat=0
split_feature=3 3 6 6
split_gain=0.687746 0.997037 0.579924 0.484559
threshold=-0.0084996198665330223 0.031408434290622338 -1.0000000180025095e-35 0.58466062239648686
decision_type=2 2 2 2
left_child=2 3 -1 -2
right_child=1 -3 -4 -5
leaf_value=0.0070022039364791341 -0.0078999393453786752 0.0045482693512812044 -0.0021462178898538453 0.0011389761125703824
leaf_weight=10.457608752651138 8.4332758744712937 4.7414172103162846 3.5369774869759594 4.3636518080602391
leaf_count=886 2411 310 496 783
internal_value=0.00125156 -0.00225918 0.0047592 -0.00567015
internal_weight=31.5329 17.5383 13.9946 12.7969
internal_count=4886 3504 1382 3194
is_linear=0
shrinkage=0.03


Tree=137
num_leaves=5
num_cat=0
split_feature=3 16 3 13
split_gain=0.673533 0.906727 0.694917 0.210552
threshold=-0.03694042042292852 -0.31081639656098309 0.026224563594766027 0.042604367624100643
decision_type=2 2 2 2
left_child=3 -2 -3 -1
right_child=1 2 -4 -5
leaf_value=-0.0010504326796509852 0.0057286577685730106 -0.0058099563373670638 0.0026890780573237379 0.007499125650283431
leaf_weight=0.48749189078808086 3.3349967295653249 17.929835525341332 5.6407524415990329 4.1401063529774547
leaf_count=15 679 3601 433 158
internal_value=0.00123279 -0.00118736 -0.00358087 0.00649608
internal_weight=31.5332 26.9056 23.5706 4.6276
internal_count=4886 4713 4034 173
is_linear=0
shrinkage=0.03


Tree=138
num_leaves=5
num_cat=0
split_feature=3 3 16 6
split_gain=0.659938 0.966165 0.646153 0.565257
threshold=-0.0084996198665330223 0.013172482212923048 0.12003238109428709 0.34634424980955508
decision_type=2 2 2 2
left_child=3 -2 -3 -1
right_child=1 2 -4 -5
leaf_value=0.0064940308839967443 -0.0070677795021633349 0.0062044684368247139 -0.0029041465712283721 -0.002818777466437081
leaf_weight=12.390185255790131 6.7684170308057245 6.1868144306936284 4.516581365140155 1.6318292465875845
leaf_count=1080 2264 767 473 302
internal_value=0.00126216 -0.00219291 0.00281463 0.00468799
internal_weight=31.4938 17.4718 10.7034 14.022
internal_count=4886 3504 1240 1382
is_linear=0
shrinkage=0.03


Tree=139
num_leaves=5
num_cat=0
split_feature=3 16 3 11
split_gain=0.646192 0.888256 0.675171 0.208727
threshold=-0.03694042042292852 -0.31081639656098309 0.026224563594766027 -0.05363453717949395
decision_type=2 2 2 2
left_child=3 -2 -3 -1
right_child=1 2 -4 -5
leaf_value=-5.1778243693923383e-05 0.0056781325727158277 -0.0057359967539493744 0.0026437953428426605 0.0083186560629911459
leaf_weight=3.3537338920868933 3.3493815950932975 17.854471799335442 5.6552444124827153 1.3042391715571309
leaf_count=125 679 3601 433 48
internal_value=0.00122264 -0.00115533 -0.00353282 0.00636818
internal_weight=31.5171 26.8591 23.5097 4.65797
internal_count=4886 4713 4034 173
is_linear=0
shrinkage=0.03


Tree=140
num_leaves=5
num_cat=0
split_feature=4 4 15 11
split_gain=0.642813 1.05508 0.658073 0.655483
threshold=-0.023090007612399262 0.018466180397235691 0.1709591521148551 0.53913506134533207
decision_type=2 2 2 2
left_child=2 -2 -1 -3
right_child=1 3 -4 -5
leaf_value=0.0083900161922722347 -0.0060355223634570628 0.0063756838431335101 -0.0019715494119357975 -0.0030671585813709127
leaf_weight=5.6375904241576809 11.016666826326402 8.064689366030505 3.6928271276410669 3.0569910601479924
leaf_count=302 3275 807 210 292
internal_value=0.00126562 -0.00160928 0.00539065 0.00355686
internal_weight=31.4688 22.1383 9.33042 11.1217
internal_count=4886 4374 512 1099
is_linear=0
shrinkage=0.03


Tree=141
num_leaves=5
num_cat=0
split_feature=3 3 6 6
split_gain=0.639041 0.93045 0.554673 0.475544
threshold=-0.0084996198665330223 0.031408434290622338 -1.0000000180025095e-35 0.58466062239648686
decision_type=2 2 2 2
left_child=2 3 -1 -2
right_child=1 -3 -4 -5
leaf_value=0.0068094953979678336 -0.0077087533489325413 0.0043928205956508875 -0.0021201269631518967 0.0011867071150102415
leaf_weight=10.521149366977623 8.2946517553064059 4.7837466483470044 3.5215265252045382 4.3417206802987485
leaf_count=886 2411 310 496 783
internal_value=0.00125424 -0.00215416 0.00461976 -0.00547833
internal_weight=31.4628 17.4201 14.0427 12.6364
internal_count=4886 3504 1382 3194
is_linear=0
shrinkage=0.03


Tree=142
num_leaves=5
num_cat=0
split_feature=3 15 2 12
split_gain=0.624601 0.886908 0.630868 0.421983
threshold=-0.03694042042292852 0.042535733322726733 -0.17945766579336123 0.80186355400973686
decision_type=2 2 2 2
left_child=-1 2 -2 -3
right_child=1 3 -4 -5
leaf_value=0.0062839527410097394 0.0057653784148613066 -0.0073183274026232146 -0.0025485288602020584 0.001710632420272211
leaf_weight=4.6776335188187685 9.9721101853065246 8.4073558936943265 6.4499218739802009 1.9568312127375982
leaf_count=173 1128 1600 1824 161
internal_value=0.00123481 -0.00111546 0.00277131 -0.0056107
internal_weight=31.4639 26.7862 16.422 10.3642
internal_count=4886 4713 2952 1761
is_linear=0
shrinkage=0.03


Tree=143
num_leaves=5
num_cat=0
split_feature=1 2 2 1
split_gain=0.61573 1.36333 1.34038 1.35945
threshold=0.0071037634196723385 1.0000000180025095e-35 0.3514163037342547 0.029749776983304225
decision_type=2 2 2 2
left_child=1 -1 -2 -4
right_child=2 -3 3 -5
leaf_value=0.0069773424658629152 -0.0077297204060607951 -0.0052975635869343006 -0.0047942831848021119 0.010205727382749457
leaf_weight=16.427957273554064 7.3375443860422802 3.3461172869428983 1.8226352593046611 2.5244921871926636
leaf_count=910 2094 940 655 287
internal_value=0.00122582 0.00381859 -0.00289946 0.00495852
internal_weight=31.4587 19.7741 11.6847 4.34713
internal_count=4886 1850 3036 942
is_linear=0
shrinkage=0.03


Tree=144
num_leaves=5
num_cat=0
split_feature=3 3 6 6
split_gain=0.612381 0.898081 0.531856 0.461047
threshold=-0.0084996198665330223 0.031408434290622338 -1.0000000180025095e-35 0.58466062239648686
decision_type=2 2 2 2
left_child=2 3 -1 -2
right_child=1 -3 -4 -5
leaf_value=0.0066207527604813564 -0.0076195298608073064 0.0042871728027480275 -0.0021011338390334116 0.0011563422543171165
leaf_weight=10.579488447983747 8.2241906691924687 4.8084471025504163 3.5083104750956435 4.3482885108096516
leaf_count=886 2411 310 496 783
internal_value=0.00118371 -0.00214682 0.00447816 -0.00541669
internal_weight=31.4687 17.3809 14.0878 12.5725
internal_count=4886 3504 1382 3194
is_linear=0
shrinkage=0.03


Tree=145
num_leaves=5
num_cat=0
split_feature=3 16 3 11
split_gain=0.603362 0.87506 0.624455 0.237042
threshold=-0.03694042042292852 -0.31081639656098309 0.026224563594766027 -0.05363453717949395
decision_type=2 2 2 2
left_child=3 -2 -3 -1
right_child=1 2 -4 -5
leaf_value=-0.00021966579925131885 0.0056385858848728059 -0.0056263610531974749 0.0024680371523344868 0.0082162792475052975
leaf_weight=3.3889328981749713 3.3543819751357722 17.699696890776977 5.7021005270071319 1.3241426972672368
leaf_count=125 679 3601 433 48
internal_value=0.00116486 -0.0011371 -0.00350565 0.00612389
internal_weight=31.4693 26.7562 23.4018 4.71308
internal_count=4886 4713 4034 173
is_linear=0
shrinkage=0.03


Tree=146
num_leaves=5
num_cat=0
split_feature=3 3 16 6
split_gain=0.592081 0.882563 0.630896 0.521837
threshold=-0.0084996198665330223 0.013172482212923048 0.12003238109428709 0.34634424980955508
decision_type=2 2 2 2
left_child=3 -2 -3 -1
right_child=1 2 -4 -5
leaf_value=0.0061698619606297099 -0.0067875344732331051 0.006043774019538998 -0.0029259527807255522 -0.0027476866693816352
leaf_weight=12.500425180187451 6.5821904461481635 6.2250071599264611 4.511386152356863 1.6032867814647023
leaf_count=1080 2264 767 473 302
internal_value=0.00120686 -0.00208472 0.00268131 0.00443676
internal_weight=31.4223 17.3186 10.7364 14.1037
internal_count=4886 3504 1240 1382
is_linear=0
shrinkage=0.03


Tree=147
num_leaves=5
num_cat=0
split_feature=3 16 3 11
split_gain=0.585448 0.857276 0.606725 0.241543
threshold=-0.03694042042292852 -0.31081639656098309 0.026224563594766027 -0.05363453717949395
decision_type=2 2 2 2
left_child=3 -2 -3 -1
right_child=1 2 -4 -5
leaf_value=-0.00025698826070086491 0.0055880268626335178 -0.0055553916636127756 0.0024259854499412447 0.0081608225164489633
leaf_weight=3.3970394120551646 3.3687134466599735 17.628513452422339 5.7155110638122997 1.3352484134957219
leaf_count=125 679 3601 433 48
internal_value=0.00116794 -0.00110743 -0.00345974 0.00604537
internal_weight=31.445 26.7127 23.344 4.73229
internal_count=4886 4713 4034 173
is_linear=0
shrinkage=0.03


Tree=148
num_leaves=5
num_cat=0
split_feature=4 4 15 11
split_gain=0.578668 0.979349 0.646515 0.633208
threshold=-0.023090007612399262 0.018466180397235691 0.1709591521148551 0.53913506134533207
decision_type=2 2 2 2
left_child=2 -2 -1 -3
right_child=1 3 -4 -5
leaf_value=0.0081002260826919838 -0.0058313709119512079 0.0062006273784829379 -0.002050198840772875 -0.0030542796765251601
leaf_weight=5.7035061542410421 10.835965766687879 8.1100870999507588 3.7038003476336598 3.0456712611485264
leaf_count=302 3275 807 210 292
internal_value=0.00120904 -0.00153332 0.00510666 0.00342454
internal_weight=31.399 21.9917 9.40731 11.1558
internal_count=4886 4374 512 1099
is_linear=0
shrinkage=0.03


Tree=149
num_leaves=5
num_cat=0
split_feature=3 3 16 17
split_gain=0.573874 0.846375 0.615611 0.525865
threshold=-0.0084996198665330223 0.013172482212923048 0.12003238109428709 0.5277777777777779
decision_type=2 2 2 2
left_child=3 -2 -3 -1
right_child=1 2 -4 -5
leaf_value=-0.00075968756445412178 -0.0066718351082190675 0.0059341146082430548 -0.002913406335508263 0.007721449464753621
leaf_weight=8.6304344030795637 6.5079483125009601 6.2581288021756318 4.5051256268052384 5.4922260608873321
leaf_count=740 2264 767 473 642
internal_value=0.00119702 -0.00205052 0.00261126 0.0043722
internal_weight=31.3939 17.2712 10.7633 14.1227
internal_count=4886 3504 1240 1382
is_linear=0
shrinkage=0.03


Tree=150
num_leaves=5
num_cat=0
split_feature=3 15 2 12
split_gain=0.57012 0.848267 0.590417 0.399456
threshold=-0.03694042042292852 0.042535733322726733 -0.17945766579336123 0.80186355400973686
decision_type=2 2 2 2
left_child=-1 2 -2 -3
right_child=1 3 -4 -5
leaf_value=0.0059900741324229907 0.0056034935157498163 -0.0071580299270213935 -0.0024553561371618441 0.0016491492147951918
leaf_weight=4.7461627642624107 10.006492232088936 8.2850496823084505 6.3907527070259667 1.9691374804824597
leaf_count=173 1128 1600 1824 161
internal_value=0.00118475 -0.00107185 0.0027223 -0.00548756
internal_weight=31.3976 26.6514 16.3972 10.2542
internal_count=4886 4713 2952 1761
is_linear=0
shrinkage=0.03


Tree=151
num_leaves=5
num_cat=0
split_feature=3 3 17 17
split_gain=0.559659 0.82853 0.517364 0.598209
threshold=-0.0084996198665330223 0.031408434290622338 0.5277777777777779 0.63888888888888895
decision_type=2 2 2 2
left_child=2 -2 -1 -4
right_child=1 -3 3 -5
leaf_value=-0.00076913966830154026 -0.0052046560553542995 0.0041169187945898789 0.0099606814428421665 -0.0019305475321083573
leaf_weight=8.6292989059584233 12.391269002575429 4.8530605160631231 4.0975827900692812 1.4215745051624251
leaf_count=740 3194 310 436 206
internal_value=0.0011754 -0.00203308 0.00430848 0.00762745
internal_weight=31.3928 17.2443 14.1485 5.51916
internal_count=4886 3504 1382 642
is_linear=0
shrinkage=0.03


Tree=152
num_leaves=5
num_cat=0
split_feature=1 2 1 2
split_gain=0.553595 1.28804 1.31684 1.28418
threshold=0.0071037634196723385 0.3514163037342547 0.029749776983304225 1.0000000180025095e-35
decision_type=2 2 2 2
left_child=3 -2 -3 -1
right_child=1 2 -4 -5
leaf_value=0.0066949247536503597 -0.0075384391312179376 -0.0047293703662237667 0.010038332005303092 -0.0052068869285008925
leaf_weight=16.519164880504839 7.1973955511348304 1.792681897699367 2.5663399016484618 3.2976322916219933
leaf_count=910 2094 655 287 940
internal_value=0.00118522 -0.00274945 0.00490097 0.00363233
internal_weight=31.3732 11.5564 4.35902 19.8168
internal_count=4886 3036 942 1850
is_linear=0
shrinkage=0.03


Tree=153
num_leaves=5
num_cat=0
split_feature=3 16 11 11
split_gain=0.550383 0.837639 0.567209 0.260413
threshold=-0.03694042042292852 -0.31081639656098309 -0.37496693019710753 -0.05363453717949395
decision_type=2 2 2 2
left_child=3 -2 -3 -1
right_child=1 2 -4 -5
leaf_value=-0.00037732455260694849 0.005534148429543969 0.0027004961498670781 -0.0052283066835066431 0.0080725418018587156
leaf_weight=3.4224721067585051 3.3778393504326294 4.2172811708878788 19.012399687198915 1.3530059838667536
leaf_count=125 679 366 3668 48
internal_value=0.00114361 -0.00107238 -0.00340936 0.00585991
internal_weight=31.383 26.6075 23.2297 4.77548
internal_count=4886 4713 4034 173
is_linear=0
shrinkage=0.03


Tree=154
num_leaves=5
num_cat=0
split_feature=3 15 2 12
split_gain=0.536946 0.822082 0.566307 0.388515
threshold=-0.03694042042292852 0.042535733322726733 -0.17945766579336123 0.80186355400973686
decision_type=2 2 2 2
left_child=-1 2 -2 -3
right_child=1 3 -4 -5
leaf_value=0.0058378494356490463 0.0055163010579811307 -0.0070403122413682396 -0.0023903648881814523 0.0016340504477546397
leaf_weight=4.7816806104965535 10.0289186652517 8.2014210303313995 6.3522855797782531 1.9709420329891152
leaf_count=173 1128 1600 1824 161
internal_value=0.00118805 -0.00101727 0.00270638 -0.00538274
internal_weight=31.3352 26.5536 16.3812 10.1724
internal_count=4886 4713 2952 1761
is_linear=0
shrinkage=0.03


Tree=155
num_leaves=5
num_cat=0
split_feature=3 3 16 17
split_gain=0.528835 0.811129 0.592294 0.517891
threshold=-0.0084996198665330223 0.013172482212923048 0.12003238109428709 0.5277777777777779
decision_type=2 2 2 2
left_child=3 -2 -3 -1
right_child=1 2 -4 -5
leaf_value=-0.00081915757386311712 -0.0065118757590170257 0.0058318851521832384 -0.0028540123201001712 0.0075376249770701268
leaf_weight=8.6333798668929393 6.4015235021361176 6.2815613495185953 4.4760351157747209 5.5385327542899168
leaf_count=740 2264 767 473 642
internal_value=0.00117811 -0.00195762 0.00258399 0.00421398
internal_weight=31.331 17.1591 10.7576 14.1719
internal_count=4886 3504 1240 1382
is_linear=0
shrinkage=0.03


Tree=156
num_leaves=5
num_cat=0
split_feature=3 16 3 11
split_gain=0.523625 0.81171 0.560014 0.267661
threshold=-0.03694042042292852 -0.31081639656098309 0.026224563594766027 -0.05363453717949395
decision_type=2 2 2 2
left_child=3 -2 -3 -1
right_child=1 2 -4 -5
leaf_value=-0.00043355874607660638 0.0054714853395166126 -0.0053574281636424147 0.0023189403559371979 0.0080046845763082006
leaf_weight=3.4357617255300283 3.394869863172068 17.396974688046612 5.7404797730268902 1.3669777396135057
leaf_count=125 679 3601 433 48
internal_value=0.00116554 -0.00101243 -0.00332784 0.00575325
internal_weight=31.3351 26.5323 23.1375 4.80274
internal_count=4886 4713 4034 173
is_linear=0
shrinkage=0.03


Tree=157
num_leaves=5
num_cat=0
split_feature=4 4 11 15
split_gain=0.523852 0.988809 0.607761 0.566805
threshold=-0.019431016317443813 0.018466180397235691 0.53913506134533207 0.1709591521148551
decision_type=2 2 2 2
left_child=3 -2 -3 -1
right_child=1 2 -4 -5
leaf_value=0.007444728349971892 -0.006158635853165775 0.006051869679083402 -0.0030090320188275979 -0.0018113173264432093
leaf_weight=6.5858650139998662 9.2381041691987793 8.1462185097625461 3.0262117016827679 4.2954907679231837
leaf_count=408 3105 807 292 274
internal_value=0.00120424 -0.00157374 0.00333558 0.00467324
internal_weight=31.2919 20.4105 11.1724 10.8814
internal_count=4886 4204 1099 682
is_linear=0
shrinkage=0.03


Tree=158
num_leaves=5
num_cat=0
split_feature=3 3 16 17
split_gain=0.518948 0.778295 0.577955 0.503703
threshold=-0.0084996198665330223 0.013172482212923048 0.12003238109428709 0.5277777777777779
decision_type=2 2 2 2
left_child=3 -2 -3 -1
right_child=1 2 -4 -5
leaf_value=-0.00079438012349011301 -0.0064037272690156107 0.0057260600564459276 -0.0028417332768021879 0.0074598404653903787
leaf_weight=8.617669209546877 6.3330073076067519 6.3131990624242444 4.4699093732051551 5.5590869475272475
leaf_count=740 2264 767 473 642
internal_value=0.0011861 -0.00192879 0.00251602 0.0041891
internal_weight=31.2929 17.1161 10.7831 14.1768
internal_count=4886 3504 1240 1382
is_linear=0
shrinkage=0.03


Tree=159
num_leaves=5
num_cat=0
split_feature=3 16 11 11
split_gain=0.510812 0.794617 0.549257 0.270249
threshold=-0.03694042042292852 -0.31081639656098309 -0.37496693019710753 -0.05363453717949395
decision_type=2 2 2 2
left_child=3 -2 -3 -1
right_child=1 2 -4 -5
leaf_value=-0.00045879934246179663 0.005419207417259703 0.0026934346651698829 -0.0050915024657558206 0.0079637630423951972
leaf_weight=3.4410239476710558 3.4078492483240614 4.2149774784920799 18.857937717169982 1.3755962131544972
leaf_count=125 679 366 3668 48
internal_value=0.00117302 -0.000986362 -0.00328496 0.00569805
internal_weight=31.2974 26.4808 23.0729 4.81662
internal_count=4886 4713 4034 173
is_linear=0
shrinkage=0.03


end of trees

feature_importances:
Column_3=157
Column_1=140
Column_2=135
Column_4=67
Column_6=54
Column_11=25
Column_13=13
Column_16=13
Column_5=12
Column_15=9
Column_12=6
Column_17=6
Column_14=3

parameters:
[boosting: gbdt]
[objective: binary]
[metric: binary_logloss]
[tree_learner: serial]
[device_type: cpu]
[data_sample_strategy: bagging]
[data: ]
[valid: ]
[num_iterations: 160]
[learning_rate: 0.03]
[num_leaves: 5]
[num_threads: 4]
[seed: 20260725]
[deterministic: 1]
[force_col_wise: 1]
[force_row_wise: 0]
[histogram_pool_size: -1]
[max_depth: 3]
[min_data_in_leaf: 12]
[min_sum_hessian_in_leaf: 0.001]
[bagging_fraction: 1]
[pos_bagging_fraction: 1]
[neg_bagging_fraction: 1]
[bagging_freq: 0]
[bagging_seed: 21817]
[bagging_by_query: 0]
[feature_fraction: 1]
[feature_fraction_bynode: 1]
[feature_fraction_seed: 22070]
[extra_trees: 0]
[extra_seed: 28444]
[early_stopping_round: 0]
[early_stopping_min_delta: 0]
[first_metric_only: 0]
[max_delta_step: 0]
[lambda_l1: 0]
[lambda_l2: 10]
[linear_lambda: 0]
[min_gain_to_split: 0]
[drop_rate: 0.1]
[max_drop: 50]
[skip_drop: 0.5]
[xgboost_dart_mode: 0]
[uniform_drop: 0]
[drop_seed: 12683]
[top_rate: 0.2]
[other_rate: 0.1]
[min_data_per_group: 100]
[max_cat_threshold: 32]
[cat_l2: 10]
[cat_smooth: 10]
[max_cat_to_onehot: 4]
[top_k: 20]
[monotone_constraints: ]
[monotone_constraints_method: basic]
[monotone_penalty: 0]
[feature_contri: ]
[forcedsplits_filename: ]
[refit_decay_rate: 0.9]
[cegb_tradeoff: 1]
[cegb_penalty_split: 0]
[cegb_penalty_feature_lazy: ]
[cegb_penalty_feature_coupled: ]
[path_smooth: 0]
[interaction_constraints: ]
[verbosity: -1]
[saved_feature_importance_type: 0]
[use_quantized_grad: 0]
[num_grad_quant_bins: 4]
[quant_train_renew_leaf: 0]
[stochastic_rounding: 1]
[linear_tree: 0]
[max_bin: 31]
[max_bin_by_feature: ]
[min_data_in_bin: 3]
[bin_construct_sample_cnt: 200000]
[data_random_seed: 4449]
[is_enable_sparse: 1]
[enable_bundle: 1]
[use_missing: 1]
[zero_as_missing: 0]
[feature_pre_filter: 1]
[pre_partition: 0]
[two_round: 0]
[header: 0]
[label_column: ]
[weight_column: ]
[group_column: ]
[ignore_column: ]
[categorical_feature: ]
[forcedbins_filename: ]
[precise_float_parser: 0]
[parser_config_file: ]
[objective_seed: 26564]
[num_class: 1]
[is_unbalance: 0]
[scale_pos_weight: 1]
[sigmoid: 1]
[boost_from_average: 1]
[reg_sqrt: 0]
[alpha: 0.9]
[fair_c: 1]
[poisson_max_delta_step: 0.7]
[tweedie_variance_power: 1.5]
[lambdarank_truncation_level: 30]
[lambdarank_norm: 1]
[label_gain: ]
[lambdarank_position_bias_regularization: 0]
[eval_at: ]
[multi_error_top_k: 1]
[auc_mu_weights: ]
[num_machines: 1]
[local_listen_port: 12400]
[time_out: 120]
[machine_list_filename: ]
[machines: ]
[gpu_platform_id: -1]
[gpu_device_id: -1]
[gpu_device_id_list: ]
[gpu_use_dp: 0]
[num_gpu: 1]

end of parameters

pandas_categorical:null
