tree
version=v4
num_class=1
num_tree_per_iteration=1
label_index=0
max_feature_idx=10
objective=binary sigmoid:1
feature_names=Column_0 Column_1 Column_2 Column_3 Column_4 Column_5 Column_6 Column_7 Column_8 Column_9 Column_10
feature_infos=[-1:1] [0:0.049977885891198559] [-6.7387424495020634:7.6366633400071269] [-0.1594845880090473:0.12089014455228318] [-0.13498430415068019:0.15578744757213814] [-0.93675889328063244:0.98237885462554175] [-1:1] [0:1] [0:1] [0:2.3658536585365866] [0:2.7783155856727988]
tree_sizes=662 681 685 687 682 688 686 686 687 687 687 687 688 685 687 687 687 685 685 688 685 686 683 687 686 686 685 683 683 685 683 686 685 684 679 687 689 687 692 685 682 687 683 686 685 692 686 689 684 693 685 684 687 686 687 688 686 693 689 686 692 689 687 687 684 691 687 686 690 691 690 690 688 687 690 688 688 688 691 689 689 693 688 689 689 691 690 693 687 689 691 690 695 689 688 693 694 689 691 685 692 695 683 690 695 693 693 691 692 695 693 694 692 691 692 693 693 693 699 689 693 696 689 690 690 697 693 695 693 696 693 694 695 693 696 695 692 693 690 697 695 688 696 686 698 692 692 700 695 696 694 691 693 699 695 695 695 697 699 697

Tree=0
num_leaves=5
num_cat=0
split_feature=1 2 1 2
split_gain=15.6618 16.0887 2.98887 2.12134
threshold=0.003855129293392046 1.0000000180025095e-35 0.041578266087767497 -1.0255760244392864
decision_type=2 2 2 2
left_child=1 -1 3 -2
right_child=2 -3 -4 -5
leaf_value=-2.7163682181154267 -2.7514626592008331 -2.7635635264305152 -2.7484421915977362 -2.7716725551371177
leaf_weight=5.3791819633916003 2.7213239136617657 5.7240485535003245 2.2163342065177849 20.4142937255092
leaf_count=714 409 737 263 2763
internal_value=-2.7541 -2.73365 -2.76631 -2.76922
internal_weight=36.4552 11.1032 25.352 23.1356
internal_count=4886 1451 3435 3172
is_linear=0
shrinkage=1


Tree=1
num_leaves=5
num_cat=0
split_feature=1 2 1 2
split_gain=15.1707 15.5329 2.93475 2.08392
threshold=0.003855129293392046 1.0000000180025095e-35 0.041578266087767497 -1.0255760244392864
decision_type=2 2 2 2
left_child=1 -1 3 -2
right_child=2 -3 -4 -5
leaf_value=0.0368979389513895 0.0026226497669165831 -0.0093854120748184788 0.0056254036891165487 -0.017397330249572927
leaf_weight=5.5604182453826052 2.7276566841173944 5.676550995092839 2.2274032095447174 20.100652382709089
leaf_count=714 409 737 263 2763
internal_value=0.00011902 0.0201072 -0.0120239 -0.014935
internal_weight=36.2927 11.237 25.0557 22.8283
internal_count=4886 1451 3435 3172
is_linear=0
shrinkage=0.03


Tree=2
num_leaves=5
num_cat=0
split_feature=1 2 1 2
split_gain=14.6877 14.9941 2.88142 2.04705
threshold=0.003855129293392046 1.0000000180025095e-35 0.041578266087767497 -1.0255760244392864
decision_type=2 2 2 2
left_child=1 -1 3 -2
right_child=2 -3 -4 -5
leaf_value=0.036073544061160416 0.0026044789939294122 -0.009311669980079984 0.0055895359337640258 -0.01722687525359623
leaf_weight=5.7426157137379032 2.7339580724947181 5.6297616427764297 2.2384485588408998 19.794156480114911
leaf_count=714 409 737 263 2763
internal_value=0.000231152 0.0197616 -0.0118415 -0.0147594
internal_weight=36.1389 11.3724 24.7666 22.5281
internal_count=4886 1451 3435 3172
is_linear=0
shrinkage=0.03


Tree=3
num_leaves=5
num_cat=0
split_feature=1 2 3 4
split_gain=14.2132 14.4722 2.84282 1.63388
threshold=0.003855129293392046 1.0000000180025095e-35 -0.018096476393187479 0.023465314822472164
decision_type=2 2 2 2
left_child=1 -1 -2 -4
right_child=2 -3 3 -5
leaf_value=0.03526269294272398 0.004500294339133082 -0.0092387082582036095 -0.016985200379289616 0.0024691799213972707
leaf_weight=5.9255755455233139 3.6562029491178718 5.5836672023870051 19.011180540546778 1.8169484715908755
leaf_count=714 436 737 2766 233
internal_value=0.000336571 0.0194152 -0.0116611 -0.0150376
internal_weight=35.9936 11.5092 24.4843 20.8281
internal_count=4886 1451 3435 2999
is_linear=0
shrinkage=0.03


Tree=4
num_leaves=5
num_cat=0
split_feature=1 2 1 2
split_gain=13.755 13.9671 2.81516 2.01494
threshold=0.003855129293392046 1.0000000180025095e-35 0.041578266087767497 -1.0255760244392864
decision_type=2 2 2 2
left_child=1 -1 3 -2
right_child=2 -3 -4 -5
leaf_value=0.034465821187130742 0.0026578159064525662 -0.009166517089691668 0.0056084659943725435 -0.016929486640915949
leaf_weight=6.1091030598618072 2.7154605225659934 5.538254838436842 2.2326059129554769 19.27092189760879
leaf_count=714 409 737 263 2763
internal_value=0.000428236 0.0190685 -0.0114889 -0.0144357
internal_weight=35.8663 11.6474 24.219 21.9864
internal_count=4886 1451 3435 3172
is_linear=0
shrinkage=0.03


Tree=5
num_leaves=5
num_cat=0
split_feature=1 2 3 4
split_gain=13.2977 13.4785 2.78398 1.60509
threshold=0.003855129293392046 1.0000000180025095e-35 -0.018096476393187479 0.023465314822472164
decision_type=2 2 2 2
left_child=1 -1 -2 -4
right_child=2 -3 3 -5
leaf_value=0.033683289385114661 0.0045558984061744596 -0.0090950872984462694 -0.016686705222735479 0.0025001030917662075
leaf_weight=6.2930084075778705 3.6363500263541964 5.4935119063593447 18.505537235876549 1.8068567002192129
leaf_count=714 436 737 2766 233
internal_value=0.000521872 0.018722 -0.0113117 -0.0147182
internal_weight=35.7353 11.7865 23.9487 20.3124
internal_count=4886 1451 3435 2999
is_linear=0
shrinkage=0.03


Tree=6
num_leaves=5
num_cat=0
split_feature=1 2 1 2
split_gain=12.8572 13.0062 2.7498 1.98281
threshold=0.003855129293392046 1.0000000180025095e-35 0.041578266087767497 -1.0255760244392864
decision_type=2 2 2 2
left_child=1 -1 3 -2
right_child=2 -3 -4 -5
leaf_value=0.032915388549896077 0.0027085672983624362 -0.0090244094535100253 0.0056254093488740595 -0.016636738662140323
leaf_weight=6.4771074340678734 2.6978682680055526 5.4494259310886264 2.2273558550514272 18.769722430268306
leaf_count=714 409 737 263 2763
internal_value=0.000602151 0.0183763 -0.0111428 -0.0141174
internal_weight=35.6215 11.9265 23.6949 21.4676
internal_count=4886 1451 3435 3172
is_linear=0
shrinkage=0.03


Tree=7
num_leaves=5
num_cat=0
split_feature=1 2 3 4
split_gain=12.4184 12.5499 2.72552 1.57649
threshold=0.003855129293392046 1.0000000180025095e-35 -0.018096476393187479 0.023465314822472164
decision_type=2 2 2 2
left_child=1 -1 -2 -4
right_child=2 -3 3 -5
leaf_value=0.032162343430378659 0.0046081682562350273 -0.0089544742485449368 -0.016392867293699692 0.0025293845400061452
leaf_weight=6.6612219247035664 3.6176897289697107 5.4059849767945707 18.02117023430765 1.797289702342822
leaf_count=714 436 737 2766 233
internal_value=0.00068471 0.0180318 -0.0109688 -0.0144041
internal_weight=35.5034 12.0672 23.4361 19.8185
internal_count=4886 1451 3435 2999
is_linear=0
shrinkage=0.03


Tree=8
num_leaves=5
num_cat=0
split_feature=1 2 1 2
split_gain=11.9968 12.1093 2.68535 1.95068
threshold=0.003855129293392046 1.0000000180025095e-35 0.041578266087767497 -1.0255760244392864
decision_type=2 2 2 2
left_child=1 -1 3 -2
right_child=2 -3 -4 -5
leaf_value=0.031424317804964692 0.0027568197439356338 -0.0088852730163578343 0.0056404303112675301 -0.016348625479923745
leaf_weight=6.8451801217161101 2.6811478000599918 5.3631770517677069 2.2226783889345816 18.289548032218594
leaf_count=714 409 737 263 2763
internal_value=0.000754329 0.0176889 -0.0108032 -0.0138045
internal_weight=35.4017 12.2084 23.1934 20.9707
internal_count=4886 1451 3435 3172
is_linear=0
shrinkage=0.03


Tree=9
num_leaves=5
num_cat=0
split_feature=1 2 3 4
split_gain=11.5775 11.684 2.66749 1.55884
threshold=0.003855129293392046 1.0000000180025095e-35 -0.018096476393187479 0.018466180397235691
decision_type=2 2 2 2
left_child=1 -1 -2 -4
right_child=2 -3 3 -5
leaf_value=0.030701421662596814 0.0046572131058365551 -0.0088167962478488231 -0.016493322400027172 0.0017467164208013438
leaf_weight=7.0288170087151212 3.6001774796750423 5.3209905475378036 16.444707595510412 2.9006228337530038
leaf_count=714 436 737 2603 396
internal_value=0.00082654 0.0173481 -0.0106324 -0.0140952
internal_weight=35.2953 12.3498 22.9455 19.3453
internal_count=4886 1451 3435 2999
is_linear=0
shrinkage=0.03


Tree=10
num_leaves=5
num_cat=0
split_feature=1 2 1 2
split_gain=11.1833 11.2738 2.62104 1.91822
threshold=0.003855129293392046 1.0000000180025095e-35 0.041578266087767497 -1.0255760244392864
decision_type=2 2 2 2
left_child=1 -1 3 -2
right_child=2 -3 -4 -5
leaf_value=0.029993710015026445 0.0027992678567684125 -0.0087490351940311371 0.005647601787500167 -0.016069927671648977
leaf_weight=7.2119750096462649 2.6664387837518033 5.2794140484184027 2.2204019706696263 17.837101646931846
leaf_count=714 409 737 263 2763
internal_value=0.000878095 0.0170097 -0.0104776 -0.0135028
internal_weight=35.2153 12.4914 22.7239 20.5035
internal_count=4886 1451 3435 3172
is_linear=0
shrinkage=0.03


Tree=11
num_leaves=5
num_cat=0
split_feature=1 2 3 4
split_gain=10.784 10.8783 2.6117 1.53533
threshold=0.003855129293392046 1.0000000180025095e-35 -0.018096476393187479 0.018466180397235691
decision_type=2 2 2 2
left_child=1 -1 -2 -4
right_child=2 -3 3 -5
leaf_value=0.029301193613691778 0.0047031814867737349 -0.008681981502625313 -0.016217088833608128 0.0017981727263152994
leaf_weight=7.3945034570060653 3.5837550729047534 5.2384364302270114 16.020808685338128 2.8817668994888654
leaf_count=714 436 737 2603 396
internal_value=0.000940809 0.0166739 -0.0103099 -0.0137987
internal_weight=35.1193 12.6329 22.4863 18.9026
internal_count=4886 1451 3435 2999
is_linear=0
shrinkage=0.03


Tree=12
num_leaves=5
num_cat=0
split_feature=1 2 3 4
split_gain=10.4094 10.497 2.55859 1.5079
threshold=0.003855129293392046 1.0000000180025095e-35 -0.018096476393187479 0.018466180397235691
decision_type=2 2 2 2
left_child=1 -1 -2 -4
right_child=2 -3 3 -5
leaf_value=0.028623840779172075 0.0046607461518842902 -0.0086156260315159092 -0.016062644915326375 0.0017854562819595808
leaf_weight=7.5762593960389477 3.5987147381529239 5.1980468523688614 15.789269643602895 2.8863749271258703
leaf_count=714 436 737 2603 396
internal_value=0.000983463 0.0163412 -0.0101584 -0.0136435
internal_weight=35.0487 12.7743 22.2744 18.6756
internal_count=4886 1451 3435 2999
is_linear=0
shrinkage=0.03


Tree=13
num_leaves=5
num_cat=0
split_feature=1 2 1 2
split_gain=10.045 10.1295 2.54296 1.88733
threshold=0.003855129293392046 1.0000000180025095e-35 0.041578266087767497 -1.0255760244392864
decision_type=2 2 2 2
left_child=1 -1 3 -2
right_child=2 -3 -4 -5
leaf_value=0.027961580147311222 0.0028975020329608902 -0.0085499605322036307 0.0056934884522616023 -0.01568405289932211
leaf_weight=7.7571074585430306 2.6324504006188389 5.1582344537600875 2.2061016624793401 17.228842752054337
leaf_count=714 409 737 263 2763
internal_value=0.00102159 0.0160117 -0.0100089 -0.0130757
internal_weight=34.9827 12.9153 22.0674 19.8613
internal_count=4886 1451 3435 3172
is_linear=0
shrinkage=0.03


Tree=14
num_leaves=5
num_cat=0
split_feature=1 2 3 4
split_gain=9.67548 9.77549 2.50431 1.48467
threshold=0.003855129293392046 1.0000000180025095e-35 -0.018096476393187479 0.018466180397235691
decision_type=2 2 2 2
left_child=1 -1 -2 -4
right_child=2 -3 3 -5
leaf_value=0.027314308193354384 0.0047033816984574988 -0.0084849765206051857 -0.01579291819585368 0.0018339892618526518
leaf_weight=7.9369198093190771 3.5834405054338303 5.1189889181405306 15.391571547137575 2.8685856694355598
leaf_count=714 436 737 2603 396
internal_value=0.001072 0.0156858 -0.00984556 -0.0133547
internal_weight=34.8995 13.0559 21.8436 18.2602
internal_count=4886 1451 3435 2999
is_linear=0
shrinkage=0.03


Tree=15
num_leaves=5
num_cat=0
split_feature=1 2 1 2
split_gain=9.33089 9.43452 2.48096 1.85488
threshold=0.003855129293392046 1.0000000180025095e-35 0.041578266087767497 -1.0255760244392864
decision_type=2 2 2 2
left_child=1 -1 3 -2
right_child=2 -3 -4 -5
leaf_value=0.02668188995858348 0.0029339446805584793 -0.0084206653571471876 0.0056962227384492383 -0.015416903026978254
leaf_weight=8.1155762341804785 2.6198143267538425 5.0802998561412087 2.2051323913037768 16.820628577377651
leaf_count=714 409 737 263 2763
internal_value=0.00110232 0.0153636 -0.00969937 -0.0127873
internal_weight=34.8415 13.1959 21.6456 19.4404
internal_count=4886 1451 3435 3172
is_linear=0
shrinkage=0.03


Tree=16
num_leaves=5
num_cat=0
split_feature=1 2 3 4
split_gain=8.9817 9.10617 2.45058 1.46141
threshold=0.003855129293392046 1.0000000180025095e-35 -0.018096476393187479 0.018466180397235691
decision_type=2 2 2 2
left_child=1 -1 -2 -4
right_child=2 -3 3 -5
leaf_value=0.026064165249851171 0.0047431635311395428 -0.0083570191551796992 -0.01552769342998608 0.0018802061624726574
leaf_weight=8.2929641092196089 3.569169717840853 5.0421572858467689 15.010119332000615 2.8516483516432336
leaf_count=714 436 737 2603 396
internal_value=0.00114503 0.0150453 -0.00953917 -0.0130712
internal_weight=34.7661 13.3351 21.4309 17.8618
internal_count=4886 1451 3435 2999
is_linear=0
shrinkage=0.03


Tree=17
num_leaves=5
num_cat=0
split_feature=1 2 1 2
split_gain=8.68122 10.3561 2.57195 1.38728
threshold=0.0060546634135980612 1.0000000180025095e-35 0.041578266087767497 -1.5998999730012511
decision_type=2 2 2 2
left_child=1 -1 3 -2
right_child=2 -3 -4 -5
leaf_value=0.025811089393786076 0.0029665774268457434 -0.0093697893153158289 0.0056974476410879063 -0.015125331812854241
leaf_weight=9.2638302382547391 1.0710155691485876 5.7340901505667707 2.2046077316626898 16.441434558713812
leaf_count=844 172 873 263 2734
internal_value=0.00116824 0.013993 -0.010013 -0.0133428
internal_weight=34.715 14.9979 19.7171 17.5125
internal_count=4886 1717 3169 2906
is_linear=0
shrinkage=0.03


Tree=18
num_leaves=5
num_cat=0
split_feature=1 2 1 2
split_gain=8.34263 9.98052 2.52444 1.3675
threshold=0.0060546634135980612 1.0000000180025095e-35 0.041578266087767497 -1.5998999730012511
decision_type=2 2 2 2
left_child=1 -1 3 -2
right_child=2 -3 -4 -5
leaf_value=0.02517924556512121 0.0029572051836572097 -0.0092961577131405893 0.0056613547461582528 -0.014971507363584406
leaf_weight=9.459346136543898 1.0738276580814297 5.6860563079826525 2.2156888069584957 16.218185672070835
leaf_count=844 172 873 263 2734
internal_value=0.00119881 0.0136865 -0.00984898 -0.0131825
internal_weight=34.6531 15.1454 19.5077 17.292
internal_count=4886 1717 3169 2906
is_linear=0
shrinkage=0.03


Tree=19
num_leaves=5
num_cat=0
split_feature=1 2 3 4
split_gain=8.02579 8.16981 2.39614 1.42935
threshold=0.003855129293392046 1.0000000180025095e-35 -0.018096476393187479 0.018466180397235691
decision_type=2 2 2 2
left_child=1 -1 -2 -4
right_child=2 -3 3 -5
leaf_value=0.024282028588160278 0.004855770912826159 -0.0081539747148721888 -0.015159264229994506 0.0019447063199572502
leaf_weight=8.8211059211753291 3.5290764675010022 4.9214441822841755 14.495391196105631 2.8279589244630179
leaf_count=714 436 737 2603 396
internal_value=0.00122557 0.0141242 -0.00909787 -0.0126773
internal_weight=34.595 13.7426 20.8524 17.3234
internal_count=4886 1451 3435 2999
is_linear=0
shrinkage=0.03


Tree=20
num_leaves=5
num_cat=0
split_feature=1 2 1 2
split_gain=7.74458 9.31174 2.46451 1.34305
threshold=0.0060546634135980612 1.0000000180025095e-35 0.041578266087767497 -1.5998999730012511
decision_type=2 2 2 2
left_child=1 -1 3 -2
right_child=2 -3 -4 -5
leaf_value=0.024037518733409993 0.0029688142187528329 -0.009156900075738961 0.0056608342861006978 -0.014714784582922977
leaf_weight=9.8197040262166393 1.0702661313116575 5.59576332126744 2.2156805163249365 15.850999173242601
leaf_count=844 172 873 263 2734
internal_value=0.00123971 0.0131262 -0.00955403 -0.012909
internal_weight=34.5524 15.4155 19.1369 16.9213
internal_count=4886 1717 3169 2906
is_linear=0
shrinkage=0.03


Tree=21
num_leaves=5
num_cat=0
split_feature=1 2 3 4
split_gain=7.43707 7.60738 2.34444 1.40058
threshold=0.003855129293392046 1.0000000180025095e-35 -0.018096476393187479 0.018466180397235691
decision_type=2 2 2 2
left_child=1 -1 -2 -4
right_child=2 -3 3 -5
leaf_value=0.023167117949908066 0.0048867106768197841 -0.008024880006508462 -0.014906712949360768 0.0019678533802656947
leaf_weight=9.1642344212159497 3.5179093673359629 4.845458081457763 14.152872116304936 2.8193412323016664
leaf_count=714 436 737 2603 396
internal_value=0.0012605 0.0135298 -0.0088145 -0.0124133
internal_weight=34.4998 14.0097 20.4901 16.9722
internal_count=4886 1451 3435 2999
is_linear=0
shrinkage=0.03


Tree=22
num_leaves=5
num_cat=0
split_feature=4 4 6 6
split_gain=7.27615 6.54993 1.44724 1.21443
threshold=-0.019431016317443813 0.023465314822472164 0.14893617021275365 0.29205326789869096
decision_type=2 2 2 2
left_child=3 -2 -3 -1
right_child=1 2 -4 -5
leaf_value=0.019895784841815822 -0.013603873584252558 -0.0029847741020513994 0.014028666781289461 -0.0015603620539395074
leaf_weight=5.6382419201545408 20.330399777973074 2.2049046205356708 5.0974376120138913 1.1912936298176644
leaf_count=528 3419 290 495 154
internal_value=0.00126916 -0.00630416 0.0101355 0.0174498
internal_weight=34.4623 27.6327 7.30234 6.82954
internal_count=4886 4204 785 682
is_linear=0
shrinkage=0.03


Tree=23
num_leaves=5
num_cat=0
split_feature=1 2 1 2
split_gain=7.05442 8.56122 2.39161 1.31019
threshold=0.0060546634135980612 1.0000000180025095e-35 0.041578266087767497 -1.5998999730012511
decision_type=2 2 2 2
left_child=1 -1 3 -2
right_child=2 -3 -4 -5
leaf_value=0.022763574467093785 0.0029829232594268569 -0.0089724667980224607 0.0056789468314266869 -0.014372922524184172
leaf_weight=10.234376010950653 1.065842524170878 5.4773523672483853 2.2097916938364497 15.374482856364923
leaf_count=844 172 873 263 2734
internal_value=0.0013385 0.0125132 -0.00915732 -0.0125451
internal_weight=34.3618 15.7117 18.6501 16.4403
internal_count=4886 1717 3169 2906
is_linear=0
shrinkage=0.03


Tree=24
num_leaves=5
num_cat=0
split_feature=4 4 6 3
split_gain=6.94076 6.24223 1.39694 1.16871
threshold=-0.019431016317443813 0.023465314822472164 0.14893617021275365 -0.0084996198665330223
decision_type=2 2 2 2
left_child=3 -2 -3 -1
right_child=1 2 -4 -5
leaf_value=0.019375168877075376 -0.013357667781815666 -0.0029838472065485647 0.01363253915930659 -0.0016179382057290436
leaf_weight=5.8405906897969544 19.946027431869883 2.2023613408673546 5.2132466819602996 1.1142473067156959
leaf_count=539 3419 290 495 143
internal_value=0.00135182 -0.00612992 0.00981793 0.0170413
internal_weight=34.3165 27.3616 7.41561 6.95484
internal_count=4886 4204 785 682
is_linear=0
shrinkage=0.03


Tree=25
num_leaves=5
num_cat=0
split_feature=3 3 4 6
split_gain=6.73679 4.88647 2.45783 0.946212
threshold=-0.021720331040478286 0.02252852580750259 -0.019431016317443813 0.14893617021275365
decision_type=2 2 2 2
left_child=-1 2 -2 -3
right_child=1 3 -4 -5
leaf_value=0.017708680009946239 0.0044831712066189114 -0.0022545653596434062 -0.014315497079309005 0.012647053955130489
leaf_weight=5.7417849192861459 2.9191373959183755 1.6859810531605024 19.771577787352726 4.1056559577118605
leaf_count=519 345 219 3402 401
internal_value=0.00141412 -0.00561889 -0.0112655 0.0096284
internal_weight=34.2241 28.4824 22.6907 5.79164
internal_count=4886 4367 3747 620
is_linear=0
shrinkage=0.03


Tree=26
num_leaves=5
num_cat=0
split_feature=1 2 1 2
split_gain=6.5608 8.06746 2.31335 1.27879
threshold=0.0060546634135980612 1.0000000180025095e-35 0.041578266087767497 -1.5998999730012511
decision_type=2 2 2 2
left_child=1 -1 3 -2
right_child=2 -3 -4 -5
leaf_value=0.02195184285738085 0.0029926476052475237 -0.0088238134936590822 0.0056609862933090591 -0.014055272263874118
leaf_weight=10.505589646520091 1.0626920135691786 5.3826470505446187 2.2148234308697274 14.944327663164588
leaf_count=844 172 873 263 2734
internal_value=0.00149755 0.0121446 -0.00879973 -0.012208
internal_weight=34.1101 15.8882 18.2218 16.007
internal_count=4886 1717 3169 2906
is_linear=0
shrinkage=0.03


Tree=27
num_leaves=5
num_cat=0
split_feature=3 3 4 6
split_gain=6.44574 4.6797 2.39085 0.918161
threshold=-0.021720331040478286 0.02252852580750259 -0.019431016317443813 0.14893617021275365
decision_type=2 2 2 2
left_child=-1 2 -2 -3
right_child=1 3 -4 -5
leaf_value=0.017337849890795905 0.0044301230963777012 -0.0022508074541512835 -0.014098029120596973 0.012357410377050619
leaf_weight=5.8476582949515423 2.934110858011997 1.6830552897881705 19.42123187892139 4.185869203414768
leaf_count=519 345 219 3402 401
internal_value=0.00150406 -0.00545406 -0.0110486 0.00938969
internal_weight=34.0719 28.2243 22.3553 5.86892
internal_count=4886 4367 3747 620
is_linear=0
shrinkage=0.03


Tree=28
num_leaves=5
num_cat=0
split_feature=4 4 3 6
split_gain=6.2319 5.52324 1.41432 1.31168
threshold=-0.023090007612399262 0.023465314822472164 -0.03694042042292852 0.14893617021275365
decision_type=2 2 2 2
left_child=-1 2 -2 -3
right_child=1 3 -4 -5
leaf_value=0.017117629268746954 0.0037317407071044291 -0.0029088513138637077 -0.013643014127205637 0.013189287403642771
leaf_weight=5.8627243523951611 0.63549975538626924 2.1717170102056107 19.951525721233338 5.3429766043554991
leaf_count=512 50 290 3539 495
internal_value=0.00158194 -0.00530115 -0.012062 0.00953241
internal_weight=33.9644 28.1017 20.587 7.51469
internal_count=4886 4374 3589 785
is_linear=0
shrinkage=0.03


Tree=29
num_leaves=5
num_cat=0
split_feature=1 2 1 2
split_gain=6.09635 7.60735 2.23797 1.2479
threshold=0.0060546634135980612 1.0000000180025095e-35 0.041578266087767497 -1.5998999730012511
decision_type=2 2 2 2
left_child=1 -1 3 -2
right_child=2 -3 -4 -5
leaf_value=0.021187234021329091 0.0030033883475276278 -0.008674790101264155 0.0056491046792607755 -0.013738114515566488
leaf_weight=10.765620486810805 1.0591814303770668 5.2883630834985516 2.217860114760696 14.526761748362333
leaf_count=844 172 873 263 2734
internal_value=0.00165595 0.0117964 -0.00844188 -0.0118712
internal_weight=33.8578 16.054 17.8038 15.5859
internal_count=4886 1717 3169 2906
is_linear=0
shrinkage=0.03


Tree=30
num_leaves=5
num_cat=0
split_feature=3 2 1 1
split_gain=6.03988 4.4264 3.56575 1.20464
threshold=-0.021720331040478286 -0.17945766579336123 0.014366130362505227 0.03615790480122006
decision_type=2 2 2 2
left_child=-1 2 -2 -3
right_child=1 3 -4 -5
leaf_value=0.016837624643872822 0.013061334210832347 -0.01492223477745023 -0.0076851602119389099 0.0022072445742419597
leaf_weight=5.9913809548597774 8.3679659268818813 13.677716611186041 4.1715507891494772 1.6178031989838917
leaf_count=519 890 2435 803 239
internal_value=0.00165597 -0.0051984 0.00581199 -0.0129541
internal_weight=33.8264 27.835 12.5395 15.2955
internal_count=4886 4367 1693 2674
is_linear=0
shrinkage=0.03


Tree=31
num_leaves=5
num_cat=0
split_feature=3 3 4 6
split_gain=5.86043 4.36563 2.2708 0.859799
threshold=-0.021720331040478286 0.02252852580750259 -0.019431016317443813 0.14893617021275365
decision_type=2 2 2 2
left_child=-1 2 -2 -3
right_child=1 3 -4 -5
leaf_value=0.016560353904009867 0.0043366572331731343 -0.0021946106531840928 -0.013695067163988934 0.011928235999709269
leaf_weight=6.0751000824384382 2.9607905729208204 1.6605004942975927 18.789723595138639 4.3035844375845045
leaf_count=519 345 219 3402 401
internal_value=0.00167083 -0.00511856 -0.0106477 0.00908453
internal_weight=33.7897 27.7146 21.7505 5.96408
internal_count=4886 4367 3747 620
is_linear=0
shrinkage=0.03


Tree=32
num_leaves=5
num_cat=0
split_feature=1 2 1 2
split_gain=5.6907 7.10333 2.15665 1.21678
threshold=0.0060546634135980612 1.0000000180025095e-35 0.041578266087767497 -1.5998999730012511
decision_type=2 2 2 2
left_child=1 -1 3 -2
right_child=2 -3 -4 -5
leaf_value=0.02036173103161126 0.0029977702736799969 -0.0084891896919269978 0.0055835703332404616 -0.01346149755880814
leaf_weight=11.052633751882242 1.0605942655820406 5.1722580948844543 2.2373235789127639 14.171017565531656
leaf_count=844 172 873 263 2734
internal_value=0.0017388 0.0114345 -0.00815077 -0.0115815
internal_weight=33.6938 16.2249 17.4689 15.2316
internal_count=4886 1717 3169 2906
is_linear=0
shrinkage=0.03


Tree=33
num_leaves=5
num_cat=0
split_feature=3 2 1 1
split_gain=5.60708 4.18585 3.34323 1.1815
threshold=-0.021720331040478286 -0.17945766579336123 0.014366130362505227 0.03615790480122006
decision_type=2 2 2 2
left_child=-1 2 -2 -3
right_child=1 3 -4 -5
leaf_value=0.016207465820556214 0.012596917953800179 -0.014620421387240286 -0.0075025282931631566 0.0022393934044935772
leaf_weight=6.1782135930843642 8.531618636799978 13.281719140009953 4.069112633354961 1.6069499966688443
leaf_count=519 890 2435 803 239
internal_value=0.00173353 -0.00497497 0.00565855 -0.0126321
internal_weight=33.6676 27.4894 12.6007 14.8887
internal_count=4886 4367 1693 2674
is_linear=0
shrinkage=0.03


Tree=34
num_leaves=5
num_cat=0
split_feature=4 4 6 6
split_gain=5.4957 5.23573 1.1834 1.08927
threshold=-0.019431016317443813 0.023465314822472164 0.14893617021275365 0.29205326789869096
decision_type=2 2 2 2
left_child=3 -2 -3 -1
right_child=1 2 -4 -5
leaf_value=0.017546025635506154 -0.01231002734920336 -0.0028271695767250189 0.012377675915932451 -0.0016842583585771978
leaf_weight=6.2960551460273555 18.39618073543534 2.1340209029149255 5.5821354640647769 1.228751389775425
leaf_count=528 3419 290 495 154
internal_value=0.00174225 -0.00528883 0.00895034 0.0152366
internal_weight=33.6371 26.1123 7.71616 7.52481
internal_count=4886 4204 785 682
is_linear=0
shrinkage=0.03


Tree=35
num_leaves=5
num_cat=0
split_feature=3 3 4 6
split_gain=5.34101 4.07751 2.14187 0.805524
threshold=-0.021720331040478286 0.02252852580750259 -0.019431016317443813 0.14893617021275365
decision_type=2 2 2 2
left_child=-1 2 -2 -3
right_child=1 3 -4 -5
leaf_value=0.015812576011209833 0.0041958821440648379 -0.0021428649661953385 -0.013314424060372237 0.011505928706095497
leaf_weight=6.2973373495042315 3.0025411755777958 1.6395833934657265 18.211975917918608 4.4198312289081514
leaf_count=519 345 219 3402 401
internal_value=0.00178111 -0.00483173 -0.0102859 0.00877812
internal_weight=33.5713 27.2739 21.2145 6.05941
internal_count=4886 4367 3747 620
is_linear=0
shrinkage=0.03


Tree=36
num_leaves=5
num_cat=0
split_feature=1 2 4 4
split_gain=5.23766 4.1796 2.23221 2.4598
threshold=0.00097495098605693286 1.0000000180025095e-35 0.023465314822472164 -0.023090007612399262
decision_type=2 2 2 2
left_child=1 -1 3 -2
right_child=2 -3 -4 -5
leaf_value=0.019871327504684344 0.0052137276356205506 -0.0055306213816494641 0.0063427357362413504 -0.013128380120428664
leaf_weight=7.7269644048064929 2.7864481958095011 3.4398217613343149 3.0667321698274455 16.46537004434504
leaf_count=500 279 552 343 3212
internal_value=0.00184026 0.0131304 -0.00612353 -0.0095988
internal_weight=33.4853 11.1668 22.3186 19.2518
internal_count=4886 1052 3834 3491
is_linear=0
shrinkage=0.03


Tree=37
num_leaves=5
num_cat=0
split_feature=3 2 1 1
split_gain=5.08565 3.95246 3.10392 1.16206
threshold=-0.021720331040478286 -0.17945766579336123 0.014366130362505227 0.03615790480122006
decision_type=2 2 2 2
left_child=-1 2 -2 -3
right_child=1 3 -4 -5
leaf_value=0.015474849895881295 0.012167952129999176 -0.014257450903478351 -0.0072526342848483324 0.0023059171158330027
leaf_weight=6.3981972709298125 8.6813814211636799 12.821308975107966 3.9309410681016734 1.5847492509055872
leaf_count=519 890 2435 803 239
internal_value=0.00187434 -0.00465666 0.00558448 -0.0122371
internal_weight=33.4166 27.0184 12.6123 14.4061
internal_count=4886 4367 1693 2674
is_linear=0
shrinkage=0.03


Tree=38
num_leaves=5
num_cat=0
split_feature=1 2 4 4
split_gain=4.96576 3.97029 2.16285 2.3806
threshold=0.00097495098605693286 1.0000000180025095e-35 0.023465314822472164 -0.023090007612399262
decision_type=2 2 2 2
left_child=1 -1 3 -2
right_child=2 -3 -4 -5
leaf_value=0.019292942238928194 0.0051153647319294631 -0.0054408139175599422 0.0062648220710266409 -0.012926343366451595
leaf_weight=7.8977470528334361 2.8166840863414135 3.3957334693986923 3.0897938932757816 16.193638004595417
leaf_count=500 279 552 343 3212
internal_value=0.00187576 0.0127934 -0.00595078 -0.00941134
internal_weight=33.3936 11.2935 22.1001 19.0103
internal_count=4886 1052 3834 3491
is_linear=0
shrinkage=0.03


Tree=39
num_leaves=5
num_cat=0
split_feature=3 2 1 1
split_gain=4.87273 3.77664 2.95309 1.14709
threshold=-0.021720331040478286 -0.17945766579336123 0.014366130362505227 0.03615790480122006
decision_type=2 2 2 2
left_child=-1 2 -2 -3
right_child=1 3 -4 -5
leaf_value=0.015143280817685525 0.011800439653060503 -0.014056563510662791 -0.0071346097590190768 0.0023286772709717944
leaf_weight=6.4978010959457597 8.8142693187110144 12.573229221627114 3.8665432271081945 1.5771691030822683
leaf_count=519 890 2435 803 239
internal_value=0.00190571 -0.00454121 0.0054268 -0.0120223
internal_weight=33.329 26.8312 12.6808 14.1504
internal_count=4886 4367 1693 2674
is_linear=0
shrinkage=0.03


Tree=40
num_leaves=5
num_cat=0
split_feature=4 4 6 6
split_gain=4.75695 4.62555 1.07806 1.01206
threshold=-0.019431016317443813 0.023465314822472164 0.14893617021275365 0.29205326789869096
decision_type=2 2 2 2
left_child=3 -2 -3 -1
right_child=1 2 -4 -5
leaf_value=0.016430059563963734 -0.011665338760111466 -0.0027850078818657804 0.011585745484589237 -0.0017117028108977932
leaf_weight=6.6225796067155889 17.51717678131536 2.1126788903493425 5.821476390818134 1.2353690012823788
leaf_count=528 3419 290 495 154
internal_value=0.00190377 -0.00483557 0.00833994 0.0142165
internal_weight=33.3093 25.4513 7.93416 7.85795
internal_count=4886 4204 785 682
is_linear=0
shrinkage=0.03


Tree=41
num_leaves=5
num_cat=0
split_feature=3 2 1 1
split_gain=4.64552 3.89173 3.28221 1.74198
threshold=-0.027573241181914527 -0.17945766579336123 0.0071037634196723385 0.03615790480122006
decision_type=2 2 2 2
left_child=-1 2 -2 -3
right_child=1 3 -4 -5
leaf_value=0.015843585141668861 0.013102676267498595 -0.01432047091430402 -0.0064552516945338735 0.0036676964049932978
leaf_weight=4.886663850862532 7.9766933571081626 13.104043141240252 5.5252267497126013 1.7648217119276512
leaf_count=346 635 2527 1119 259
internal_value=0.00192963 -0.00397144 0.00575798 -0.0115691
internal_weight=33.2574 28.3708 13.5019 14.8689
internal_count=4886 4540 1754 2786
is_linear=0
shrinkage=0.03


Tree=42
num_leaves=5
num_cat=0
split_feature=1 2 1 2
split_gain=4.53765 5.71112 1.97295 1.13477
threshold=0.0060546634135980612 1.0000000180025095e-35 0.041578266087767497 -1.5998999730012511
decision_type=2 2 2 2
left_child=1 -1 3 -2
right_child=2 -3 -4 -5
leaf_value=0.017962404793513 0.0030091174134043272 -0.0079111534256551402 0.0055570088331028137 -0.012653313467719822
leaf_weight=11.912607136182489 1.0556185569148517 4.8182270436082026 2.242545145796611 13.173793600872159
leaf_count=844 172 873 263 2734
internal_value=0.00195469 0.0103391 -0.00725015 -0.010729
internal_weight=33.2028 16.7308 16.472 14.2294
internal_count=4886 1717 3169 2906
is_linear=0
shrinkage=0.03


Tree=43
num_leaves=5
num_cat=0
split_feature=3 3 4 6
split_gain=4.49857 3.73623 1.35494 0.865171
threshold=-0.018096476393187479 0.02252852580750259 -0.019431016317443813 0.47421413916259209
decision_type=2 2 2 2
left_child=3 2 -2 -1
right_child=1 -3 -4 -5
leaf_value=0.015727923305928922 0.002835824175808993 0.0081847526926210213 -0.01250219110739049 -0.0016894533064356152
leaf_weight=6.9474650225602081 2.4685086386743995 6.2378226828295729 16.613909919513389 0.92095488891936828
leaf_count=585 284 620 3290 107
internal_value=0.00193632 -0.00465657 -0.0102252 0.0138847
internal_weight=33.1887 25.3202 19.0824 7.86842
internal_count=4886 4194 3574 692
is_linear=0
shrinkage=0.03


Tree=44
num_leaves=5
num_cat=0
split_feature=3 2 1 1
split_gain=4.36737 3.67426 3.05695 1.70443
threshold=-0.027573241181914527 -0.17945766579336123 0.014366130362505227 0.03615790480122006
decision_type=2 2 2 2
left_child=-1 2 -2 -3
right_child=1 3 -4 -5
leaf_value=0.015352714157140328 0.011836879140265122 -0.014065169018421095 -0.0072500759213552889 0.0036717858999079371
leaf_weight=5.0190080923493943 9.6404182161204535 12.780090816784648 3.9342267243191591 1.7628997012507159
leaf_count=346 926 2527 828 259
internal_value=0.00196642 -0.0038239 0.00557621 -0.0112951
internal_weight=33.1366 28.1176 13.5746 14.543
internal_count=4886 4540 1754 2786
is_linear=0
shrinkage=0.03


Tree=45
num_leaves=5
num_cat=0
split_feature=1 2 4 4
split_gain=4.26123 3.40108 1.97801 2.12438
threshold=0.00097495098605693286 1.0000000180025095e-35 0.023465314822472164 -0.023090007612399262
decision_type=2 2 2 2
left_child=1 -1 3 -2
right_child=2 -3 -4 -5
leaf_value=0.017723739191940174 0.0047395318666165276 -0.0051519773564800038 0.0060611994185831696 -0.012327891519373807
leaf_weight=8.3688487210310978 2.9305096701718893 3.2547355317510656 3.1462919209152451 15.403100526891651
leaf_count=500 279 552 343 3212
internal_value=0.00197378 0.011898 -0.00547015 -0.00888987
internal_weight=33.1035 11.6236 21.4799 18.3336
internal_count=4886 1052 3834 3491
is_linear=0
shrinkage=0.03


Tree=46
num_leaves=5
num_cat=0
split_feature=3 2 1 1
split_gain=4.20052 3.49679 2.90641 1.67981
threshold=-0.027573241181914527 -0.17945766579336123 0.014366130362505227 0.03615790480122006
decision_type=2 2 2 2
left_child=-1 2 -2 -3
right_child=1 3 -4 -5
leaf_value=0.015057551251950161 0.011463489108035161 -0.013871040486423961 -0.0071363619413856907 0.0036867635227220527
leaf_weight=5.0984365527983746 9.7803851999342459 12.541698320768772 3.8719605130609116 1.7579180721659202
leaf_count=346 926 2527 828 259
internal_value=0.00199241 -0.00373027 0.00540145 -0.0110836
internal_weight=33.0504 27.952 13.6523 14.2996
internal_count=4886 4540 1754 2786
is_linear=0
shrinkage=0.03


Tree=47
num_leaves=5
num_cat=0
split_feature=3 3 4 6
split_gain=4.10554 3.48129 1.30212 0.822659
threshold=-0.018096476393187479 0.02252852580750259 -0.019431016317443813 0.47421413916259209
decision_type=2 2 2 2
left_child=3 2 -2 -1
right_child=1 -3 -4 -5
leaf_value=0.015074327574627738 0.0028222329418689305 0.0078893869209260333 -0.012162036299033879 -0.0016938712099750402
leaf_weight=7.1466902762185764 2.4691096949391094 6.3285762553568921 16.154451541136954 0.92144294921308745
leaf_count=585 284 620 3290 107
internal_value=0.00199667 -0.00440826 -0.00988349 0.0132817
internal_weight=33.0203 24.9521 18.6236 8.06813
internal_count=4886 4194 3574 692
is_linear=0
shrinkage=0.03


Tree=48
num_leaves=5
num_cat=0
split_feature=3 2 1 1
split_gain=3.98131 3.37378 2.80755 1.65062
threshold=-0.027573241181914527 -0.17945766579336123 0.014366130362505227 0.03615790480122006
decision_type=2 2 2 2
left_child=-1 2 -2 -3
right_child=1 3 -4 -5
leaf_value=0.01465765735826185 0.011249073155949656 -0.013686468584783012 -0.007041043947667699 0.0036818082959850476
leaf_weight=5.211080797482281 9.8612398721743393 12.323115823557599 3.8198870124761006 1.7591340814251442
leaf_count=346 926 2527 828 259
internal_value=0.00202081 -0.00360444 0.00532551 -0.0108889
internal_weight=32.9745 27.7634 13.6811 14.0822
internal_count=4886 4540 1754 2786
is_linear=0
shrinkage=0.03


Tree=49
num_leaves=5
num_cat=0
split_feature=1 2 4 4
split_gain=3.90799 3.12558 1.88939 1.98761
threshold=0.00097495098605693286 1.0000000180025095e-35 0.023465314822472164 -0.023090007612399262
decision_type=2 2 2 2
left_child=1 -1 3 -2
right_child=2 -3 -4 -5
leaf_value=0.016923578530357346 0.0045280347443020187 -0.0049992223318367718 0.0059767632021327111 -0.011999075362204355
leaf_weight=8.6135100396350008 2.9957196386531022 3.1807164705824098 3.1694348317105314 14.988165725953879
leaf_count=500 279 552 343 3212
internal_value=0.00202188 0.0114303 -0.00520905 -0.00861174
internal_weight=32.9475 11.7942 21.1533 17.9839
internal_count=4886 1052 3834 3491
is_linear=0
shrinkage=0.03


Tree=50
num_leaves=5
num_cat=0
split_feature=3 2 1 1
split_gain=3.83035 3.20816 2.6707 1.62664
threshold=-0.027573241181914527 -0.17945766579336123 0.015749617269967823 0.03615790480122006
decision_type=2 2 2 2
left_child=-1 2 -2 -3
right_child=1 3 -4 -5
leaf_value=0.014373544335074812 0.01080491059856231 -0.013497982798770437 -0.0070634977410747894 0.0036953942730849794
leaf_weight=5.2883625957183531 10.195429061539473 12.099609506782143 3.5620665512979022 1.7545837510842819
leaf_count=346 970 2527 784 259
internal_value=0.00203496 -0.00352146 0.00515266 -0.0106842
internal_weight=32.9001 27.6117 13.7575 13.8542
internal_count=4886 4540 1754 2786
is_linear=0
shrinkage=0.03


Tree=51
num_leaves=5
num_cat=0
split_feature=3 3 4 6
split_gain=3.74737 3.24325 1.2516 0.782394
threshold=-0.018096476393187479 0.02252852580750259 -0.019431016317443813 0.47421413916259209
decision_type=2 2 2 2
left_child=3 2 -2 -1
right_child=1 -3 -4 -5
leaf_value=0.014441698028547065 0.0028062324904345537 0.0075991536685987631 -0.01183684321322249 -0.0016988920180602246
leaf_weight=7.3414576433133316 2.4703480198513743 6.4173803802113971 15.726621272740887 0.922058407915756
leaf_count=585 284 620 3290 107
internal_value=0.00203172 -0.00418234 -0.00955873 0.0126966
internal_weight=32.8779 24.6143 18.197 8.26352
internal_count=4886 4194 3574 692
is_linear=0
shrinkage=0.03


Tree=52
num_leaves=5
num_cat=0
split_feature=1 2 2 1
split_gain=3.65188 4.65167 1.83179 1.10777
threshold=0.0060546634135980612 1.0000000180025095e-35 0.89460032639735798 0.029749776983304225
decision_type=2 2 2 2
left_child=1 -1 -2 -4
right_child=2 -3 3 -5
leaf_value=0.015970069922533709 -0.01021064121004517 -0.0073931686943790823 -0.0041050269271801637 0.010091804705794507
leaf_weight=12.655010342365133 12.859256230061872 4.5108462751377365 1.5157028068788343 1.2965536318952215
leaf_count=844 2684 873 343 142
internal_value=0.00205063 0.00936915 -0.0064927 0.00520832
internal_weight=32.8374 17.1659 15.6715 2.81226
internal_count=4886 1717 3169 485
is_linear=0
shrinkage=0.03


Tree=53
num_leaves=5
num_cat=0
split_feature=3 2 1 1
split_gain=3.60645 3.02635 2.50702 1.60071
threshold=-0.027573241181914527 -0.17945766579336123 0.015749617269967823 0.03615790480122006
decision_type=2 2 2 2
left_child=-1 2 -2 -3
right_child=1 3 -4 -5
leaf_value=0.013908932654871855 0.01039775116627371 -0.013279250672518549 -0.0069131194028134195 0.0037173597651264808
leaf_weight=5.4172068485058835 10.350332910427825 11.841886904323472 3.4821554915979496 1.7472143147606392
leaf_count=346 970 2527 784 259
internal_value=0.00201816 -0.00341999 0.00496775 -0.0104445
internal_weight=32.8388 27.4216 13.8325 13.5891
internal_count=4886 4540 1754 2786
is_linear=0
shrinkage=0.03


Tree=54
num_leaves=5
num_cat=0
split_feature=4 4 3 6
split_gain=3.52192 3.36895 1.04979 0.892585
threshold=-0.023090007612399262 0.023465314822472164 -0.03694042042292852 0.14893617021275365
decision_type=2 2 2 2
left_child=-1 2 -2 -3
right_child=1 3 -4 -5
leaf_value=0.012873892705954409 0.0032944120335843159 -0.0027044489231533323 -0.011329581515079037 0.010114388943658509
leaf_weight=7.1230168479960403 0.74917372874915855 2.0653265172149968 16.617632068810057 6.2639940760564059
leaf_count=512 50 290 3539 495
internal_value=0.00201209 -0.00376187 -0.00972545 0.0071945
internal_weight=32.8191 25.6961 17.3668 8.32932
internal_count=4886 4374 3589 785
is_linear=0
shrinkage=0.03


Tree=55
num_leaves=5
num_cat=0
split_feature=3 3 4 6
split_gain=3.44077 3.01896 1.19204 0.741477
threshold=-0.018096476393187479 0.02252852580750259 -0.019431016317443813 0.47421413916259209
decision_type=2 2 2 2
left_child=3 2 -2 -1
right_child=1 -3 -4 -5
leaf_value=0.013854035764677872 0.0027488244221443273 0.0072974024293996102 -0.011524448497891734 -0.0016938037640604766
leaf_weight=7.5223098511341941 2.4846968206111368 6.5112597753759465 15.326266210642645 0.91920758504420508
leaf_count=585 284 620 3290 107
internal_value=0.00203902 -0.00399344 -0.00926084 0.0121606
internal_weight=32.7637 24.3222 17.811 8.44152
internal_count=4886 4194 3574 692
is_linear=0
shrinkage=0.03


Tree=56
num_leaves=5
num_cat=0
split_feature=3 2 1 1
split_gain=3.34896 2.88185 2.38997 1.56953
threshold=-0.027573241181914527 -0.17945766579336123 0.015749617269967823 0.03615790480122006
decision_type=2 2 2 2
left_child=-1 2 -2 -3
right_child=1 3 -4 -5
leaf_value=0.013416426443387567 0.010142882194968041 -0.013039784738915381 -0.0067784894542445373 0.0037317114446039409
leaf_weight=5.5576572578866026 10.445990005275236 11.571296320180407 3.410851710708811 1.7419528032187361
leaf_count=346 970 2527 784 259
internal_value=0.00205339 -0.00325508 0.00488229 -0.0101859
internal_weight=32.7277 27.1701 13.8568 13.3132
internal_count=4886 4540 1754 2786
is_linear=0
shrinkage=0.03


Tree=57
num_leaves=5
num_cat=0
split_feature=1 2 4 4
split_gain=3.29379 2.66627 1.72693 1.72587
threshold=0.00097495098605693286 1.0000000180025095e-35 0.023465314822472164 -0.023090007612399262
decision_type=2 2 2 2
left_child=1 -1 3 -2
right_child=2 -3 -4 -5
leaf_value=0.015457717237456316 0.0040819316282170006 -0.0047422899371585498 0.0057941798811722975 -0.011378223756151199
leaf_weight=9.0685650208033604 3.1331141158007112 3.0568730852100989 3.2187055074609807 14.234306450118313
leaf_count=500 279 552 343 3212
internal_value=0.00204379 0.0105235 -0.00475848 -0.00811676
internal_weight=32.7116 12.1254 20.5861 17.3674
internal_count=4886 1052 3834 3491
is_linear=0
shrinkage=0.03


Tree=58
num_leaves=5
num_cat=0
split_feature=3 2 1 1
split_gain=3.22493 2.73551 2.27752 1.54648
threshold=-0.027573241181914527 -0.17945766579336123 0.015749617269967823 0.03615790480122006
decision_type=2 2 2 2
left_child=-1 2 -2 -3
right_child=1 3 -4 -5
leaf_value=0.013153373252911587 0.0098212807640963313 -0.012861556697676475 -0.0066827962923780475 0.0037424184918306643
leaf_weight=5.6302717877551904 10.571264519589024 11.372243289952165 3.3608340800274155 1.7382958070375014
leaf_count=346 970 2527 784 259
internal_value=0.00204787 -0.00319098 0.00471118 -0.00999331
internal_weight=32.6729 27.0426 13.9321 13.1105
internal_count=4886 4540 1754 2786
is_linear=0
shrinkage=0.03


Tree=59
num_leaves=5
num_cat=0
split_feature=3 3 2 6
split_gain=3.14167 2.81498 1.10951 0.705436
threshold=-0.018096476393187479 0.026224563594766027 -0.67781826722089555 0.47421413916259209
decision_type=2 2 2 2
left_child=3 2 -2 -1
right_child=1 -3 -4 -5
leaf_value=0.013264463548541428 0.0016412256104274296 0.0077412481647660221 -0.01132521909222208 -0.0016993797159649915
leaf_weight=7.706625472288577 4.8755677319131818 5.1888122032396486 13.967575946357103 0.91989789460785676
leaf_count=585 723 465 3006 107
internal_value=0.00203637 -0.00380359 -0.00856439 0.0116131
internal_weight=32.6585 24.032 18.8431 8.62652
internal_count=4886 4194 3729 692
is_linear=0
shrinkage=0.03


Tree=60
num_leaves=5
num_cat=0
split_feature=1 2 4 4
split_gain=3.07243 2.50556 1.66491 1.64527
threshold=0.00097495098605693286 1.0000000180025095e-35 0.023465314822472164 -0.023090007612399262
decision_type=2 2 2 2
left_child=1 -1 3 -2
right_child=2 -3 -4 -5
leaf_value=0.014911199465480073 0.0039579241309056646 -0.0046474108542879358 0.005719946745220467 -0.011148169424165159
leaf_weight=9.2409541411325318 3.1710987158585366 3.0116334534250191 3.2398701398633412 13.967252821195872
leaf_count=500 279 552 343 3212
internal_value=0.00204326 0.0101757 -0.00458649 -0.00792461
internal_weight=32.6308 12.2526 20.3782 17.1384
internal_count=4886 1052 3834 3491
is_linear=0
shrinkage=0.03


Tree=61
num_leaves=5
num_cat=0
split_feature=3 2 1 1
split_gain=3.02468 2.56496 2.15908 1.52055
threshold=-0.027573241181914527 -0.17945766579336123 0.015749617269967823 0.03615790480122006
decision_type=2 2 2 2
left_child=-1 2 -2 -3
right_child=1 3 -4 -5
leaf_value=0.012727385564793595 0.0094853570918887326 -0.012624456885113983 -0.0065731707715415344 0.0037728660760785807
leaf_weight=5.7504582146648309 10.700475941644983 11.112343191984108 3.3035913825733578 1.7280732770450402
leaf_count=346 970 2527 784 259
internal_value=0.00204445 -0.00307723 0.00453692 -0.00973202
internal_weight=32.5949 26.8445 14.0041 12.8404
internal_count=4886 4540 1754 2786
is_linear=0
shrinkage=0.03


Tree=62
num_leaves=5
num_cat=0
split_feature=4 4 6 6
split_gain=2.95204 3.06229 0.810583 0.804957
threshold=-0.019431016317443813 0.023465314822472164 -0.14929827903728182 0.14893617021275365
decision_type=2 2 2 2
left_child=2 -2 -1 -3
right_child=1 3 -4 -5
leaf_value=0.013868035011832446 -0.0097988810392737255 -0.0026757197456628058 -0.00089147063525437189 0.0093370085446085101
leaf_weight=6.0629604598507285 15.18271489813924 2.0462582693435234 2.7875390304252488 6.5034245038405061
leaf_count=405 3419 290 277 495
internal_value=0.00203039 -0.00370274 0.0112125 0.0065694
internal_weight=32.5829 23.7324 8.8505 8.54968
internal_count=4886 4204 682 785
is_linear=0
shrinkage=0.03


Tree=63
num_leaves=5
num_cat=0
split_feature=3 2 1 1
split_gain=2.90396 2.44287 2.07344 1.49197
threshold=-0.027573241181914527 -0.17945766579336123 0.015749617269967823 0.03615790480122006
decision_type=2 2 2 2
left_child=-1 2 -2 -3
right_child=1 3 -4 -5
leaf_value=0.012462956380274131 0.0092296490707974577 -0.012447117401042868 -0.0064953691902921856 0.0037632037329469021
leaf_weight=5.8264686237089327 10.802377533866094 10.925297219655475 3.2632896755821994 1.7306998465210188
leaf_count=346 970 2527 784 259
internal_value=0.00203954 -0.0030082 0.00439833 -0.00954779
internal_weight=32.5481 26.7217 14.0657 12.656
internal_count=4886 4540 1754 2786
is_linear=0
shrinkage=0.03


Tree=64
num_leaves=5
num_cat=0
split_feature=3 2 1 1
split_gain=2.82851 2.35855 2.02141 1.46927
threshold=-0.027573241181914527 -0.17945766579336123 0.015749617269967823 0.03615790480122006
decision_type=2 2 2 2
left_child=-1 2 -2 -3
right_child=1 3 -4 -5
leaf_value=0.012283248879654953 0.0090533289983683995 -0.012326047728928612 -0.0064570981600584913 0.0037446660161861893
leaf_weight=5.87985137826763 10.87601038371213 10.801727716228923 3.2437175383092827 1.7365063584875304
leaf_count=346 970 2527 784 259
internal_value=0.0020237 -0.00297268 0.00429032 -0.00942637
internal_weight=32.5378 26.658 14.1197 12.5382
internal_count=4886 4540 1754 2786
is_linear=0
shrinkage=0.03


Tree=65
num_leaves=5
num_cat=0
split_feature=1 2 4 4
split_gain=2.77493 2.25053 1.55748 1.50475
threshold=0.00097495098605693286 1.0000000180025095e-35 0.023465314822472164 -0.023090007612399262
decision_type=2 2 2 2
left_child=1 -1 3 -2
right_child=2 -3 -4 -5
leaf_value=0.014071512855415117 0.0037027077859174405 -0.0044654769167084187 0.0055365877519524516 -0.010787160173834642
leaf_weight=9.5069148838520032 3.2498153226915774 2.925423343665897 3.2923381358850738 13.554070178885015
leaf_count=500 279 552 343 3212
internal_value=0.0020068 0.00966344 -0.0043669 -0.00764894
internal_weight=32.5286 12.4323 20.0962 16.8039
internal_count=4886 1052 3834 3491
is_linear=0
shrinkage=0.03


Tree=66
num_leaves=5
num_cat=0
split_feature=3 3 4 6
split_gain=2.7419 2.53549 1.00409 0.648787
threshold=-0.018096476393187479 0.026224563594766027 -0.019431016317443813 0.47421413916259209
decision_type=2 2 2 2
left_child=3 2 -2 -1
right_child=1 -3 -4 -5
leaf_value=0.01240960529305378 0.0026339835172188809 0.0073079188934787711 -0.010240975898325004 -0.0016933326699871368
leaf_weight=7.969147557159884 2.5125969345681396 5.3053166682366273 15.793762555578725 0.91576406522653986
leaf_count=585 287 465 3442 107
internal_value=0.00200394 -0.00355071 -0.00816761 0.0108291
internal_weight=32.4966 23.6117 18.3064 8.88491
internal_count=4886 4194 3729 692
is_linear=0
shrinkage=0.03


Tree=67
num_leaves=5
num_cat=0
split_feature=3 2 1 1
split_gain=2.64865 2.23277 1.91777 1.44395
threshold=-0.027573241181914527 -0.17945766579336123 0.015749617269967823 0.03615790480122006
decision_type=2 2 2 2
left_child=-1 2 -2 -3
right_child=1 3 -4 -5
leaf_value=0.011882046269457656 0.0087842150614687933 -0.012115132568697099 -0.0063309971088764102 0.0037628087766383451
leaf_weight=5.9942131168209007 10.977779619162904 10.579867303487843 3.1788961695274329 1.7301308286841948
leaf_count=346 970 2527 784 259
internal_value=0.00201814 -0.00286157 0.00417432 -0.0091972
internal_weight=32.4609 26.4667 14.1567 12.31
internal_count=4886 4540 1754 2786
is_linear=0
shrinkage=0.03


Tree=68
num_leaves=5
num_cat=0
split_feature=1 2 2 1
split_gain=2.59435 3.38402 1.70432 0.973773
threshold=0.0060546634135980612 1.0000000180025095e-35 0.89460032639735798 0.029749776983304225
decision_type=2 2 2 2
left_child=1 -1 -2 -4
right_child=2 -3 3 -5
leaf_value=0.013279505696658379 -0.0093316727067029401 -0.0066545816535635146 -0.0037380908411535287 0.009789539121616701
leaf_weight=13.688653037184851 11.944019213551654 4.0876210724236435 1.3637848570942872 1.3694174607517196
leaf_count=844 2684 873 343 142
internal_value=0.00199923 0.00795018 -0.00550921 0.00540496
internal_weight=32.4535 17.7763 14.6772 2.7332
internal_count=4886 1717 3169 485
is_linear=0
shrinkage=0.03


Tree=69
num_leaves=5
num_cat=0
split_feature=3 3 4 6
split_gain=2.56606 2.40798 0.974596 0.620581
threshold=-0.018096476393187479 0.026224563594766027 -0.019431016317443813 0.47421413916259209
decision_type=2 2 2 2
left_child=3 2 -2 -1
right_child=1 -3 -4 -5
leaf_value=0.011990299025659994 0.0026111740993644823 0.0070918767960447193 -0.010054352712443496 -0.0016872443697036601
leaf_weight=8.1019211090169811 2.5159763395786312 5.3659784432966253 15.561224909150043 0.91284753335639912
leaf_count=585 287 465 3442 107
internal_value=0.00196166 -0.00344903 -0.00798941 0.0104463
internal_weight=32.4579 23.4432 18.0772 9.01477
internal_count=4886 4194 3729 692
is_linear=0
shrinkage=0.03


Tree=70
num_leaves=5
num_cat=0
split_feature=3 2 1 1
split_gain=2.49228 2.10351 1.81042 1.41991
threshold=-0.027573241181914527 -0.17945766579336123 0.017321324693818644 0.03615790480122006
decision_type=2 2 2 2
left_child=-1 2 -2 -3
right_child=1 3 -4 -5
leaf_value=0.011488281059462726 0.0084059326540221486 -0.011919918884227165 -0.0063187400171657131 0.0037771362756743878
leaf_weight=6.1067686777096233 11.291039717267269 10.377421176992355 2.9237675277981898 1.7251262951176602
leaf_count=346 1018 2527 736 259
internal_value=0.00197384 -0.00278932 0.00401858 -0.00898583
internal_weight=32.4241 26.3174 14.2148 12.1025
internal_count=4886 4540 1754 2786
is_linear=0
shrinkage=0.03


Tree=71
num_leaves=5
num_cat=0
split_feature=1 2 4 4
split_gain=2.42976 2.0016 1.47961 1.35977
threshold=0.00097495098605693286 1.0000000180025095e-35 0.023465314822472164 -0.023090007612399262
decision_type=2 2 2 2
left_child=1 -1 3 -2
right_child=2 -3 -4 -5
leaf_value=0.013125482065784811 0.0034293712193876336 -0.0043040987883632784 0.0054701274557051906 -0.010397729411827329
leaf_weight=9.8092338321730477 3.3332816287875202 2.8493571770377448 3.307166831335052 13.120525778736921
leaf_count=500 279 552 343 3212
internal_value=0.00195232 0.00903414 -0.00409544 -0.0073591
internal_weight=32.4196 12.6586 19.761 16.4538
internal_count=4886 1052 3834 3491
is_linear=0
shrinkage=0.03


Tree=72
num_leaves=5
num_cat=0
split_feature=3 3 6 5
split_gain=2.40458 2.46286 0.851848 0.573334
threshold=-0.012362569606757128 0.02252852580750259 0.34634424980955508 -0.61384103045788752
decision_type=2 2 2 2
left_child=2 3 -1 -2
right_child=1 -3 -4 -5
leaf_value=0.011535043620823639 0.0020581942763892498 0.006234256903581383 -0.0022807536519338198 -0.010137975062625929
leaf_weight=9.5290396104101074 0.58945040055550535 6.8239141067024311 1.4441227674251411 14.004404400475325
leaf_count=834 67 620 204 3161
internal_value=0.00194595 -0.0037137 0.00949628 -0.00900879
internal_weight=32.3909 21.4178 10.9732 14.5939
internal_count=4886 3848 1038 3228
is_linear=0
shrinkage=0.03


Tree=73
num_leaves=5
num_cat=0
split_feature=3 3 2 6
split_gain=2.34527 2.00648 1.46782 0.308702
threshold=-0.027573241181914527 0.031408434290622338 -0.67781826722089555 0.47421413916259209
decision_type=2 2 2 2
left_child=3 2 -2 -1
right_child=1 -3 -4 -5
leaf_value=0.012068852240594291 0.0029929233581465022 0.0075093550938262104 -0.009751413961702109 -0.00078307242682493228
leaf_weight=5.6232907434459767 6.3284131649415984 3.9929043741431078 15.843228530604392 0.58919325261376787
leaf_count=297 831 310 3399 49
internal_value=0.00193979 -0.00271151 -0.0063142 0.0111188
internal_weight=32.377 26.1645 22.1716 6.21248
internal_count=4886 4540 4230 346
is_linear=0
shrinkage=0.03


Tree=74
num_leaves=5
num_cat=0
split_feature=1 2 2 5
split_gain=2.27915 3.05142 1.63357 0.953949
threshold=0.0060546634135980612 1.0000000180025095e-35 0.89460032639735798 0.53968503937007883
decision_type=2 2 2 2
left_child=1 3 -2 -1
right_child=2 -3 -4 -5
leaf_value=0.015062934425856597 -0.0089991905784985848 -0.0064448746559933757 0.0053927158461116531 -0.00038289469945579385
leaf_weight=10.216485613957049 11.618049145559779 3.9707698192214584 2.7320319431601083 3.787434277124702
leaf_count=594 2684 873 485 250
internal_value=0.00196849 0.00747821 -0.00516979 0.0124663
internal_weight=32.3248 17.9747 14.3501 14.0039
internal_count=4886 1717 3169 844
is_linear=0
shrinkage=0.03


Tree=75
num_leaves=5
num_cat=0
split_feature=3 3 2 6
split_gain=2.24172 1.94218 1.4184 0.298651
threshold=-0.027573241181914527 0.031408434290622338 -0.67781826722089555 0.47421413916259209
decision_type=2 2 2 2
left_child=3 2 -2 -1
right_child=1 -3 -4 -5
leaf_value=0.011812393945134144 0.0029333325500820692 0.0073912968698856387 -0.0096036722157287115 -0.00077797292323634451
leaf_weight=5.6906440176535389 6.3459481913596436 4.0245185061357907 15.672404976794496 0.58720203256234516
leaf_count=297 831 310 3399 49
internal_value=0.0019415 -0.00263414 -0.00620273 0.0108803
internal_weight=32.3207 26.0429 22.0184 6.27785
internal_count=4886 4540 4230 346
is_linear=0
shrinkage=0.03


Tree=76
num_leaves=5
num_cat=0
split_feature=4 4 6 6
split_gain=2.18798 2.42749 0.749046 0.692132
threshold=-0.019431016317443813 0.023465314822472164 -0.14929827903728182 0.14893617021275365
decision_type=2 2 2 2
left_child=2 -2 -1 -3
right_child=1 3 -4 -5
leaf_value=0.012208807359318506 -0.0088317316991875505 -0.0026104761579330239 -0.0011475009689444577 0.00835794265620835
leaf_weight=6.5227456050924957 14.099589205463419 2.0081076666247082 2.8418867103755456 6.7981628137640655
leaf_count=405 3419 290 277 495
internal_value=0.00196821 -0.00315415 0.00965611 0.00579866
internal_weight=32.2705 22.9059 9.36463 8.80627
internal_count=4886 4204 682 785
is_linear=0
shrinkage=0.03


Tree=77
num_leaves=5
num_cat=0
split_feature=3 3 6 5
split_gain=2.15654 2.26515 0.784562 0.550938
threshold=-0.012362569606757128 0.02252852580750259 0.34634424980955508 -0.61384103045788752
decision_type=2 2 2 2
left_child=2 3 -1 -2
right_child=1 -3 -4 -5
leaf_value=0.010984393858962991 0.0020571048120253928 0.0059855856885953351 -0.0022228141883971308 -0.009780204573668053
leaf_weight=9.7124641772825253 0.58857465023174782 6.9024383579380801 1.4212421113625158 13.622315139044078
leaf_count=834 67 620 204 3161
internal_value=0.00196615 -0.0034737 0.00904442 -0.00864277
internal_weight=32.247 21.1133 11.1337 14.2109
internal_count=4886 3848 1038 3228
is_linear=0
shrinkage=0.03


Tree=78
num_leaves=5
num_cat=0
split_feature=1 2 2 1
split_gain=2.10226 2.86844 1.57192 0.924149
threshold=0.0060546634135980612 1.0000000180025095e-35 0.89460032639735798 0.029749776983304225
decision_type=2 2 2 2
left_child=1 -1 -2 -4
right_child=2 -3 3 -5
leaf_value=0.012006081638786512 -0.0087722798556390397 -0.0063206099724797769 -0.0036430870585260448 0.0095563397642361488
leaf_weight=14.181431070668625 11.402439796482211 3.9023663286352521 1.323496013414114 1.4263510814635081
leaf_count=844 2684 873 343 142
internal_value=0.00195677 0.00720888 -0.00496047 0.00532882
internal_weight=32.2361 18.0838 14.1523 2.74985
internal_count=4886 1717 3169 485
is_linear=0
shrinkage=0.03


Tree=79
num_leaves=5
num_cat=0
split_feature=3 2 1 1
split_gain=2.07226 1.82191 1.59182 1.38817
threshold=-0.027573241181914527 -0.17945766579336123 0.017321324693818644 0.03615790480122006
decision_type=2 2 2 2
left_child=-1 2 -2 -3
right_child=1 3 -4 -5
leaf_value=0.010454074612100538 0.0078056061719195121 -0.011429349505937736 -0.0060201437712792275 0.0039195523981081105
leaf_weight=6.397646701661869 11.510550215723926 9.8799293908523378 2.7751060433220109 1.6788687830558036
leaf_count=346 1018 2527 736 259
internal_value=0.00191701 -0.00252323 0.00374686 -0.00841599
internal_weight=32.2421 25.8445 14.2857 11.5588
internal_count=4886 4540 1754 2786
is_linear=0
shrinkage=0.03


Tree=80
num_leaves=5
num_cat=0
split_feature=3 3 6 5
split_gain=2.02569 2.1584 0.747441 0.512796
threshold=-0.012362569606757128 0.026224563594766027 0.34634424980955508 -0.61384103045788752
decision_type=2 2 2 2
left_child=2 3 -1 -2
right_child=1 -3 -4 -5
leaf_value=0.010608995366921755 0.0020486712947659354 0.0064272894581606189 -0.002205188905874139 -0.0091407151927314009
leaf_weight=9.840989286429247 0.59004083345644076 5.5549877958837888 1.4132480904227112 14.840809133718723
leaf_count=834 67 465 204 3316
internal_value=0.00189237 -0.00340126 0.00871942 -0.00807552
internal_weight=32.2401 20.9858 11.2542 15.4308
internal_count=4886 3848 1038 3383
is_linear=0
shrinkage=0.03


Tree=81
num_leaves=5
num_cat=0
split_feature=1 2 4 4
split_gain=1.97914 1.68903 1.3664 1.16045
threshold=0.00097495098605693286 1.0000000180025095e-35 0.023465314822472164 -0.023090007612399262
decision_type=2 2 2 2
left_child=1 -1 3 -2
right_child=2 -3 -4 -5
leaf_value=0.011859139978467437 0.0030484805880031818 -0.0040800646231314306 0.0053746069804059167 -0.0098041603296107459
leaf_weight=10.211594731081275 3.4465672711376092 2.7448574024019754 3.3287722067907444 12.489858783432284
leaf_count=500 279 552 343 3212
internal_value=0.00189066 0.00817601 -0.0036858 -0.00692087
internal_weight=32.2217 12.9565 19.2652 15.9364
internal_count=4886 1052 3834 3491
is_linear=0
shrinkage=0.03


Tree=82
num_leaves=5
num_cat=0
split_feature=3 3 5 6
split_gain=1.94785 1.74118 1.32312 0.270277
threshold=-0.027573241181914527 0.031408434290622338 -0.42731378533209619 0.47421413916259209
decision_type=2 2 2 2
left_child=3 2 -2 -1
right_child=1 -3 -4 -5
leaf_value=0.010998187790841857 0.0041582704470125463 0.0069658763353370986 -0.008527388036519163 -0.00076981314053978624
leaf_weight=5.9108527186326674 3.2811992616625565 4.1348834971431634 18.286786399665289 0.58389070699922729
leaf_count=297 368 310 3862 49
internal_value=0.00187971 -0.00245145 -0.00589159 0.0101149
internal_weight=32.1976 25.7029 21.568 6.49474
internal_count=4886 4540 4230 346
is_linear=0
shrinkage=0.03


Tree=83
num_leaves=5
num_cat=0
split_feature=3 3 6 5
split_gain=1.87618 2.02515 0.711916 0.519421
threshold=-0.012362569606757128 0.02252852580750259 0.34634424980955508 -0.61384103045788752
decision_type=2 2 2 2
left_child=2 3 -1 -2
right_child=1 -3 -4 -5
leaf_value=0.010279419023543816 0.0020309837230209097 0.0056320335418022496 -0.002178101585141254 -0.0093552497976346124
leaf_weight=9.9526272227521968 0.59444170421920617 7.0109199681319287 1.4023842005990435 13.177256750059316
leaf_count=834 67 620 204 3161
internal_value=0.00191658 -0.00323253 0.00844138 -0.00821615
internal_weight=32.1376 20.7826 11.355 13.7717
internal_count=4886 3848 1038 3228
is_linear=0
shrinkage=0.03


Tree=84
num_leaves=5
num_cat=0
split_feature=1 2 2 5
split_gain=1.84403 2.60301 1.50206 0.922982
threshold=0.0060546634135980612 1.0000000180025095e-35 0.89460032639735798 0.53968503937007883
decision_type=2 2 2 2
left_child=1 3 -2 -1
right_child=2 -3 -4 -5
leaf_value=0.013834109285493258 -0.008461626300215911 -0.0061420142383837141 0.0052942369921470025 -0.00063825062089676297
leaf_weight=10.598630937514828 11.110673411516471 3.8045367698650798 2.7556358613073817 3.8596883076243094
leaf_count=594 2684 873 485 250
internal_value=0.0019044 0.00676967 -0.00465507 0.0112893
internal_weight=32.1292 18.2629 13.8663 14.4583
internal_count=4886 1717 3169 844
is_linear=0
shrinkage=0.03


Tree=85
num_leaves=5
num_cat=0
split_feature=3 2 1 1
split_gain=1.80981 1.68841 1.47057 1.36091
threshold=-0.027573241181914527 -0.17945766579336123 0.017321324693818644 0.03615790480122006
decision_type=2 2 2 2
left_child=-1 2 -2 -3
right_child=1 3 -4 -5
leaf_value=0.0097658837494288414 0.0075141524553655799 -0.011136826904218293 -0.0058100071631588075 0.0039753992101195616
leaf_weight=6.5931025368627152 11.609630063059742 9.5922804496949521 2.6723040154902256 1.6602125316858281
leaf_count=346 1018 2527 736 259
internal_value=0.00187422 -0.00233829 0.00365506 -0.00808573
internal_weight=32.1275 25.5344 14.2819 11.2525
internal_count=4886 4540 1754 2786
is_linear=0
shrinkage=0.03


Tree=86
num_leaves=5
num_cat=0
split_feature=3 3 2 6
split_gain=1.76405 1.63813 1.26618 0.256674
threshold=-0.027573241181914527 0.031408434290622338 -0.67781826722089555 0.47421413916259209
decision_type=2 2 2 2
left_child=3 2 -2 -1
right_child=1 -3 -4 -5
leaf_value=0.010487608480749113 0.0028410111464691043 0.0067678688504002301 -0.0090023722240947079 -0.00077737366749302107
leaf_weight=6.0510686277411869 6.3437288157874745 4.1860875056590876 14.960266263340602 0.58567652665078629
leaf_count=297 831 310 3399 49
internal_value=0.00184797 -0.00231781 -0.00569476 0.00962378
internal_weight=32.1268 25.4901 21.304 6.63675
internal_count=4886 4540 4230 346
is_linear=0
shrinkage=0.03


Tree=87
num_leaves=5
num_cat=0
split_feature=1 2 4 4
split_gain=1.73864 1.52645 1.30675 1.05764
threshold=0.00097495098605693286 1.0000000180025095e-35 0.023465314822472164 -0.023090007612399262
decision_type=2 2 2 2
left_child=1 -1 3 -2
right_child=2 -3 -4 -5
leaf_value=0.011163798676391555 0.0028558863465640827 -0.0039499695977833335 0.0053449231983908121 -0.0094536446058299303
leaf_weight=10.431054784450678 3.5027562184259287 2.6845618569059289 3.3335191749501965 12.132213558768855
leaf_count=500 279 552 343 3212
internal_value=0.0018673 0.00769975 -0.00343135 -0.00665761
internal_weight=32.0841 13.1156 18.9685 15.635
internal_count=4886 1052 3834 3491
is_linear=0
shrinkage=0.03


Tree=88
num_leaves=5
num_cat=0
split_feature=3 3 6 5
split_gain=1.70126 1.87235 0.661969 0.477
threshold=-0.012362569606757128 0.026224563594766027 0.34634424980955508 -0.61384103045788752
decision_type=2 2 2 2
left_child=2 3 -1 -2
right_child=1 -3 -4 -5
leaf_value=0.009789316332367572 0.0020248786630451977 0.0059584481523856838 -0.0021427100286656349 -0.0086241701603175618
leaf_weight=10.110159157658925 0.59473896166309614 5.6887154863215974 1.3866619301261369 14.28226840333082
leaf_count=834 67 465 204 3316
internal_value=0.00185404 -0.00309108 0.00802288 -0.00755563
internal_weight=32.0625 20.5657 11.4968 14.877
internal_count=4886 3848 1038 3383
is_linear=0
shrinkage=0.03


Tree=89
num_leaves=5
num_cat=0
split_feature=1 2 1 5
split_gain=1.64321 2.38118 1.45243 0.897902
threshold=0.0060546634135980612 1.0000000180025095e-35 0.041578266087767497 0.53968503937007883
decision_type=2 2 2 2
left_child=1 3 -2 -1
right_child=2 -3 -4 -5
leaf_value=0.013187247615518706 -0.0080409625999016254 -0.0059744439306402865 0.005581903303411003 -0.00075896313854290141
leaf_weight=10.802116188220682 11.426001596380955 3.7143447560956693 2.2116950310301027 3.8935353721026322
leaf_count=594 2906 873 263 250
internal_value=0.00184841 0.00640065 -0.00440488 0.0106812
internal_weight=32.0477 18.41 13.6377 14.6957
internal_count=4886 1717 3169 844
is_linear=0
shrinkage=0.03


Tree=90
num_leaves=5
num_cat=0
split_feature=3 2 1 1
split_gain=1.62712 1.54101 1.37068 1.32882
threshold=-0.027573241181914527 -0.17945766579336123 0.017321324693818644 0.03615790480122006
decision_type=2 2 2 2
left_child=-1 2 -2 -3
right_child=1 3 -4 -5
leaf_value=0.0092452650683709694 0.0071881382565619047 -0.010848863258708799 -0.0056723951764548024 0.0040103705084164921
leaf_weight=6.7377140822354695 11.730221709236504 9.3197808837285248 2.6055558987427494 1.6483658239012573
leaf_count=346 1018 2527 736 259
internal_value=0.00182099 -0.00221469 0.00348031 -0.00776814
internal_weight=32.0416 25.3039 14.3358 10.9681
internal_count=4886 4540 1754 2786
is_linear=0
shrinkage=0.03


Tree=91
num_leaves=5
num_cat=0
split_feature=3 3 5 2
split_gain=1.58629 1.51784 1.19922 0.263743
threshold=-0.027573241181914527 0.031408434290622338 -0.42731378533209619 -1.2588419682777054
decision_type=2 2 2 2
left_child=3 2 -2 -1
right_child=1 -3 -4 -5
leaf_value=-0.00048104319186268433 0.0039935348433821965 0.0065024991742174219 -0.0080628686276710531 0.010278382544968382
leaf_weight=1.3738552350550888 3.3132747362833532 4.2533021809067568 17.696161187253892 5.4052857151255003
leaf_count=60 368 310 3862 286
internal_value=0.00179366 -0.00219669 -0.00548683 0.00911072
internal_weight=32.0419 25.2627 21.0094 6.77914
internal_count=4886 4540 4230 346
is_linear=0
shrinkage=0.03


Tree=92
num_leaves=5
num_cat=0
split_feature=1 2 4 4
split_gain=1.54772 1.40096 1.25944 0.980495
threshold=0.00097495098605693286 1.0000000180025095e-35 0.023465314822472164 -0.023090007612399262
decision_type=2 2 2 2
left_child=1 -1 3 -2
right_child=2 -3 -4 -5
leaf_value=0.010580424253020554 0.0027113835781344651 -0.0038519600638323177 0.0053225302482583954 -0.0091701202693125396
leaf_weight=10.616556679364296 3.5445385982748148 2.6393319247290483 3.3366752539295694 11.849500012467614
leaf_count=500 279 552 343 3212
internal_value=0.00182898 0.00728614 -0.00322488 -0.00644396
internal_weight=31.9866 13.2559 18.7307 15.394
internal_count=4886 1052 3834 3491
is_linear=0
shrinkage=0.03


Tree=93
num_leaves=5
num_cat=0
split_feature=3 3 6 2
split_gain=1.53218 1.73325 0.624334 0.478129
threshold=-0.012362569606757128 0.031408434290622338 0.34634424980955508 -0.67781826722089555
decision_type=2 2 2 2
left_child=2 3 -1 -2
right_child=1 -3 -4 -5
leaf_value=0.009341958166260116 0.00057911928361951601 0.00636677764868359 -0.0021331807851002692 -0.008846935681578523
leaf_weight=10.251784000894988 4.7618469346780392 4.2890341295860699 1.3797736001433794 11.284216794301754
leaf_count=834 693 310 204 2845
internal_value=0.0018143 -0.00292652 0.00762387 -0.00690128
internal_weight=31.9667 20.3351 11.6316 16.0461
internal_count=4886 3848 1038 3538
is_linear=0
shrinkage=0.03


Tree=94
num_leaves=5
num_cat=0
split_feature=3 2 1 1
split_gain=1.47913 1.441 1.30357 1.30204
threshold=-0.027573241181914527 -0.17945766579336123 0.017321324693818644 0.03615790480122006
decision_type=2 2 2 2
left_child=-1 2 -2 -3
right_child=1 3 -4 -5
leaf_value=0.0088256641897858368 0.0069859911823794679 -0.010615893828168825 -0.0055630223229618525 0.0040353547583685439
leaf_weight=6.8612413732334998 11.802662843721921 9.1069832707289553 2.5529693502467135 1.6397619963390759
leaf_count=346 1018 2527 736 259
internal_value=0.0017974 -0.00209064 0.00338652 -0.00751285
internal_weight=31.9636 25.1024 14.3556 10.7467
internal_count=4886 4540 1754 2786
is_linear=0
shrinkage=0.03


Tree=95
num_leaves=5
num_cat=0
split_feature=1 2 4 4
split_gain=1.44778 1.32317 1.22266 0.931461
threshold=0.00097495098605693286 1.0000000180025095e-35 0.023465314822472164 -0.023090007612399262
decision_type=2 2 2 2
left_child=1 -1 3 -2
right_child=2 -3 -4 -5
leaf_value=0.010213343306860554 0.0026038556385336643 -0.0037856091812856676 0.0052565088765069885 -0.0090062561430092093
leaf_weight=10.733777071814986 3.5772565491497543 2.6088578811613834 3.3549804091453543 11.690103590255601
leaf_count=500 279 552 343 3212
internal_value=0.001769 0.00702701 -0.00313716 -0.00633202
internal_weight=31.965 13.3426 18.6223 15.2674
internal_count=4886 1052 3834 3491
is_linear=0
shrinkage=0.03


Tree=96
num_leaves=5
num_cat=0
split_feature=3 3 6 2
split_gain=1.43859 1.65696 0.597591 0.447258
threshold=-0.012362569606757128 0.031408434290622338 0.34634424980955508 -0.67781826722089555
decision_type=2 2 2 2
left_child=2 3 -1 -2
right_child=1 -3 -4 -5
leaf_value=0.0090415250658497041 0.00051871743925302981 0.0062048447024337225 -0.0021193505353048442 -0.0086642039869425334
leaf_weight=10.352520722313786 4.7784344267565784 4.3290796510409555 1.3732725388836104 11.112225975957697
leaf_count=834 693 310 204 2845
internal_value=0.00175391 -0.00285724 0.00736055 -0.00676904
internal_weight=31.9455 20.2197 11.7258 15.8907
internal_count=4886 3848 1038 3538
is_linear=0
shrinkage=0.03


Tree=97
num_leaves=5
num_cat=0
split_feature=3 3 5 2
split_gain=1.39501 1.36432 1.11894 0.281422
threshold=-0.027573241181914527 0.031408434290622338 -0.42731378533209619 -1.2588419682777054
decision_type=2 2 2 2
left_child=3 2 -2 -1
right_child=1 -3 -4 -5
leaf_value=-0.00063043672801027712 0.0038820240494419856 0.0061407603078342046 -0.0077489287808330913 0.0097705850527092485
leaf_weight=1.4042806616052983 3.3358037191210377 4.3471153648570171 17.316570480819792 5.5391230212990221
leaf_count=60 368 310 3862 286
internal_value=0.00173652 -0.00205152 -0.0052167 0.00853646
internal_weight=31.9429 24.9995 20.6524 6.9434
internal_count=4886 4540 4230 346
is_linear=0
shrinkage=0.03


Tree=98
num_leaves=5
num_cat=0
split_feature=1 2 2 5
split_gain=1.36084 2.07221 1.39154 0.869397
threshold=0.0060546634135980612 1.0000000180025095e-35 0.89460032639735798 0.53968503937007883
decision_type=2 2 2 2
left_child=1 3 -2 -1
right_child=2 -3 -4 -5
leaf_value=0.012263070957312003 -0.0078489589835132913 -0.0057206555465933919 0.0053287100710616951 -0.00096015138723904564
leaf_weight=11.084954679943626 10.549092585220931 3.5780521116685113 2.7316611096030092 3.9482583780772975
leaf_count=594 2684 873 485 250
internal_value=0.00176771 0.00585428 -0.00401386 0.00979394
internal_weight=31.892 18.6113 13.2808 15.0332
internal_count=4886 1717 3169 844
is_linear=0
shrinkage=0.03


Tree=99
num_leaves=5
num_cat=0
split_feature=3 2 1 1
split_gain=1.33025 1.32575 1.278 1.21506
threshold=-0.027573241181914527 -0.17945766579336123 0.03615790480122006 0.017321324693818644
decision_type=2 2 2 2
left_child=-1 3 -3 -2
right_child=1 2 -4 -5
leaf_value=0.0083543433955756939 0.0067015845621278486 -0.01036979537029096 0.0040788977683802246 -0.0054189593094496691
leaf_weight=6.9935111769009408 11.905090028536508 8.8828426641412026 1.6252956222742803 2.4844286439474681
leaf_count=346 1018 2527 259 736
internal_value=0.001736 -0.00198428 -0.0072358 0.00324509
internal_weight=31.8912 24.8977 10.5081 14.3895
internal_count=4886 4540 2786 1754
is_linear=0
shrinkage=0.03


Tree=100
num_leaves=5
num_cat=0
split_feature=3 3 6 5
split_gain=1.30284 1.55713 0.567574 0.458793
threshold=-0.012362569606757128 0.02252852580750259 0.34634424980955508 -0.61384103045788752
decision_type=2 2 2 2
left_child=2 3 -1 -2
right_child=1 -3 -4 -5
leaf_value=0.0086504805875044465 0.0020052380120733388 0.0049082214393686863 -0.0021168526995424554 -0.0084273338948698817
leaf_weight=10.483866709982978 0.59709532035049306 7.2123332619667044 1.3697291808202852 12.229864659835583
leaf_count=834 67 620 204 3161
internal_value=0.00170722 -0.00271667 0.00700696 -0.00727599
internal_weight=31.8929 20.0393 11.8536 12.827
internal_count=4886 3848 1038 3228
is_linear=0
shrinkage=0.03


Tree=101
num_leaves=5
num_cat=0
split_feature=1 2 4 2
split_gain=1.2749 1.20291 1.17931 0.875039
threshold=0.00097495098605693286 1.0000000180025095e-35 0.023465314822472164 0.89460032639735798
decision_type=2 2 2 2
left_child=1 -1 3 -2
right_child=2 -3 -4 -5
leaf_value=0.0096086166853265303 -0.0085287875806562413 -0.0036849208722503249 0.0052294762407833406 0.0028942636304121606
leaf_weight=10.921775924973192 12.337743673590014 2.5623793094418934 3.3588346673641345 2.7063403815263873
leaf_count=500 2953 552 343 538
internal_value=0.00169167 0.00658904 -0.00295317 -0.00613871
internal_weight=31.8871 13.4842 18.4029 15.0441
internal_count=4886 1052 3834 3491
is_linear=0
shrinkage=0.03


Tree=102
num_leaves=5
num_cat=0
split_feature=4 4 6 6
split_gain=1.2598 1.681 0.669901 0.55322
threshold=-0.019431016317443813 0.018466180397235691 -0.14929827903728182 0.14893617021275365
decision_type=2 2 2 2
left_child=2 -2 -1 -3
right_child=1 3 -4 -5
leaf_value=0.0097599303383000113 -0.0079608636464810426 -0.0025464971839563814 -0.0016321880341890966 0.0065715155497015846
leaf_weight=7.1880373575259 10.781356072984638 2.5391995599493375 2.9324795760912838 8.4264130544615892
leaf_count=405 3105 419 277 680
internal_value=0.0016807 -0.00240272 0.00728837 0.0042526
internal_weight=31.8675 21.747 10.1205 10.9656
internal_count=4886 4204 682 1099
is_linear=0
shrinkage=0.03


Tree=103
num_leaves=5
num_cat=0
split_feature=3 3 2 2
split_gain=1.24398 1.25125 1.04648 0.295614
threshold=-0.027573241181914527 0.031408434290622338 -0.67781826722089555 -1.2588419682777054
decision_type=2 2 2 2
left_child=3 2 -2 -1
right_child=1 -3 -4 -5
leaf_value=-0.00076654481559507181 0.0026379884559026697 0.0058589004454924053 -0.0081428540686301985 0.009329128103750535
leaf_weight=1.4300145595334468 6.3664994334103602 4.417308298405259 13.997762500424868 5.6521568787284222
leaf_count=60 831 310 3399 286
internal_value=0.00165999 -0.00194833 -0.00501365 0.00803524
internal_weight=31.8637 24.7816 20.3643 7.08217
internal_count=4886 4540 4230 346
is_linear=0
shrinkage=0.03


Tree=104
num_leaves=5
num_cat=0
split_feature=3 3 6 4
split_gain=1.22127 1.54997 0.782245 0.53833
threshold=-0.0084996198665330223 0.02252852580750259 -1.0000000180025095e-35 -0.010797879284856036
decision_type=2 2 2 2
left_child=2 -2 3 -1
right_child=1 -3 -4 -5
leaf_value=0.010651135794694132 -0.0076927238010337518 0.0046828856836055345 -0.002068993314480478 -0.0014342477631004919
leaf_weight=8.4145476128905994 11.127686806605199 7.2831752714700988 3.5739724719896939 1.4294172264635552
leaf_count=566 2884 620 496 320
internal_value=0.00167503 -0.00287194 0.00647618 0.00905783
internal_weight=31.8288 18.4109 13.4179 9.84396
internal_count=4886 3504 1382 886
is_linear=0
shrinkage=0.03


Tree=105
num_leaves=5
num_cat=0
split_feature=3 3 6 6
split_gain=1.17851 1.51608 0.76081 0.583284
threshold=-0.0084996198665330223 0.031408434290622338 0.34634424980955508 0.58466062239648686
decision_type=2 2 2 2
left_child=2 3 -1 -2
right_child=1 -3 -4 -5
leaf_value=0.0083975559519897068 -0.0091361359580074634 0.0057494142623802352 -0.0028868632137244547 0.0010055109259270369
leaf_weight=11.787885387544522 9.4470852720551211 4.4480332073289892 1.680902809719554 4.4640041523380196
leaf_count=1080 2411 310 302 783
internal_value=0.00165402 -0.00282307 0.00635925 -0.00682225
internal_weight=31.8279 18.3591 13.4688 13.9111
internal_count=4886 3504 1382 3194
is_linear=0
shrinkage=0.03


Tree=106
num_leaves=5
num_cat=0
split_feature=1 2 1 2
split_gain=1.16538 1.84718 1.321 0.839757
threshold=0.0060546634135980612 1.0000000180025095e-35 0.041578266087767497 -1.5998999730012511
decision_type=2 2 2 2
left_child=1 -1 3 -2
right_child=2 -3 -4 -5
leaf_value=0.0090695856375297736 0.0031037562663163692 -0.0055392576520535888 0.0055243769711661693 -0.0095101496130398071
leaf_weight=15.304221081081783 1.0137479584664113 3.4818306149682021 2.2190335026243693 9.8187434151768649
leaf_count=844 172 873 263 2734
internal_value=0.00162597 0.00537828 -0.00376516 -0.00740647
internal_weight=31.8376 18.7861 13.0515 10.8325
internal_count=4886 1717 3169 2906
is_linear=0
shrinkage=0.03


Tree=107
num_leaves=5
num_cat=0
split_feature=3 3 5 2
split_gain=1.14776 1.16773 1.00708 0.304115
threshold=-0.027573241181914527 0.031408434290622338 -0.42731378533209619 -1.2588419682777054
decision_type=2 2 2 2
left_child=3 2 -2 -1
right_child=1 -3 -4 -5
leaf_value=-0.00086049575318086617 0.0036991362118977099 0.0056312812305096766 -0.0073261337795942991 0.0090254230906947602
leaf_weight=1.4484998099505899 3.3712563107255908 4.4778418876230708 16.803070951253176 5.7308604810386923
leaf_count=60 368 310 3862 286
internal_value=0.00159579 -0.00188652 -0.0048684 0.00769099
internal_weight=31.8315 24.6522 20.1743 7.17936
internal_count=4886 4540 4230 346
is_linear=0
shrinkage=0.03


Tree=108
num_leaves=5
num_cat=0
split_feature=3 2 1 1
split_gain=1.10581 1.16758 1.23441 1.09642
threshold=-0.027573241181914527 -0.17945766579336123 0.03615790480122006 0.017321324693818644
decision_type=2 2 2 2
left_child=-1 3 -3 -2
right_child=1 2 -4 -5
leaf_value=0.007587852926662508 0.0063148866861258224 -0.0099899593567738948 0.0041207117940429694 -0.0052096958353127377
leaf_weight=7.2126908649224815 12.031920315581376 8.5457079580519295 1.6101918400963775 2.3852570232702428
leaf_count=346 1018 2527 259 736
internal_value=0.00162219 -0.00181711 -0.00681828 0.00305546
internal_weight=31.7858 24.5731 10.1559 14.4172
internal_count=4886 4540 2786 1754
is_linear=0
shrinkage=0.03


Tree=109
num_leaves=5
num_cat=0
split_feature=3 3 6 4
split_gain=1.08518 1.42656 0.741311 0.501368
threshold=-0.0084996198665330223 0.02252852580750259 -1.0000000180025095e-35 -0.010797879284856036
decision_type=2 2 2 2
left_child=2 -2 3 -1
right_child=1 -3 -4 -5
leaf_value=0.010138057396770544 -0.0074047959727726129 0.0044828349295959816 -0.0021044794414373123 -0.0014202898995785557
leaf_weight=8.5689405699959007 10.880503458669411 7.3399971479084334 3.5756813701009404 1.4226446619722981
leaf_count=566 2884 620 496 320
internal_value=0.0015932 -0.00272439 0.00608725 0.0086051
internal_weight=31.7878 18.2205 13.5673 9.99159
internal_count=4886 3504 1382 886
is_linear=0
shrinkage=0.03


Tree=110
num_leaves=5
num_cat=0
split_feature=1 4 2 2
split_gain=1.06655 1.11029 1.05908 0.831121
threshold=0.00097495098605693286 0.023465314822472164 1.0000000180025095e-35 0.89460032639735798
decision_type=2 2 2 2
left_child=2 3 -1 -2
right_child=1 -3 -4 -5
leaf_value=0.0088278519209310305 -0.0082455518571629 0.0051424113770595871 -0.0035640605479240542 0.0028583233991441906
leaf_weight=11.159802626352759 12.033635545405561 3.3785635377280405 2.5062599378870791 2.7092547799693412
leaf_count=500 2953 343 552 538
internal_value=0.00157148 -0.00272227 0.00600956 -0.00587451
internal_weight=31.7875 18.1215 13.6661 14.7429
internal_count=4886 3834 1052 3491
is_linear=0
shrinkage=0.03


Tree=111
num_leaves=5
num_cat=0
split_feature=3 3 6 6
split_gain=1.05226 1.37754 0.716608 0.564562
threshold=-0.0084996198665330223 0.031408434290622338 -1.0000000180025095e-35 0.58466062239648686
decision_type=2 2 2 2
left_child=2 3 -1 -2
right_child=1 -3 -4 -5
leaf_value=0.0084487135636376453 -0.0088584903447294066 0.0054363495893019051 -0.0020773598907228965 0.00105507609297251
leaf_weight=10.039096887689082 9.2075821021571773 4.5269596329890183 3.5614221976138678 4.4331200470915055
leaf_count=886 2411 310 496 783
internal_value=0.00156062 -0.0026963 0.00598006 -0.0065532
internal_weight=31.7682 18.1677 13.6005 13.6407
internal_count=4886 3504 1382 3194
is_linear=0
shrinkage=0.03


Tree=112
num_leaves=5
num_cat=0
split_feature=3 2 1 1
split_gain=1.02771 1.09577 1.21078 1.03981
threshold=-0.027573241181914527 -0.17945766579336123 0.03615790480122006 0.017321324693818644
decision_type=2 2 2 2
left_child=-1 3 -3 -2
right_child=1 2 -4 -5
leaf_value=0.0072718131749452061 0.0061011804353056798 -0.0098285100148877268 0.004116941566243224 -0.0051177612714131872
leaf_weight=7.3014187142252949 12.107232982409188 8.4072671179892442 1.6104003150248907 2.3422217209590608
leaf_count=346 1018 2527 259 736
internal_value=0.00154211 -0.00178144 -0.00664996 0.00293322
internal_weight=31.7685 24.4671 10.0177 14.4495
internal_count=4886 4540 2786 1754
is_linear=0
shrinkage=0.03


Tree=113
num_leaves=5
num_cat=0
split_feature=1 2 1 5
split_gain=1.00418 1.65744 1.25745 0.840966
threshold=0.0060546634135980612 1.0000000180025095e-35 0.041578266087767497 0.53968503937007883
decision_type=2 2 2 2
left_child=1 3 -2 -1
right_child=2 -3 -4 -5
leaf_value=0.010899501418180368 -0.0071491010575013515 -0.0053653396102804054 0.0054481758147389312 -0.0013242397403990822
leaf_weight=11.493825789773842 10.600937285344115 3.3908860054798415 2.23814010224305 4.0463733789511016
leaf_count=594 2906 873 263 250
internal_value=0.00151357 0.00497128 -0.00352915 0.00844438
internal_weight=31.7702 18.9311 12.8391 15.5402
internal_count=4886 1717 3169 844
is_linear=0
shrinkage=0.03


Tree=114
num_leaves=5
num_cat=0
split_feature=3 3 5 2
split_gain=0.993192 1.05393 0.934952 0.315658
threshold=-0.027573241181914527 0.031408434290622338 -0.42731378533209619 -1.2588419682777054
decision_type=2 2 2 2
left_child=3 2 -2 -1
right_child=1 -3 -4 -5
leaf_value=-0.0010191103399964836 0.0035711222968949005 0.0053261116729539553 -0.0070488790563562748 0.0085109844810516127
leaf_weight=1.4777106582187114 3.3951088450849118 4.5522587290033689 16.474197963019833 5.8647132061887559
leaf_count=60 368 310 3862 286
internal_value=0.00148588 -0.00178001 -0.00464617 0.00711131
internal_weight=31.764 24.4216 19.8693 7.34242
internal_count=4886 4540 4230 346
is_linear=0
shrinkage=0.03


Tree=115
num_leaves=5
num_cat=0
split_feature=3 3 6 4
split_gain=0.961227 1.29777 0.688119 0.462
threshold=-0.0084996198665330223 0.026224563594766027 -1.0000000180025095e-35 -0.010797879284856036
decision_type=2 2 2 2
left_child=2 -2 3 -1
right_child=1 -3 -4 -5
leaf_value=0.009602159800319629 -0.0067306917937864112 0.004727295068433994 -0.002099025875959499 -0.0013985160692009525
leaf_weight=8.7230954301776347 12.005599181051368 6.020469886949285 3.5593045721761909 1.4127352272626001
leaf_count=566 3039 465 496 320
internal_value=0.00150956 -0.00258257 0.00571256 0.00813581
internal_weight=31.7212 18.0261 13.6951 10.1358
internal_count=4886 3504 1382 886
is_linear=0
shrinkage=0.03


Tree=116
num_leaves=5
num_cat=0
split_feature=1 1 2 2
split_gain=0.945596 0.96814 1.70264 0.820655
threshold=1.0000000180025095e-35 0.041578266087767497 -0.67781826722089555 0.20776396824332938
decision_type=2 2 2 2
left_child=-1 2 -2 -3
right_child=1 3 -4 -5
leaf_value=0.0059106725215294711 0.0041908811909918478 -0.0033583904489349141 -0.0095380348390465483 0.0093559130614251067
leaf_weight=12.311674519442024 5.9248147475300419 1.1690695047145703 11.228482265025375 1.0814811259042469
leaf_count=919 772 179 2932 84
internal_value=0.00149358 -0.00236608 -0.00499899 0.00540117
internal_weight=31.7155 19.4038 17.1533 2.25055
internal_count=4886 3967 3704 263
is_linear=0
shrinkage=0.03


Tree=117
num_leaves=5
num_cat=0
split_feature=3 2 1 1
split_gain=0.926338 1.01199 1.17571 0.983175
threshold=-0.027573241181914527 -0.17945766579336123 0.03615790480122006 0.017321324693818644
decision_type=2 2 2 2
left_child=-1 3 -3 -2
right_child=1 2 -4 -5
leaf_value=0.0069053816142836261 0.0058974347550487189 -0.0095910937786650718 0.0041088279165532871 -0.0050133745249111737
leaf_weight=7.4003054897766587 12.175275273155423 8.2070237232837773 1.6116102949017665 2.2937940944684678
leaf_count=346 1018 2527 259 736
internal_value=0.00149646 -0.0016849 -0.00640383 0.00282577
internal_weight=31.688 24.2877 9.81863 14.4691
internal_count=4886 4540 2786 1754
is_linear=0
shrinkage=0.03


Tree=118
num_leaves=5
num_cat=0
split_feature=3 3 6 6
split_gain=0.908613 1.24639 0.662986 0.548035
threshold=-0.0084996198665330223 0.031408434290622338 -1.0000000180025095e-35 0.58466062239648686
decision_type=2 2 2 2
left_child=2 3 -1 -2
right_child=1 -3 -4 -5
leaf_value=0.0079202698550476635 -0.0085503042633607636 0.0051623688367848494 -0.0020912290819129261 0.0011282366765180093
leaf_weight=10.200887191691434 8.9518364238319936 4.5925611450802526 3.5510101547697586 4.3938026374671599
leaf_count=886 2411 310 496 783
internal_value=0.00146764 -0.00252243 0.00554306 -0.00624546
internal_weight=31.6901 17.9382 13.7519 13.3456
internal_count=4886 3504 1382 3194
is_linear=0
shrinkage=0.03


Tree=119
num_leaves=5
num_cat=0
split_feature=1 2 2 1
split_gain=0.888734 1.5406 1.22513 1.61897
threshold=0.0060546634135980612 1.0000000180025095e-35 0.3514163037342547 0.029749776983304225
decision_type=2 2 2 2
left_child=1 -1 -2 -4
right_child=2 -3 3 -5
leaf_value=0.0080217508146566419 -0.0077143518464995332 -0.0052634950350504833 -0.0054963370705607287 0.01048419705676531
leaf_weight=15.689751803874975 8.0601113374577817 3.3370997071033335 2.1459033531136802 2.4576040708925575
leaf_count=844 2182 873 700 287
internal_value=0.00144889 0.00468108 -0.0033301 0.00437224
internal_weight=31.6905 19.0269 12.6636 4.60351
internal_count=4886 1717 3169 987
is_linear=0
shrinkage=0.03


Tree=120
num_leaves=5
num_cat=0
split_feature=3 3 5 2
split_gain=0.880876 0.956885 0.872054 0.323618
threshold=-0.027573241181914527 0.031408434290622338 -0.42731378533209619 -1.2588419682777054
decision_type=2 2 2 2
left_child=3 2 -2 -1
right_child=1 -3 -4 -5
leaf_value=-0.0011453157723512997 0.0034537532413851787 0.0050504756938867237 -0.0067992662667201538 0.0081223398421821271
leaf_weight=1.5009792419150469 3.4193674026755678 4.6209627012722185 16.195592331467196 5.9651580944191691
leaf_count=60 368 310 3862 286
internal_value=0.00140476 -0.00169181 -0.00444923 0.00667017
internal_weight=31.7021 24.2359 19.615 7.46614
internal_count=4886 4540 4230 346
is_linear=0
shrinkage=0.03


Tree=121
num_leaves=5
num_cat=0
split_feature=3 3 6 4
split_gain=0.849847 1.1839 0.637199 0.423758
threshold=-0.0084996198665330223 0.02252852580750259 -1.0000000180025095e-35 -0.010797879284856036
decision_type=2 2 2 2
left_child=2 -2 3 -1
right_child=1 -3 -4 -5
leaf_value=0.0090826713611918356 -0.0068117220591022848 0.0040507492894116459 -0.0020879114077750069 -0.0013714260780119344
leaf_weight=8.8770283195190114 10.383191990200432 7.4576771983411154 3.5429676892235902 1.4010164305800561
leaf_count=566 2884 620 496 320
internal_value=0.00142609 -0.00244705 0.00535417 0.00768408
internal_weight=31.6619 17.8409 13.821 10.278
internal_count=4886 3504 1382 886
is_linear=0
shrinkage=0.03


Tree=122
num_leaves=5
num_cat=0
split_feature=1 1 2 2
split_gain=0.837377 0.933608 1.61956 0.802382
threshold=1.0000000180025095e-35 0.041578266087767497 -0.67781826722089555 0.20776396824332938
decision_type=2 2 2 2
left_child=-1 2 -2 -3
right_child=1 3 -4 -5
leaf_value=0.0055389508513928 0.0040743184002470382 -0.003328736232795088 -0.0093328132531644674 0.0092392101182467365
leaf_weight=12.423657973413357 5.9506598631851437 1.1570366485975676 11.023163384757934 1.1078662120271472
leaf_count=919 772 179 2932 84
internal_value=0.00140355 -0.00224798 -0.00486461 0.00533955
internal_weight=31.6624 19.2387 16.9738 2.2649
internal_count=4886 3967 3704 263
is_linear=0
shrinkage=0.03


Tree=123
num_leaves=5
num_cat=0
split_feature=3 2 1 1
split_gain=0.830161 1.11903 1.37161 1.15379
threshold=-0.03694042042292852 -0.17945766579336123 0.029749776983304225 0.015749617269967823
decision_type=2 2 2 2
left_child=-1 3 -3 -2
right_child=1 2 -4 -5
leaf_value=0.0073057174107061173 0.0063520384014684366 -0.010031989965982684 0.0040543356318822688 -0.0052703369114866071
leaf_weight=4.4341616081073907 13.554244530852893 8.1461090735392592 2.86144225380849 2.6391409663483492
leaf_count=173 1028 2359 524 802
internal_value=0.0014065 -0.00126051 -0.00618335 0.00316893
internal_weight=31.6351 27.2009 11.0076 16.1934
internal_count=4886 4713 2883 1830
is_linear=0
shrinkage=0.03


Tree=124
num_leaves=5
num_cat=0
split_feature=3 2 1 1
split_gain=0.816833 1.0773 1.34815 1.12628
threshold=-0.03694042042292852 -0.17945766579336123 0.029749776983304225 0.015749617269967823
decision_type=2 2 2 2
left_child=-1 3 -3 -2
right_child=1 2 -4 -5
leaf_value=0.0072286797472040061 0.0062277211585053246 -0.0099373763697374017 0.004024016957323997 -0.0052427516272069092
leaf_weight=4.4532577847130623 13.608852228848273 8.0732722412794775 2.8717006709193802 2.6262468404602251
leaf_count=173 1028 2359 524 802
internal_value=0.00138125 -0.00126336 -0.00610194 0.0030811
internal_weight=31.6333 27.1801 10.945 16.2351
internal_count=4886 4713 2883 1830
is_linear=0
shrinkage=0.03


Tree=125
num_leaves=5
num_cat=0
split_feature=3 3 6 6
split_gain=0.805262 1.12423 0.606396 0.524873
threshold=-0.0084996198665330223 0.031408434290622338 -1.0000000180025095e-35 0.58466062239648686
decision_type=2 2 2 2
left_child=2 3 -1 -2
right_child=1 -3 -4 -5
leaf_value=0.0074437583842850395 -0.0082727919192925759 0.0048553008503535149 -0.002064224998309161 0.0011548615969580855
leaf_weight=10.345531211583873 8.7222587986616436 4.6671930158045134 3.5258124455576789 4.3709323561051852
leaf_count=886 2411 310 496 783
internal_value=0.00135598 -0.00241622 0.00517469 -0.0059883
internal_weight=31.6317 17.7604 13.8713 13.0932
internal_count=4886 3504 1382 3194
is_linear=0
shrinkage=0.03


Tree=126
num_leaves=5
num_cat=0
split_feature=3 2 1 1
split_gain=0.794637 1.03054 1.32017 1.09287
threshold=-0.03694042042292852 -0.17945766579336123 0.029749776983304225 0.015749617269967823
decision_type=2 2 2 2
left_child=-1 3 -3 -2
right_child=1 2 -4 -5
leaf_value=0.0070982780120161688 0.0060814878818099315 -0.0098284142640936989 0.0039848183593406972 -0.0052051998841364105
leaf_weight=4.4847406866028932 13.667454603710221 7.9870901770191214 2.8842877050628886 2.6082576798507935
leaf_count=173 1028 2359 524 802
internal_value=0.0013374 -0.00126896 -0.00601029 0.00298012
internal_weight=31.6318 27.1471 10.8714 16.2757
internal_count=4886 4713 2883 1830
is_linear=0
shrinkage=0.03


Tree=127
num_leaves=5
num_cat=0
split_feature=3 2 1 1
split_gain=0.781978 0.992053 1.29758 1.06705
threshold=-0.03694042042292852 -0.17945766579336123 0.029749776983304225 0.015749617269967823
decision_type=2 2 2 2
left_child=-1 3 -3 -2
right_child=1 2 -4 -5
leaf_value=0.0070231976215553767 0.0059627364294035888 -0.0097359913927951066 0.0039548953253223775 -0.0051781461858229887
leaf_weight=4.5033255647867945 13.719815857242802 7.9170152134611218 2.8944342001341283 2.5956642556702709
leaf_count=173 1028 2359 524 802
internal_value=0.00131224 -0.00127215 -0.00593153 0.00289612
internal_weight=31.6303 27.1269 10.8114 16.3155
internal_count=4886 4713 2883 1830
is_linear=0
shrinkage=0.03


Tree=128
num_leaves=5
num_cat=0
split_feature=3 2 1 1
split_gain=0.76956 0.954962 1.27537 1.04195
threshold=-0.03694042042292852 -0.17945766579336123 0.029749776983304225 0.015749617269967823
decision_type=2 2 2 2
left_child=-1 3 -3 -2
right_child=1 2 -4 -5
leaf_value=0.0069488251318099185 0.0058464053569750917 -0.0096445627094699712 0.0039251411777857037 -0.0051513111333332182
leaf_weight=4.5217280974611667 13.771218996727848 7.8481472440180315 2.9045350853120908 2.583192173507995
leaf_count=173 1028 2359 524 802
internal_value=0.00128708 -0.00127548 -0.00585396 0.00281381
internal_weight=31.6288 27.1071 10.7527 16.3544
internal_count=4886 4713 2883 1830
is_linear=0
shrinkage=0.03


Tree=129
num_leaves=5
num_cat=0
split_feature=3 3 6 6
split_gain=0.758649 1.07252 0.573437 0.49712
threshold=-0.0084996198665330223 0.031408434290622338 -1.0000000180025095e-35 0.58466062239648686
decision_type=2 2 2 2
left_child=2 3 -1 -2
right_child=1 -3 -4 -5
leaf_value=0.0071684835035292294 -0.0081285029129658948 0.0047053290067957118 -0.0020426977238463102 0.001091040504957044
leaf_weight=10.430949454545042 8.6008251059101912 4.7001210532616815 3.5091702009085592 4.386453866842202
leaf_count=886 2411 310 496 783
internal_value=0.00126195 -0.00239574 0.00496505 -0.00589459
internal_weight=31.6275 17.6874 13.9401 12.9873
internal_count=4886 3504 1382 3194
is_linear=0
shrinkage=0.03


Tree=130
num_leaves=5
num_cat=0
split_feature=3 2 1 1
split_gain=0.748777 0.913335 1.24891 1.01141
threshold=-0.03694042042292852 -0.17945766579336123 0.029749776983304225 0.015749617269967823
decision_type=2 2 2 2
left_child=-1 3 -3 -2
right_child=1 2 -4 -5
leaf_value=0.0068229521373203194 0.0057093996904128298 -0.009539025232035675 0.0038868958179099334 -0.0051147434818574668
leaf_weight=4.5520121892914203 13.825979239540183 7.7664872272871381 2.916835461743176 2.5657766124932087
leaf_count=173 1028 2359 524 802
internal_value=0.00124391 -0.00128138 -0.00576641 0.00271908
internal_weight=31.6271 27.0751 10.6833 16.3918
internal_count=4886 4713 2883 1830
is_linear=0
shrinkage=0.03


Tree=131
num_leaves=5
num_cat=0
split_feature=1 1 2 2
split_gain=0.740809 0.890778 1.44904 0.788505
threshold=1.0000000180025095e-35 0.041578266087767497 -0.67781826722089555 0.20776396824332938
decision_type=2 2 2 2
left_child=-1 2 -2 -3
right_child=1 3 -4 -5
leaf_value=0.0051048226088930768 0.0037011413026682258 -0.0033371950697298285 -0.0090442465581638074 0.0090687472149592243
leaf_weight=12.520412423880773 6.0652815862558844 1.1577366379788139 10.735414888418743 1.1469356541056184
leaf_count=919 772 179 2932 84
internal_value=0.00121895 -0.00220657 -0.00477884 0.00518935
internal_weight=31.6258 19.1054 16.8007 2.30467
internal_count=4886 3967 3704 263
is_linear=0
shrinkage=0.03


Tree=132
num_leaves=5
num_cat=0
split_feature=3 2 1 1
split_gain=0.731331 0.861556 1.22847 0.978408
threshold=-0.03694042042292852 -0.17945766579336123 0.029749776983304225 0.015749617269967823
decision_type=2 2 2 2
left_child=-1 3 -3 -2
right_child=1 2 -4 -5
leaf_value=0.0067304114184647303 0.0055539356281596678 -0.0094150412161280363 0.0038850415935128232 -0.0050778070533792179
leaf_weight=4.5724246129393604 13.889586130506368 7.6711141908308438 2.9167038255836815 2.5484512756811446
leaf_count=173 1028 2359 524 802
internal_value=0.00122237 -0.00127559 -0.00564374 0.00260846
internal_weight=31.5983 27.0259 10.5878 16.438
internal_count=4886 4713 2883 1830
is_linear=0
shrinkage=0.03


Tree=133
num_leaves=5
num_cat=0
split_feature=3 2 1 1
split_gain=0.71984 0.829176 1.20748 0.955967
threshold=-0.03694042042292852 -0.17945766579336123 0.029749776983304225 0.017321324693818644
decision_type=2 2 2 2
left_child=-1 3 -3 -2
right_child=1 2 -4 -5
leaf_value=0.0066588752505850803 0.0054034808758533772 -0.009327077876644543 0.0038557002758432359 -0.0051354507356023826
leaf_weight=4.5900626778602627 14.133555073174657 7.6064465209492429 2.9266807108651847 2.3404056187719098
leaf_count=173 1078 2359 524 752
internal_value=0.00119743 -0.00127931 -0.00557028 0.00253198
internal_weight=31.5972 27.0071 10.5331 16.474
internal_count=4886 4713 2883 1830
is_linear=0
shrinkage=0.03


Tree=134
num_leaves=5
num_cat=0
split_feature=3 3 6 6
split_gain=0.712591 1.01446 0.542027 0.467835
threshold=-0.0084996198665330223 0.031408434290622338 0.34634424980955508 0.58466062239648686
decision_type=2 2 2 2
left_child=2 3 -1 -2
right_child=1 -3 -4 -5
leaf_value=0.0064988374044294512 -0.0079640787051679356 0.0045345715274328624 -0.0027074438135957705 0.0010260727713544491
leaf_weight=12.400401318154765 8.4632111068349349 4.7365844389423719 1.5968514180858608 4.4003586292965329
leaf_count=1080 2411 310 302 783
internal_value=0.00117162 -0.00237109 0.00475799 -0.00578504
internal_weight=31.5974 17.6002 13.9973 12.8636
internal_count=4886 3504 1382 3194
is_linear=0
shrinkage=0.03


Tree=135
num_leaves=5
num_cat=0
split_feature=3 2 1 1
split_gain=0.700609 0.792424 1.18267 0.928801
threshold=-0.03694042042292852 -0.17945766579336123 0.029749776983304225 0.015749617269967823
decision_type=2 2 2 2
left_child=-1 3 -3 -2
right_child=1 2 -4 -5
leaf_value=0.0065297902816063378 0.0053151383236552992 -0.0092291814200869318 0.0038164652570180637 -0.0050215210891820933
leaf_weight=4.6210903688333955 13.989522070973189 7.5320445746765419 2.9393789798486978 2.5219354135915628
leaf_count=173 1028 2359 524 802
internal_value=0.00114598 -0.00129236 -0.00549174 0.00243776
internal_weight=31.604 26.9829 10.4714 16.5115
internal_count=4886 4713 2883 1830
is_linear=0
shrinkage=0.03


Tree=136
num_leaves=5
num_cat=0
split_feature=3 2 1 1
split_gain=0.689657 0.76258 1.16247 0.907864
threshold=-0.03694042042292852 -0.17945766579336123 0.029749776983304225 0.017321324693818644
decision_type=2 2 2 2
left_child=-1 3 -3 -2
right_child=1 2 -4 -5
leaf_value=0.0064601944735465299 0.0051711258603209737 -0.0091432264414878246 0.0037875260790386461 -0.0050781803906556995
leaf_weight=4.63821797911078 14.231722002965407 7.4697216094355046 2.9492401983588934 2.3138860717881462
leaf_count=173 1078 2359 524 752
internal_value=0.00112144 -0.00129613 -0.00542065 0.00236473
internal_weight=31.6028 26.9646 10.419 16.5456
internal_count=4886 4713 2883 1830
is_linear=0
shrinkage=0.03


Tree=137
num_leaves=5
num_cat=0
split_feature=3 2 1 1
split_gain=0.679099 0.733526 1.14262 0.887691
threshold=-0.03694042042292852 -0.17945766579336123 0.029749776983304225 0.015749617269967823
decision_type=2 2 2 2
left_child=-1 3 -3 -2
right_child=1 2 -4 -5
leaf_value=0.0063912715462824243 0.005111779152520252 -0.0090581987064992913 0.003758755419165637 -0.004974270086908328
leaf_weight=4.6551709407940534 14.080156390904458 7.4084407270420289 2.9590548360720277 2.5001208205940193
leaf_count=173 1028 2359 524 802
internal_value=0.00109606 -0.00130091 -0.00535064 0.00229168
internal_weight=31.6029 26.9478 10.3675 16.5803
internal_count=4886 4713 2883 1830
is_linear=0
shrinkage=0.03


Tree=138
num_leaves=5
num_cat=0
split_feature=1 1 2 2
split_gain=0.670684 0.856499 1.3258 0.777207
threshold=1.0000000180025095e-35 0.041578266087767497 -0.67781826722089555 0.20776396824332938
decision_type=2 2 2 2
left_child=-1 2 -2 -3
right_child=1 3 -4 -5
leaf_value=0.0047687315002262467 0.0034239703707974003 -0.0033449279663319989 -0.0088193872417297575 0.0089278242475270327
leaf_weight=12.5955957910046 6.1511880962643835 1.1586736690951505 10.517210481106302 1.1792429424822328
leaf_count=919 772 179 2932 84
internal_value=0.00107172 -0.00217769 -0.0047115 0.00506417
internal_weight=31.6019 19.0063 16.6684 2.33792
internal_count=4886 3967 3704 263
is_linear=0
shrinkage=0.03


Tree=139
num_leaves=5
num_cat=0
split_feature=3 3 6 6
split_gain=0.666949 0.96054 0.519052 0.440624
threshold=-0.0084996198665330223 0.031408434290622338 -1.0000000180025095e-35 0.58466062239648686
decision_type=2 2 2 2
left_child=2 3 -1 -2
right_child=1 -3 -4 -5
leaf_value=0.0066436920432881548 -0.0078053215160298409 0.0043727220839803634 -0.0020314851794967577 0.00096474294784230246
leaf_weight=10.576514278305693 8.332237643713599 4.7705633263103655 3.4817467891844016 4.4131705168401814
leaf_count=886 2411 310 496 783
internal_value=0.00107566 -0.0023476 0.00454381 -0.00567956
internal_weight=31.5742 17.516 14.0583 12.7454
internal_count=4886 3504 1382 3194
is_linear=0
shrinkage=0.03


Tree=140
num_leaves=5
num_cat=0
split_feature=3 2 1 1
split_gain=0.655889 0.686352 1.11977 0.854863
threshold=-0.03694042042292852 -0.17945766579336123 0.029749776983304225 0.017321324693818644
decision_type=2 2 2 2
left_child=-1 3 -3 -2
right_child=1 2 -4 -5
leaf_value=0.0062562693848968818 0.0049135906029543876 -0.0089257361677805153 0.0037489247760464448 -0.0050104917508409846
leaf_weight=4.6849677460268166 14.336096376762734 7.3082660860964044 2.9609092861646786 2.282596618984825
leaf_count=173 1078 2359 524 752
internal_value=0.00105861 -0.00129755 -0.00522466 0.00218026
internal_weight=31.5728 26.8879 10.2692 16.6187
internal_count=4886 4713 2883 1830
is_linear=0
shrinkage=0.03


Tree=141
num_leaves=5
num_cat=0
split_feature=3 3 5 2
split_gain=0.645908 0.665416 1.13248 0.202785
threshold=-0.03694042042292852 0.031408434290622338 -0.31533042854178711 -1.2588419682777054
decision_type=2 2 2 2
left_child=3 2 -2 -1
right_child=1 -3 -4 -5
leaf_value=-0.00089255174244953501 0.003581148327638639 0.004298790953849079 -0.006889048314716986 0.0073152026158136655
leaf_weight=0.92908174730837334 7.0314897291828027 4.7880428931675842 15.05213516327785 3.7722821258939829
leaf_count=27 744 310 3659 146
internal_value=0.0010336 -0.00130242 -0.00347819 0.00618938
internal_weight=31.573 26.8717 22.0836 4.70136
internal_count=4886 4713 4403 173
is_linear=0
shrinkage=0.03


Tree=142
num_leaves=5
num_cat=0
split_feature=3 2 1 1
split_gain=0.627212 0.658951 1.09899 0.834035
threshold=-0.03694042042292852 -0.17945766579336123 0.029749776983304225 0.017321324693818644
decision_type=2 2 2 2
left_child=-1 3 -3 -2
right_child=1 2 -4 -5
leaf_value=0.0061279010867476506 0.0048402403644965519 -0.0088110823891253357 0.0037347479444195227 -0.0049640036413458044
leaf_weight=4.7175152269192067 14.362190056592235 7.2249123969231679 2.9652529997983947 2.2614274384686714
leaf_count=173 1078 2359 524 752
internal_value=0.00105685 -0.00125755 -0.00511874 0.00214295
internal_weight=31.5313 26.8138 10.1902 16.6236
internal_count=4886 4713 2883 1830
is_linear=0
shrinkage=0.03


Tree=143
num_leaves=5
num_cat=0
split_feature=3 5 3 2
split_gain=0.617763 0.64685 1.04762 0.200815
threshold=-0.03694042042292852 -0.50287100580793453 0.031408434290622338 -1.2588419682777054
decision_type=2 2 2 2
left_child=3 -2 -3 -1
right_child=1 2 -4 -5
leaf_value=-0.00090575726641312559 0.0045642802610270155 -0.0060424848925512923 0.004225823309313541 0.0071884788705846919
leaf_weight=0.93101318180561055 3.642297243117361 18.350892808055505 4.805238749831914 3.8025846616365042
leaf_count=27 272 4131 310 146
internal_value=0.0010315 -0.00126305 -0.0032798 0.00606225
internal_weight=31.532 26.7984 23.1561 4.7336
internal_count=4886 4713 4441 173
is_linear=0
shrinkage=0.03


Tree=144
num_leaves=5
num_cat=0
split_feature=3 3 6 6
split_gain=0.605324 0.879865 0.495377 0.434699
threshold=-0.0084996198665330223 0.031408434290622338 -1.0000000180025095e-35 0.58466062239648686
decision_type=2 2 2 2
left_child=2 3 -1 -2
right_child=1 -3 -4 -5
leaf_value=0.0064081088564399979 -0.0075780762049689745 0.0041812150834945995 -0.0020260699786294779 0.0010413468237316047
leaf_weight=10.643840802717021 8.1673310420010257 4.8173132976517072 3.4701963324332636 4.3810088323662049
leaf_count=886 2411 310 496 783
internal_value=0.00106686 -0.0022197 0.00435416 -0.00544154
internal_weight=31.4797 17.3657 14.114 12.5483
internal_count=4886 3504 1382 3194
is_linear=0
shrinkage=0.03


Tree=145
num_leaves=5
num_cat=0
split_feature=1 1 2 2
split_gain=0.599845 0.818915 1.25293 0.764522
threshold=1.0000000180025095e-35 0.041578266087767497 -0.67781826722089555 0.20776396824332938
decision_type=2 2 2 2
left_child=-1 2 -2 -3
right_child=1 3 -4 -5
leaf_value=0.0045296178315465951 0.0033252144795402868 -0.0033330088994625666 -0.008591600020780658 0.0088221361406197324
leaf_weight=12.644415235961789 6.1714369864203098 1.1524772577686229 10.308195562101899 1.2024346862453965
leaf_count=919 772 179 2932 84
internal_value=0.00104926 -0.00204783 -0.00455846 0.00499057
internal_weight=31.479 18.8345 16.4796 2.35491
internal_count=4886 3967 3704 263
is_linear=0
shrinkage=0.03


Tree=146
num_leaves=5
num_cat=0
split_feature=3 5 3 2
split_gain=0.585925 0.619548 1.0214 0.20088
threshold=-0.03694042042292852 -0.50287100580793453 0.013172482212923048 -1.2588419682777054
decision_type=2 2 2 2
left_child=3 -2 -3 -1
right_child=1 2 -4 -5
leaf_value=-0.00092870453707747595 0.0044856336333487521 -0.0070936172470621494 0.0025403096091688834 0.0070732163508655972
leaf_weight=0.93430572748184193 3.6582490818109425 12.275804297474677 10.756650796043685 3.8274591146037009
leaf_count=27 272 3201 1240 146
internal_value=0.00105248 -0.00119981 -0.0031874 0.00593763
internal_weight=31.4525 26.6907 23.0325 4.76176
internal_count=4886 4713 4441 173
is_linear=0
shrinkage=0.03


Tree=147
num_leaves=5
num_cat=0
split_feature=3 3 6 6
split_gain=0.579877 0.842066 0.480616 0.422086
threshold=-0.0084996198665330223 0.031408434290622338 -1.0000000180025095e-35 0.58466062239648686
decision_type=2 2 2 2
left_child=2 3 -1 -2
right_child=1 -3 -4 -5
leaf_value=0.0062965697662564716 -0.0074471191970011891 0.0040852579176231616 -0.0020053522287151681 0.0010373600857290248
leaf_weight=10.672476538922636 8.0729550577816571 4.8410669784061602 3.4581431960104991 4.3787171349395058
leaf_count=886 2411 310 496 783
internal_value=0.00106538 -0.00216343 0.00427579 -0.00533036
internal_weight=31.4234 17.2927 14.1306 12.4517
internal_count=4886 3504 1382 3194
is_linear=0
shrinkage=0.03


Tree=148
num_leaves=5
num_cat=0
split_feature=3 2 1 1
split_gain=0.564076 0.607275 1.07224 0.793149
threshold=-0.03694042042292852 -0.17945766579336123 0.029749776983304225 0.017321324693818644
decision_type=2 2 2 2
left_child=-1 3 -3 -2
right_child=1 2 -4 -5
leaf_value=0.0058320906974833556 0.0047043662037033898 -0.0086042874166838788 0.0037570842546520511 -0.004864328877157602
leaf_weight=4.7877075774595168 14.395360688562514 7.0696989669231645 2.9547284174477682 2.2155679392162702
leaf_count=173 1078 2359 524 752
internal_value=0.00104741 -0.00116981 -0.00490404 0.00207975
internal_weight=31.4231 26.6354 10.0244 16.6109
internal_count=4886 4713 2883 1830
is_linear=0
shrinkage=0.03


Tree=149
num_leaves=5
num_cat=0
split_feature=3 5 3 2
split_gain=0.555758 0.598559 0.979501 0.199968
threshold=-0.03694042042292852 -0.50287100580793453 0.013172482212923048 -1.2588419682777054
decision_type=2 2 2 2
left_child=3 -2 -3 -1
right_child=1 2 -4 -5
leaf_value=-0.00095555932991191932 0.0044051253349093843 -0.0069757533895105726 0.0024702713490549789 0.0069136192497644628
leaf_weight=0.93815499916672696 3.6747862165793839 12.169473286543505 10.777271716098765 3.8648510021157589
leaf_count=27 272 3201 1240 146
internal_value=0.00102162 -0.00117647 -0.00313607 0.00576939
internal_weight=31.4245 26.6215 22.9467 4.80301
internal_count=4886 4713 4441 173
is_linear=0
shrinkage=0.03


Tree=150
num_leaves=5
num_cat=0
split_feature=3 3 6 6
split_gain=0.553052 0.807822 0.464333 0.408493
threshold=-0.0084996198665330223 0.031408434290622338 0.34634424980955508 0.58466062239648686
decision_type=2 2 2 2
left_child=2 3 -1 -2
right_child=1 -3 -4 -5
leaf_value=0.0057895114164021166 -0.0073286352414204071 0.0039887910801750248 -0.002618354302267552 0.001021141606389568
leaf_weight=12.608915782591795 7.9866370320669393 4.8645198235753915 1.5553345282678481 4.3808134445571341
leaf_count=1080 2411 310 302 783
internal_value=0.00103385 -0.00212402 0.00416477 -0.00523675
internal_weight=31.3962 17.232 14.1643 12.3675
internal_count=4886 3504 1382 3194
is_linear=0
shrinkage=0.03


Tree=151
num_leaves=5
num_cat=0
split_feature=1 1 2 2
split_gain=0.539234 0.789385 1.19294 0.752443
threshold=1.0000000180025095e-35 0.041578266087767497 -0.67781826722089555 0.20776396824332938
decision_type=2 2 2 2
left_child=-1 2 -2 -3
right_child=1 3 -4 -5
leaf_value=0.0042958131369875687 0.003238670393071943 -0.0033176088760397925 -0.0084023006019970491 0.0087306596323232961
leaf_weight=12.705497101997027 6.1901242120657178 1.1453567126300179 10.139328781573566 1.2223413081374017
leaf_count=919 772 179 2932 84
internal_value=0.0010086 -0.00194374 -0.00443542 0.00493241
internal_weight=31.4026 18.6972 16.3295 2.3677
internal_count=4886 3967 3704 263
is_linear=0
shrinkage=0.03


Tree=152
num_leaves=5
num_cat=0
split_feature=3 5 3 4
split_gain=0.530811 0.57614 0.938867 0.207901
threshold=-0.03694042042292852 -0.50287100580793453 0.013172482212923048 -0.037153855111648419
decision_type=2 2 2 2
left_child=3 -2 -3 -1
right_child=1 2 -4 -5
leaf_value=-0.00047529523643099016 0.0043225767007748226 -0.0068497627136316916 0.0024082531414575024 0.0073210638126116551
leaf_weight=2.583810071926564 3.6916687800549033 12.05822873621946 10.795295316027476 2.2478608270175782
leaf_count=85 272 3201 1240 88
internal_value=0.00101159 -0.00114461 -0.00307466 0.00564241
internal_weight=31.3769 26.5452 22.8535 4.83167
internal_count=4886 4713 4441 173
is_linear=0
shrinkage=0.03


Tree=153
num_leaves=5
num_cat=0
split_feature=3 3 6 6
split_gain=0.529976 0.773258 0.455725 0.396685
threshold=-0.0084996198665330223 0.031408434290622338 -1.0000000180025095e-35 0.58466062239648686
decision_type=2 2 2 2
left_child=2 3 -1 -2
right_child=1 -3 -4 -5
leaf_value=0.0060584608039858049 -0.0072027484150468191 0.0038973735120792345 -0.0019908776154612096 0.0010169149591115255
leaf_weight=10.738255033444146 7.8975663400487992 4.8869629777036598 3.4428214057115865 4.3786858930252492
leaf_count=886 2411 310 496 783
internal_value=0.00103059 -0.00207154 0.0040891 -0.00513057
internal_weight=31.3443 17.1632 14.1811 12.2763
internal_count=4886 3504 1382 3194
is_linear=0
shrinkage=0.03


Tree=154
num_leaves=5
num_cat=0
split_feature=3 5 3 4
split_gain=0.514313 0.558736 0.911158 0.208689
threshold=-0.03694042042292852 -0.50287100580793453 0.013172482212923048 -0.037153855111648419
decision_type=2 2 2 2
left_child=3 -2 -3 -1
right_child=1 2 -4 -5
leaf_value=-0.00049806670460890131 0.0042590352328006386 -0.0067549475135694455 0.0023705468731609193 0.0072488909488209793
leaf_weight=2.5878620161674917 3.7057287644129309 11.979582988016771 10.807877018873112 2.2634149277582791
leaf_count=85 272 3201 1240 88
internal_value=0.00101234 -0.00111724 -0.00302387 0.0055636
internal_weight=31.3445 26.4932 22.7875 4.85128
internal_count=4886 4713 4441 173
is_linear=0
shrinkage=0.03


Tree=155
num_leaves=5
num_cat=0
split_feature=3 3 6 6
split_gain=0.511362 0.747321 0.443092 0.387893
threshold=-0.0084996198665330223 0.031408434290622338 0.34634424980955508 0.58466062239648686
decision_type=2 2 2 2
left_child=2 3 -1 -2
right_child=1 -3 -4 -5
leaf_value=0.0056164482988332034 -0.0071023356109364468 0.0038309324087522694 -0.00257966780445121 0.0010159411069514358
leaf_weight=12.660736325313339 7.8296025196905266 4.9048421520274124 1.5400661235908035 4.3775040680775419
leaf_count=1080 2411 310 302 783
internal_value=0.00103062 -0.00202588 0.00402893 -0.00504456
internal_weight=31.3128 17.1119 14.2008 12.2071
internal_count=4886 3504 1382 3194
is_linear=0
shrinkage=0.03


Tree=156
num_leaves=5
num_cat=0
split_feature=3 2 1 1
split_gain=0.498293 0.548403 1.04272 0.742114
threshold=-0.03694042042292852 -0.17945766579336123 0.029749776983304225 0.017321324693818644
decision_type=2 2 2 2
left_child=-1 3 -3 -2
right_child=1 2 -4 -5
leaf_value=0.0054785795026085033 0.0045171374916927109 -0.0083785196855875373 0.0037795722813194765 -0.0047438051095971771
leaf_weight=4.8724671457894173 14.442981317406529 6.900514047767496 2.9434069648850709 2.1603815574198952
leaf_count=173 1078 2359 524 752
internal_value=0.00100497 -0.00109624 -0.00467049 0.00198192
internal_weight=31.3198 26.4473 9.84392 16.6034
internal_count=4886 4713 2883 1830
is_linear=0
shrinkage=0.03


Tree=157
num_leaves=5
num_cat=0
split_feature=3 5 3 4
split_gain=0.491101 0.539485 0.874507 0.214068
threshold=-0.03694042042292852 -0.50287100580793453 0.013172482212923048 -0.037153855111648419
decision_type=2 2 2 2
left_child=3 -2 -3 -1
right_child=1 2 -4 -5
leaf_value=-0.00055757499951848168 0.0041753594221773053 -0.0066480468695405935 0.0023035599994238676 0.0071374183085115171
leaf_weight=2.5990672539919615 3.7229642284801292 11.884546300978398 10.827236754470503 2.2877638223581043
leaf_count=85 272 3201 1240 88
internal_value=0.000979236 -0.00110374 -0.00298097 0.00541942
internal_weight=31.3216 26.4347 22.7118 4.88683
internal_count=4886 4713 4441 173
is_linear=0
shrinkage=0.03


Tree=158
num_leaves=5
num_cat=0
split_feature=3 3 6 6
split_gain=0.487922 0.717006 0.432976 0.37543
threshold=-0.0084996198665330223 0.031408434290622338 -1.0000000180025095e-35 0.58466062239648686
decision_type=2 2 2 2
left_child=2 3 -1 -2
right_child=1 -3 -4 -5
leaf_value=0.0058427752395471171 -0.0069905641643873973 0.0037396058755909934 -0.0019733264250546977 0.00099955916587385753
leaf_weight=10.804285524238365 7.7501384521019663 4.9268056696746489 3.4296167579013881 4.37974842969561
leaf_count=886 2411 310 496 783
internal_value=0.000996935 -0.00199173 0.00392235 -0.00495755
internal_weight=31.2906 17.0567 14.2339 12.1299
internal_count=4886 3504 1382 3194
is_linear=0
shrinkage=0.03


Tree=159
num_leaves=5
num_cat=0
split_feature=3 5 3 4
split_gain=0.475929 0.523265 0.848763 0.214506
threshold=-0.03694042042292852 -0.50287100580793453 0.013172482212923048 -0.037153855111648419
decision_type=2 2 2 2
left_child=3 -2 -3 -1
right_child=1 2 -4 -5
leaf_value=-0.00057897357770103121 0.0041137559900096968 -0.0065565196396486737 0.0022672793097806678 0.0070667185287829745
leaf_weight=2.6028103311546147 3.7364710941910806 11.809727111889513 10.839201135328038 2.3029228369705406
leaf_count=85 272 3201 1240 88
internal_value=0.000978551 -0.00107843 -0.00293264 0.00534322
internal_weight=31.2911 26.3854 22.6489 4.90573
internal_count=4886 4713 4441 173
is_linear=0
shrinkage=0.03


end of trees

feature_importances:
Column_1=167
Column_3=161
Column_2=147
Column_4=72
Column_6=68
Column_5=25

parameters:
[boosting: gbdt]
[objective: binary]
[metric: binary_logloss]
[tree_learner: serial]
[device_type: cpu]
[data_sample_strategy: bagging]
[data: ]
[valid: ]
[num_iterations: 160]
[learning_rate: 0.03]
[num_leaves: 5]
[num_threads: 4]
[seed: 20260725]
[deterministic: 1]
[force_col_wise: 1]
[force_row_wise: 0]
[histogram_pool_size: -1]
[max_depth: 3]
[min_data_in_leaf: 12]
[min_sum_hessian_in_leaf: 0.001]
[bagging_fraction: 1]
[pos_bagging_fraction: 1]
[neg_bagging_fraction: 1]
[bagging_freq: 0]
[bagging_seed: 21817]
[bagging_by_query: 0]
[feature_fraction: 1]
[feature_fraction_bynode: 1]
[feature_fraction_seed: 22070]
[extra_trees: 0]
[extra_seed: 28444]
[early_stopping_round: 0]
[early_stopping_min_delta: 0]
[first_metric_only: 0]
[max_delta_step: 0]
[lambda_l1: 0]
[lambda_l2: 10]
[linear_lambda: 0]
[min_gain_to_split: 0]
[drop_rate: 0.1]
[max_drop: 50]
[skip_drop: 0.5]
[xgboost_dart_mode: 0]
[uniform_drop: 0]
[drop_seed: 12683]
[top_rate: 0.2]
[other_rate: 0.1]
[min_data_per_group: 100]
[max_cat_threshold: 32]
[cat_l2: 10]
[cat_smooth: 10]
[max_cat_to_onehot: 4]
[top_k: 20]
[monotone_constraints: ]
[monotone_constraints_method: basic]
[monotone_penalty: 0]
[feature_contri: ]
[forcedsplits_filename: ]
[refit_decay_rate: 0.9]
[cegb_tradeoff: 1]
[cegb_penalty_split: 0]
[cegb_penalty_feature_lazy: ]
[cegb_penalty_feature_coupled: ]
[path_smooth: 0]
[interaction_constraints: ]
[verbosity: -1]
[saved_feature_importance_type: 0]
[use_quantized_grad: 0]
[num_grad_quant_bins: 4]
[quant_train_renew_leaf: 0]
[stochastic_rounding: 1]
[linear_tree: 0]
[max_bin: 31]
[max_bin_by_feature: ]
[min_data_in_bin: 3]
[bin_construct_sample_cnt: 200000]
[data_random_seed: 4449]
[is_enable_sparse: 1]
[enable_bundle: 1]
[use_missing: 1]
[zero_as_missing: 0]
[feature_pre_filter: 1]
[pre_partition: 0]
[two_round: 0]
[header: 0]
[label_column: ]
[weight_column: ]
[group_column: ]
[ignore_column: ]
[categorical_feature: ]
[forcedbins_filename: ]
[precise_float_parser: 0]
[parser_config_file: ]
[objective_seed: 26564]
[num_class: 1]
[is_unbalance: 0]
[scale_pos_weight: 1]
[sigmoid: 1]
[boost_from_average: 1]
[reg_sqrt: 0]
[alpha: 0.9]
[fair_c: 1]
[poisson_max_delta_step: 0.7]
[tweedie_variance_power: 1.5]
[lambdarank_truncation_level: 30]
[lambdarank_norm: 1]
[label_gain: ]
[lambdarank_position_bias_regularization: 0]
[eval_at: ]
[multi_error_top_k: 1]
[auc_mu_weights: ]
[num_machines: 1]
[local_listen_port: 12400]
[time_out: 120]
[machine_list_filename: ]
[machines: ]
[gpu_platform_id: -1]
[gpu_device_id: -1]
[gpu_device_id_list: ]
[gpu_use_dp: 0]
[num_gpu: 1]

end of parameters

pandas_categorical:null
